solid OpenSCAD_Model
  facet normal 0.8433916020620186 -0.5372993630847349 0
    outer loop
      vertex 3.6861839294433594 -2.5810937881469727 26
      vertex 3.897113800048828 -2.25 0
      vertex 3.897113800048828 -2.25 26
    endloop
  endfacet
  facet normal 0.8433916020620186 -0.5372993630847349 0
    outer loop
      vertex 3.897113800048828 -2.25 0
      vertex 3.6861839294433594 -2.5810937881469727 26
      vertex 3.6861839294433594 -2.5810937881469727 0
    endloop
  endfacet
  facet normal 0.6087616118678708 0.7933531999784408 0
    outer loop
      vertex 2.8925437927246094 3.447199821472168 0
      vertex 2.5810937881469727 3.6861839294433594 26
      vertex 2.8925437927246094 3.447199821472168 26
    endloop
  endfacet
  facet normal 0.6087616118678708 0.7933531999784408 0
    outer loop
      vertex 2.5810937881469727 3.6861839294433594 26
      vertex 2.8925437927246094 3.447199821472168 0
      vertex 2.5810937881469727 3.6861839294433594 0
    endloop
  endfacet
  facet normal 0.9990481845392746 0.043620235771709835 0
    outer loop
      vertex 4.5 0 26
      vertex 4.482875823974609 0.3922004699707031 0
      vertex 4.482875823974609 0.3922004699707031 26
    endloop
  endfacet
  facet normal 0.9990481845392746 0.043620235771709835 0
    outer loop
      vertex 4.482875823974609 0.3922004699707031 0
      vertex 4.5 0 26
      vertex 4.5 0 0
    endloop
  endfacet
  facet normal -0.21643914416100743 -0.9762961112668895 0
    outer loop
      vertex -1.1646852493286133 -4.346665382385254 0
      vertex -0.7814159393310547 -4.431633949279785 26
      vertex -1.1646852493286133 -4.346665382385254 26
    endloop
  endfacet
  facet normal -0.21643914416100743 -0.9762961112668895 0
    outer loop
      vertex -0.7814159393310547 -4.431633949279785 26
      vertex -1.1646852493286133 -4.346665382385254 0
      vertex -0.7814159393310547 -4.431633949279785 0
    endloop
  endfacet
  facet normal -0.5372993630847349 -0.8433916020620186 0
    outer loop
      vertex -2.5810937881469727 -3.6861839294433594 0
      vertex -2.25 -3.897113800048828 26
      vertex -2.5810937881469727 -3.6861839294433594 26
    endloop
  endfacet
  facet normal -0.5372993630847349 -0.8433916020620186 0
    outer loop
      vertex -2.25 -3.897113800048828 26
      vertex -2.5810937881469727 -3.6861839294433594 0
      vertex -2.25 -3.897113800048828 0
    endloop
  endfacet
  facet normal 0.9762961112668895 0.21643914416100743 0
    outer loop
      vertex 4.431633949279785 0.7814159393310547 26
      vertex 4.346665382385254 1.1646852493286133 0
      vertex 4.346665382385254 1.1646852493286133 26
    endloop
  endfacet
  facet normal 0.9762961112668895 0.21643914416100743 0
    outer loop
      vertex 4.346665382385254 1.1646852493286133 0
      vertex 4.431633949279785 0.7814159393310547 26
      vertex 4.431633949279785 0.7814159393310547 0
    endloop
  endfacet
  facet normal 0.9537174956443779 -0.300704071309013 0
    outer loop
      vertex 4.228616714477539 -1.5390901565551758 26
      vertex 4.346665382385254 -1.1646852493286133 0
      vertex 4.346665382385254 -1.1646852493286133 26
    endloop
  endfacet
  facet normal 0.9537174956443779 -0.300704071309013 0
    outer loop
      vertex 4.346665382385254 -1.1646852493286133 0
      vertex 4.228616714477539 -1.5390901565551758 26
      vertex 4.228616714477539 -1.5390901565551758 0
    endloop
  endfacet
  facet normal -0.1305279100243454 0.9914446352190708 0
    outer loop
      vertex -0.3922004699707031 4.482875823974609 0
      vertex -0.7814159393310547 4.431633949279785 26
      vertex -0.3922004699707031 4.482875823974609 26
    endloop
  endfacet
  facet normal -0.1305279100243454 0.9914446352190708 0
    outer loop
      vertex -0.7814159393310547 4.431633949279785 26
      vertex -0.3922004699707031 4.482875823974609 0
      vertex -0.7814159393310547 4.431633949279785 0
    endloop
  endfacet
  facet normal 0.300704071309013 0.9537174956443779 0
    outer loop
      vertex 1.5390901565551758 4.228616714477539 0
      vertex 1.1646852493286133 4.346665382385254 26
      vertex 1.5390901565551758 4.228616714477539 26
    endloop
  endfacet
  facet normal 0.300704071309013 0.9537174956443779 0
    outer loop
      vertex 1.1646852493286133 4.346665382385254 26
      vertex 1.5390901565551758 4.228616714477539 0
      vertex 1.1646852493286133 4.346665382385254 0
    endloop
  endfacet
  facet normal 0.9762961112668895 -0.21643914416100743 0
    outer loop
      vertex 4.346665382385254 -1.1646852493286133 26
      vertex 4.431633949279785 -0.7814159393310547 0
      vertex 4.431633949279785 -0.7814159393310547 26
    endloop
  endfacet
  facet normal 0.9762961112668895 -0.21643914416100743 0
    outer loop
      vertex 4.431633949279785 -0.7814159393310547 0
      vertex 4.346665382385254 -1.1646852493286133 26
      vertex 4.346665382385254 -1.1646852493286133 0
    endloop
  endfacet
  facet normal -0.8433916020620186 0.5372993630847349 0
    outer loop
      vertex -3.897113800048828 2.25 0
      vertex -3.6861839294433594 2.5810937881469727 26
      vertex -3.6861839294433594 2.5810937881469727 0
    endloop
  endfacet
  facet normal -0.8433916020620186 0.5372993630847349 0
    outer loop
      vertex -3.6861839294433594 2.5810937881469727 26
      vertex -3.897113800048828 2.25 0
      vertex -3.897113800048828 2.25 26
    endloop
  endfacet
  facet normal 0.043620235771709835 0.9990481845392746 0
    outer loop
      vertex 0.3922004699707031 4.482875823974609 0
      vertex 0 4.5 26
      vertex 0.3922004699707031 4.482875823974609 26
    endloop
  endfacet
  facet normal 0.043620235771709835 0.9990481845392746 0
    outer loop
      vertex 0 4.5 26
      vertex 0.3922004699707031 4.482875823974609 0
      vertex 0 4.5 0
    endloop
  endfacet
  facet normal -0.1305279100243454 -0.9914446352190708 0
    outer loop
      vertex -0.7814159393310547 -4.431633949279785 0
      vertex -0.3922004699707031 -4.482875823974609 26
      vertex -0.7814159393310547 -4.431633949279785 26
    endloop
  endfacet
  facet normal -0.1305279100243454 -0.9914446352190708 0
    outer loop
      vertex -0.3922004699707031 -4.482875823974609 26
      vertex -0.7814159393310547 -4.431633949279785 0
      vertex -0.3922004699707031 -4.482875823974609 0
    endloop
  endfacet
  facet normal 0 0 -1
    outer loop
      vertex 2.6499996185302734 0 0
      vertex 4.5 0 0
      vertex 4.482875823974609 -0.3922004699707031 0
    endloop
  endfacet
  facet normal 0 0 -1
    outer loop
      vertex 2.6399154663085938 -0.23096179962158203 0
      vertex 4.482875823974609 -0.3922004699707031 0
      vertex 4.431633949279785 -0.7814159393310547 0
    endloop
  endfacet
  facet normal 0 0 -1
    outer loop
      vertex 4.5 0 0
      vertex 2.6499996185302734 0 0
      vertex 4.482875823974609 0.3922004699707031 0
    endloop
  endfacet
  facet normal 0 0 -1
    outer loop
      vertex 2.6097402572631836 -0.46016693115234375 0
      vertex 4.431633949279785 -0.7814159393310547 0
      vertex 4.346665382385254 -1.1646852493286133 0
    endloop
  endfacet
  facet normal 0 0 -1
    outer loop
      vertex 2.6399154663085938 0.23096179962158203 0
      vertex 4.482875823974609 0.3922004699707031 0
      vertex 2.6499996185302734 0 0
    endloop
  endfacet
  facet normal 0 0 -1
    outer loop
      vertex 2.5597028732299805 -0.6858701705932617 0
      vertex 4.346665382385254 -1.1646852493286133 0
      vertex 4.228616714477539 -1.5390901565551758 0
    endloop
  endfacet
  facet normal 0 0 -1
    outer loop
      vertex 4.482875823974609 0.3922004699707031 0
      vertex 2.6399154663085938 0.23096179962158203 0
      vertex 4.431633949279785 0.7814159393310547 0
    endloop
  endfacet
  facet normal 0 0 -1
    outer loop
      vertex 2.490184783935547 -0.9063529968261719 0
      vertex 4.228616714477539 -1.5390901565551758 0
      vertex 4.0783843994140625 -1.9017820358276367 0
    endloop
  endfacet
  facet normal 0 0 -1
    outer loop
      vertex 2.6097402572631836 0.46016693115234375 0
      vertex 4.431633949279785 0.7814159393310547 0
      vertex 2.6399154663085938 0.23096179962158203 0
    endloop
  endfacet
  facet normal 0 0 -1
    outer loop
      vertex 2.4017152786254883 -1.1199378967285156 0
      vertex 4.0783843994140625 -1.9017820358276367 0
      vertex 3.897113800048828 -2.25 0
    endloop
  endfacet
  facet normal 0 0 -1
    outer loop
      vertex 4.431633949279785 0.7814159393310547 0
      vertex 2.6097402572631836 0.46016693115234375 0
      vertex 4.346665382385254 1.1646852493286133 0
    endloop
  endfacet
  facet normal 0 0 -1
    outer loop
      vertex 2.294966697692871 -1.3249998092651367 0
      vertex 3.897113800048828 -2.25 0
      vertex 3.6861839294433594 -2.5810937881469727 0
    endloop
  endfacet
  facet normal 0 0 -1
    outer loop
      vertex 2.5597028732299805 0.6858701705932617 0
      vertex 4.346665382385254 1.1646852493286133 0
      vertex 2.6097402572631836 0.46016693115234375 0
    endloop
  endfacet
  facet normal 0 0 -1
    outer loop
      vertex 2.17075252532959 -1.5199766159057617 0
      vertex 3.6861839294433594 -2.5810937881469727 0
      vertex 3.447199821472168 -2.8925437927246094 0
    endloop
  endfacet
  facet normal 0 0 -1
    outer loop
      vertex 4.346665382385254 1.1646852493286133 0
      vertex 2.5597028732299805 0.6858701705932617 0
      vertex 4.228616714477539 1.5390901565551758 0
    endloop
  endfacet
  facet normal 0 0 -1
    outer loop
      vertex 2.0300168991088867 -1.7033863067626953 0
      vertex 3.447199821472168 -2.8925437927246094 0
      vertex 3.1819801330566406 -3.1819801330566406 0
    endloop
  endfacet
  facet normal 0 0 -1
    outer loop
      vertex 2.490184783935547 0.9063529968261719 0
      vertex 4.228616714477539 1.5390901565551758 0
      vertex 2.5597028732299805 0.6858701705932617 0
    endloop
  endfacet
  facet normal 0 0 -1
    outer loop
      vertex 1.8738327026367188 -1.8738327026367188 0
      vertex 3.1819801330566406 -3.1819801330566406 0
      vertex 2.8925437927246094 -3.447199821472168 0
    endloop
  endfacet
  facet normal 0 0 -1
    outer loop
      vertex 4.228616714477539 1.5390901565551758 0
      vertex 2.490184783935547 0.9063529968261719 0
      vertex 4.0783843994140625 1.9017820358276367 0
    endloop
  endfacet
  facet normal 0 0 -1
    outer loop
      vertex 2.4017152786254883 1.1199378967285156 0
      vertex 4.0783843994140625 1.9017820358276367 0
      vertex 2.490184783935547 0.9063529968261719 0
    endloop
  endfacet
  facet normal 0 0 -1
    outer loop
      vertex 4.482875823974609 -0.3922004699707031 0
      vertex 2.6399154663085938 -0.23096179962158203 0
      vertex 2.6499996185302734 0 0
    endloop
  endfacet
  facet normal 0 0 -1
    outer loop
      vertex 4.431633949279785 -0.7814159393310547 0
      vertex 2.6097402572631836 -0.46016693115234375 0
      vertex 2.6399154663085938 -0.23096179962158203 0
    endloop
  endfacet
  facet normal 0 0 -1
    outer loop
      vertex 1.7033863067626953 -2.0300168991088867 0
      vertex 2.8925437927246094 -3.447199821472168 0
      vertex 2.5810937881469727 -3.6861839294433594 0
    endloop
  endfacet
  facet normal 0 0 -1
    outer loop
      vertex 4.346665382385254 -1.1646852493286133 0
      vertex 2.5597028732299805 -0.6858701705932617 0
      vertex 2.6097402572631836 -0.46016693115234375 0
    endloop
  endfacet
  facet normal 0 0 -1
    outer loop
      vertex 4.228616714477539 -1.5390901565551758 0
      vertex 2.490184783935547 -0.9063529968261719 0
      vertex 2.5597028732299805 -0.6858701705932617 0
    endloop
  endfacet
  facet normal 0 0 -1
    outer loop
      vertex 4.0783843994140625 -1.9017820358276367 0
      vertex 2.4017152786254883 -1.1199378967285156 0
      vertex 2.490184783935547 -0.9063529968261719 0
    endloop
  endfacet
  facet normal 0 0 -1
    outer loop
      vertex 3.897113800048828 -2.25 0
      vertex 2.294966697692871 -1.3249998092651367 0
      vertex 2.4017152786254883 -1.1199378967285156 0
    endloop
  endfacet
  facet normal 0 0 -1
    outer loop
      vertex 1.5199766159057617 -2.17075252532959 0
      vertex 2.5810937881469727 -3.6861839294433594 0
      vertex 2.25 -3.897113800048828 0
    endloop
  endfacet
  facet normal 0 0 -1
    outer loop
      vertex 3.6861839294433594 -2.5810937881469727 0
      vertex 2.17075252532959 -1.5199766159057617 0
      vertex 2.294966697692871 -1.3249998092651367 0
    endloop
  endfacet
  facet normal 0 0 -1
    outer loop
      vertex 3.447199821472168 -2.8925437927246094 0
      vertex 2.0300168991088867 -1.7033863067626953 0
      vertex 2.17075252532959 -1.5199766159057617 0
    endloop
  endfacet
  facet normal 0 0 -1
    outer loop
      vertex 1.3249998092651367 -2.294966697692871 0
      vertex 2.25 -3.897113800048828 0
      vertex 1.9017820358276367 -4.0783843994140625 0
    endloop
  endfacet
  facet normal 0 0 -1
    outer loop
      vertex 3.1819801330566406 -3.1819801330566406 0
      vertex 1.8738327026367188 -1.8738327026367188 0
      vertex 2.0300168991088867 -1.7033863067626953 0
    endloop
  endfacet
  facet normal 0 0 -1
    outer loop
      vertex 2.8925437927246094 -3.447199821472168 0
      vertex 1.7033863067626953 -2.0300168991088867 0
      vertex 1.8738327026367188 -1.8738327026367188 0
    endloop
  endfacet
  facet normal 0 0 -1
    outer loop
      vertex 1.1199378967285156 -2.4017152786254883 0
      vertex 1.9017820358276367 -4.0783843994140625 0
      vertex 1.5390901565551758 -4.228616714477539 0
    endloop
  endfacet
  facet normal 0 0 -1
    outer loop
      vertex 2.5810937881469727 -3.6861839294433594 0
      vertex 1.5199766159057617 -2.17075252532959 0
      vertex 1.7033863067626953 -2.0300168991088867 0
    endloop
  endfacet
  facet normal 0 0 -1
    outer loop
      vertex 2.25 -3.897113800048828 0
      vertex 1.3249998092651367 -2.294966697692871 0
      vertex 1.5199766159057617 -2.17075252532959 0
    endloop
  endfacet
  facet normal 0 0 -1
    outer loop
      vertex 0.9063529968261719 -2.490184783935547 0
      vertex 1.5390901565551758 -4.228616714477539 0
      vertex 1.1646852493286133 -4.346665382385254 0
    endloop
  endfacet
  facet normal 0 0 -1
    outer loop
      vertex 1.9017820358276367 -4.0783843994140625 0
      vertex 1.1199378967285156 -2.4017152786254883 0
      vertex 1.3249998092651367 -2.294966697692871 0
    endloop
  endfacet
  facet normal 0 0 -1
    outer loop
      vertex 1.5390901565551758 -4.228616714477539 0
      vertex 0.9063529968261719 -2.490184783935547 0
      vertex 1.1199378967285156 -2.4017152786254883 0
    endloop
  endfacet
  facet normal 0 0 -1
    outer loop
      vertex 0.6858701705932617 -2.5597028732299805 0
      vertex 1.1646852493286133 -4.346665382385254 0
      vertex 0.7814159393310547 -4.431633949279785 0
    endloop
  endfacet
  facet normal 0 0 -1
    outer loop
      vertex 1.1646852493286133 -4.346665382385254 0
      vertex 0.6858701705932617 -2.5597028732299805 0
      vertex 0.9063529968261719 -2.490184783935547 0
    endloop
  endfacet
  facet normal 0 0 -1
    outer loop
      vertex 0.7814159393310547 -4.431633949279785 0
      vertex 0.46016693115234375 -2.6097402572631836 0
      vertex 0.6858701705932617 -2.5597028732299805 0
    endloop
  endfacet
  facet normal 0 0 -1
    outer loop
      vertex 0.3922004699707031 -4.482875823974609 0
      vertex 0.46016693115234375 -2.6097402572631836 0
      vertex 0.7814159393310547 -4.431633949279785 0
    endloop
  endfacet
  facet normal 0 0 -1
    outer loop
      vertex 0.3922004699707031 -4.482875823974609 0
      vertex 0.23096179962158203 -2.6399154663085938 0
      vertex 0.46016693115234375 -2.6097402572631836 0
    endloop
  endfacet
  facet normal 0 0 -1
    outer loop
      vertex 0 -4.5 0
      vertex 0.23096179962158203 -2.6399154663085938 0
      vertex 0.3922004699707031 -4.482875823974609 0
    endloop
  endfacet
  facet normal 0 0 -1
    outer loop
      vertex 0 -4.5 0
      vertex 0 -2.6499996185302734 0
      vertex 0.23096179962158203 -2.6399154663085938 0
    endloop
  endfacet
  facet normal 0 0 -1
    outer loop
      vertex 0 -4.5 0
      vertex -0.23096179962158203 -2.6399154663085938 0
      vertex 0 -2.6499996185302734 0
    endloop
  endfacet
  facet normal 0 0 -1
    outer loop
      vertex -0.3922004699707031 -4.482875823974609 0
      vertex -0.23096179962158203 -2.6399154663085938 0
      vertex 0 -4.5 0
    endloop
  endfacet
  facet normal 0 0 -1
    outer loop
      vertex -0.3922004699707031 -4.482875823974609 0
      vertex -0.46016693115234375 -2.6097402572631836 0
      vertex -0.23096179962158203 -2.6399154663085938 0
    endloop
  endfacet
  facet normal 0 0 -1
    outer loop
      vertex -0.7814159393310547 -4.431633949279785 0
      vertex -0.46016693115234375 -2.6097402572631836 0
      vertex -0.3922004699707031 -4.482875823974609 0
    endloop
  endfacet
  facet normal 0 0 -1
    outer loop
      vertex -0.46016693115234375 -2.6097402572631836 0
      vertex -0.7814159393310547 -4.431633949279785 0
      vertex -0.6858701705932617 -2.5597028732299805 0
    endloop
  endfacet
  facet normal 0 0 -1
    outer loop
      vertex -1.1646852493286133 -4.346665382385254 0
      vertex -0.6858701705932617 -2.5597028732299805 0
      vertex -0.7814159393310547 -4.431633949279785 0
    endloop
  endfacet
  facet normal 0 0 -1
    outer loop
      vertex -0.6858701705932617 -2.5597028732299805 0
      vertex -1.1646852493286133 -4.346665382385254 0
      vertex -0.9063529968261719 -2.490184783935547 0
    endloop
  endfacet
  facet normal 0 0 -1
    outer loop
      vertex -1.5390901565551758 -4.228616714477539 0
      vertex -0.9063529968261719 -2.490184783935547 0
      vertex -1.1646852493286133 -4.346665382385254 0
    endloop
  endfacet
  facet normal 0 0 -1
    outer loop
      vertex -0.9063529968261719 -2.490184783935547 0
      vertex -1.5390901565551758 -4.228616714477539 0
      vertex -1.1199378967285156 -2.4017152786254883 0
    endloop
  endfacet
  facet normal 0 0 -1
    outer loop
      vertex -1.9017820358276367 -4.0783843994140625 0
      vertex -1.1199378967285156 -2.4017152786254883 0
      vertex -1.5390901565551758 -4.228616714477539 0
    endloop
  endfacet
  facet normal 0 0 -1
    outer loop
      vertex -1.1199378967285156 -2.4017152786254883 0
      vertex -1.9017820358276367 -4.0783843994140625 0
      vertex -1.3249998092651367 -2.294966697692871 0
    endloop
  endfacet
  facet normal 0 0 -1
    outer loop
      vertex -2.25 -3.897113800048828 0
      vertex -1.3249998092651367 -2.294966697692871 0
      vertex -1.9017820358276367 -4.0783843994140625 0
    endloop
  endfacet
  facet normal 0 0 -1
    outer loop
      vertex -1.3249998092651367 -2.294966697692871 0
      vertex -2.25 -3.897113800048828 0
      vertex -1.5199766159057617 -2.17075252532959 0
    endloop
  endfacet
  facet normal 0 0 -1
    outer loop
      vertex -2.5810937881469727 -3.6861839294433594 0
      vertex -1.5199766159057617 -2.17075252532959 0
      vertex -2.25 -3.897113800048828 0
    endloop
  endfacet
  facet normal 0 0 -1
    outer loop
      vertex -1.5199766159057617 -2.17075252532959 0
      vertex -2.5810937881469727 -3.6861839294433594 0
      vertex -1.7033863067626953 -2.0300168991088867 0
    endloop
  endfacet
  facet normal 0 0 -1
    outer loop
      vertex -2.8925437927246094 -3.447199821472168 0
      vertex -1.7033863067626953 -2.0300168991088867 0
      vertex -2.5810937881469727 -3.6861839294433594 0
    endloop
  endfacet
  facet normal 0 0 -1
    outer loop
      vertex -1.7033863067626953 -2.0300168991088867 0
      vertex -2.8925437927246094 -3.447199821472168 0
      vertex -1.8738327026367188 -1.8738327026367188 0
    endloop
  endfacet
  facet normal 0 0 -1
    outer loop
      vertex -3.1819801330566406 -3.1819801330566406 0
      vertex -1.8738327026367188 -1.8738327026367188 0
      vertex -2.8925437927246094 -3.447199821472168 0
    endloop
  endfacet
  facet normal 0 0 -1
    outer loop
      vertex -1.8738327026367188 -1.8738327026367188 0
      vertex -3.1819801330566406 -3.1819801330566406 0
      vertex -2.0300168991088867 -1.7033863067626953 0
    endloop
  endfacet
  facet normal 0 0 -1
    outer loop
      vertex -3.447199821472168 -2.8925437927246094 0
      vertex -2.0300168991088867 -1.7033863067626953 0
      vertex -3.1819801330566406 -3.1819801330566406 0
    endloop
  endfacet
  facet normal 0 0 -1
    outer loop
      vertex -2.0300168991088867 -1.7033863067626953 0
      vertex -3.447199821472168 -2.8925437927246094 0
      vertex -2.17075252532959 -1.5199766159057617 0
    endloop
  endfacet
  facet normal 0 0 -1
    outer loop
      vertex -3.6861839294433594 -2.5810937881469727 0
      vertex -2.17075252532959 -1.5199766159057617 0
      vertex -3.447199821472168 -2.8925437927246094 0
    endloop
  endfacet
  facet normal 0 0 -1
    outer loop
      vertex -2.17075252532959 -1.5199766159057617 0
      vertex -3.6861839294433594 -2.5810937881469727 0
      vertex -2.294966697692871 -1.3249998092651367 0
    endloop
  endfacet
  facet normal 0 0 -1
    outer loop
      vertex -3.897113800048828 -2.25 0
      vertex -2.294966697692871 -1.3249998092651367 0
      vertex -3.6861839294433594 -2.5810937881469727 0
    endloop
  endfacet
  facet normal 0 0 -1
    outer loop
      vertex -2.294966697692871 -1.3249998092651367 0
      vertex -3.897113800048828 -2.25 0
      vertex -2.4017152786254883 -1.1199378967285156 0
    endloop
  endfacet
  facet normal 0 0 -1
    outer loop
      vertex -4.0783843994140625 -1.9017820358276367 0
      vertex -2.4017152786254883 -1.1199378967285156 0
      vertex -3.897113800048828 -2.25 0
    endloop
  endfacet
  facet normal 0 0 -1
    outer loop
      vertex 4.0783843994140625 1.9017820358276367 0
      vertex 2.4017152786254883 1.1199378967285156 0
      vertex 3.897113800048828 2.25 0
    endloop
  endfacet
  facet normal 0 0 -1
    outer loop
      vertex 2.294966697692871 1.3249998092651367 0
      vertex 3.897113800048828 2.25 0
      vertex 2.4017152786254883 1.1199378967285156 0
    endloop
  endfacet
  facet normal 0 0 -1
    outer loop
      vertex 3.897113800048828 2.25 0
      vertex 2.294966697692871 1.3249998092651367 0
      vertex 3.6861839294433594 2.5810937881469727 0
    endloop
  endfacet
  facet normal 0 0 -1
    outer loop
      vertex 2.17075252532959 1.5199766159057617 0
      vertex 3.6861839294433594 2.5810937881469727 0
      vertex 2.294966697692871 1.3249998092651367 0
    endloop
  endfacet
  facet normal 0 0 -1
    outer loop
      vertex 3.6861839294433594 2.5810937881469727 0
      vertex 2.17075252532959 1.5199766159057617 0
      vertex 3.447199821472168 2.8925437927246094 0
    endloop
  endfacet
  facet normal 0 0 -1
    outer loop
      vertex 2.0300168991088867 1.7033863067626953 0
      vertex 3.447199821472168 2.8925437927246094 0
      vertex 2.17075252532959 1.5199766159057617 0
    endloop
  endfacet
  facet normal 0 0 -1
    outer loop
      vertex 3.447199821472168 2.8925437927246094 0
      vertex 2.0300168991088867 1.7033863067626953 0
      vertex 3.1819801330566406 3.1819801330566406 0
    endloop
  endfacet
  facet normal 0 0 -1
    outer loop
      vertex 1.8738327026367188 1.8738327026367188 0
      vertex 3.1819801330566406 3.1819801330566406 0
      vertex 2.0300168991088867 1.7033863067626953 0
    endloop
  endfacet
  facet normal 0 0 -1
    outer loop
      vertex 3.1819801330566406 3.1819801330566406 0
      vertex 1.8738327026367188 1.8738327026367188 0
      vertex 2.8925437927246094 3.447199821472168 0
    endloop
  endfacet
  facet normal 0 0 -1
    outer loop
      vertex 1.7033863067626953 2.0300168991088867 0
      vertex 2.8925437927246094 3.447199821472168 0
      vertex 1.8738327026367188 1.8738327026367188 0
    endloop
  endfacet
  facet normal 0 0 -1
    outer loop
      vertex 2.8925437927246094 3.447199821472168 0
      vertex 1.7033863067626953 2.0300168991088867 0
      vertex 2.5810937881469727 3.6861839294433594 0
    endloop
  endfacet
  facet normal 0 0 -1
    outer loop
      vertex 1.5199766159057617 2.17075252532959 0
      vertex 2.5810937881469727 3.6861839294433594 0
      vertex 1.7033863067626953 2.0300168991088867 0
    endloop
  endfacet
  facet normal 0 0 -1
    outer loop
      vertex 2.5810937881469727 3.6861839294433594 0
      vertex 1.5199766159057617 2.17075252532959 0
      vertex 2.25 3.897113800048828 0
    endloop
  endfacet
  facet normal 0 0 -1
    outer loop
      vertex 1.3249998092651367 2.294966697692871 0
      vertex 2.25 3.897113800048828 0
      vertex 1.5199766159057617 2.17075252532959 0
    endloop
  endfacet
  facet normal 0 0 -1
    outer loop
      vertex 2.25 3.897113800048828 0
      vertex 1.3249998092651367 2.294966697692871 0
      vertex 1.9017820358276367 4.0783843994140625 0
    endloop
  endfacet
  facet normal 0 0 -1
    outer loop
      vertex 1.1199378967285156 2.4017152786254883 0
      vertex 1.9017820358276367 4.0783843994140625 0
      vertex 1.3249998092651367 2.294966697692871 0
    endloop
  endfacet
  facet normal 0 0 -1
    outer loop
      vertex 1.9017820358276367 4.0783843994140625 0
      vertex 1.1199378967285156 2.4017152786254883 0
      vertex 1.5390901565551758 4.228616714477539 0
    endloop
  endfacet
  facet normal 0 0 -1
    outer loop
      vertex 0.9063529968261719 2.490184783935547 0
      vertex 1.5390901565551758 4.228616714477539 0
      vertex 1.1199378967285156 2.4017152786254883 0
    endloop
  endfacet
  facet normal 0 0 -1
    outer loop
      vertex 1.5390901565551758 4.228616714477539 0
      vertex 0.9063529968261719 2.490184783935547 0
      vertex 1.1646852493286133 4.346665382385254 0
    endloop
  endfacet
  facet normal 0 0 -1
    outer loop
      vertex 0.6858701705932617 2.5597028732299805 0
      vertex 1.1646852493286133 4.346665382385254 0
      vertex 0.9063529968261719 2.490184783935547 0
    endloop
  endfacet
  facet normal 0 0 -1
    outer loop
      vertex 1.1646852493286133 4.346665382385254 0
      vertex 0.6858701705932617 2.5597028732299805 0
      vertex 0.7814159393310547 4.431633949279785 0
    endloop
  endfacet
  facet normal 0 0 -1
    outer loop
      vertex 0.46016693115234375 2.6097402572631836 0
      vertex 0.7814159393310547 4.431633949279785 0
      vertex 0.6858701705932617 2.5597028732299805 0
    endloop
  endfacet
  facet normal 0 0 -1
    outer loop
      vertex 0.46016693115234375 2.6097402572631836 0
      vertex 0.3922004699707031 4.482875823974609 0
      vertex 0.7814159393310547 4.431633949279785 0
    endloop
  endfacet
  facet normal 0 0 -1
    outer loop
      vertex 0.23096179962158203 2.6399154663085938 0
      vertex 0.3922004699707031 4.482875823974609 0
      vertex 0.46016693115234375 2.6097402572631836 0
    endloop
  endfacet
  facet normal 0 0 -1
    outer loop
      vertex 0 2.6499996185302734 0
      vertex 0.3922004699707031 4.482875823974609 0
      vertex 0.23096179962158203 2.6399154663085938 0
    endloop
  endfacet
  facet normal 0 0 -1
    outer loop
      vertex 0 2.6499996185302734 0
      vertex 0 4.5 0
      vertex 0.3922004699707031 4.482875823974609 0
    endloop
  endfacet
  facet normal 0 0 -1
    outer loop
      vertex -0.23096179962158203 2.6399154663085938 0
      vertex 0 4.5 0
      vertex 0 2.6499996185302734 0
    endloop
  endfacet
  facet normal 0 0 -1
    outer loop
      vertex -0.23096179962158203 2.6399154663085938 0
      vertex -0.3922004699707031 4.482875823974609 0
      vertex 0 4.5 0
    endloop
  endfacet
  facet normal 0 0 -1
    outer loop
      vertex -0.46016693115234375 2.6097402572631836 0
      vertex -0.3922004699707031 4.482875823974609 0
      vertex -0.23096179962158203 2.6399154663085938 0
    endloop
  endfacet
  facet normal 0 0 -1
    outer loop
      vertex -0.7814159393310547 4.431633949279785 0
      vertex -0.46016693115234375 2.6097402572631836 0
      vertex -0.6858701705932617 2.5597028732299805 0
    endloop
  endfacet
  facet normal 0 0 -1
    outer loop
      vertex -0.46016693115234375 2.6097402572631836 0
      vertex -0.7814159393310547 4.431633949279785 0
      vertex -0.3922004699707031 4.482875823974609 0
    endloop
  endfacet
  facet normal 0 0 -1
    outer loop
      vertex -1.1646852493286133 4.346665382385254 0
      vertex -0.6858701705932617 2.5597028732299805 0
      vertex -0.9063529968261719 2.490184783935547 0
    endloop
  endfacet
  facet normal 0 0 -1
    outer loop
      vertex -1.5390901565551758 4.228616714477539 0
      vertex -0.9063529968261719 2.490184783935547 0
      vertex -1.1199378967285156 2.4017152786254883 0
    endloop
  endfacet
  facet normal 0 0 -1
    outer loop
      vertex -0.6858701705932617 2.5597028732299805 0
      vertex -1.1646852493286133 4.346665382385254 0
      vertex -0.7814159393310547 4.431633949279785 0
    endloop
  endfacet
  facet normal 0 0 -1
    outer loop
      vertex -1.9017820358276367 4.0783843994140625 0
      vertex -1.1199378967285156 2.4017152786254883 0
      vertex -1.3249998092651367 2.294966697692871 0
    endloop
  endfacet
  facet normal 0 0 -1
    outer loop
      vertex -2.25 3.897113800048828 0
      vertex -1.3249998092651367 2.294966697692871 0
      vertex -1.5199766159057617 2.17075252532959 0
    endloop
  endfacet
  facet normal 0 0 -1
    outer loop
      vertex -0.9063529968261719 2.490184783935547 0
      vertex -1.5390901565551758 4.228616714477539 0
      vertex -1.1646852493286133 4.346665382385254 0
    endloop
  endfacet
  facet normal 0 0 -1
    outer loop
      vertex -2.5810937881469727 3.6861839294433594 0
      vertex -1.5199766159057617 2.17075252532959 0
      vertex -1.7033863067626953 2.0300168991088867 0
    endloop
  endfacet
  facet normal 0 0 -1
    outer loop
      vertex -2.8925437927246094 3.447199821472168 0
      vertex -1.7033863067626953 2.0300168991088867 0
      vertex -1.8738327026367188 1.8738327026367188 0
    endloop
  endfacet
  facet normal 0 0 -1
    outer loop
      vertex -1.1199378967285156 2.4017152786254883 0
      vertex -1.9017820358276367 4.0783843994140625 0
      vertex -1.5390901565551758 4.228616714477539 0
    endloop
  endfacet
  facet normal 0 0 -1
    outer loop
      vertex -3.1819801330566406 3.1819801330566406 0
      vertex -1.8738327026367188 1.8738327026367188 0
      vertex -2.0300168991088867 1.7033863067626953 0
    endloop
  endfacet
  facet normal 0 0 -1
    outer loop
      vertex -3.447199821472168 2.8925437927246094 0
      vertex -2.0300168991088867 1.7033863067626953 0
      vertex -2.17075252532959 1.5199766159057617 0
    endloop
  endfacet
  facet normal 0 0 -1
    outer loop
      vertex -1.3249998092651367 2.294966697692871 0
      vertex -2.25 3.897113800048828 0
      vertex -1.9017820358276367 4.0783843994140625 0
    endloop
  endfacet
  facet normal 0 0 -1
    outer loop
      vertex -3.6861839294433594 2.5810937881469727 0
      vertex -2.17075252532959 1.5199766159057617 0
      vertex -2.294966697692871 1.3249998092651367 0
    endloop
  endfacet
  facet normal 0 0 -1
    outer loop
      vertex -3.897113800048828 2.25 0
      vertex -2.294966697692871 1.3249998092651367 0
      vertex -2.4017152786254883 1.1199378967285156 0
    endloop
  endfacet
  facet normal 0 0 -1
    outer loop
      vertex -4.0783843994140625 1.9017820358276367 0
      vertex -2.4017152786254883 1.1199378967285156 0
      vertex -2.490184783935547 0.9063529968261719 0
    endloop
  endfacet
  facet normal 0 0 -1
    outer loop
      vertex -4.228616714477539 1.5390901565551758 0
      vertex -2.490184783935547 0.9063529968261719 0
      vertex -2.5597028732299805 0.6858701705932617 0
    endloop
  endfacet
  facet normal 0 0 -1
    outer loop
      vertex -1.5199766159057617 2.17075252532959 0
      vertex -2.5810937881469727 3.6861839294433594 0
      vertex -2.25 3.897113800048828 0
    endloop
  endfacet
  facet normal 0 0 -1
    outer loop
      vertex -4.346665382385254 1.1646852493286133 0
      vertex -2.5597028732299805 0.6858701705932617 0
      vertex -2.6097402572631836 0.46016693115234375 0
    endloop
  endfacet
  facet normal 0 0 -1
    outer loop
      vertex -4.431633949279785 0.7814159393310547 0
      vertex -2.6097402572631836 0.46016693115234375 0
      vertex -2.6399154663085938 0.23096179962158203 0
    endloop
  endfacet
  facet normal 0 0 -1
    outer loop
      vertex -4.482875823974609 0.3922004699707031 0
      vertex -2.6399154663085938 0.23096179962158203 0
      vertex -2.6499996185302734 0 0
    endloop
  endfacet
  facet normal 0 0 -1
    outer loop
      vertex -2.4017152786254883 -1.1199378967285156 0
      vertex -4.0783843994140625 -1.9017820358276367 0
      vertex -2.490184783935547 -0.9063529968261719 0
    endloop
  endfacet
  facet normal 0 0 -1
    outer loop
      vertex -1.7033863067626953 2.0300168991088867 0
      vertex -2.8925437927246094 3.447199821472168 0
      vertex -2.5810937881469727 3.6861839294433594 0
    endloop
  endfacet
  facet normal 0 0 -1
    outer loop
      vertex -4.228616714477539 -1.5390901565551758 0
      vertex -2.490184783935547 -0.9063529968261719 0
      vertex -4.0783843994140625 -1.9017820358276367 0
    endloop
  endfacet
  facet normal 0 0 -1
    outer loop
      vertex -1.8738327026367188 1.8738327026367188 0
      vertex -3.1819801330566406 3.1819801330566406 0
      vertex -2.8925437927246094 3.447199821472168 0
    endloop
  endfacet
  facet normal 0 0 -1
    outer loop
      vertex -2.490184783935547 -0.9063529968261719 0
      vertex -4.228616714477539 -1.5390901565551758 0
      vertex -2.5597028732299805 -0.6858701705932617 0
    endloop
  endfacet
  facet normal 0 0 -1
    outer loop
      vertex -2.0300168991088867 1.7033863067626953 0
      vertex -3.447199821472168 2.8925437927246094 0
      vertex -3.1819801330566406 3.1819801330566406 0
    endloop
  endfacet
  facet normal 0 0 -1
    outer loop
      vertex -4.346665382385254 -1.1646852493286133 0
      vertex -2.5597028732299805 -0.6858701705932617 0
      vertex -4.228616714477539 -1.5390901565551758 0
    endloop
  endfacet
  facet normal 0 0 -1
    outer loop
      vertex -2.17075252532959 1.5199766159057617 0
      vertex -3.6861839294433594 2.5810937881469727 0
      vertex -3.447199821472168 2.8925437927246094 0
    endloop
  endfacet
  facet normal 0 0 -1
    outer loop
      vertex -2.5597028732299805 -0.6858701705932617 0
      vertex -4.346665382385254 -1.1646852493286133 0
      vertex -2.6097402572631836 -0.46016693115234375 0
    endloop
  endfacet
  facet normal 0 0 -1
    outer loop
      vertex -2.294966697692871 1.3249998092651367 0
      vertex -3.897113800048828 2.25 0
      vertex -3.6861839294433594 2.5810937881469727 0
    endloop
  endfacet
  facet normal 0 0 -1
    outer loop
      vertex -4.431633949279785 -0.7814159393310547 0
      vertex -2.6097402572631836 -0.46016693115234375 0
      vertex -4.346665382385254 -1.1646852493286133 0
    endloop
  endfacet
  facet normal 0 0 -1
    outer loop
      vertex -2.4017152786254883 1.1199378967285156 0
      vertex -4.0783843994140625 1.9017820358276367 0
      vertex -3.897113800048828 2.25 0
    endloop
  endfacet
  facet normal 0 0 -1
    outer loop
      vertex -2.6097402572631836 -0.46016693115234375 0
      vertex -4.431633949279785 -0.7814159393310547 0
      vertex -2.6399154663085938 -0.23096179962158203 0
    endloop
  endfacet
  facet normal 0 0 -1
    outer loop
      vertex -2.490184783935547 0.9063529968261719 0
      vertex -4.228616714477539 1.5390901565551758 0
      vertex -4.0783843994140625 1.9017820358276367 0
    endloop
  endfacet
  facet normal 0 0 -1
    outer loop
      vertex -4.482875823974609 -0.3922004699707031 0
      vertex -2.6399154663085938 -0.23096179962158203 0
      vertex -4.431633949279785 -0.7814159393310547 0
    endloop
  endfacet
  facet normal 0 0 -1
    outer loop
      vertex -2.5597028732299805 0.6858701705932617 0
      vertex -4.346665382385254 1.1646852493286133 0
      vertex -4.228616714477539 1.5390901565551758 0
    endloop
  endfacet
  facet normal 0 0 -1
    outer loop
      vertex -2.6399154663085938 -0.23096179962158203 0
      vertex -4.482875823974609 -0.3922004699707031 0
      vertex -2.6499996185302734 0 0
    endloop
  endfacet
  facet normal 0 0 -1
    outer loop
      vertex -2.6097402572631836 0.46016693115234375 0
      vertex -4.431633949279785 0.7814159393310547 0
      vertex -4.346665382385254 1.1646852493286133 0
    endloop
  endfacet
  facet normal 0 0 -1
    outer loop
      vertex -4.5 0 0
      vertex -2.6499996185302734 0 0
      vertex -4.482875823974609 -0.3922004699707031 0
    endloop
  endfacet
  facet normal 0 0 -1
    outer loop
      vertex -2.6399154663085938 0.23096179962158203 0
      vertex -4.482875823974609 0.3922004699707031 0
      vertex -4.431633949279785 0.7814159393310547 0
    endloop
  endfacet
  facet normal 0 0 -1
    outer loop
      vertex -2.6499996185302734 0 0
      vertex -4.5 0 0
      vertex -4.482875823974609 0.3922004699707031 0
    endloop
  endfacet
  facet normal 0.9990481845392746 -0.043620235771709835 0
    outer loop
      vertex 4.482875823974609 -0.3922004699707031 26
      vertex 4.5 0 0
      vertex 4.5 0 26
    endloop
  endfacet
  facet normal 0.9990481845392746 -0.043620235771709835 0
    outer loop
      vertex 4.5 0 0
      vertex 4.482875823974609 -0.3922004699707031 26
      vertex 4.482875823974609 -0.3922004699707031 0
    endloop
  endfacet
  facet normal -0.9914446352190708 0.1305279100243454 0
    outer loop
      vertex -4.482875823974609 0.3922004699707031 0
      vertex -4.431633949279785 0.7814159393310547 26
      vertex -4.431633949279785 0.7814159393310547 0
    endloop
  endfacet
  facet normal -0.9914446352190708 0.1305279100243454 0
    outer loop
      vertex -4.431633949279785 0.7814159393310547 26
      vertex -4.482875823974609 0.3922004699707031 0
      vertex -4.482875823974609 0.3922004699707031 26
    endloop
  endfacet
  facet normal -0.8870110409978168 -0.461748214017087 0
    outer loop
      vertex -3.897113800048828 -2.25 0
      vertex -4.0783843994140625 -1.9017820358276367 26
      vertex -4.0783843994140625 -1.9017820358276367 0
    endloop
  endfacet
  facet normal -0.8870110409978168 -0.461748214017087 0
    outer loop
      vertex -4.0783843994140625 -1.9017820358276367 26
      vertex -3.897113800048828 -2.25 0
      vertex -3.897113800048828 -2.25 26
    endloop
  endfacet
  facet normal 0.8870110409978168 0.461748214017087 0
    outer loop
      vertex 4.0783843994140625 1.9017820358276367 26
      vertex 3.897113800048828 2.25 0
      vertex 3.897113800048828 2.25 26
    endloop
  endfacet
  facet normal 0.8870110409978168 0.461748214017087 0
    outer loop
      vertex 3.897113800048828 2.25 0
      vertex 4.0783843994140625 1.9017820358276367 26
      vertex 4.0783843994140625 1.9017820358276367 0
    endloop
  endfacet
  facet normal 0.7933531999784408 -0.6087616118678708 0
    outer loop
      vertex 3.447199821472168 -2.8925437927246094 26
      vertex 3.6861839294433594 -2.5810937881469727 0
      vertex 3.6861839294433594 -2.5810937881469727 26
    endloop
  endfacet
  facet normal 0.7933531999784408 -0.6087616118678708 0
    outer loop
      vertex 3.6861839294433594 -2.5810937881469727 0
      vertex 3.447199821472168 -2.8925437927246094 26
      vertex 3.447199821472168 -2.8925437927246094 0
    endloop
  endfacet
  facet normal 0.7933531999784408 0.6087616118678708 0
    outer loop
      vertex 3.6861839294433594 2.5810937881469727 26
      vertex 3.447199821472168 2.8925437927246094 0
      vertex 3.447199821472168 2.8925437927246094 26
    endloop
  endfacet
  facet normal 0.7933531999784408 0.6087616118678708 0
    outer loop
      vertex 3.447199821472168 2.8925437927246094 0
      vertex 3.6861839294433594 2.5810937881469727 26
      vertex 3.6861839294433594 2.5810937881469727 0
    endloop
  endfacet
  facet normal -0.3826843449081434 0.9238791545230497 0
    outer loop
      vertex -1.5390901565551758 4.228616714477539 0
      vertex -1.9017820358276367 4.0783843994140625 26
      vertex -1.5390901565551758 4.228616714477539 26
    endloop
  endfacet
  facet normal -0.3826843449081434 0.9238791545230497 0
    outer loop
      vertex -1.9017820358276367 4.0783843994140625 26
      vertex -1.5390901565551758 4.228616714477539 0
      vertex -1.9017820358276367 4.0783843994140625 0
    endloop
  endfacet
  facet normal -0.300704071309013 0.9537174956443779 0
    outer loop
      vertex -1.1646852493286133 4.346665382385254 0
      vertex -1.5390901565551758 4.228616714477539 26
      vertex -1.1646852493286133 4.346665382385254 26
    endloop
  endfacet
  facet normal -0.300704071309013 0.9537174956443779 0
    outer loop
      vertex -1.5390901565551758 4.228616714477539 26
      vertex -1.1646852493286133 4.346665382385254 0
      vertex -1.5390901565551758 4.228616714477539 0
    endloop
  endfacet
  facet normal -0.461748214017087 -0.8870110409978168 0
    outer loop
      vertex -2.25 -3.897113800048828 0
      vertex -1.9017820358276367 -4.0783843994140625 26
      vertex -2.25 -3.897113800048828 26
    endloop
  endfacet
  facet normal -0.461748214017087 -0.8870110409978168 0
    outer loop
      vertex -1.9017820358276367 -4.0783843994140625 26
      vertex -2.25 -3.897113800048828 0
      vertex -1.9017820358276367 -4.0783843994140625 0
    endloop
  endfacet
  facet normal 0.3826843449081434 -0.9238791545230497 0
    outer loop
      vertex 1.5390901565551758 -4.228616714477539 0
      vertex 1.9017820358276367 -4.0783843994140625 26
      vertex 1.5390901565551758 -4.228616714477539 26
    endloop
  endfacet
  facet normal 0.3826843449081434 -0.9238791545230497 0
    outer loop
      vertex 1.9017820358276367 -4.0783843994140625 26
      vertex 1.5390901565551758 -4.228616714477539 0
      vertex 1.9017820358276367 -4.0783843994140625 0
    endloop
  endfacet
  facet normal -0.5372993630847349 0.8433916020620186 0
    outer loop
      vertex -2.25 3.897113800048828 0
      vertex -2.5810937881469727 3.6861839294433594 26
      vertex -2.25 3.897113800048828 26
    endloop
  endfacet
  facet normal -0.5372993630847349 0.8433916020620186 0
    outer loop
      vertex -2.5810937881469727 3.6861839294433594 26
      vertex -2.25 3.897113800048828 0
      vertex -2.5810937881469727 3.6861839294433594 0
    endloop
  endfacet
  facet normal 0.5372993630847349 0.8433916020620186 0
    outer loop
      vertex 2.5810937881469727 3.6861839294433594 0
      vertex 2.25 3.897113800048828 26
      vertex 2.5810937881469727 3.6861839294433594 26
    endloop
  endfacet
  facet normal 0.5372993630847349 0.8433916020620186 0
    outer loop
      vertex 2.25 3.897113800048828 26
      vertex 2.5810937881469727 3.6861839294433594 0
      vertex 2.25 3.897113800048828 0
    endloop
  endfacet
  facet normal 0.300704071309013 -0.9537174956443779 0
    outer loop
      vertex 1.1646852493286133 -4.346665382385254 0
      vertex 1.5390901565551758 -4.228616714477539 26
      vertex 1.1646852493286133 -4.346665382385254 26
    endloop
  endfacet
  facet normal 0.300704071309013 -0.9537174956443779 0
    outer loop
      vertex 1.5390901565551758 -4.228616714477539 26
      vertex 1.1646852493286133 -4.346665382385254 0
      vertex 1.5390901565551758 -4.228616714477539 0
    endloop
  endfacet
  facet normal -0.9990481845392746 0.043620235771709835 0
    outer loop
      vertex -4.5 0 0
      vertex -4.482875823974609 0.3922004699707031 26
      vertex -4.482875823974609 0.3922004699707031 0
    endloop
  endfacet
  facet normal -0.9990481845392746 0.043620235771709835 0
    outer loop
      vertex -4.482875823974609 0.3922004699707031 26
      vertex -4.5 0 0
      vertex -4.5 0 26
    endloop
  endfacet
  facet normal -0.3826843449081434 -0.9238791545230497 0
    outer loop
      vertex -1.9017820358276367 -4.0783843994140625 0
      vertex -1.5390901565551758 -4.228616714477539 26
      vertex -1.9017820358276367 -4.0783843994140625 26
    endloop
  endfacet
  facet normal -0.3826843449081434 -0.9238791545230497 0
    outer loop
      vertex -1.5390901565551758 -4.228616714477539 26
      vertex -1.9017820358276367 -4.0783843994140625 0
      vertex -1.5390901565551758 -4.228616714477539 0
    endloop
  endfacet
  facet normal 0.461748214017087 0.8870110409978168 0
    outer loop
      vertex 2.25 3.897113800048828 0
      vertex 1.9017820358276367 4.0783843994140625 26
      vertex 2.25 3.897113800048828 26
    endloop
  endfacet
  facet normal 0.461748214017087 0.8870110409978168 0
    outer loop
      vertex 1.9017820358276367 4.0783843994140625 26
      vertex 2.25 3.897113800048828 0
      vertex 1.9017820358276367 4.0783843994140625 0
    endloop
  endfacet
  facet normal 0.5372993630847349 -0.8433916020620186 0
    outer loop
      vertex 2.25 -3.897113800048828 0
      vertex 2.5810937881469727 -3.6861839294433594 26
      vertex 2.25 -3.897113800048828 26
    endloop
  endfacet
  facet normal 0.5372993630847349 -0.8433916020620186 0
    outer loop
      vertex 2.5810937881469727 -3.6861839294433594 26
      vertex 2.25 -3.897113800048828 0
      vertex 2.5810937881469727 -3.6861839294433594 0
    endloop
  endfacet
  facet normal -0.9537174956443779 -0.300704071309013 0
    outer loop
      vertex -4.228616714477539 -1.5390901565551758 0
      vertex -4.346665382385254 -1.1646852493286133 26
      vertex -4.346665382385254 -1.1646852493286133 0
    endloop
  endfacet
  facet normal -0.9537174956443779 -0.300704071309013 0
    outer loop
      vertex -4.346665382385254 -1.1646852493286133 26
      vertex -4.228616714477539 -1.5390901565551758 0
      vertex -4.228616714477539 -1.5390901565551758 26
    endloop
  endfacet
  facet normal 0.043620235771709835 -0.9990481845392746 0
    outer loop
      vertex 0 -4.5 0
      vertex 0.3922004699707031 -4.482875823974609 26
      vertex 0 -4.5 26
    endloop
  endfacet
  facet normal 0.043620235771709835 -0.9990481845392746 0
    outer loop
      vertex 0.3922004699707031 -4.482875823974609 26
      vertex 0 -4.5 0
      vertex 0.3922004699707031 -4.482875823974609 0
    endloop
  endfacet
  facet normal -0.8433916020620186 -0.5372993630847349 0
    outer loop
      vertex -3.6861839294433594 -2.5810937881469727 0
      vertex -3.897113800048828 -2.25 26
      vertex -3.897113800048828 -2.25 0
    endloop
  endfacet
  facet normal -0.8433916020620186 -0.5372993630847349 0
    outer loop
      vertex -3.897113800048828 -2.25 26
      vertex -3.6861839294433594 -2.5810937881469727 0
      vertex -3.6861839294433594 -2.5810937881469727 26
    endloop
  endfacet
  facet normal 0.1305279100243454 0.9914446352190708 0
    outer loop
      vertex 0.7814159393310547 4.431633949279785 0
      vertex 0.3922004699707031 4.482875823974609 26
      vertex 0.7814159393310547 4.431633949279785 26
    endloop
  endfacet
  facet normal 0.1305279100243454 0.9914446352190708 0
    outer loop
      vertex 0.3922004699707031 4.482875823974609 26
      vertex 0.7814159393310547 4.431633949279785 0
      vertex 0.3922004699707031 4.482875823974609 0
    endloop
  endfacet
  facet normal -0.21643914416100743 0.9762961112668895 0
    outer loop
      vertex -0.7814159393310547 4.431633949279785 0
      vertex -1.1646852493286133 4.346665382385254 26
      vertex -0.7814159393310547 4.431633949279785 26
    endloop
  endfacet
  facet normal -0.21643914416100743 0.9762961112668895 0
    outer loop
      vertex -1.1646852493286133 4.346665382385254 26
      vertex -0.7814159393310547 4.431633949279785 0
      vertex -1.1646852493286133 4.346665382385254 0
    endloop
  endfacet
  facet normal 0.7372771504546431 0.6755904109869244 0
    outer loop
      vertex 3.447199821472168 2.8925437927246094 26
      vertex 3.1819801330566406 3.1819801330566406 0
      vertex 3.1819801330566406 3.1819801330566406 26
    endloop
  endfacet
  facet normal 0.7372771504546431 0.6755904109869244 0
    outer loop
      vertex 3.1819801330566406 3.1819801330566406 0
      vertex 3.447199821472168 2.8925437927246094 26
      vertex 3.447199821472168 2.8925437927246094 0
    endloop
  endfacet
  facet normal 0.9238791545230497 -0.3826843449081434 0
    outer loop
      vertex 4.0783843994140625 -1.9017820358276367 26
      vertex 4.228616714477539 -1.5390901565551758 0
      vertex 4.228616714477539 -1.5390901565551758 26
    endloop
  endfacet
  facet normal 0.9238791545230497 -0.3826843449081434 0
    outer loop
      vertex 4.228616714477539 -1.5390901565551758 0
      vertex 4.0783843994140625 -1.9017820358276367 26
      vertex 4.0783843994140625 -1.9017820358276367 0
    endloop
  endfacet
  facet normal -0.8870110409978168 0.461748214017087 0
    outer loop
      vertex -4.0783843994140625 1.9017820358276367 0
      vertex -3.897113800048828 2.25 26
      vertex -3.897113800048828 2.25 0
    endloop
  endfacet
  facet normal -0.8870110409978168 0.461748214017087 0
    outer loop
      vertex -3.897113800048828 2.25 26
      vertex -4.0783843994140625 1.9017820358276367 0
      vertex -4.0783843994140625 1.9017820358276367 26
    endloop
  endfacet
  facet normal 0.9537174956443779 0.300704071309013 0
    outer loop
      vertex 4.346665382385254 1.1646852493286133 26
      vertex 4.228616714477539 1.5390901565551758 0
      vertex 4.228616714477539 1.5390901565551758 26
    endloop
  endfacet
  facet normal 0.9537174956443779 0.300704071309013 0
    outer loop
      vertex 4.228616714477539 1.5390901565551758 0
      vertex 4.346665382385254 1.1646852493286133 26
      vertex 4.346665382385254 1.1646852493286133 0
    endloop
  endfacet
  facet normal -0.6087616118678708 -0.7933531999784408 0
    outer loop
      vertex -2.8925437927246094 -3.447199821472168 0
      vertex -2.5810937881469727 -3.6861839294433594 26
      vertex -2.8925437927246094 -3.447199821472168 26
    endloop
  endfacet
  facet normal -0.6087616118678708 -0.7933531999784408 0
    outer loop
      vertex -2.5810937881469727 -3.6861839294433594 26
      vertex -2.8925437927246094 -3.447199821472168 0
      vertex -2.5810937881469727 -3.6861839294433594 0
    endloop
  endfacet
  facet normal -0.9762961112668895 -0.21643914416100743 0
    outer loop
      vertex -4.346665382385254 -1.1646852493286133 0
      vertex -4.431633949279785 -0.7814159393310547 26
      vertex -4.431633949279785 -0.7814159393310547 0
    endloop
  endfacet
  facet normal -0.9762961112668895 -0.21643914416100743 0
    outer loop
      vertex -4.431633949279785 -0.7814159393310547 26
      vertex -4.346665382385254 -1.1646852493286133 0
      vertex -4.346665382385254 -1.1646852493286133 26
    endloop
  endfacet
  facet normal -0.7372771504546431 0.6755904109869244 0
    outer loop
      vertex -3.447199821472168 2.8925437927246094 0
      vertex -3.1819801330566406 3.1819801330566406 26
      vertex -3.1819801330566406 3.1819801330566406 0
    endloop
  endfacet
  facet normal -0.7372771504546431 0.6755904109869244 0
    outer loop
      vertex -3.1819801330566406 3.1819801330566406 26
      vertex -3.447199821472168 2.8925437927246094 0
      vertex -3.447199821472168 2.8925437927246094 26
    endloop
  endfacet
  facet normal -0.461748214017087 0.8870110409978168 0
    outer loop
      vertex -1.9017820358276367 4.0783843994140625 0
      vertex -2.25 3.897113800048828 26
      vertex -1.9017820358276367 4.0783843994140625 26
    endloop
  endfacet
  facet normal -0.461748214017087 0.8870110409978168 0
    outer loop
      vertex -2.25 3.897113800048828 26
      vertex -1.9017820358276367 4.0783843994140625 0
      vertex -2.25 3.897113800048828 0
    endloop
  endfacet
  facet normal 0.21643914416100743 0.9762961112668895 0
    outer loop
      vertex 1.1646852493286133 4.346665382385254 0
      vertex 0.7814159393310547 4.431633949279785 26
      vertex 1.1646852493286133 4.346665382385254 26
    endloop
  endfacet
  facet normal 0.21643914416100743 0.9762961112668895 0
    outer loop
      vertex 0.7814159393310547 4.431633949279785 26
      vertex 1.1646852493286133 4.346665382385254 0
      vertex 0.7814159393310547 4.431633949279785 0
    endloop
  endfacet
  facet normal 0.8433916020620186 0.5372993630847349 0
    outer loop
      vertex 3.897113800048828 2.25 26
      vertex 3.6861839294433594 2.5810937881469727 0
      vertex 3.6861839294433594 2.5810937881469727 26
    endloop
  endfacet
  facet normal 0.8433916020620186 0.5372993630847349 0
    outer loop
      vertex 3.6861839294433594 2.5810937881469727 0
      vertex 3.897113800048828 2.25 26
      vertex 3.897113800048828 2.25 0
    endloop
  endfacet
  facet normal -0.6755904109869244 -0.7372771504546431 0
    outer loop
      vertex -3.1819801330566406 -3.1819801330566406 0
      vertex -2.8925437927246094 -3.447199821472168 26
      vertex -3.1819801330566406 -3.1819801330566406 26
    endloop
  endfacet
  facet normal -0.6755904109869244 -0.7372771504546431 0
    outer loop
      vertex -2.8925437927246094 -3.447199821472168 26
      vertex -3.1819801330566406 -3.1819801330566406 0
      vertex -2.8925437927246094 -3.447199821472168 0
    endloop
  endfacet
  facet normal -0.9762961112668895 0.21643914416100743 0
    outer loop
      vertex -4.431633949279785 0.7814159393310547 0
      vertex -4.346665382385254 1.1646852493286133 26
      vertex -4.346665382385254 1.1646852493286133 0
    endloop
  endfacet
  facet normal -0.9762961112668895 0.21643914416100743 0
    outer loop
      vertex -4.346665382385254 1.1646852493286133 26
      vertex -4.431633949279785 0.7814159393310547 0
      vertex -4.431633949279785 0.7814159393310547 26
    endloop
  endfacet
  facet normal 0.3826843449081434 0.9238791545230497 0
    outer loop
      vertex 1.9017820358276367 4.0783843994140625 0
      vertex 1.5390901565551758 4.228616714477539 26
      vertex 1.9017820358276367 4.0783843994140625 26
    endloop
  endfacet
  facet normal 0.3826843449081434 0.9238791545230497 0
    outer loop
      vertex 1.5390901565551758 4.228616714477539 26
      vertex 1.9017820358276367 4.0783843994140625 0
      vertex 1.5390901565551758 4.228616714477539 0
    endloop
  endfacet
  facet normal -0.9238791545230497 0.3826843449081434 0
    outer loop
      vertex -4.228616714477539 1.5390901565551758 0
      vertex -4.0783843994140625 1.9017820358276367 26
      vertex -4.0783843994140625 1.9017820358276367 0
    endloop
  endfacet
  facet normal -0.9238791545230497 0.3826843449081434 0
    outer loop
      vertex -4.0783843994140625 1.9017820358276367 26
      vertex -4.228616714477539 1.5390901565551758 0
      vertex -4.228616714477539 1.5390901565551758 26
    endloop
  endfacet
  facet normal 0.6087616118678708 -0.7933531999784408 0
    outer loop
      vertex 2.5810937881469727 -3.6861839294433594 0
      vertex 2.8925437927246094 -3.447199821472168 26
      vertex 2.5810937881469727 -3.6861839294433594 26
    endloop
  endfacet
  facet normal 0.6087616118678708 -0.7933531999784408 0
    outer loop
      vertex 2.8925437927246094 -3.447199821472168 26
      vertex 2.5810937881469727 -3.6861839294433594 0
      vertex 2.8925437927246094 -3.447199821472168 0
    endloop
  endfacet
  facet normal -0.7933531999784408 0.6087616118678708 0
    outer loop
      vertex -3.6861839294433594 2.5810937881469727 0
      vertex -3.447199821472168 2.8925437927246094 26
      vertex -3.447199821472168 2.8925437927246094 0
    endloop
  endfacet
  facet normal -0.7933531999784408 0.6087616118678708 0
    outer loop
      vertex -3.447199821472168 2.8925437927246094 26
      vertex -3.6861839294433594 2.5810937881469727 0
      vertex -3.6861839294433594 2.5810937881469727 26
    endloop
  endfacet
  facet normal -0.7372771504546431 -0.6755904109869244 0
    outer loop
      vertex -3.1819801330566406 -3.1819801330566406 0
      vertex -3.447199821472168 -2.8925437927246094 26
      vertex -3.447199821472168 -2.8925437927246094 0
    endloop
  endfacet
  facet normal -0.7372771504546431 -0.6755904109869244 0
    outer loop
      vertex -3.447199821472168 -2.8925437927246094 26
      vertex -3.1819801330566406 -3.1819801330566406 0
      vertex -3.1819801330566406 -3.1819801330566406 26
    endloop
  endfacet
  facet normal -0.9537174956443779 0.300704071309013 0
    outer loop
      vertex -4.346665382385254 1.1646852493286133 0
      vertex -4.228616714477539 1.5390901565551758 26
      vertex -4.228616714477539 1.5390901565551758 0
    endloop
  endfacet
  facet normal -0.9537174956443779 0.300704071309013 0
    outer loop
      vertex -4.228616714477539 1.5390901565551758 26
      vertex -4.346665382385254 1.1646852493286133 0
      vertex -4.346665382385254 1.1646852493286133 26
    endloop
  endfacet
  facet normal 0.6755904109869244 -0.7372771504546431 0
    outer loop
      vertex 2.8925437927246094 -3.447199821472168 0
      vertex 3.1819801330566406 -3.1819801330566406 26
      vertex 2.8925437927246094 -3.447199821472168 26
    endloop
  endfacet
  facet normal 0.6755904109869244 -0.7372771504546431 0
    outer loop
      vertex 3.1819801330566406 -3.1819801330566406 26
      vertex 2.8925437927246094 -3.447199821472168 0
      vertex 3.1819801330566406 -3.1819801330566406 0
    endloop
  endfacet
  facet normal -0.043620235771709835 0.9990481845392746 0
    outer loop
      vertex 0 4.5 0
      vertex -0.3922004699707031 4.482875823974609 26
      vertex 0 4.5 26
    endloop
  endfacet
  facet normal -0.043620235771709835 0.9990481845392746 0
    outer loop
      vertex -0.3922004699707031 4.482875823974609 26
      vertex 0 4.5 0
      vertex -0.3922004699707031 4.482875823974609 0
    endloop
  endfacet
  facet normal 0.6755904109869244 0.7372771504546431 0
    outer loop
      vertex 3.1819801330566406 3.1819801330566406 0
      vertex 2.8925437927246094 3.447199821472168 26
      vertex 3.1819801330566406 3.1819801330566406 26
    endloop
  endfacet
  facet normal 0.6755904109869244 0.7372771504546431 0
    outer loop
      vertex 2.8925437927246094 3.447199821472168 26
      vertex 3.1819801330566406 3.1819801330566406 0
      vertex 2.8925437927246094 3.447199821472168 0
    endloop
  endfacet
  facet normal 0.9914446352190708 -0.1305279100243454 0
    outer loop
      vertex 4.431633949279785 -0.7814159393310547 26
      vertex 4.482875823974609 -0.3922004699707031 0
      vertex 4.482875823974609 -0.3922004699707031 26
    endloop
  endfacet
  facet normal 0.9914446352190708 -0.1305279100243454 0
    outer loop
      vertex 4.482875823974609 -0.3922004699707031 0
      vertex 4.431633949279785 -0.7814159393310547 26
      vertex 4.431633949279785 -0.7814159393310547 0
    endloop
  endfacet
  facet normal 0.9238791545230497 0.3826843449081434 0
    outer loop
      vertex 4.228616714477539 1.5390901565551758 26
      vertex 4.0783843994140625 1.9017820358276367 0
      vertex 4.0783843994140625 1.9017820358276367 26
    endloop
  endfacet
  facet normal 0.9238791545230497 0.3826843449081434 0
    outer loop
      vertex 4.0783843994140625 1.9017820358276367 0
      vertex 4.228616714477539 1.5390901565551758 26
      vertex 4.228616714477539 1.5390901565551758 0
    endloop
  endfacet
  facet normal 0.8870110409978168 -0.461748214017087 0
    outer loop
      vertex 3.897113800048828 -2.25 26
      vertex 4.0783843994140625 -1.9017820358276367 0
      vertex 4.0783843994140625 -1.9017820358276367 26
    endloop
  endfacet
  facet normal 0.8870110409978168 -0.461748214017087 0
    outer loop
      vertex 4.0783843994140625 -1.9017820358276367 0
      vertex 3.897113800048828 -2.25 26
      vertex 3.897113800048828 -2.25 0
    endloop
  endfacet
  facet normal -0.9990481845392746 -0.043620235771709835 0
    outer loop
      vertex -4.482875823974609 -0.3922004699707031 0
      vertex -4.5 0 26
      vertex -4.5 0 0
    endloop
  endfacet
  facet normal -0.9990481845392746 -0.043620235771709835 0
    outer loop
      vertex -4.5 0 26
      vertex -4.482875823974609 -0.3922004699707031 0
      vertex -4.482875823974609 -0.3922004699707031 26
    endloop
  endfacet
  facet normal -0.6755904109869244 0.7372771504546431 0
    outer loop
      vertex -2.8925437927246094 3.447199821472168 0
      vertex -3.1819801330566406 3.1819801330566406 26
      vertex -2.8925437927246094 3.447199821472168 26
    endloop
  endfacet
  facet normal -0.6755904109869244 0.7372771504546431 0
    outer loop
      vertex -3.1819801330566406 3.1819801330566406 26
      vertex -2.8925437927246094 3.447199821472168 0
      vertex -3.1819801330566406 3.1819801330566406 0
    endloop
  endfacet
  facet normal 0.21643914416100743 -0.9762961112668895 0
    outer loop
      vertex 0.7814159393310547 -4.431633949279785 0
      vertex 1.1646852493286133 -4.346665382385254 26
      vertex 0.7814159393310547 -4.431633949279785 26
    endloop
  endfacet
  facet normal 0.21643914416100743 -0.9762961112668895 0
    outer loop
      vertex 1.1646852493286133 -4.346665382385254 26
      vertex 0.7814159393310547 -4.431633949279785 0
      vertex 1.1646852493286133 -4.346665382385254 0
    endloop
  endfacet
  facet normal -0.300704071309013 -0.9537174956443779 0
    outer loop
      vertex -1.5390901565551758 -4.228616714477539 0
      vertex -1.1646852493286133 -4.346665382385254 26
      vertex -1.5390901565551758 -4.228616714477539 26
    endloop
  endfacet
  facet normal -0.300704071309013 -0.9537174956443779 0
    outer loop
      vertex -1.1646852493286133 -4.346665382385254 26
      vertex -1.5390901565551758 -4.228616714477539 0
      vertex -1.1646852493286133 -4.346665382385254 0
    endloop
  endfacet
  facet normal 0.7372771504546431 -0.6755904109869244 0
    outer loop
      vertex 3.1819801330566406 -3.1819801330566406 26
      vertex 3.447199821472168 -2.8925437927246094 0
      vertex 3.447199821472168 -2.8925437927246094 26
    endloop
  endfacet
  facet normal 0.7372771504546431 -0.6755904109869244 0
    outer loop
      vertex 3.447199821472168 -2.8925437927246094 0
      vertex 3.1819801330566406 -3.1819801330566406 26
      vertex 3.1819801330566406 -3.1819801330566406 0
    endloop
  endfacet
  facet normal -0.7933531999784408 -0.6087616118678708 0
    outer loop
      vertex -3.447199821472168 -2.8925437927246094 0
      vertex -3.6861839294433594 -2.5810937881469727 26
      vertex -3.6861839294433594 -2.5810937881469727 0
    endloop
  endfacet
  facet normal -0.7933531999784408 -0.6087616118678708 0
    outer loop
      vertex -3.6861839294433594 -2.5810937881469727 26
      vertex -3.447199821472168 -2.8925437927246094 0
      vertex -3.447199821472168 -2.8925437927246094 26
    endloop
  endfacet
  facet normal -0.043620235771709835 -0.9990481845392746 0
    outer loop
      vertex -0.3922004699707031 -4.482875823974609 0
      vertex 0 -4.5 26
      vertex -0.3922004699707031 -4.482875823974609 26
    endloop
  endfacet
  facet normal -0.043620235771709835 -0.9990481845392746 0
    outer loop
      vertex 0 -4.5 26
      vertex -0.3922004699707031 -4.482875823974609 0
      vertex 0 -4.5 0
    endloop
  endfacet
  facet normal -0.9238791545230497 -0.3826843449081434 0
    outer loop
      vertex -4.0783843994140625 -1.9017820358276367 0
      vertex -4.228616714477539 -1.5390901565551758 26
      vertex -4.228616714477539 -1.5390901565551758 0
    endloop
  endfacet
  facet normal -0.9238791545230497 -0.3826843449081434 0
    outer loop
      vertex -4.228616714477539 -1.5390901565551758 26
      vertex -4.0783843994140625 -1.9017820358276367 0
      vertex -4.0783843994140625 -1.9017820358276367 26
    endloop
  endfacet
  facet normal 0.461748214017087 -0.8870110409978168 0
    outer loop
      vertex 1.9017820358276367 -4.0783843994140625 0
      vertex 2.25 -3.897113800048828 26
      vertex 1.9017820358276367 -4.0783843994140625 26
    endloop
  endfacet
  facet normal 0.461748214017087 -0.8870110409978168 0
    outer loop
      vertex 2.25 -3.897113800048828 26
      vertex 1.9017820358276367 -4.0783843994140625 0
      vertex 2.25 -3.897113800048828 0
    endloop
  endfacet
  facet normal -0.6087616118678708 0.7933531999784408 0
    outer loop
      vertex -2.5810937881469727 3.6861839294433594 0
      vertex -2.8925437927246094 3.447199821472168 26
      vertex -2.5810937881469727 3.6861839294433594 26
    endloop
  endfacet
  facet normal -0.6087616118678708 0.7933531999784408 0
    outer loop
      vertex -2.8925437927246094 3.447199821472168 26
      vertex -2.5810937881469727 3.6861839294433594 0
      vertex -2.8925437927246094 3.447199821472168 0
    endloop
  endfacet
  facet normal 0.9914446352190708 0.1305279100243454 0
    outer loop
      vertex 4.482875823974609 0.3922004699707031 26
      vertex 4.431633949279785 0.7814159393310547 0
      vertex 4.431633949279785 0.7814159393310547 26
    endloop
  endfacet
  facet normal 0.9914446352190708 0.1305279100243454 0
    outer loop
      vertex 4.431633949279785 0.7814159393310547 0
      vertex 4.482875823974609 0.3922004699707031 26
      vertex 4.482875823974609 0.3922004699707031 0
    endloop
  endfacet
  facet normal 0.1305279100243454 -0.9914446352190708 0
    outer loop
      vertex 0.3922004699707031 -4.482875823974609 0
      vertex 0.7814159393310547 -4.431633949279785 26
      vertex 0.3922004699707031 -4.482875823974609 26
    endloop
  endfacet
  facet normal 0.1305279100243454 -0.9914446352190708 0
    outer loop
      vertex 0.7814159393310547 -4.431633949279785 26
      vertex 0.3922004699707031 -4.482875823974609 0
      vertex 0.7814159393310547 -4.431633949279785 0
    endloop
  endfacet
  facet normal -0.9914446352190708 -0.1305279100243454 0
    outer loop
      vertex -4.431633949279785 -0.7814159393310547 0
      vertex -4.482875823974609 -0.3922004699707031 26
      vertex -4.482875823974609 -0.3922004699707031 0
    endloop
  endfacet
  facet normal -0.9914446352190708 -0.1305279100243454 0
    outer loop
      vertex -4.482875823974609 -0.3922004699707031 26
      vertex -4.431633949279785 -0.7814159393310547 0
      vertex -4.431633949279785 -0.7814159393310547 26
    endloop
  endfacet
  facet normal 0 0 1
    outer loop
      vertex 4.792006492614746 0 35.25
      vertex 5.5 0 35.25
      vertex 5.479070663452148 0.4793558120727539 35.25
    endloop
  endfacet
  facet normal 0 0 1
    outer loop
      vertex 4.792006492614746 0 35.25
      vertex 5.479070663452148 0.4793558120727539 35.25
      vertex 5.416441917419434 0.9550647735595703 35.25
    endloop
  endfacet
  facet normal 0 0 1
    outer loop
      vertex 5.5 0 35.25
      vertex 4.792006492614746 0 35.25
      vertex 5.479070663452148 -0.4793558120727539 35.25
    endloop
  endfacet
  facet normal 0 0 1
    outer loop
      vertex 4.792006492614746 0 35.25
      vertex 5.416441917419434 0.9550647735595703 35.25
      vertex 5.312591552734375 1.4235038757324219 35.25
    endloop
  endfacet
  facet normal 0 0 1
    outer loop
      vertex 5.479070663452148 -0.4793558120727539 35.25
      vertex 4.792006492614746 0 35.25
      vertex 5.416441917419434 -0.9550647735595703 35.25
    endloop
  endfacet
  facet normal 0 0 1
    outer loop
      vertex 4.792006492614746 0 35.25
      vertex 5.312591552734375 1.4235038757324219 35.25
      vertex 5.168309211730957 1.8811101913452148 35.25
    endloop
  endfacet
  facet normal 0 0 1
    outer loop
      vertex 5.416441917419434 -0.9550647735595703 35.25
      vertex 4.792006492614746 0 35.25
      vertex 5.312591552734375 -1.4235038757324219 35.25
    endloop
  endfacet
  facet normal 0 0 1
    outer loop
      vertex 4.792006492614746 0 35.25
      vertex 5.168309211730957 1.8811101913452148 35.25
      vertex 4.984692573547363 2.324399948120117 35.25
    endloop
  endfacet
  facet normal 0 0 1
    outer loop
      vertex 5.312591552734375 -1.4235038757324219 35.25
      vertex 4.792006492614746 0 35.25
      vertex 5.168309211730957 -1.8811101913452148 35.25
    endloop
  endfacet
  facet normal 0 0 1
    outer loop
      vertex 5.168309211730957 -1.8811101913452148 35.25
      vertex 4.792006492614746 0 35.25
      vertex 4.984692573547363 -2.324399948120117 35.25
    endloop
  endfacet
  facet normal 0 0 1
    outer loop
      vertex 4.763138771057129 2.75 35.25
      vertex 4.792006492614746 0 35.25
      vertex 4.984692573547363 2.324399948120117 35.25
    endloop
  endfacet
  facet normal 0 0 1
    outer loop
      vertex 2.396002769470215 4.149999618530273 35.25
      vertex 4.763138771057129 2.75 35.25
      vertex 4.505335807800293 3.154669761657715 35.25
    endloop
  endfacet
  facet normal 0 0 1
    outer loop
      vertex 2.396002769470215 4.149999618530273 35.25
      vertex 4.505335807800293 3.154669761657715 35.25
      vertex 4.21324348449707 3.5353317260742188 35.25
    endloop
  endfacet
  facet normal 0 0 1
    outer loop
      vertex 2.396002769470215 4.149999618530273 35.25
      vertex 4.21324348449707 3.5353317260742188 35.25
      vertex 3.8890867233276367 3.8890867233276367 35.25
    endloop
  endfacet
  facet normal 0 0 1
    outer loop
      vertex 2.396002769470215 4.149999618530273 35.25
      vertex 3.8890867233276367 3.8890867233276367 35.25
      vertex 3.5353317260742188 4.21324348449707 35.25
    endloop
  endfacet
  facet normal 0 0 1
    outer loop
      vertex 2.396002769470215 4.149999618530273 35.25
      vertex 3.5353317260742188 4.21324348449707 35.25
      vertex 3.154669761657715 4.505335807800293 35.25
    endloop
  endfacet
  facet normal 0 0 1
    outer loop
      vertex 2.396002769470215 4.149999618530273 35.25
      vertex 3.154669761657715 4.505335807800293 35.25
      vertex 2.75 4.763138771057129 35.25
    endloop
  endfacet
  facet normal 0 0 1
    outer loop
      vertex 4.763138771057129 2.75 35.25
      vertex 2.396002769470215 4.149999618530273 35.25
      vertex 4.792006492614746 0 35.25
    endloop
  endfacet
  facet normal 0 0 1
    outer loop
      vertex 2.324399948120117 4.984692573547363 35.25
      vertex 2.396002769470215 4.149999618530273 35.25
      vertex 2.75 4.763138771057129 35.25
    endloop
  endfacet
  facet normal 0 0 1
    outer loop
      vertex 1.8811101913452148 5.168309211730957 35.25
      vertex 2.396002769470215 4.149999618530273 35.25
      vertex 2.324399948120117 4.984692573547363 35.25
    endloop
  endfacet
  facet normal 0 0 1
    outer loop
      vertex 1.4235038757324219 5.312591552734375 35.25
      vertex 2.396002769470215 4.149999618530273 35.25
      vertex 1.8811101913452148 5.168309211730957 35.25
    endloop
  endfacet
  facet normal 0 0 1
    outer loop
      vertex 0.9550647735595703 5.416441917419434 35.25
      vertex 2.396002769470215 4.149999618530273 35.25
      vertex 1.4235038757324219 5.312591552734375 35.25
    endloop
  endfacet
  facet normal 0 0 1
    outer loop
      vertex 0.4793558120727539 5.479070663452148 35.25
      vertex 2.396002769470215 4.149999618530273 35.25
      vertex 0.9550647735595703 5.416441917419434 35.25
    endloop
  endfacet
  facet normal 0 0 1
    outer loop
      vertex 0 5.5 35.25
      vertex 2.396002769470215 4.149999618530273 35.25
      vertex 0.4793558120727539 5.479070663452148 35.25
    endloop
  endfacet
  facet normal 0 0 1
    outer loop
      vertex -2.396002769470215 4.149999618530273 35.25
      vertex 0 5.5 35.25
      vertex -0.4793558120727539 5.479070663452148 35.25
    endloop
  endfacet
  facet normal 0 0 1
    outer loop
      vertex -2.396002769470215 4.149999618530273 35.25
      vertex -0.4793558120727539 5.479070663452148 35.25
      vertex -0.9550647735595703 5.416441917419434 35.25
    endloop
  endfacet
  facet normal 0 0 1
    outer loop
      vertex -2.396002769470215 4.149999618530273 35.25
      vertex -0.9550647735595703 5.416441917419434 35.25
      vertex -1.4235038757324219 5.312591552734375 35.25
    endloop
  endfacet
  facet normal 0 0 1
    outer loop
      vertex -2.396002769470215 4.149999618530273 35.25
      vertex -1.4235038757324219 5.312591552734375 35.25
      vertex -1.8811101913452148 5.168309211730957 35.25
    endloop
  endfacet
  facet normal 0 0 1
    outer loop
      vertex -2.396002769470215 4.149999618530273 35.25
      vertex -1.8811101913452148 5.168309211730957 35.25
      vertex -2.324399948120117 4.984692573547363 35.25
    endloop
  endfacet
  facet normal 0 0 1
    outer loop
      vertex 0 5.5 35.25
      vertex -2.396002769470215 4.149999618530273 35.25
      vertex 2.396002769470215 4.149999618530273 35.25
    endloop
  endfacet
  facet normal 0 0 1
    outer loop
      vertex -2.75 4.763138771057129 35.25
      vertex -2.396002769470215 4.149999618530273 35.25
      vertex -2.324399948120117 4.984692573547363 35.25
    endloop
  endfacet
  facet normal 0 0 1
    outer loop
      vertex -3.154669761657715 4.505335807800293 35.25
      vertex -2.396002769470215 4.149999618530273 35.25
      vertex -2.75 4.763138771057129 35.25
    endloop
  endfacet
  facet normal 0 0 1
    outer loop
      vertex -3.5353317260742188 4.21324348449707 35.25
      vertex -2.396002769470215 4.149999618530273 35.25
      vertex -3.154669761657715 4.505335807800293 35.25
    endloop
  endfacet
  facet normal 0 0 1
    outer loop
      vertex -3.8890867233276367 3.8890867233276367 35.25
      vertex -2.396002769470215 4.149999618530273 35.25
      vertex -3.5353317260742188 4.21324348449707 35.25
    endloop
  endfacet
  facet normal 0 0 1
    outer loop
      vertex -4.21324348449707 3.5353317260742188 35.25
      vertex -2.396002769470215 4.149999618530273 35.25
      vertex -3.8890867233276367 3.8890867233276367 35.25
    endloop
  endfacet
  facet normal 0 0 1
    outer loop
      vertex -4.505335807800293 3.154669761657715 35.25
      vertex -2.396002769470215 4.149999618530273 35.25
      vertex -4.21324348449707 3.5353317260742188 35.25
    endloop
  endfacet
  facet normal 0 0 1
    outer loop
      vertex -4.763138771057129 2.75 35.25
      vertex -2.396002769470215 4.149999618530273 35.25
      vertex -4.505335807800293 3.154669761657715 35.25
    endloop
  endfacet
  facet normal 0 0 1
    outer loop
      vertex -4.763138771057129 2.75 35.25
      vertex -4.792006492614746 0 35.25
      vertex -2.396002769470215 4.149999618530273 35.25
    endloop
  endfacet
  facet normal 0 0 1
    outer loop
      vertex -4.792006492614746 0 35.25
      vertex -4.763138771057129 2.75 35.25
      vertex -4.984692573547363 2.324399948120117 35.25
    endloop
  endfacet
  facet normal 0 0 1
    outer loop
      vertex 4.792006492614746 0 35.25
      vertex 4.763138771057129 -2.75 35.25
      vertex 4.984692573547363 -2.324399948120117 35.25
    endloop
  endfacet
  facet normal 0 0 1
    outer loop
      vertex 2.396002769470215 -4.149999618530273 35.25
      vertex 4.763138771057129 -2.75 35.25
      vertex 4.792006492614746 0 35.25
    endloop
  endfacet
  facet normal 0 0 1
    outer loop
      vertex 4.763138771057129 -2.75 35.25
      vertex 2.396002769470215 -4.149999618530273 35.25
      vertex 4.505335807800293 -3.154669761657715 35.25
    endloop
  endfacet
  facet normal 0 0 1
    outer loop
      vertex 4.505335807800293 -3.154669761657715 35.25
      vertex 2.396002769470215 -4.149999618530273 35.25
      vertex 4.21324348449707 -3.5353317260742188 35.25
    endloop
  endfacet
  facet normal 0 0 1
    outer loop
      vertex 4.21324348449707 -3.5353317260742188 35.25
      vertex 2.396002769470215 -4.149999618530273 35.25
      vertex 3.8890867233276367 -3.8890867233276367 35.25
    endloop
  endfacet
  facet normal 0 0 1
    outer loop
      vertex 3.8890867233276367 -3.8890867233276367 35.25
      vertex 2.396002769470215 -4.149999618530273 35.25
      vertex 3.5353317260742188 -4.21324348449707 35.25
    endloop
  endfacet
  facet normal 0 0 1
    outer loop
      vertex 3.5353317260742188 -4.21324348449707 35.25
      vertex 2.396002769470215 -4.149999618530273 35.25
      vertex 3.154669761657715 -4.505335807800293 35.25
    endloop
  endfacet
  facet normal 0 0 1
    outer loop
      vertex 3.154669761657715 -4.505335807800293 35.25
      vertex 2.396002769470215 -4.149999618530273 35.25
      vertex 2.75 -4.763138771057129 35.25
    endloop
  endfacet
  facet normal 0 0 1
    outer loop
      vertex 2.396002769470215 -4.149999618530273 35.25
      vertex 2.324399948120117 -4.984692573547363 35.25
      vertex 2.75 -4.763138771057129 35.25
    endloop
  endfacet
  facet normal 0 0 1
    outer loop
      vertex 2.396002769470215 -4.149999618530273 35.25
      vertex 1.8811101913452148 -5.168309211730957 35.25
      vertex 2.324399948120117 -4.984692573547363 35.25
    endloop
  endfacet
  facet normal 0 0 1
    outer loop
      vertex 2.396002769470215 -4.149999618530273 35.25
      vertex 1.4235038757324219 -5.312591552734375 35.25
      vertex 1.8811101913452148 -5.168309211730957 35.25
    endloop
  endfacet
  facet normal 0 0 1
    outer loop
      vertex 2.396002769470215 -4.149999618530273 35.25
      vertex 0.9550647735595703 -5.416441917419434 35.25
      vertex 1.4235038757324219 -5.312591552734375 35.25
    endloop
  endfacet
  facet normal 0 0 1
    outer loop
      vertex 2.396002769470215 -4.149999618530273 35.25
      vertex 0.4793558120727539 -5.479070663452148 35.25
      vertex 0.9550647735595703 -5.416441917419434 35.25
    endloop
  endfacet
  facet normal 0 0 1
    outer loop
      vertex 2.396002769470215 -4.149999618530273 35.25
      vertex 0 -5.5 35.25
      vertex 0.4793558120727539 -5.479070663452148 35.25
    endloop
  endfacet
  facet normal 0 0 1
    outer loop
      vertex -2.396002769470215 -4.149999618530273 35.25
      vertex 0 -5.5 35.25
      vertex 2.396002769470215 -4.149999618530273 35.25
    endloop
  endfacet
  facet normal 0 0 1
    outer loop
      vertex 0 -5.5 35.25
      vertex -2.396002769470215 -4.149999618530273 35.25
      vertex -0.4793558120727539 -5.479070663452148 35.25
    endloop
  endfacet
  facet normal 0 0 1
    outer loop
      vertex -0.4793558120727539 -5.479070663452148 35.25
      vertex -2.396002769470215 -4.149999618530273 35.25
      vertex -0.9550647735595703 -5.416441917419434 35.25
    endloop
  endfacet
  facet normal 0 0 1
    outer loop
      vertex -0.9550647735595703 -5.416441917419434 35.25
      vertex -2.396002769470215 -4.149999618530273 35.25
      vertex -1.4235038757324219 -5.312591552734375 35.25
    endloop
  endfacet
  facet normal 0 0 1
    outer loop
      vertex -1.4235038757324219 -5.312591552734375 35.25
      vertex -2.396002769470215 -4.149999618530273 35.25
      vertex -1.8811101913452148 -5.168309211730957 35.25
    endloop
  endfacet
  facet normal 0 0 1
    outer loop
      vertex -1.8811101913452148 -5.168309211730957 35.25
      vertex -2.396002769470215 -4.149999618530273 35.25
      vertex -2.324399948120117 -4.984692573547363 35.25
    endloop
  endfacet
  facet normal 0 0 1
    outer loop
      vertex -2.396002769470215 -4.149999618530273 35.25
      vertex -2.75 -4.763138771057129 35.25
      vertex -2.324399948120117 -4.984692573547363 35.25
    endloop
  endfacet
  facet normal 0 0 1
    outer loop
      vertex -2.396002769470215 -4.149999618530273 35.25
      vertex -3.154669761657715 -4.505335807800293 35.25
      vertex -2.75 -4.763138771057129 35.25
    endloop
  endfacet
  facet normal 0 0 1
    outer loop
      vertex -2.396002769470215 -4.149999618530273 35.25
      vertex -3.5353317260742188 -4.21324348449707 35.25
      vertex -3.154669761657715 -4.505335807800293 35.25
    endloop
  endfacet
  facet normal 0 0 1
    outer loop
      vertex -2.396002769470215 -4.149999618530273 35.25
      vertex -3.8890867233276367 -3.8890867233276367 35.25
      vertex -3.5353317260742188 -4.21324348449707 35.25
    endloop
  endfacet
  facet normal 0 0 1
    outer loop
      vertex -2.396002769470215 -4.149999618530273 35.25
      vertex -4.21324348449707 -3.5353317260742188 35.25
      vertex -3.8890867233276367 -3.8890867233276367 35.25
    endloop
  endfacet
  facet normal 0 0 1
    outer loop
      vertex -2.396002769470215 -4.149999618530273 35.25
      vertex -4.505335807800293 -3.154669761657715 35.25
      vertex -4.21324348449707 -3.5353317260742188 35.25
    endloop
  endfacet
  facet normal 0 0 1
    outer loop
      vertex -2.396002769470215 -4.149999618530273 35.25
      vertex -4.763138771057129 -2.75 35.25
      vertex -4.505335807800293 -3.154669761657715 35.25
    endloop
  endfacet
  facet normal 0 0 1
    outer loop
      vertex -4.792006492614746 0 35.25
      vertex -4.763138771057129 -2.75 35.25
      vertex -2.396002769470215 -4.149999618530273 35.25
    endloop
  endfacet
  facet normal 0 0 1
    outer loop
      vertex -5.168309211730957 1.8811101913452148 35.25
      vertex -4.792006492614746 0 35.25
      vertex -4.984692573547363 2.324399948120117 35.25
    endloop
  endfacet
  facet normal 0 0 1
    outer loop
      vertex -4.792006492614746 0 35.25
      vertex -4.984692573547363 -2.324399948120117 35.25
      vertex -4.763138771057129 -2.75 35.25
    endloop
  endfacet
  facet normal 0 0 1
    outer loop
      vertex -5.312591552734375 1.4235038757324219 35.25
      vertex -4.792006492614746 0 35.25
      vertex -5.168309211730957 1.8811101913452148 35.25
    endloop
  endfacet
  facet normal 0 0 1
    outer loop
      vertex -4.792006492614746 0 35.25
      vertex -5.168309211730957 -1.8811101913452148 35.25
      vertex -4.984692573547363 -2.324399948120117 35.25
    endloop
  endfacet
  facet normal 0 0 1
    outer loop
      vertex -5.416441917419434 0.9550647735595703 35.25
      vertex -4.792006492614746 0 35.25
      vertex -5.312591552734375 1.4235038757324219 35.25
    endloop
  endfacet
  facet normal 0 0 1
    outer loop
      vertex -4.792006492614746 0 35.25
      vertex -5.312591552734375 -1.4235038757324219 35.25
      vertex -5.168309211730957 -1.8811101913452148 35.25
    endloop
  endfacet
  facet normal 0 0 1
    outer loop
      vertex -5.479070663452148 0.4793558120727539 35.25
      vertex -4.792006492614746 0 35.25
      vertex -5.416441917419434 0.9550647735595703 35.25
    endloop
  endfacet
  facet normal 0 0 1
    outer loop
      vertex -4.792006492614746 0 35.25
      vertex -5.416441917419434 -0.9550647735595703 35.25
      vertex -5.312591552734375 -1.4235038757324219 35.25
    endloop
  endfacet
  facet normal 0 0 1
    outer loop
      vertex -5.5 0 35.25
      vertex -4.792006492614746 0 35.25
      vertex -5.479070663452148 0.4793558120727539 35.25
    endloop
  endfacet
  facet normal 0 0 1
    outer loop
      vertex -4.792006492614746 0 35.25
      vertex -5.479070663452148 -0.4793558120727539 35.25
      vertex -5.416441917419434 -0.9550647735595703 35.25
    endloop
  endfacet
  facet normal 0 0 1
    outer loop
      vertex -4.792006492614746 0 35.25
      vertex -5.5 0 35.25
      vertex -5.479070663452148 -0.4793558120727539 35.25
    endloop
  endfacet
  facet normal 0.7067700232618614 0.03085884697871374 -0.7067700232618614
    outer loop
      vertex 4.5 0 26
      vertex 4.482875823974609 0.3922004699707031 26
      vertex 7 0 28.5
    endloop
  endfacet
  facet normal 0.7067700232618614 -0.03085884697871374 -0.7067700232618614
    outer loop
      vertex 7 0 28.5
      vertex 4.482875823974609 -0.3922004699707031 26
      vertex 4.5 0 26
    endloop
  endfacet
  facet normal 0.6747010234836593 0.21273107141734374 -0.7067701324785389
    outer loop
      vertex 4.346665382385254 1.1646852493286133 26
      vertex 4.228616714477539 1.5390901565551758 26
      vertex 6.761480331420898 1.8117332458496094 28.5
    endloop
  endfacet
  facet normal 0.7067700519411119 0.030859355333649828 -0.7067699723867373
    outer loop
      vertex 7 0 28.5
      vertex 4.482875823974609 0.3922004699707031 26
      vertex 6.973361968994141 0.6100893020629883 28.5
    endloop
  endfacet
  facet normal 0.38010884505182685 0.5966517547046609 -0.7067700825029418
    outer loop
      vertex 2.5810937881469727 3.6861839294433594 26
      vertex 2.25 3.897113800048828 26
      vertex 3.5 6.062177658081055 28.5
    endloop
  endfacet
  facet normal -0.690674062395653 -0.1531187861667759 -0.7067701018412558
    outer loop
      vertex -6.761480331420898 -1.8117332458496094 28.5
      vertex -6.893653869628906 -1.2155370712280273 28.5
      vertex -4.346665382385254 -1.1646852493286133 26
    endloop
  endfacet
  facet normal 0.6275100384465596 0.32666069094759514 -0.7067700790486515
    outer loop
      vertex 4.0783843994140625 1.9017820358276367 26
      vertex 3.897113800048828 2.25 26
      vertex 6.344154357910156 2.958327293395996 28.5
    endloop
  endfacet
  facet normal -0.09234108899127047 -0.7013908157543185 -0.7067701513642167
    outer loop
      vertex -0.3922004699707031 -4.482875823974609 26
      vertex -1.2155370712280273 -6.893653869628906 28.5
      vertex -0.7814159393310547 -4.431633949279785 26
    endloop
  endfacet
  facet normal 0.7067700519411119 -0.030859355333649828 -0.7067699723867373
    outer loop
      vertex 6.973361968994141 -0.6100893020629883 28.5
      vertex 4.482875823974609 -0.3922004699707031 26
      vertex 7 0 28.5
    endloop
  endfacet
  facet normal -0.2707274787969832 -0.6535921250636748 -0.7067700943581149
    outer loop
      vertex -1.5390901565551758 -4.228616714477539 26
      vertex -2.958327293395996 -6.344154357910156 28.5
      vertex -1.9017820358276367 -4.0783843994140625 26
    endloop
  endfacet
  facet normal 0.5966517547046609 0.38010884505182685 -0.7067700825029418
    outer loop
      vertex 3.897113800048828 2.25 26
      vertex 3.6861839294433594 2.5810937881469727 26
      vertex 6.062177658081055 3.5 28.5
    endloop
  endfacet
  facet normal -0.7013908157543185 0.09234108899127047 -0.7067701513642167
    outer loop
      vertex -4.482875823974609 0.3922004699707031 26
      vertex -6.893653869628906 1.2155370712280273 28.5
      vertex -4.431633949279785 0.7814159393310547 26
    endloop
  endfacet
  facet normal -0.6275100384465596 -0.32666069094759514 -0.7067700790486515
    outer loop
      vertex -3.897113800048828 -2.25 26
      vertex -6.344154357910156 -2.958327293395996 28.5
      vertex -4.0783843994140625 -1.9017820358276367 26
    endloop
  endfacet
  facet normal 0.5612524691855619 -0.4306643722058599 -0.706770022246022
    outer loop
      vertex 5.734064102172852 -4.0150346755981445 28.5
      vertex 3.447199821472168 -2.8925437927246094 26
      vertex 3.6861839294433594 -2.5810937881469727 26
    endloop
  endfacet
  facet normal -0.21273301714304962 -0.6747006180284187 -0.706769933888875
    outer loop
      vertex -1.8117332458496094 -6.761480331420898 28.5
      vertex -2.3941402435302734 -6.577847480773926 28.5
      vertex -1.5390901565551758 -4.228616714477539 26
    endloop
  endfacet
  facet normal -0.6535921250636748 0.2707274787969832 -0.7067700943581149
    outer loop
      vertex -4.228616714477539 1.5390901565551758 26
      vertex -6.344154357910156 2.958327293395996 28.5
      vertex -4.0783843994140625 1.9017820358276367 26
    endloop
  endfacet
  facet normal 0.690674062395653 -0.1531187861667759 -0.7067701018412558
    outer loop
      vertex 6.761480331420898 -1.8117332458496094 28.5
      vertex 4.346665382385254 -1.1646852493286133 26
      vertex 6.893653869628906 -1.2155370712280273 28.5
    endloop
  endfacet
  facet normal 0.6535928667575656 0.27072609722327284 -0.7067699376783665
    outer loop
      vertex 6.577847480773926 2.3941402435302734 28.5
      vertex 4.228616714477539 1.5390901565551758 26
      vertex 6.344154357910156 2.958327293395996 28.5
    endloop
  endfacet
  facet normal 0.2707274787969832 -0.6535921250636748 -0.7067700943581149
    outer loop
      vertex 2.958327293395996 -6.344154357910156 28.5
      vertex 1.5390901565551758 -4.228616714477539 26
      vertex 1.9017820358276367 -4.0783843994140625 26
    endloop
  endfacet
  facet normal 0.6747010234836593 -0.21273107141734374 -0.7067701324785389
    outer loop
      vertex 6.761480331420898 -1.8117332458496094 28.5
      vertex 4.228616714477539 -1.5390901565551758 26
      vertex 4.346665382385254 -1.1646852493286133 26
    endloop
  endfacet
  facet normal -0.47794195137208506 -0.5215818257035068 -0.7067700405467399
    outer loop
      vertex -2.8925437927246094 -3.447199821472168 26
      vertex -4.949747085571289 -4.949747085571289 28.5
      vertex -3.1819801330566406 -3.1819801330566406 26
    endloop
  endfacet
  facet normal -0.6906741065387584 0.15311841437064952 -0.7067701392514442
    outer loop
      vertex -4.431633949279785 0.7814159393310547 26
      vertex -6.893653869628906 1.2155370712280273 28.5
      vertex -4.346665382385254 1.1646852493286133 26
    endloop
  endfacet
  facet normal -0.3266607354906715 0.6275100206567674 -0.7067700742561449
    outer loop
      vertex -2.25 3.897113800048828 26
      vertex -3.5 6.062177658081055 28.5
      vertex -2.958327293395996 6.344154357910156 28.5
    endloop
  endfacet
  facet normal 0.6275100206567674 -0.3266607354906715 -0.7067700742561449
    outer loop
      vertex 6.062177658081055 -3.5 28.5
      vertex 3.897113800048828 -2.25 26
      vertex 6.344154357910156 -2.958327293395996 28.5
    endloop
  endfacet
  facet normal -0.6747006180284187 -0.21273301714304962 -0.706769933888875
    outer loop
      vertex -6.577847480773926 -2.3941402435302734 28.5
      vertex -6.761480331420898 -1.8117332458496094 28.5
      vertex -4.228616714477539 -1.5390901565551758 26
    endloop
  endfacet
  facet normal -0.6747006180284187 0.21273301714304962 -0.706769933888875
    outer loop
      vertex -4.228616714477539 1.5390901565551758 26
      vertex -6.761480331420898 1.8117332458496094 28.5
      vertex -6.577847480773926 2.3941402435302734 28.5
    endloop
  endfacet
  facet normal -0.4306647437737208 -0.5612522390638961 -0.7067699785758295
    outer loop
      vertex -4.0150346755981445 -5.734064102172852 28.5
      vertex -4.499512672424316 -5.362310409545898 28.5
      vertex -2.8925437927246094 -3.447199821472168 26
    endloop
  endfacet
  facet normal -0.6535928667575656 -0.27072609722327284 -0.7067699376783665
    outer loop
      vertex -6.344154357910156 -2.958327293395996 28.5
      vertex -6.577847480773926 -2.3941402435302734 28.5
      vertex -4.228616714477539 -1.5390901565551758 26
    endloop
  endfacet
  facet normal -0.38010927582672227 -0.5966515373782127 -0.7067700342931216
    outer loop
      vertex -3.5 -6.062177658081055 28.5
      vertex -4.0150346755981445 -5.734064102172852 28.5
      vertex -2.5810937881469727 -3.6861839294433594 26
    endloop
  endfacet
  facet normal 0.4306647437737208 0.5612522390638961 -0.7067699785758295
    outer loop
      vertex 4.499512672424316 5.362310409545898 28.5
      vertex 2.8925437927246094 3.447199821472168 26
      vertex 4.0150346755981445 5.734064102172852 28.5
    endloop
  endfacet
  facet normal 0.6275100384465596 -0.32666069094759514 -0.7067700790486515
    outer loop
      vertex 6.344154357910156 -2.958327293395996 28.5
      vertex 3.897113800048828 -2.25 26
      vertex 4.0783843994140625 -1.9017820358276367 26
    endloop
  endfacet
  facet normal 0.690674062395653 0.1531187861667759 -0.7067701018412558
    outer loop
      vertex 6.893653869628906 1.2155370712280273 28.5
      vertex 4.346665382385254 1.1646852493286133 26
      vertex 6.761480331420898 1.8117332458496094 28.5
    endloop
  endfacet
  facet normal 0.7013912592255375 -0.09233920253989147 -0.7067699577347014
    outer loop
      vertex 6.893653869628906 -1.2155370712280273 28.5
      vertex 4.482875823974609 -0.3922004699707031 26
      vertex 6.973361968994141 -0.6100893020629883 28.5
    endloop
  endfacet
  facet normal 0.09234108899127047 0.7013908157543185 -0.7067701513642167
    outer loop
      vertex 0.7814159393310547 4.431633949279785 26
      vertex 0.3922004699707031 4.482875823974609 26
      vertex 1.2155370712280273 6.893653869628906 28.5
    endloop
  endfacet
  facet normal 0.5966515373782127 -0.38010927582672227 -0.7067700342931216
    outer loop
      vertex 5.734064102172852 -4.0150346755981445 28.5
      vertex 3.6861839294433594 -2.5810937881469727 26
      vertex 6.062177658081055 -3.5 28.5
    endloop
  endfacet
  facet normal 0.21273301714304962 0.6747006180284187 -0.706769933888875
    outer loop
      vertex 2.3941402435302734 6.577847480773926 28.5
      vertex 1.5390901565551758 4.228616714477539 26
      vertex 1.8117332458496094 6.761480331420898 28.5
    endloop
  endfacet
  facet normal 0.09233920253989147 -0.7013912592255375 -0.7067699577347014
    outer loop
      vertex 0.6100893020629883 -6.973361968994141 28.5
      vertex 0.3922004699707031 -4.482875823974609 26
      vertex 1.2155370712280273 -6.893653869628906 28.5
    endloop
  endfacet
  facet normal -0.6747010234836593 -0.21273107141734374 -0.7067701324785389
    outer loop
      vertex -4.228616714477539 -1.5390901565551758 26
      vertex -6.761480331420898 -1.8117332458496094 28.5
      vertex -4.346665382385254 -1.1646852493286133 26
    endloop
  endfacet
  facet normal -0.690674062395653 0.1531187861667759 -0.7067701018412558
    outer loop
      vertex -4.346665382385254 1.1646852493286133 26
      vertex -6.893653869628906 1.2155370712280273 28.5
      vertex -6.761480331420898 1.8117332458496094 28.5
    endloop
  endfacet
  facet normal 0.47794195137208506 0.5215818257035068 -0.7067700405467399
    outer loop
      vertex 3.1819801330566406 3.1819801330566406 26
      vertex 2.8925437927246094 3.447199821472168 26
      vertex 4.949747085571289 4.949747085571289 28.5
    endloop
  endfacet
  facet normal 0.5215822948981863 -0.47794153229077213 -0.7067699776874299
    outer loop
      vertex 4.949747085571289 -4.949747085571289 28.5
      vertex 3.447199821472168 -2.8925437927246094 26
      vertex 5.362310409545898 -4.499512672424316 28.5
    endloop
  endfacet
  facet normal 0.6535921250636748 0.2707274787969832 -0.7067700943581149
    outer loop
      vertex 4.228616714477539 1.5390901565551758 26
      vertex 4.0783843994140625 1.9017820358276367 26
      vertex 6.344154357910156 2.958327293395996 28.5
    endloop
  endfacet
  facet normal -0.7067700232618614 -0.03085884697871374 -0.7067700232618614
    outer loop
      vertex -4.482875823974609 -0.3922004699707031 26
      vertex -7 0 28.5
      vertex -4.5 0 26
    endloop
  endfacet
  facet normal -0.5966517547046609 -0.38010884505182685 -0.7067700825029418
    outer loop
      vertex -3.6861839294433594 -2.5810937881469727 26
      vertex -6.062177658081055 -3.5 28.5
      vertex -3.897113800048828 -2.25 26
    endloop
  endfacet
  facet normal 0.38010884505182685 -0.5966517547046609 -0.7067700825029418
    outer loop
      vertex 3.5 -6.062177658081055 28.5
      vertex 2.25 -3.897113800048828 26
      vertex 2.5810937881469727 -3.6861839294433594 26
    endloop
  endfacet
  facet normal 0.6747006180284187 0.21273301714304962 -0.706769933888875
    outer loop
      vertex 6.761480331420898 1.8117332458496094 28.5
      vertex 4.228616714477539 1.5390901565551758 26
      vertex 6.577847480773926 2.3941402435302734 28.5
    endloop
  endfacet
  facet normal 0.21273301714304962 -0.6747006180284187 -0.706769933888875
    outer loop
      vertex 1.8117332458496094 -6.761480331420898 28.5
      vertex 1.5390901565551758 -4.228616714477539 26
      vertex 2.3941402435302734 -6.577847480773926 28.5
    endloop
  endfacet
  facet normal 0.27072609722327284 0.6535928667575656 -0.7067699376783665
    outer loop
      vertex 2.958327293395996 6.344154357910156 28.5
      vertex 1.5390901565551758 4.228616714477539 26
      vertex 2.3941402435302734 6.577847480773926 28.5
    endloop
  endfacet
  facet normal 0.6275100206567674 0.3266607354906715 -0.7067700742561449
    outer loop
      vertex 6.344154357910156 2.958327293395996 28.5
      vertex 3.897113800048828 2.25 26
      vertex 6.062177658081055 3.5 28.5
    endloop
  endfacet
  facet normal 0.47794153229077213 0.5215822948981863 -0.7067699776874299
    outer loop
      vertex 4.949747085571289 4.949747085571289 28.5
      vertex 2.8925437927246094 3.447199821472168 26
      vertex 4.499512672424316 5.362310409545898 28.5
    endloop
  endfacet
  facet normal -0.5966515373782127 -0.38010927582672227 -0.7067700342931216
    outer loop
      vertex -5.734064102172852 -4.0150346755981445 28.5
      vertex -6.062177658081055 -3.5 28.5
      vertex -3.6861839294433594 -2.5810937881469727 26
    endloop
  endfacet
  facet normal -0.27072609722327284 0.6535928667575656 -0.7067699376783665
    outer loop
      vertex -1.5390901565551758 4.228616714477539 26
      vertex -2.958327293395996 6.344154357910156 28.5
      vertex -2.3941402435302734 6.577847480773926 28.5
    endloop
  endfacet
  facet normal -0.2707274787969832 0.6535921250636748 -0.7067700943581149
    outer loop
      vertex -1.9017820358276367 4.0783843994140625 26
      vertex -2.958327293395996 6.344154357910156 28.5
      vertex -1.5390901565551758 4.228616714477539 26
    endloop
  endfacet
  facet normal 0.47794195137208506 -0.5215818257035068 -0.7067700405467399
    outer loop
      vertex 4.949747085571289 -4.949747085571289 28.5
      vertex 2.8925437927246094 -3.447199821472168 26
      vertex 3.1819801330566406 -3.1819801330566406 26
    endloop
  endfacet
  facet normal -0.030859355333649828 0.7067700519411119 -0.7067699723867373
    outer loop
      vertex -0.3922004699707031 4.482875823974609 26
      vertex -0.6100893020629883 6.973361968994141 28.5
      vertex 0 7 28.5
    endloop
  endfacet
  facet normal -0.6747010234836593 0.21273107141734374 -0.7067701324785389
    outer loop
      vertex -4.346665382385254 1.1646852493286133 26
      vertex -6.761480331420898 1.8117332458496094 28.5
      vertex -4.228616714477539 1.5390901565551758 26
    endloop
  endfacet
  facet normal -0.32666069094759514 -0.6275100384465596 -0.7067700790486515
    outer loop
      vertex -1.9017820358276367 -4.0783843994140625 26
      vertex -2.958327293395996 -6.344154357910156 28.5
      vertex -2.25 -3.897113800048828 26
    endloop
  endfacet
  facet normal 0.1531187861667759 -0.690674062395653 -0.7067701018412558
    outer loop
      vertex 1.2155370712280273 -6.893653869628906 28.5
      vertex 1.1646852493286133 -4.346665382385254 26
      vertex 1.8117332458496094 -6.761480331420898 28.5
    endloop
  endfacet
  facet normal -0.47794195137208506 0.5215818257035068 -0.7067700405467399
    outer loop
      vertex -3.1819801330566406 3.1819801330566406 26
      vertex -4.949747085571289 4.949747085571289 28.5
      vertex -2.8925437927246094 3.447199821472168 26
    endloop
  endfacet
  facet normal 0.6747006180284187 -0.21273301714304962 -0.706769933888875
    outer loop
      vertex 6.577847480773926 -2.3941402435302734 28.5
      vertex 4.228616714477539 -1.5390901565551758 26
      vertex 6.761480331420898 -1.8117332458496094 28.5
    endloop
  endfacet
  facet normal 0.2707274787969832 0.6535921250636748 -0.7067700943581149
    outer loop
      vertex 1.9017820358276367 4.0783843994140625 26
      vertex 1.5390901565551758 4.228616714477539 26
      vertex 2.958327293395996 6.344154357910156 28.5
    endloop
  endfacet
  facet normal 0.7013912592255375 0.09233920253989147 -0.7067699577347014
    outer loop
      vertex 6.973361968994141 0.6100893020629883 28.5
      vertex 4.482875823974609 0.3922004699707031 26
      vertex 6.893653869628906 1.2155370712280273 28.5
    endloop
  endfacet
  facet normal 0.32666069094759514 0.6275100384465596 -0.7067700790486515
    outer loop
      vertex 2.25 3.897113800048828 26
      vertex 1.9017820358276367 4.0783843994140625 26
      vertex 2.958327293395996 6.344154357910156 28.5
    endloop
  endfacet
  facet normal -0.09233920253989147 0.7013912592255375 -0.7067699577347014
    outer loop
      vertex -0.3922004699707031 4.482875823974609 26
      vertex -1.2155370712280273 6.893653869628906 28.5
      vertex -0.6100893020629883 6.973361968994141 28.5
    endloop
  endfacet
  facet normal -0.47794153229077213 0.5215822948981863 -0.7067699776874299
    outer loop
      vertex -2.8925437927246094 3.447199821472168 26
      vertex -4.949747085571289 4.949747085571289 28.5
      vertex -4.499512672424316 5.362310409545898 28.5
    endloop
  endfacet
  facet normal 0.47794153229077213 -0.5215822948981863 -0.7067699776874299
    outer loop
      vertex 4.499512672424316 -5.362310409545898 28.5
      vertex 2.8925437927246094 -3.447199821472168 26
      vertex 4.949747085571289 -4.949747085571289 28.5
    endloop
  endfacet
  facet normal 0.15311841437064952 -0.6906741065387584 -0.7067701392514442
    outer loop
      vertex 1.2155370712280273 -6.893653869628906 28.5
      vertex 0.7814159393310547 -4.431633949279785 26
      vertex 1.1646852493286133 -4.346665382385254 26
    endloop
  endfacet
  facet normal -0.27072609722327284 -0.6535928667575656 -0.7067699376783665
    outer loop
      vertex -2.3941402435302734 -6.577847480773926 28.5
      vertex -2.958327293395996 -6.344154357910156 28.5
      vertex -1.5390901565551758 -4.228616714477539 26
    endloop
  endfacet
  facet normal 0.6906741065387584 0.15311841437064952 -0.7067701392514442
    outer loop
      vertex 4.431633949279785 0.7814159393310547 26
      vertex 4.346665382385254 1.1646852493286133 26
      vertex 6.893653869628906 1.2155370712280273 28.5
    endloop
  endfacet
  facet normal 0.3266607354906715 -0.6275100206567674 -0.7067700742561449
    outer loop
      vertex 2.958327293395996 -6.344154357910156 28.5
      vertex 2.25 -3.897113800048828 26
      vertex 3.5 -6.062177658081055 28.5
    endloop
  endfacet
  facet normal -0.5215822948981863 0.47794153229077213 -0.7067699776874299
    outer loop
      vertex -3.447199821472168 2.8925437927246094 26
      vertex -5.362310409545898 4.499512672424316 28.5
      vertex -4.949747085571289 4.949747085571289 28.5
    endloop
  endfacet
  facet normal -0.7013912592255375 -0.09233920253989147 -0.7067699577347014
    outer loop
      vertex -6.893653869628906 -1.2155370712280273 28.5
      vertex -6.973361968994141 -0.6100893020629883 28.5
      vertex -4.482875823974609 -0.3922004699707031 26
    endloop
  endfacet
  facet normal -0.6275100384465596 0.32666069094759514 -0.7067700790486515
    outer loop
      vertex -4.0783843994140625 1.9017820358276367 26
      vertex -6.344154357910156 2.958327293395996 28.5
      vertex -3.897113800048828 2.25 26
    endloop
  endfacet
  facet normal -0.1531187861667759 0.690674062395653 -0.7067701018412558
    outer loop
      vertex -1.1646852493286133 4.346665382385254 26
      vertex -1.8117332458496094 6.761480331420898 28.5
      vertex -1.2155370712280273 6.893653869628906 28.5
    endloop
  endfacet
  facet normal 0.030859355333649828 -0.7067700519411119 -0.7067699723867373
    outer loop
      vertex 0.6100893020629883 -6.973361968994141 28.5
      vertex 0 -7 28.5
      vertex 0.3922004699707031 -4.482875823974609 26
    endloop
  endfacet
  facet normal 0.21273107141734374 -0.6747010234836593 -0.7067701324785389
    outer loop
      vertex 1.8117332458496094 -6.761480331420898 28.5
      vertex 1.1646852493286133 -4.346665382385254 26
      vertex 1.5390901565551758 -4.228616714477539 26
    endloop
  endfacet
  facet normal -0.03085884697871374 -0.7067700232618614 -0.7067700232618614
    outer loop
      vertex 0 -7 28.5
      vertex -0.3922004699707031 -4.482875823974609 26
      vertex 0 -4.5 26
    endloop
  endfacet
  facet normal 0.5215818257035068 0.47794195137208506 -0.7067700405467399
    outer loop
      vertex 3.447199821472168 2.8925437927246094 26
      vertex 3.1819801330566406 3.1819801330566406 26
      vertex 4.949747085571289 4.949747085571289 28.5
    endloop
  endfacet
  facet normal 0.27072609722327284 -0.6535928667575656 -0.7067699376783665
    outer loop
      vertex 2.3941402435302734 -6.577847480773926 28.5
      vertex 1.5390901565551758 -4.228616714477539 26
      vertex 2.958327293395996 -6.344154357910156 28.5
    endloop
  endfacet
  facet normal -0.7013912592255375 0.09233920253989147 -0.7067699577347014
    outer loop
      vertex -4.482875823974609 0.3922004699707031 26
      vertex -6.973361968994141 0.6100893020629883 28.5
      vertex -6.893653869628906 1.2155370712280273 28.5
    endloop
  endfacet
  facet normal 0.38010927582672227 0.5966515373782127 -0.7067700342931216
    outer loop
      vertex 4.0150346755981445 5.734064102172852 28.5
      vertex 2.5810937881469727 3.6861839294433594 26
      vertex 3.5 6.062177658081055 28.5
    endloop
  endfacet
  facet normal -0.09233920253989147 -0.7013912592255375 -0.7067699577347014
    outer loop
      vertex -0.6100893020629883 -6.973361968994141 28.5
      vertex -1.2155370712280273 -6.893653869628906 28.5
      vertex -0.3922004699707031 -4.482875823974609 26
    endloop
  endfacet
  facet normal -0.38010884505182685 0.5966517547046609 -0.7067700825029418
    outer loop
      vertex -2.5810937881469727 3.6861839294433594 26
      vertex -3.5 6.062177658081055 28.5
      vertex -2.25 3.897113800048828 26
    endloop
  endfacet
  facet normal -0.5215822948981863 -0.47794153229077213 -0.7067699776874299
    outer loop
      vertex -4.949747085571289 -4.949747085571289 28.5
      vertex -5.362310409545898 -4.499512672424316 28.5
      vertex -3.447199821472168 -2.8925437927246094 26
    endloop
  endfacet
  facet normal -0.7067700232618614 0.03085884697871374 -0.7067700232618614
    outer loop
      vertex -4.5 0 26
      vertex -7 0 28.5
      vertex -4.482875823974609 0.3922004699707031 26
    endloop
  endfacet
  facet normal -0.5215818257035068 0.47794195137208506 -0.7067700405467399
    outer loop
      vertex -3.447199821472168 2.8925437927246094 26
      vertex -4.949747085571289 4.949747085571289 28.5
      vertex -3.1819801330566406 3.1819801330566406 26
    endloop
  endfacet
  facet normal -0.3266607354906715 -0.6275100206567674 -0.7067700742561449
    outer loop
      vertex -2.958327293395996 -6.344154357910156 28.5
      vertex -3.5 -6.062177658081055 28.5
      vertex -2.25 -3.897113800048828 26
    endloop
  endfacet
  facet normal -0.38010884505182685 -0.5966517547046609 -0.7067700825029418
    outer loop
      vertex -2.25 -3.897113800048828 26
      vertex -3.5 -6.062177658081055 28.5
      vertex -2.5810937881469727 -3.6861839294433594 26
    endloop
  endfacet
  facet normal 0.3266607354906715 0.6275100206567674 -0.7067700742561449
    outer loop
      vertex 3.5 6.062177658081055 28.5
      vertex 2.25 3.897113800048828 26
      vertex 2.958327293395996 6.344154357910156 28.5
    endloop
  endfacet
  facet normal -0.5612524691855619 0.4306643722058599 -0.706770022246022
    outer loop
      vertex -3.6861839294433594 2.5810937881469727 26
      vertex -5.734064102172852 4.0150346755981445 28.5
      vertex -3.447199821472168 2.8925437927246094 26
    endloop
  endfacet
  facet normal -0.5612524691855619 -0.4306643722058599 -0.706770022246022
    outer loop
      vertex -3.447199821472168 -2.8925437927246094 26
      vertex -5.734064102172852 -4.0150346755981445 28.5
      vertex -3.6861839294433594 -2.5810937881469727 26
    endloop
  endfacet
  facet normal -0.38010927582672227 0.5966515373782127 -0.7067700342931216
    outer loop
      vertex -2.5810937881469727 3.6861839294433594 26
      vertex -4.0150346755981445 5.734064102172852 28.5
      vertex -3.5 6.062177658081055 28.5
    endloop
  endfacet
  facet normal -0.47794153229077213 -0.5215822948981863 -0.7067699776874299
    outer loop
      vertex -4.499512672424316 -5.362310409545898 28.5
      vertex -4.949747085571289 -4.949747085571289 28.5
      vertex -2.8925437927246094 -3.447199821472168 26
    endloop
  endfacet
  facet normal -0.5612522390638961 -0.4306647437737208 -0.7067699785758295
    outer loop
      vertex -5.362310409545898 -4.499512672424316 28.5
      vertex -5.734064102172852 -4.0150346755981445 28.5
      vertex -3.447199821472168 -2.8925437927246094 26
    endloop
  endfacet
  facet normal -0.6275100206567674 -0.3266607354906715 -0.7067700742561449
    outer loop
      vertex -6.062177658081055 -3.5 28.5
      vertex -6.344154357910156 -2.958327293395996 28.5
      vertex -3.897113800048828 -2.25 26
    endloop
  endfacet
  facet normal 0.03085884697871374 0.7067700232618614 -0.7067700232618614
    outer loop
      vertex 0.3922004699707031 4.482875823974609 26
      vertex 0 4.5 26
      vertex 0 7 28.5
    endloop
  endfacet
  facet normal 0.4306647437737208 -0.5612522390638961 -0.7067699785758295
    outer loop
      vertex 4.0150346755981445 -5.734064102172852 28.5
      vertex 2.8925437927246094 -3.447199821472168 26
      vertex 4.499512672424316 -5.362310409545898 28.5
    endloop
  endfacet
  facet normal -0.4306643722058599 0.5612524691855619 -0.706770022246022
    outer loop
      vertex -2.8925437927246094 3.447199821472168 26
      vertex -4.0150346755981445 5.734064102172852 28.5
      vertex -2.5810937881469727 3.6861839294433594 26
    endloop
  endfacet
  facet normal 0.5612524691855619 0.4306643722058599 -0.706770022246022
    outer loop
      vertex 3.6861839294433594 2.5810937881469727 26
      vertex 3.447199821472168 2.8925437927246094 26
      vertex 5.734064102172852 4.0150346755981445 28.5
    endloop
  endfacet
  facet normal 0.5612522390638961 -0.4306647437737208 -0.7067699785758295
    outer loop
      vertex 5.362310409545898 -4.499512672424316 28.5
      vertex 3.447199821472168 -2.8925437927246094 26
      vertex 5.734064102172852 -4.0150346755981445 28.5
    endloop
  endfacet
  facet normal 0.5215818257035068 -0.47794195137208506 -0.7067700405467399
    outer loop
      vertex 4.949747085571289 -4.949747085571289 28.5
      vertex 3.1819801330566406 -3.1819801330566406 26
      vertex 3.447199821472168 -2.8925437927246094 26
    endloop
  endfacet
  facet normal 0.6535921250636748 -0.2707274787969832 -0.7067700943581149
    outer loop
      vertex 6.344154357910156 -2.958327293395996 28.5
      vertex 4.0783843994140625 -1.9017820358276367 26
      vertex 4.228616714477539 -1.5390901565551758 26
    endloop
  endfacet
  facet normal 0.7013908157543185 -0.09234108899127047 -0.7067701513642167
    outer loop
      vertex 6.893653869628906 -1.2155370712280273 28.5
      vertex 4.431633949279785 -0.7814159393310547 26
      vertex 4.482875823974609 -0.3922004699707031 26
    endloop
  endfacet
  facet normal 0.6535928667575656 -0.27072609722327284 -0.7067699376783665
    outer loop
      vertex 6.344154357910156 -2.958327293395996 28.5
      vertex 4.228616714477539 -1.5390901565551758 26
      vertex 6.577847480773926 -2.3941402435302734 28.5
    endloop
  endfacet
  facet normal 0.32666069094759514 -0.6275100384465596 -0.7067700790486515
    outer loop
      vertex 2.958327293395996 -6.344154357910156 28.5
      vertex 1.9017820358276367 -4.0783843994140625 26
      vertex 2.25 -3.897113800048828 26
    endloop
  endfacet
  facet normal 0.6906741065387584 -0.15311841437064952 -0.7067701392514442
    outer loop
      vertex 6.893653869628906 -1.2155370712280273 28.5
      vertex 4.346665382385254 -1.1646852493286133 26
      vertex 4.431633949279785 -0.7814159393310547 26
    endloop
  endfacet
  facet normal -0.32666069094759514 0.6275100384465596 -0.7067700790486515
    outer loop
      vertex -2.25 3.897113800048828 26
      vertex -2.958327293395996 6.344154357910156 28.5
      vertex -1.9017820358276367 4.0783843994140625 26
    endloop
  endfacet
  facet normal -0.15311841437064952 0.6906741065387584 -0.7067701392514442
    outer loop
      vertex -1.1646852493286133 4.346665382385254 26
      vertex -1.2155370712280273 6.893653869628906 28.5
      vertex -0.7814159393310547 4.431633949279785 26
    endloop
  endfacet
  facet normal -0.7013908157543185 -0.09234108899127047 -0.7067701513642167
    outer loop
      vertex -4.431633949279785 -0.7814159393310547 26
      vertex -6.893653869628906 -1.2155370712280273 28.5
      vertex -4.482875823974609 -0.3922004699707031 26
    endloop
  endfacet
  facet normal -0.21273107141734374 -0.6747010234836593 -0.7067701324785389
    outer loop
      vertex -1.1646852493286133 -4.346665382385254 26
      vertex -1.8117332458496094 -6.761480331420898 28.5
      vertex -1.5390901565551758 -4.228616714477539 26
    endloop
  endfacet
  facet normal -0.1531187861667759 -0.690674062395653 -0.7067701018412558
    outer loop
      vertex -1.2155370712280273 -6.893653869628906 28.5
      vertex -1.8117332458496094 -6.761480331420898 28.5
      vertex -1.1646852493286133 -4.346665382385254 26
    endloop
  endfacet
  facet normal 0.03085884697871374 -0.7067700232618614 -0.7067700232618614
    outer loop
      vertex 0.3922004699707031 -4.482875823974609 26
      vertex 0 -7 28.5
      vertex 0 -4.5 26
    endloop
  endfacet
  facet normal -0.4306647437737208 0.5612522390638961 -0.7067699785758295
    outer loop
      vertex -2.8925437927246094 3.447199821472168 26
      vertex -4.499512672424316 5.362310409545898 28.5
      vertex -4.0150346755981445 5.734064102172852 28.5
    endloop
  endfacet
  facet normal -0.030859355333649828 -0.7067700519411119 -0.7067699723867373
    outer loop
      vertex 0 -7 28.5
      vertex -0.6100893020629883 -6.973361968994141 28.5
      vertex -0.3922004699707031 -4.482875823974609 26
    endloop
  endfacet
  facet normal -0.6535928667575656 0.27072609722327284 -0.7067699376783665
    outer loop
      vertex -4.228616714477539 1.5390901565551758 26
      vertex -6.577847480773926 2.3941402435302734 28.5
      vertex -6.344154357910156 2.958327293395996 28.5
    endloop
  endfacet
  facet normal -0.5215818257035068 -0.47794195137208506 -0.7067700405467399
    outer loop
      vertex -3.1819801330566406 -3.1819801330566406 26
      vertex -4.949747085571289 -4.949747085571289 28.5
      vertex -3.447199821472168 -2.8925437927246094 26
    endloop
  endfacet
  facet normal -0.5612522390638961 0.4306647437737208 -0.7067699785758295
    outer loop
      vertex -3.447199821472168 2.8925437927246094 26
      vertex -5.734064102172852 4.0150346755981445 28.5
      vertex -5.362310409545898 4.499512672424316 28.5
    endloop
  endfacet
  facet normal -0.03085884697871374 0.7067700232618614 -0.7067700232618614
    outer loop
      vertex 0 4.5 26
      vertex -0.3922004699707031 4.482875823974609 26
      vertex 0 7 28.5
    endloop
  endfacet
  facet normal 0.15311841437064952 0.6906741065387584 -0.7067701392514442
    outer loop
      vertex 1.1646852493286133 4.346665382385254 26
      vertex 0.7814159393310547 4.431633949279785 26
      vertex 1.2155370712280273 6.893653869628906 28.5
    endloop
  endfacet
  facet normal -0.6906741065387584 -0.15311841437064952 -0.7067701392514442
    outer loop
      vertex -4.346665382385254 -1.1646852493286133 26
      vertex -6.893653869628906 -1.2155370712280273 28.5
      vertex -4.431633949279785 -0.7814159393310547 26
    endloop
  endfacet
  facet normal -0.21273301714304962 0.6747006180284187 -0.706769933888875
    outer loop
      vertex -1.5390901565551758 4.228616714477539 26
      vertex -2.3941402435302734 6.577847480773926 28.5
      vertex -1.8117332458496094 6.761480331420898 28.5
    endloop
  endfacet
  facet normal -0.6535921250636748 -0.2707274787969832 -0.7067700943581149
    outer loop
      vertex -4.0783843994140625 -1.9017820358276367 26
      vertex -6.344154357910156 -2.958327293395996 28.5
      vertex -4.228616714477539 -1.5390901565551758 26
    endloop
  endfacet
  facet normal -0.21273107141734374 0.6747010234836593 -0.7067701324785389
    outer loop
      vertex -1.5390901565551758 4.228616714477539 26
      vertex -1.8117332458496094 6.761480331420898 28.5
      vertex -1.1646852493286133 4.346665382385254 26
    endloop
  endfacet
  facet normal 0.5215822948981863 0.47794153229077213 -0.7067699776874299
    outer loop
      vertex 5.362310409545898 4.499512672424316 28.5
      vertex 3.447199821472168 2.8925437927246094 26
      vertex 4.949747085571289 4.949747085571289 28.5
    endloop
  endfacet
  facet normal -0.6275100206567674 0.3266607354906715 -0.7067700742561449
    outer loop
      vertex -3.897113800048828 2.25 26
      vertex -6.344154357910156 2.958327293395996 28.5
      vertex -6.062177658081055 3.5 28.5
    endloop
  endfacet
  facet normal 0.5966515373782127 0.38010927582672227 -0.7067700342931216
    outer loop
      vertex 6.062177658081055 3.5 28.5
      vertex 3.6861839294433594 2.5810937881469727 26
      vertex 5.734064102172852 4.0150346755981445 28.5
    endloop
  endfacet
  facet normal -0.4306643722058599 -0.5612524691855619 -0.706770022246022
    outer loop
      vertex -2.5810937881469727 -3.6861839294433594 26
      vertex -4.0150346755981445 -5.734064102172852 28.5
      vertex -2.8925437927246094 -3.447199821472168 26
    endloop
  endfacet
  facet normal 0.21273107141734374 0.6747010234836593 -0.7067701324785389
    outer loop
      vertex 1.5390901565551758 4.228616714477539 26
      vertex 1.1646852493286133 4.346665382385254 26
      vertex 1.8117332458496094 6.761480331420898 28.5
    endloop
  endfacet
  facet normal 0.38010927582672227 -0.5966515373782127 -0.7067700342931216
    outer loop
      vertex 3.5 -6.062177658081055 28.5
      vertex 2.5810937881469727 -3.6861839294433594 26
      vertex 4.0150346755981445 -5.734064102172852 28.5
    endloop
  endfacet
  facet normal -0.7067700519411119 -0.030859355333649828 -0.7067699723867373
    outer loop
      vertex -6.973361968994141 -0.6100893020629883 28.5
      vertex -7 0 28.5
      vertex -4.482875823974609 -0.3922004699707031 26
    endloop
  endfacet
  facet normal 0.4306643722058599 0.5612524691855619 -0.706770022246022
    outer loop
      vertex 2.8925437927246094 3.447199821472168 26
      vertex 2.5810937881469727 3.6861839294433594 26
      vertex 4.0150346755981445 5.734064102172852 28.5
    endloop
  endfacet
  facet normal 0.09233920253989147 0.7013912592255375 -0.7067699577347014
    outer loop
      vertex 1.2155370712280273 6.893653869628906 28.5
      vertex 0.3922004699707031 4.482875823974609 26
      vertex 0.6100893020629883 6.973361968994141 28.5
    endloop
  endfacet
  facet normal 0.5612522390638961 0.4306647437737208 -0.7067699785758295
    outer loop
      vertex 5.734064102172852 4.0150346755981445 28.5
      vertex 3.447199821472168 2.8925437927246094 26
      vertex 5.362310409545898 4.499512672424316 28.5
    endloop
  endfacet
  facet normal 0.09234108899127047 -0.7013908157543185 -0.7067701513642167
    outer loop
      vertex 1.2155370712280273 -6.893653869628906 28.5
      vertex 0.3922004699707031 -4.482875823974609 26
      vertex 0.7814159393310547 -4.431633949279785 26
    endloop
  endfacet
  facet normal 0.5966517547046609 -0.38010884505182685 -0.7067700825029418
    outer loop
      vertex 6.062177658081055 -3.5 28.5
      vertex 3.6861839294433594 -2.5810937881469727 26
      vertex 3.897113800048828 -2.25 26
    endloop
  endfacet
  facet normal -0.5966517547046609 0.38010884505182685 -0.7067700825029418
    outer loop
      vertex -3.897113800048828 2.25 26
      vertex -6.062177658081055 3.5 28.5
      vertex -3.6861839294433594 2.5810937881469727 26
    endloop
  endfacet
  facet normal 0.7013908157543185 0.09234108899127047 -0.7067701513642167
    outer loop
      vertex 4.482875823974609 0.3922004699707031 26
      vertex 4.431633949279785 0.7814159393310547 26
      vertex 6.893653869628906 1.2155370712280273 28.5
    endloop
  endfacet
  facet normal -0.09234108899127047 0.7013908157543185 -0.7067701513642167
    outer loop
      vertex -0.7814159393310547 4.431633949279785 26
      vertex -1.2155370712280273 6.893653869628906 28.5
      vertex -0.3922004699707031 4.482875823974609 26
    endloop
  endfacet
  facet normal 0.4306643722058599 -0.5612524691855619 -0.706770022246022
    outer loop
      vertex 4.0150346755981445 -5.734064102172852 28.5
      vertex 2.5810937881469727 -3.6861839294433594 26
      vertex 2.8925437927246094 -3.447199821472168 26
    endloop
  endfacet
  facet normal 0.1531187861667759 0.690674062395653 -0.7067701018412558
    outer loop
      vertex 1.8117332458496094 6.761480331420898 28.5
      vertex 1.1646852493286133 4.346665382385254 26
      vertex 1.2155370712280273 6.893653869628906 28.5
    endloop
  endfacet
  facet normal 0.030859355333649828 0.7067700519411119 -0.7067699723867373
    outer loop
      vertex 0.3922004699707031 4.482875823974609 26
      vertex 0 7 28.5
      vertex 0.6100893020629883 6.973361968994141 28.5
    endloop
  endfacet
  facet normal -0.7067700519411119 0.030859355333649828 -0.7067699723867373
    outer loop
      vertex -4.482875823974609 0.3922004699707031 26
      vertex -7 0 28.5
      vertex -6.973361968994141 0.6100893020629883 28.5
    endloop
  endfacet
  facet normal -0.5966515373782127 0.38010927582672227 -0.7067700342931216
    outer loop
      vertex -3.6861839294433594 2.5810937881469727 26
      vertex -6.062177658081055 3.5 28.5
      vertex -5.734064102172852 4.0150346755981445 28.5
    endloop
  endfacet
  facet normal -0.15311841437064952 -0.6906741065387584 -0.7067701392514442
    outer loop
      vertex -0.7814159393310547 -4.431633949279785 26
      vertex -1.2155370712280273 -6.893653869628906 28.5
      vertex -1.1646852493286133 -4.346665382385254 26
    endloop
  endfacet
  facet normal 0.9990481533013442 0.04362095121812208 0
    outer loop
      vertex 7 0 33.75
      vertex 6.973361968994141 0.6100893020629883 28.5
      vertex 6.973361968994141 0.6100893020629883 33.75
    endloop
  endfacet
  facet normal 0.9990481533013442 0.04362095121812208 0
    outer loop
      vertex 6.973361968994141 0.6100893020629883 28.5
      vertex 7 0 33.75
      vertex 7 0 28.5
    endloop
  endfacet
  facet normal 0.9537166550494225 0.3007067373394566 0
    outer loop
      vertex 6.761480331420898 1.8117332458496094 33.75
      vertex 6.577847480773926 2.3941402435302734 28.5
      vertex 6.577847480773926 2.3941402435302734 33.75
    endloop
  endfacet
  facet normal 0.9537166550494225 0.3007067373394566 0
    outer loop
      vertex 6.577847480773926 2.3941402435302734 28.5
      vertex 6.761480331420898 1.8117332458496094 33.75
      vertex 6.761480331420898 1.8117332458496094 28.5
    endloop
  endfacet
  facet normal -0.8870110098479679 -0.46174827385545053 0
    outer loop
      vertex -6.062177658081055 -3.5 28.5
      vertex -6.344154357910156 -2.958327293395996 33.75
      vertex -6.344154357910156 -2.958327293395996 28.5
    endloop
  endfacet
  facet normal -0.8870110098479679 -0.46174827385545053 0
    outer loop
      vertex -6.344154357910156 -2.958327293395996 33.75
      vertex -6.062177658081055 -3.5 28.5
      vertex -6.062177658081055 -3.5 33.75
    endloop
  endfacet
  facet normal 0.843391237442713 -0.5372999354223388 0
    outer loop
      vertex 5.734064102172852 -4.0150346755981445 33.75
      vertex 6.062177658081055 -3.5 28.5
      vertex 6.062177658081055 -3.5 33.75
    endloop
  endfacet
  facet normal 0.843391237442713 -0.5372999354223388 0
    outer loop
      vertex 6.062177658081055 -3.5 28.5
      vertex 5.734064102172852 -4.0150346755981445 33.75
      vertex 5.734064102172852 -4.0150346755981445 28.5
    endloop
  endfacet
  facet normal -0.9914449909803443 -0.1305252077569113 0
    outer loop
      vertex -6.893653869628906 -1.2155370712280273 28.5
      vertex -6.973361968994141 -0.6100893020629883 33.75
      vertex -6.973361968994141 -0.6100893020629883 28.5
    endloop
  endfacet
  facet normal -0.9914449909803443 -0.1305252077569113 0
    outer loop
      vertex -6.973361968994141 -0.6100893020629883 33.75
      vertex -6.893653869628906 -1.2155370712280273 28.5
      vertex -6.893653869628906 -1.2155370712280273 33.75
    endloop
  endfacet
  facet normal -0.6755897586265781 -0.7372777482325653 0
    outer loop
      vertex -4.949747085571289 -4.949747085571289 28.5
      vertex -4.499512672424316 -5.362310409545898 33.75
      vertex -4.949747085571289 -4.949747085571289 33.75
    endloop
  endfacet
  facet normal -0.6755897586265781 -0.7372777482325653 0
    outer loop
      vertex -4.499512672424316 -5.362310409545898 33.75
      vertex -4.949747085571289 -4.949747085571289 28.5
      vertex -4.499512672424316 -5.362310409545898 28.5
    endloop
  endfacet
  facet normal -0.46174827385545053 0.8870110098479679 0
    outer loop
      vertex -2.958327293395996 6.344154357910156 28.5
      vertex -3.5 6.062177658081055 33.75
      vertex -2.958327293395996 6.344154357910156 33.75
    endloop
  endfacet
  facet normal -0.46174827385545053 0.8870110098479679 0
    outer loop
      vertex -3.5 6.062177658081055 33.75
      vertex -2.958327293395996 6.344154357910156 28.5
      vertex -3.5 6.062177658081055 28.5
    endloop
  endfacet
  facet normal 0.3007067373394566 0.9537166550494225 0
    outer loop
      vertex 2.3941402435302734 6.577847480773926 28.5
      vertex 1.8117332458496094 6.761480331420898 33.75
      vertex 2.3941402435302734 6.577847480773926 33.75
    endloop
  endfacet
  facet normal 0.3007067373394566 0.9537166550494225 0
    outer loop
      vertex 1.8117332458496094 6.761480331420898 33.75
      vertex 2.3941402435302734 6.577847480773926 28.5
      vertex 1.8117332458496094 6.761480331420898 28.5
    endloop
  endfacet
  facet normal -0.7933528257653726 0.6087620995512929 0
    outer loop
      vertex -5.734064102172852 4.0150346755981445 28.5
      vertex -5.362310409545898 4.499512672424316 33.75
      vertex -5.362310409545898 4.499512672424316 28.5
    endloop
  endfacet
  facet normal -0.7933528257653726 0.6087620995512929 0
    outer loop
      vertex -5.362310409545898 4.499512672424316 33.75
      vertex -5.734064102172852 4.0150346755981445 28.5
      vertex -5.734064102172852 4.0150346755981445 33.75
    endloop
  endfacet
  facet normal -0.843391237442713 0.5372999354223388 0
    outer loop
      vertex -6.062177658081055 3.5 28.5
      vertex -5.734064102172852 4.0150346755981445 33.75
      vertex -5.734064102172852 4.0150346755981445 28.5
    endloop
  endfacet
  facet normal -0.843391237442713 0.5372999354223388 0
    outer loop
      vertex -5.734064102172852 4.0150346755981445 33.75
      vertex -6.062177658081055 3.5 28.5
      vertex -6.062177658081055 3.5 33.75
    endloop
  endfacet
  facet normal -0.1305252077569113 0.9914449909803443 0
    outer loop
      vertex -0.6100893020629883 6.973361968994141 28.5
      vertex -1.2155370712280273 6.893653869628906 33.75
      vertex -0.6100893020629883 6.973361968994141 33.75
    endloop
  endfacet
  facet normal -0.1305252077569113 0.9914449909803443 0
    outer loop
      vertex -1.2155370712280273 6.893653869628906 33.75
      vertex -0.6100893020629883 6.973361968994141 28.5
      vertex -1.2155370712280273 6.893653869628906 28.5
    endloop
  endfacet
  facet normal -0.9238799985177273 -0.3826823073240834 0
    outer loop
      vertex -6.344154357910156 -2.958327293395996 28.5
      vertex -6.577847480773926 -2.3941402435302734 33.75
      vertex -6.577847480773926 -2.3941402435302734 28.5
    endloop
  endfacet
  facet normal -0.9238799985177273 -0.3826823073240834 0
    outer loop
      vertex -6.577847480773926 -2.3941402435302734 33.75
      vertex -6.344154357910156 -2.958327293395996 28.5
      vertex -6.344154357910156 -2.958327293395996 33.75
    endloop
  endfacet
  facet normal 0.9762959972905841 -0.21643965827542716 0
    outer loop
      vertex 6.761480331420898 -1.8117332458496094 33.75
      vertex 6.893653869628906 -1.2155370712280273 28.5
      vertex 6.893653869628906 -1.2155370712280273 33.75
    endloop
  endfacet
  facet normal 0.9762959972905841 -0.21643965827542716 0
    outer loop
      vertex 6.893653869628906 -1.2155370712280273 28.5
      vertex 6.761480331420898 -1.8117332458496094 33.75
      vertex 6.761480331420898 -1.8117332458496094 28.5
    endloop
  endfacet
  facet normal 0.3826823073240834 0.9238799985177273 0
    outer loop
      vertex 2.958327293395996 6.344154357910156 28.5
      vertex 2.3941402435302734 6.577847480773926 33.75
      vertex 2.958327293395996 6.344154357910156 33.75
    endloop
  endfacet
  facet normal 0.3826823073240834 0.9238799985177273 0
    outer loop
      vertex 2.3941402435302734 6.577847480773926 33.75
      vertex 2.958327293395996 6.344154357910156 28.5
      vertex 2.3941402435302734 6.577847480773926 28.5
    endloop
  endfacet
  facet normal 0.7933528257653726 0.6087620995512929 0
    outer loop
      vertex 5.734064102172852 4.0150346755981445 33.75
      vertex 5.362310409545898 4.499512672424316 28.5
      vertex 5.362310409545898 4.499512672424316 33.75
    endloop
  endfacet
  facet normal 0.7933528257653726 0.6087620995512929 0
    outer loop
      vertex 5.362310409545898 4.499512672424316 28.5
      vertex 5.734064102172852 4.0150346755981445 33.75
      vertex 5.734064102172852 4.0150346755981445 28.5
    endloop
  endfacet
  facet normal 0.9990481533013442 -0.04362095121812208 0
    outer loop
      vertex 6.973361968994141 -0.6100893020629883 33.75
      vertex 7 0 28.5
      vertex 7 0 33.75
    endloop
  endfacet
  facet normal 0.9990481533013442 -0.04362095121812208 0
    outer loop
      vertex 7 0 28.5
      vertex 6.973361968994141 -0.6100893020629883 33.75
      vertex 6.973361968994141 -0.6100893020629883 28.5
    endloop
  endfacet
  facet normal 0.9914449909803443 0.1305252077569113 0
    outer loop
      vertex 6.973361968994141 0.6100893020629883 33.75
      vertex 6.893653869628906 1.2155370712280273 28.5
      vertex 6.893653869628906 1.2155370712280273 33.75
    endloop
  endfacet
  facet normal 0.9914449909803443 0.1305252077569113 0
    outer loop
      vertex 6.893653869628906 1.2155370712280273 28.5
      vertex 6.973361968994141 0.6100893020629883 33.75
      vertex 6.973361968994141 0.6100893020629883 28.5
    endloop
  endfacet
  facet normal 0.46174827385545053 0.8870110098479679 0
    outer loop
      vertex 3.5 6.062177658081055 28.5
      vertex 2.958327293395996 6.344154357910156 33.75
      vertex 3.5 6.062177658081055 33.75
    endloop
  endfacet
  facet normal 0.46174827385545053 0.8870110098479679 0
    outer loop
      vertex 2.958327293395996 6.344154357910156 33.75
      vertex 3.5 6.062177658081055 28.5
      vertex 2.958327293395996 6.344154357910156 28.5
    endloop
  endfacet
  facet normal 0.7933528257653726 -0.6087620995512929 0
    outer loop
      vertex 5.362310409545898 -4.499512672424316 33.75
      vertex 5.734064102172852 -4.0150346755981445 28.5
      vertex 5.734064102172852 -4.0150346755981445 33.75
    endloop
  endfacet
  facet normal 0.7933528257653726 -0.6087620995512929 0
    outer loop
      vertex 5.734064102172852 -4.0150346755981445 28.5
      vertex 5.362310409545898 -4.499512672424316 33.75
      vertex 5.362310409545898 -4.499512672424316 28.5
    endloop
  endfacet
  facet normal 0.9762959972905841 0.21643965827542716 0
    outer loop
      vertex 6.893653869628906 1.2155370712280273 33.75
      vertex 6.761480331420898 1.8117332458496094 28.5
      vertex 6.761480331420898 1.8117332458496094 33.75
    endloop
  endfacet
  facet normal 0.9762959972905841 0.21643965827542716 0
    outer loop
      vertex 6.761480331420898 1.8117332458496094 28.5
      vertex 6.893653869628906 1.2155370712280273 33.75
      vertex 6.893653869628906 1.2155370712280273 28.5
    endloop
  endfacet
  facet normal -0.9990481533013442 -0.04362095121812208 0
    outer loop
      vertex -6.973361968994141 -0.6100893020629883 28.5
      vertex -7 0 33.75
      vertex -7 0 28.5
    endloop
  endfacet
  facet normal -0.9990481533013442 -0.04362095121812208 0
    outer loop
      vertex -7 0 33.75
      vertex -6.973361968994141 -0.6100893020629883 28.5
      vertex -6.973361968994141 -0.6100893020629883 33.75
    endloop
  endfacet
  facet normal 0.8870110098479679 0.46174827385545053 0
    outer loop
      vertex 6.344154357910156 2.958327293395996 33.75
      vertex 6.062177658081055 3.5 28.5
      vertex 6.062177658081055 3.5 33.75
    endloop
  endfacet
  facet normal 0.8870110098479679 0.46174827385545053 0
    outer loop
      vertex 6.062177658081055 3.5 28.5
      vertex 6.344154357910156 2.958327293395996 33.75
      vertex 6.344154357910156 2.958327293395996 28.5
    endloop
  endfacet
  facet normal 0.3826823073240834 -0.9238799985177273 0
    outer loop
      vertex 2.3941402435302734 -6.577847480773926 28.5
      vertex 2.958327293395996 -6.344154357910156 33.75
      vertex 2.3941402435302734 -6.577847480773926 33.75
    endloop
  endfacet
  facet normal 0.3826823073240834 -0.9238799985177273 0
    outer loop
      vertex 2.958327293395996 -6.344154357910156 33.75
      vertex 2.3941402435302734 -6.577847480773926 28.5
      vertex 2.958327293395996 -6.344154357910156 28.5
    endloop
  endfacet
  facet normal -0.5372999354223388 0.843391237442713 0
    outer loop
      vertex -3.5 6.062177658081055 28.5
      vertex -4.0150346755981445 5.734064102172852 33.75
      vertex -3.5 6.062177658081055 33.75
    endloop
  endfacet
  facet normal -0.5372999354223388 0.843391237442713 0
    outer loop
      vertex -4.0150346755981445 5.734064102172852 33.75
      vertex -3.5 6.062177658081055 28.5
      vertex -4.0150346755981445 5.734064102172852 28.5
    endloop
  endfacet
  facet normal 0.9914449909803443 -0.1305252077569113 0
    outer loop
      vertex 6.893653869628906 -1.2155370712280273 33.75
      vertex 6.973361968994141 -0.6100893020629883 28.5
      vertex 6.973361968994141 -0.6100893020629883 33.75
    endloop
  endfacet
  facet normal 0.9914449909803443 -0.1305252077569113 0
    outer loop
      vertex 6.973361968994141 -0.6100893020629883 28.5
      vertex 6.893653869628906 -1.2155370712280273 33.75
      vertex 6.893653869628906 -1.2155370712280273 28.5
    endloop
  endfacet
  facet normal -0.9914449909803443 0.1305252077569113 0
    outer loop
      vertex -6.973361968994141 0.6100893020629883 28.5
      vertex -6.893653869628906 1.2155370712280273 33.75
      vertex -6.893653869628906 1.2155370712280273 28.5
    endloop
  endfacet
  facet normal -0.9914449909803443 0.1305252077569113 0
    outer loop
      vertex -6.893653869628906 1.2155370712280273 33.75
      vertex -6.973361968994141 0.6100893020629883 28.5
      vertex -6.973361968994141 0.6100893020629883 33.75
    endloop
  endfacet
  facet normal -0.9238799985177273 0.3826823073240834 0
    outer loop
      vertex -6.577847480773926 2.3941402435302734 28.5
      vertex -6.344154357910156 2.958327293395996 33.75
      vertex -6.344154357910156 2.958327293395996 28.5
    endloop
  endfacet
  facet normal -0.9238799985177273 0.3826823073240834 0
    outer loop
      vertex -6.344154357910156 2.958327293395996 33.75
      vertex -6.577847480773926 2.3941402435302734 28.5
      vertex -6.577847480773926 2.3941402435302734 33.75
    endloop
  endfacet
  facet normal -0.3007067373394566 -0.9537166550494225 0
    outer loop
      vertex -2.3941402435302734 -6.577847480773926 28.5
      vertex -1.8117332458496094 -6.761480331420898 33.75
      vertex -2.3941402435302734 -6.577847480773926 33.75
    endloop
  endfacet
  facet normal -0.3007067373394566 -0.9537166550494225 0
    outer loop
      vertex -1.8117332458496094 -6.761480331420898 33.75
      vertex -2.3941402435302734 -6.577847480773926 28.5
      vertex -1.8117332458496094 -6.761480331420898 28.5
    endloop
  endfacet
  facet normal 0.6087620995512929 -0.7933528257653726 0
    outer loop
      vertex 4.0150346755981445 -5.734064102172852 28.5
      vertex 4.499512672424316 -5.362310409545898 33.75
      vertex 4.0150346755981445 -5.734064102172852 33.75
    endloop
  endfacet
  facet normal 0.6087620995512929 -0.7933528257653726 0
    outer loop
      vertex 4.499512672424316 -5.362310409545898 33.75
      vertex 4.0150346755981445 -5.734064102172852 28.5
      vertex 4.499512672424316 -5.362310409545898 28.5
    endloop
  endfacet
  facet normal -0.8870110098479679 0.46174827385545053 0
    outer loop
      vertex -6.344154357910156 2.958327293395996 28.5
      vertex -6.062177658081055 3.5 33.75
      vertex -6.062177658081055 3.5 28.5
    endloop
  endfacet
  facet normal -0.8870110098479679 0.46174827385545053 0
    outer loop
      vertex -6.062177658081055 3.5 33.75
      vertex -6.344154357910156 2.958327293395996 28.5
      vertex -6.344154357910156 2.958327293395996 33.75
    endloop
  endfacet
  facet normal 0.843391237442713 0.5372999354223388 0
    outer loop
      vertex 6.062177658081055 3.5 33.75
      vertex 5.734064102172852 4.0150346755981445 28.5
      vertex 5.734064102172852 4.0150346755981445 33.75
    endloop
  endfacet
  facet normal 0.843391237442713 0.5372999354223388 0
    outer loop
      vertex 5.734064102172852 4.0150346755981445 28.5
      vertex 6.062177658081055 3.5 33.75
      vertex 6.062177658081055 3.5 28.5
    endloop
  endfacet
  facet normal 0.1305252077569113 -0.9914449909803443 0
    outer loop
      vertex 0.6100893020629883 -6.973361968994141 28.5
      vertex 1.2155370712280273 -6.893653869628906 33.75
      vertex 0.6100893020629883 -6.973361968994141 33.75
    endloop
  endfacet
  facet normal 0.1305252077569113 -0.9914449909803443 0
    outer loop
      vertex 1.2155370712280273 -6.893653869628906 33.75
      vertex 0.6100893020629883 -6.973361968994141 28.5
      vertex 1.2155370712280273 -6.893653869628906 28.5
    endloop
  endfacet
  facet normal -0.843391237442713 -0.5372999354223388 0
    outer loop
      vertex -5.734064102172852 -4.0150346755981445 28.5
      vertex -6.062177658081055 -3.5 33.75
      vertex -6.062177658081055 -3.5 28.5
    endloop
  endfacet
  facet normal -0.843391237442713 -0.5372999354223388 0
    outer loop
      vertex -6.062177658081055 -3.5 33.75
      vertex -5.734064102172852 -4.0150346755981445 28.5
      vertex -5.734064102172852 -4.0150346755981445 33.75
    endloop
  endfacet
  facet normal 0.9238799985177273 0.3826823073240834 0
    outer loop
      vertex 6.577847480773926 2.3941402435302734 33.75
      vertex 6.344154357910156 2.958327293395996 28.5
      vertex 6.344154357910156 2.958327293395996 33.75
    endloop
  endfacet
  facet normal 0.9238799985177273 0.3826823073240834 0
    outer loop
      vertex 6.344154357910156 2.958327293395996 28.5
      vertex 6.577847480773926 2.3941402435302734 33.75
      vertex 6.577847480773926 2.3941402435302734 28.5
    endloop
  endfacet
  facet normal 0.5372999354223388 0.843391237442713 0
    outer loop
      vertex 4.0150346755981445 5.734064102172852 28.5
      vertex 3.5 6.062177658081055 33.75
      vertex 4.0150346755981445 5.734064102172852 33.75
    endloop
  endfacet
  facet normal 0.5372999354223388 0.843391237442713 0
    outer loop
      vertex 3.5 6.062177658081055 33.75
      vertex 4.0150346755981445 5.734064102172852 28.5
      vertex 3.5 6.062177658081055 28.5
    endloop
  endfacet
  facet normal 0.9537166550494225 -0.3007067373394566 0
    outer loop
      vertex 6.577847480773926 -2.3941402435302734 33.75
      vertex 6.761480331420898 -1.8117332458496094 28.5
      vertex 6.761480331420898 -1.8117332458496094 33.75
    endloop
  endfacet
  facet normal 0.9537166550494225 -0.3007067373394566 0
    outer loop
      vertex 6.761480331420898 -1.8117332458496094 28.5
      vertex 6.577847480773926 -2.3941402435302734 33.75
      vertex 6.577847480773926 -2.3941402435302734 28.5
    endloop
  endfacet
  facet normal 0.6755897586265781 0.7372777482325653 0
    outer loop
      vertex 4.949747085571289 4.949747085571289 28.5
      vertex 4.499512672424316 5.362310409545898 33.75
      vertex 4.949747085571289 4.949747085571289 33.75
    endloop
  endfacet
  facet normal 0.6755897586265781 0.7372777482325653 0
    outer loop
      vertex 4.499512672424316 5.362310409545898 33.75
      vertex 4.949747085571289 4.949747085571289 28.5
      vertex 4.499512672424316 5.362310409545898 28.5
    endloop
  endfacet
  facet normal 0.9238799985177273 -0.3826823073240834 0
    outer loop
      vertex 6.344154357910156 -2.958327293395996 33.75
      vertex 6.577847480773926 -2.3941402435302734 28.5
      vertex 6.577847480773926 -2.3941402435302734 33.75
    endloop
  endfacet
  facet normal 0.9238799985177273 -0.3826823073240834 0
    outer loop
      vertex 6.577847480773926 -2.3941402435302734 28.5
      vertex 6.344154357910156 -2.958327293395996 33.75
      vertex 6.344154357910156 -2.958327293395996 28.5
    endloop
  endfacet
  facet normal -0.9762959972905841 -0.21643965827542716 0
    outer loop
      vertex -6.761480331420898 -1.8117332458496094 28.5
      vertex -6.893653869628906 -1.2155370712280273 33.75
      vertex -6.893653869628906 -1.2155370712280273 28.5
    endloop
  endfacet
  facet normal -0.9762959972905841 -0.21643965827542716 0
    outer loop
      vertex -6.893653869628906 -1.2155370712280273 33.75
      vertex -6.761480331420898 -1.8117332458496094 28.5
      vertex -6.761480331420898 -1.8117332458496094 33.75
    endloop
  endfacet
  facet normal 0.7372777482325653 -0.6755897586265781 0
    outer loop
      vertex 4.949747085571289 -4.949747085571289 33.75
      vertex 5.362310409545898 -4.499512672424316 28.5
      vertex 5.362310409545898 -4.499512672424316 33.75
    endloop
  endfacet
  facet normal 0.7372777482325653 -0.6755897586265781 0
    outer loop
      vertex 5.362310409545898 -4.499512672424316 28.5
      vertex 4.949747085571289 -4.949747085571289 33.75
      vertex 4.949747085571289 -4.949747085571289 28.5
    endloop
  endfacet
  facet normal 0.7372777482325653 0.6755897586265781 0
    outer loop
      vertex 5.362310409545898 4.499512672424316 33.75
      vertex 4.949747085571289 4.949747085571289 28.5
      vertex 4.949747085571289 4.949747085571289 33.75
    endloop
  endfacet
  facet normal 0.7372777482325653 0.6755897586265781 0
    outer loop
      vertex 4.949747085571289 4.949747085571289 28.5
      vertex 5.362310409545898 4.499512672424316 33.75
      vertex 5.362310409545898 4.499512672424316 28.5
    endloop
  endfacet
  facet normal -0.9990481533013442 0.04362095121812208 0
    outer loop
      vertex -7 0 28.5
      vertex -6.973361968994141 0.6100893020629883 33.75
      vertex -6.973361968994141 0.6100893020629883 28.5
    endloop
  endfacet
  facet normal -0.9990481533013442 0.04362095121812208 0
    outer loop
      vertex -6.973361968994141 0.6100893020629883 33.75
      vertex -7 0 28.5
      vertex -7 0 33.75
    endloop
  endfacet
  facet normal 0.21643965827542716 0.9762959972905841 0
    outer loop
      vertex 1.8117332458496094 6.761480331420898 28.5
      vertex 1.2155370712280273 6.893653869628906 33.75
      vertex 1.8117332458496094 6.761480331420898 33.75
    endloop
  endfacet
  facet normal 0.21643965827542716 0.9762959972905841 0
    outer loop
      vertex 1.2155370712280273 6.893653869628906 33.75
      vertex 1.8117332458496094 6.761480331420898 28.5
      vertex 1.2155370712280273 6.893653869628906 28.5
    endloop
  endfacet
  facet normal -0.04362095121812208 0.9990481533013442 0
    outer loop
      vertex 0 7 28.5
      vertex -0.6100893020629883 6.973361968994141 33.75
      vertex 0 7 33.75
    endloop
  endfacet
  facet normal -0.04362095121812208 0.9990481533013442 0
    outer loop
      vertex -0.6100893020629883 6.973361968994141 33.75
      vertex 0 7 28.5
      vertex -0.6100893020629883 6.973361968994141 28.5
    endloop
  endfacet
  facet normal -0.3826823073240834 -0.9238799985177273 0
    outer loop
      vertex -2.958327293395996 -6.344154357910156 28.5
      vertex -2.3941402435302734 -6.577847480773926 33.75
      vertex -2.958327293395996 -6.344154357910156 33.75
    endloop
  endfacet
  facet normal -0.3826823073240834 -0.9238799985177273 0
    outer loop
      vertex -2.3941402435302734 -6.577847480773926 33.75
      vertex -2.958327293395996 -6.344154357910156 28.5
      vertex -2.3941402435302734 -6.577847480773926 28.5
    endloop
  endfacet
  facet normal -0.7372777482325653 0.6755897586265781 0
    outer loop
      vertex -5.362310409545898 4.499512672424316 28.5
      vertex -4.949747085571289 4.949747085571289 33.75
      vertex -4.949747085571289 4.949747085571289 28.5
    endloop
  endfacet
  facet normal -0.7372777482325653 0.6755897586265781 0
    outer loop
      vertex -4.949747085571289 4.949747085571289 33.75
      vertex -5.362310409545898 4.499512672424316 28.5
      vertex -5.362310409545898 4.499512672424316 33.75
    endloop
  endfacet
  facet normal -0.7372777482325653 -0.6755897586265781 0
    outer loop
      vertex -4.949747085571289 -4.949747085571289 28.5
      vertex -5.362310409545898 -4.499512672424316 33.75
      vertex -5.362310409545898 -4.499512672424316 28.5
    endloop
  endfacet
  facet normal -0.7372777482325653 -0.6755897586265781 0
    outer loop
      vertex -5.362310409545898 -4.499512672424316 33.75
      vertex -4.949747085571289 -4.949747085571289 28.5
      vertex -4.949747085571289 -4.949747085571289 33.75
    endloop
  endfacet
  facet normal -0.9762959972905841 0.21643965827542716 0
    outer loop
      vertex -6.893653869628906 1.2155370712280273 28.5
      vertex -6.761480331420898 1.8117332458496094 33.75
      vertex -6.761480331420898 1.8117332458496094 28.5
    endloop
  endfacet
  facet normal -0.9762959972905841 0.21643965827542716 0
    outer loop
      vertex -6.761480331420898 1.8117332458496094 33.75
      vertex -6.893653869628906 1.2155370712280273 28.5
      vertex -6.893653869628906 1.2155370712280273 33.75
    endloop
  endfacet
  facet normal -0.9537166550494225 0.3007067373394566 0
    outer loop
      vertex -6.761480331420898 1.8117332458496094 28.5
      vertex -6.577847480773926 2.3941402435302734 33.75
      vertex -6.577847480773926 2.3941402435302734 28.5
    endloop
  endfacet
  facet normal -0.9537166550494225 0.3007067373394566 0
    outer loop
      vertex -6.577847480773926 2.3941402435302734 33.75
      vertex -6.761480331420898 1.8117332458496094 28.5
      vertex -6.761480331420898 1.8117332458496094 33.75
    endloop
  endfacet
  facet normal 0.1305252077569113 0.9914449909803443 0
    outer loop
      vertex 1.2155370712280273 6.893653869628906 28.5
      vertex 0.6100893020629883 6.973361968994141 33.75
      vertex 1.2155370712280273 6.893653869628906 33.75
    endloop
  endfacet
  facet normal 0.1305252077569113 0.9914449909803443 0
    outer loop
      vertex 0.6100893020629883 6.973361968994141 33.75
      vertex 1.2155370712280273 6.893653869628906 28.5
      vertex 0.6100893020629883 6.973361968994141 28.5
    endloop
  endfacet
  facet normal 0.6755897586265781 -0.7372777482325653 0
    outer loop
      vertex 4.499512672424316 -5.362310409545898 28.5
      vertex 4.949747085571289 -4.949747085571289 33.75
      vertex 4.499512672424316 -5.362310409545898 33.75
    endloop
  endfacet
  facet normal 0.6755897586265781 -0.7372777482325653 0
    outer loop
      vertex 4.949747085571289 -4.949747085571289 33.75
      vertex 4.499512672424316 -5.362310409545898 28.5
      vertex 4.949747085571289 -4.949747085571289 28.5
    endloop
  endfacet
  facet normal 0.21643965827542716 -0.9762959972905841 0
    outer loop
      vertex 1.2155370712280273 -6.893653869628906 28.5
      vertex 1.8117332458496094 -6.761480331420898 33.75
      vertex 1.2155370712280273 -6.893653869628906 33.75
    endloop
  endfacet
  facet normal 0.21643965827542716 -0.9762959972905841 0
    outer loop
      vertex 1.8117332458496094 -6.761480331420898 33.75
      vertex 1.2155370712280273 -6.893653869628906 28.5
      vertex 1.8117332458496094 -6.761480331420898 28.5
    endloop
  endfacet
  facet normal -0.9537166550494225 -0.3007067373394566 0
    outer loop
      vertex -6.577847480773926 -2.3941402435302734 28.5
      vertex -6.761480331420898 -1.8117332458496094 33.75
      vertex -6.761480331420898 -1.8117332458496094 28.5
    endloop
  endfacet
  facet normal -0.9537166550494225 -0.3007067373394566 0
    outer loop
      vertex -6.761480331420898 -1.8117332458496094 33.75
      vertex -6.577847480773926 -2.3941402435302734 28.5
      vertex -6.577847480773926 -2.3941402435302734 33.75
    endloop
  endfacet
  facet normal -0.6087620995512929 -0.7933528257653726 0
    outer loop
      vertex -4.499512672424316 -5.362310409545898 28.5
      vertex -4.0150346755981445 -5.734064102172852 33.75
      vertex -4.499512672424316 -5.362310409545898 33.75
    endloop
  endfacet
  facet normal -0.6087620995512929 -0.7933528257653726 0
    outer loop
      vertex -4.0150346755981445 -5.734064102172852 33.75
      vertex -4.499512672424316 -5.362310409545898 28.5
      vertex -4.0150346755981445 -5.734064102172852 28.5
    endloop
  endfacet
  facet normal 0.8870110098479679 -0.46174827385545053 0
    outer loop
      vertex 6.062177658081055 -3.5 33.75
      vertex 6.344154357910156 -2.958327293395996 28.5
      vertex 6.344154357910156 -2.958327293395996 33.75
    endloop
  endfacet
  facet normal 0.8870110098479679 -0.46174827385545053 0
    outer loop
      vertex 6.344154357910156 -2.958327293395996 28.5
      vertex 6.062177658081055 -3.5 33.75
      vertex 6.062177658081055 -3.5 28.5
    endloop
  endfacet
  facet normal -0.21643965827542716 0.9762959972905841 0
    outer loop
      vertex -1.2155370712280273 6.893653869628906 28.5
      vertex -1.8117332458496094 6.761480331420898 33.75
      vertex -1.2155370712280273 6.893653869628906 33.75
    endloop
  endfacet
  facet normal -0.21643965827542716 0.9762959972905841 0
    outer loop
      vertex -1.8117332458496094 6.761480331420898 33.75
      vertex -1.2155370712280273 6.893653869628906 28.5
      vertex -1.8117332458496094 6.761480331420898 28.5
    endloop
  endfacet
  facet normal 0.5372999354223388 -0.843391237442713 0
    outer loop
      vertex 3.5 -6.062177658081055 28.5
      vertex 4.0150346755981445 -5.734064102172852 33.75
      vertex 3.5 -6.062177658081055 33.75
    endloop
  endfacet
  facet normal 0.5372999354223388 -0.843391237442713 0
    outer loop
      vertex 4.0150346755981445 -5.734064102172852 33.75
      vertex 3.5 -6.062177658081055 28.5
      vertex 4.0150346755981445 -5.734064102172852 28.5
    endloop
  endfacet
  facet normal 0.46174827385545053 -0.8870110098479679 0
    outer loop
      vertex 2.958327293395996 -6.344154357910156 28.5
      vertex 3.5 -6.062177658081055 33.75
      vertex 2.958327293395996 -6.344154357910156 33.75
    endloop
  endfacet
  facet normal 0.46174827385545053 -0.8870110098479679 0
    outer loop
      vertex 3.5 -6.062177658081055 33.75
      vertex 2.958327293395996 -6.344154357910156 28.5
      vertex 3.5 -6.062177658081055 28.5
    endloop
  endfacet
  facet normal 0.04362095121812208 0.9990481533013442 0
    outer loop
      vertex 0.6100893020629883 6.973361968994141 28.5
      vertex 0 7 33.75
      vertex 0.6100893020629883 6.973361968994141 33.75
    endloop
  endfacet
  facet normal 0.04362095121812208 0.9990481533013442 0
    outer loop
      vertex 0 7 33.75
      vertex 0.6100893020629883 6.973361968994141 28.5
      vertex 0 7 28.5
    endloop
  endfacet
  facet normal 0.6087620995512929 0.7933528257653726 0
    outer loop
      vertex 4.499512672424316 5.362310409545898 28.5
      vertex 4.0150346755981445 5.734064102172852 33.75
      vertex 4.499512672424316 5.362310409545898 33.75
    endloop
  endfacet
  facet normal 0.6087620995512929 0.7933528257653726 0
    outer loop
      vertex 4.0150346755981445 5.734064102172852 33.75
      vertex 4.499512672424316 5.362310409545898 28.5
      vertex 4.0150346755981445 5.734064102172852 28.5
    endloop
  endfacet
  facet normal -0.5372999354223388 -0.843391237442713 0
    outer loop
      vertex -4.0150346755981445 -5.734064102172852 28.5
      vertex -3.5 -6.062177658081055 33.75
      vertex -4.0150346755981445 -5.734064102172852 33.75
    endloop
  endfacet
  facet normal -0.5372999354223388 -0.843391237442713 0
    outer loop
      vertex -3.5 -6.062177658081055 33.75
      vertex -4.0150346755981445 -5.734064102172852 28.5
      vertex -3.5 -6.062177658081055 28.5
    endloop
  endfacet
  facet normal -0.1305252077569113 -0.9914449909803443 0
    outer loop
      vertex -1.2155370712280273 -6.893653869628906 28.5
      vertex -0.6100893020629883 -6.973361968994141 33.75
      vertex -1.2155370712280273 -6.893653869628906 33.75
    endloop
  endfacet
  facet normal -0.1305252077569113 -0.9914449909803443 0
    outer loop
      vertex -0.6100893020629883 -6.973361968994141 33.75
      vertex -1.2155370712280273 -6.893653869628906 28.5
      vertex -0.6100893020629883 -6.973361968994141 28.5
    endloop
  endfacet
  facet normal -0.7933528257653726 -0.6087620995512929 0
    outer loop
      vertex -5.362310409545898 -4.499512672424316 28.5
      vertex -5.734064102172852 -4.0150346755981445 33.75
      vertex -5.734064102172852 -4.0150346755981445 28.5
    endloop
  endfacet
  facet normal -0.7933528257653726 -0.6087620995512929 0
    outer loop
      vertex -5.734064102172852 -4.0150346755981445 33.75
      vertex -5.362310409545898 -4.499512672424316 28.5
      vertex -5.362310409545898 -4.499512672424316 33.75
    endloop
  endfacet
  facet normal 0.04362095121812208 -0.9990481533013442 0
    outer loop
      vertex 0 -7 28.5
      vertex 0.6100893020629883 -6.973361968994141 33.75
      vertex 0 -7 33.75
    endloop
  endfacet
  facet normal 0.04362095121812208 -0.9990481533013442 0
    outer loop
      vertex 0.6100893020629883 -6.973361968994141 33.75
      vertex 0 -7 28.5
      vertex 0.6100893020629883 -6.973361968994141 28.5
    endloop
  endfacet
  facet normal -0.3826823073240834 0.9238799985177273 0
    outer loop
      vertex -2.3941402435302734 6.577847480773926 28.5
      vertex -2.958327293395996 6.344154357910156 33.75
      vertex -2.3941402435302734 6.577847480773926 33.75
    endloop
  endfacet
  facet normal -0.3826823073240834 0.9238799985177273 0
    outer loop
      vertex -2.958327293395996 6.344154357910156 33.75
      vertex -2.3941402435302734 6.577847480773926 28.5
      vertex -2.958327293395996 6.344154357910156 28.5
    endloop
  endfacet
  facet normal -0.46174827385545053 -0.8870110098479679 0
    outer loop
      vertex -3.5 -6.062177658081055 28.5
      vertex -2.958327293395996 -6.344154357910156 33.75
      vertex -3.5 -6.062177658081055 33.75
    endloop
  endfacet
  facet normal -0.46174827385545053 -0.8870110098479679 0
    outer loop
      vertex -2.958327293395996 -6.344154357910156 33.75
      vertex -3.5 -6.062177658081055 28.5
      vertex -2.958327293395996 -6.344154357910156 28.5
    endloop
  endfacet
  facet normal -0.3007067373394566 0.9537166550494225 0
    outer loop
      vertex -1.8117332458496094 6.761480331420898 28.5
      vertex -2.3941402435302734 6.577847480773926 33.75
      vertex -1.8117332458496094 6.761480331420898 33.75
    endloop
  endfacet
  facet normal -0.3007067373394566 0.9537166550494225 0
    outer loop
      vertex -2.3941402435302734 6.577847480773926 33.75
      vertex -1.8117332458496094 6.761480331420898 28.5
      vertex -2.3941402435302734 6.577847480773926 28.5
    endloop
  endfacet
  facet normal -0.6755897586265781 0.7372777482325653 0
    outer loop
      vertex -4.499512672424316 5.362310409545898 28.5
      vertex -4.949747085571289 4.949747085571289 33.75
      vertex -4.499512672424316 5.362310409545898 33.75
    endloop
  endfacet
  facet normal -0.6755897586265781 0.7372777482325653 0
    outer loop
      vertex -4.949747085571289 4.949747085571289 33.75
      vertex -4.499512672424316 5.362310409545898 28.5
      vertex -4.949747085571289 4.949747085571289 28.5
    endloop
  endfacet
  facet normal -0.6087620995512929 0.7933528257653726 0
    outer loop
      vertex -4.0150346755981445 5.734064102172852 28.5
      vertex -4.499512672424316 5.362310409545898 33.75
      vertex -4.0150346755981445 5.734064102172852 33.75
    endloop
  endfacet
  facet normal -0.6087620995512929 0.7933528257653726 0
    outer loop
      vertex -4.499512672424316 5.362310409545898 33.75
      vertex -4.0150346755981445 5.734064102172852 28.5
      vertex -4.499512672424316 5.362310409545898 28.5
    endloop
  endfacet
  facet normal 0.3007067373394566 -0.9537166550494225 0
    outer loop
      vertex 1.8117332458496094 -6.761480331420898 28.5
      vertex 2.3941402435302734 -6.577847480773926 33.75
      vertex 1.8117332458496094 -6.761480331420898 33.75
    endloop
  endfacet
  facet normal 0.3007067373394566 -0.9537166550494225 0
    outer loop
      vertex 2.3941402435302734 -6.577847480773926 33.75
      vertex 1.8117332458496094 -6.761480331420898 28.5
      vertex 2.3941402435302734 -6.577847480773926 28.5
    endloop
  endfacet
  facet normal -0.04362095121812208 -0.9990481533013442 0
    outer loop
      vertex -0.6100893020629883 -6.973361968994141 28.5
      vertex 0 -7 33.75
      vertex -0.6100893020629883 -6.973361968994141 33.75
    endloop
  endfacet
  facet normal -0.04362095121812208 -0.9990481533013442 0
    outer loop
      vertex 0 -7 33.75
      vertex -0.6100893020629883 -6.973361968994141 28.5
      vertex 0 -7 28.5
    endloop
  endfacet
  facet normal -0.21643965827542716 -0.9762959972905841 0
    outer loop
      vertex -1.8117332458496094 -6.761480331420898 28.5
      vertex -1.2155370712280273 -6.893653869628906 33.75
      vertex -1.8117332458496094 -6.761480331420898 33.75
    endloop
  endfacet
  facet normal -0.21643965827542716 -0.9762959972905841 0
    outer loop
      vertex -1.2155370712280273 -6.893653869628906 33.75
      vertex -1.8117332458496094 -6.761480331420898 28.5
      vertex -1.2155370712280273 -6.893653869628906 28.5
    endloop
  endfacet
  facet normal 0.7067701397658767 0.03085935916829961 0.7067698843945214
    outer loop
      vertex 6.973361968994141 0.6100893020629883 33.75
      vertex 5.479070663452148 0.4793558120727539 35.25
      vertex 7 0 33.75
    endloop
  endfacet
  facet normal 0.09233921341469176 0.7013913418284803 0.7067698743395902
    outer loop
      vertex 0.6100893020629883 6.973361968994141 33.75
      vertex 0.4793558120727539 5.479070663452148 35.25
      vertex 1.2155370712280273 6.893653869628906 33.75
    endloop
  endfacet
  facet normal 0.7013909086616048 0.09234056249629874 0.7067701279515959
    outer loop
      vertex 6.893653869628906 1.2155370712280273 33.75
      vertex 5.416441917419434 0.9550647735595703 35.25
      vertex 5.479070663452148 0.4793558120727539 35.25
    endloop
  endfacet
  facet normal 0.6906740767538204 0.1531187893499057 0.7067700871204702
    outer loop
      vertex 6.761480331420898 1.8117332458496094 33.75
      vertex 5.312591552734375 1.4235038757324219 35.25
      vertex 6.893653869628906 1.2155370712280273 33.75
    endloop
  endfacet
  facet normal 0.6906740767538204 -0.1531187893499057 0.7067700871204702
    outer loop
      vertex 6.893653869628906 -1.2155370712280273 33.75
      vertex 5.312591552734375 -1.4235038757324219 35.25
      vertex 6.761480331420898 -1.8117332458496094 33.75
    endloop
  endfacet
  facet normal -0.5215822663577956 0.4779415061383544 0.7067700164348137
    outer loop
      vertex -4.949747085571289 4.949747085571289 33.75
      vertex -5.362310409545898 4.499512672424316 33.75
      vertex -4.21324348449707 3.5353317260742188 35.25
    endloop
  endfacet
  facet normal 0.3266614208051412 -0.6275095082060366 0.7067702124938378
    outer loop
      vertex 2.75 -4.763138771057129 35.25
      vertex 2.324399948120117 -4.984692573547363 35.25
      vertex 3.5 -6.062177658081055 33.75
    endloop
  endfacet
  facet normal -0.6747008149063186 -0.2127317952796104 0.7067701137158132
    outer loop
      vertex -5.312591552734375 -1.4235038757324219 35.25
      vertex -6.761480331420898 -1.8117332458496094 33.75
      vertex -5.168309211730957 -1.8811101913452148 35.25
    endloop
  endfacet
  facet normal -0.5966514646210159 0.3801092294752363 0.7067701206427297
    outer loop
      vertex -5.734064102172852 4.0150346755981445 33.75
      vertex -6.062177658081055 3.5 33.75
      vertex -4.505335807800293 3.154669761657715 35.25
    endloop
  endfacet
  facet normal 0.5966514646210159 -0.3801092294752363 0.7067701206427297
    outer loop
      vertex 6.062177658081055 -3.5 33.75
      vertex 4.505335807800293 -3.154669761657715 35.25
      vertex 5.734064102172852 -4.0150346755981445 33.75
    endloop
  endfacet
  facet normal 0.627510034299336 0.3266607425925366 0.7067700588611112
    outer loop
      vertex 6.062177658081055 3.5 33.75
      vertex 4.984692573547363 2.324399948120117 35.25
      vertex 6.344154357910156 2.958327293395996 33.75
    endloop
  endfacet
  facet normal -0.38010884568352776 -0.5966516212364119 0.7067701948364102
    outer loop
      vertex -3.154669761657715 -4.505335807800293 35.25
      vertex -3.5 -6.062177658081055 33.75
      vertex -2.75 -4.763138771057129 35.25
    endloop
  endfacet
  facet normal 0.2707268594291082 0.6535924241721878 0.7067700550025976
    outer loop
      vertex 2.958327293395996 6.344154357910156 33.75
      vertex 1.8811101913452148 5.168309211730957 35.25
      vertex 2.324399948120117 4.984692573547363 35.25
    endloop
  endfacet
  facet normal 0.4779415061383544 0.5215822663577956 0.7067700164348137
    outer loop
      vertex 4.499512672424316 5.362310409545898 33.75
      vertex 3.5353317260742188 4.21324348449707 35.25
      vertex 4.949747085571289 4.949747085571289 33.75
    endloop
  endfacet
  facet normal -0.030858555251702134 0.7067700296304936 0.7067700296304936
    outer loop
      vertex 0 7 33.75
      vertex -0.4793558120727539 5.479070663452148 35.25
      vertex 0 5.5 35.25
    endloop
  endfacet
  facet normal 0.38010884568352776 0.5966516212364119 0.7067701948364102
    outer loop
      vertex 3.5 6.062177658081055 33.75
      vertex 2.75 4.763138771057129 35.25
      vertex 3.154669761657715 4.505335807800293 35.25
    endloop
  endfacet
  facet normal 0.3266607425925366 -0.627510034299336 0.7067700588611112
    outer loop
      vertex 3.5 -6.062177658081055 33.75
      vertex 2.324399948120117 -4.984692573547363 35.25
      vertex 2.958327293395996 -6.344154357910156 33.75
    endloop
  endfacet
  facet normal -0.5215818918535424 0.47794179039328466 0.706770100588686
    outer loop
      vertex -3.8890867233276367 3.8890867233276367 35.25
      vertex -4.949747085571289 4.949747085571289 33.75
      vertex -4.21324348449707 3.5353317260742188 35.25
    endloop
  endfacet
  facet normal 0.43066430328703 -0.5612524075927918 0.7067701131524959
    outer loop
      vertex 3.5353317260742188 -4.21324348449707 35.25
      vertex 3.154669761657715 -4.505335807800293 35.25
      vertex 4.0150346755981445 -5.734064102172852 33.75
    endloop
  endfacet
  facet normal -0.6535924241721878 0.2707268594291082 0.7067700550025976
    outer loop
      vertex -4.984692573547363 2.324399948120117 35.25
      vertex -6.344154357910156 2.958327293395996 33.75
      vertex -5.168309211730957 1.8811101913452148 35.25
    endloop
  endfacet
  facet normal 0.7013913418284803 0.09233921341469176 0.7067698743395902
    outer loop
      vertex 6.893653869628906 1.2155370712280273 33.75
      vertex 5.479070663452148 0.4793558120727539 35.25
      vertex 6.973361968994141 0.6100893020629883 33.75
    endloop
  endfacet
  facet normal 0.3801092294752363 -0.5966514646210159 0.7067701206427297
    outer loop
      vertex 4.0150346755981445 -5.734064102172852 33.75
      vertex 3.154669761657715 -4.505335807800293 35.25
      vertex 3.5 -6.062177658081055 33.75
    endloop
  endfacet
  facet normal -0.627510034299336 0.3266607425925366 0.7067700588611112
    outer loop
      vertex -6.062177658081055 3.5 33.75
      vertex -6.344154357910156 2.958327293395996 33.75
      vertex -4.984692573547363 2.324399948120117 35.25
    endloop
  endfacet
  facet normal 0.6747008149063186 -0.2127317952796104 0.7067701137158132
    outer loop
      vertex 5.312591552734375 -1.4235038757324219 35.25
      vertex 5.168309211730957 -1.8811101913452148 35.25
      vertex 6.761480331420898 -1.8117332458496094 33.75
    endloop
  endfacet
  facet normal 0.2127317952796104 -0.6747008149063186 0.7067701137158132
    outer loop
      vertex 1.8811101913452148 -5.168309211730957 35.25
      vertex 1.4235038757324219 -5.312591552734375 35.25
      vertex 1.8117332458496094 -6.761480331420898 33.75
    endloop
  endfacet
  facet normal 0.7067700296304936 0.030858555251702134 0.7067700296304936
    outer loop
      vertex 7 0 33.75
      vertex 5.479070663452148 0.4793558120727539 35.25
      vertex 5.5 0 35.25
    endloop
  endfacet
  facet normal 0.6535929051487501 0.27072611312536743 0.7067698960844666
    outer loop
      vertex 6.344154357910156 2.958327293395996 33.75
      vertex 5.168309211730957 1.8811101913452148 35.25
      vertex 6.577847480773926 2.3941402435302734 33.75
    endloop
  endfacet
  facet normal -0.2127317952796104 0.6747008149063186 0.7067701137158132
    outer loop
      vertex -1.8117332458496094 6.761480331420898 33.75
      vertex -1.8811101913452148 5.168309211730957 35.25
      vertex -1.4235038757324219 5.312591552734375 35.25
    endloop
  endfacet
  facet normal 0.15311863385611252 0.6906740827248206 0.7067701149725172
    outer loop
      vertex 1.2155370712280273 6.893653869628906 33.75
      vertex 0.9550647735595703 5.416441917419434 35.25
      vertex 1.4235038757324219 5.312591552734375 35.25
    endloop
  endfacet
  facet normal -0.6535929051487501 -0.27072611312536743 0.7067698960844666
    outer loop
      vertex -5.168309211730957 -1.8811101913452148 35.25
      vertex -6.577847480773926 -2.3941402435302734 33.75
      vertex -6.344154357910156 -2.958327293395996 33.75
    endloop
  endfacet
  facet normal -0.6747006589393268 0.2127330300422536 0.7067698909517014
    outer loop
      vertex -6.577847480773926 2.3941402435302734 33.75
      vertex -6.761480331420898 1.8117332458496094 33.75
      vertex -5.168309211730957 1.8811101913452148 35.25
    endloop
  endfacet
  facet normal 0.6747008149063186 0.2127317952796104 0.7067701137158132
    outer loop
      vertex 6.761480331420898 1.8117332458496094 33.75
      vertex 5.168309211730957 1.8811101913452148 35.25
      vertex 5.312591552734375 1.4235038757324219 35.25
    endloop
  endfacet
  facet normal -0.3801092294752363 -0.5966514646210159 0.7067701206427297
    outer loop
      vertex -3.154669761657715 -4.505335807800293 35.25
      vertex -4.0150346755981445 -5.734064102172852 33.75
      vertex -3.5 -6.062177658081055 33.75
    endloop
  endfacet
  facet normal -0.43066430328703 -0.5612524075927918 0.7067701131524959
    outer loop
      vertex -3.5353317260742188 -4.21324348449707 35.25
      vertex -4.0150346755981445 -5.734064102172852 33.75
      vertex -3.154669761657715 -4.505335807800293 35.25
    endloop
  endfacet
  facet normal 0.7067700296304936 -0.030858555251702134 0.7067700296304936
    outer loop
      vertex 5.5 0 35.25
      vertex 5.479070663452148 -0.4793558120727539 35.25
      vertex 7 0 33.75
    endloop
  endfacet
  facet normal 0.6747006589393268 0.2127330300422536 0.7067698909517014
    outer loop
      vertex 6.577847480773926 2.3941402435302734 33.75
      vertex 5.168309211730957 1.8811101913452148 35.25
      vertex 6.761480331420898 1.8117332458496094 33.75
    endloop
  endfacet
  facet normal -0.6906740767538204 -0.1531187893499057 0.7067700871204702
    outer loop
      vertex -5.312591552734375 -1.4235038757324219 35.25
      vertex -6.893653869628906 -1.2155370712280273 33.75
      vertex -6.761480331420898 -1.8117332458496094 33.75
    endloop
  endfacet
  facet normal -0.6275095082060366 0.3266614208051412 0.7067702124938378
    outer loop
      vertex -4.763138771057129 2.75 35.25
      vertex -6.062177658081055 3.5 33.75
      vertex -4.984692573547363 2.324399948120117 35.25
    endloop
  endfacet
  facet normal 0.7013909086616048 -0.09234056249629874 0.7067701279515959
    outer loop
      vertex 5.479070663452148 -0.4793558120727539 35.25
      vertex 5.416441917419434 -0.9550647735595703 35.25
      vertex 6.893653869628906 -1.2155370712280273 33.75
    endloop
  endfacet
  facet normal 0.6535924241721878 0.2707268594291082 0.7067700550025976
    outer loop
      vertex 6.344154357910156 2.958327293395996 33.75
      vertex 4.984692573547363 2.324399948120117 35.25
      vertex 5.168309211730957 1.8811101913452148 35.25
    endloop
  endfacet
  facet normal 0.09234056249629874 -0.7013909086616048 0.7067701279515959
    outer loop
      vertex 0.9550647735595703 -5.416441917419434 35.25
      vertex 0.4793558120727539 -5.479070663452148 35.25
      vertex 1.2155370712280273 -6.893653869628906 33.75
    endloop
  endfacet
  facet normal 0.47794179039328466 0.5215818918535424 0.706770100588686
    outer loop
      vertex 4.949747085571289 4.949747085571289 33.75
      vertex 3.5353317260742188 4.21324348449707 35.25
      vertex 3.8890867233276367 3.8890867233276367 35.25
    endloop
  endfacet
  facet normal 0.7067701397658767 -0.03085935916829961 0.7067698843945214
    outer loop
      vertex 7 0 33.75
      vertex 5.479070663452148 -0.4793558120727539 35.25
      vertex 6.973361968994141 -0.6100893020629883 33.75
    endloop
  endfacet
  facet normal -0.4779415061383544 -0.5215822663577956 0.7067700164348137
    outer loop
      vertex -3.5353317260742188 -4.21324348449707 35.25
      vertex -4.949747085571289 -4.949747085571289 33.75
      vertex -4.499512672424316 -5.362310409545898 33.75
    endloop
  endfacet
  facet normal 0.43066471194247025 -0.5612521975806752 0.706770030914138
    outer loop
      vertex 4.499512672424316 -5.362310409545898 33.75
      vertex 3.5353317260742188 -4.21324348449707 35.25
      vertex 4.0150346755981445 -5.734064102172852 33.75
    endloop
  endfacet
  facet normal -0.3266607425925366 0.627510034299336 0.7067700588611112
    outer loop
      vertex -2.958327293395996 6.344154357910156 33.75
      vertex -3.5 6.062177658081055 33.75
      vertex -2.324399948120117 4.984692573547363 35.25
    endloop
  endfacet
  facet normal -0.2707268594291082 -0.6535924241721878 0.7067700550025976
    outer loop
      vertex -2.324399948120117 -4.984692573547363 35.25
      vertex -2.958327293395996 -6.344154357910156 33.75
      vertex -1.8811101913452148 -5.168309211730957 35.25
    endloop
  endfacet
  facet normal 0.5215822663577956 -0.4779415061383544 0.7067700164348137
    outer loop
      vertex 5.362310409545898 -4.499512672424316 33.75
      vertex 4.21324348449707 -3.5353317260742188 35.25
      vertex 4.949747085571289 -4.949747085571289 33.75
    endloop
  endfacet
  facet normal -0.7067700296304936 0.030858555251702134 0.7067700296304936
    outer loop
      vertex -5.479070663452148 0.4793558120727539 35.25
      vertex -7 0 33.75
      vertex -5.5 0 35.25
    endloop
  endfacet
  facet normal 0.1531187893499057 0.6906740767538204 0.7067700871204702
    outer loop
      vertex 1.8117332458496094 6.761480331420898 33.75
      vertex 1.2155370712280273 6.893653869628906 33.75
      vertex 1.4235038757324219 5.312591552734375 35.25
    endloop
  endfacet
  facet normal 0.3266607425925366 0.627510034299336 0.7067700588611112
    outer loop
      vertex 2.958327293395996 6.344154357910156 33.75
      vertex 2.324399948120117 4.984692573547363 35.25
      vertex 3.5 6.062177658081055 33.75
    endloop
  endfacet
  facet normal 0.5966516212364119 -0.38010884568352776 0.7067701948364102
    outer loop
      vertex 4.763138771057129 -2.75 35.25
      vertex 4.505335807800293 -3.154669761657715 35.25
      vertex 6.062177658081055 -3.5 33.75
    endloop
  endfacet
  facet normal 0.2127330300422536 0.6747006589393268 0.7067698909517014
    outer loop
      vertex 2.3941402435302734 6.577847480773926 33.75
      vertex 1.8117332458496094 6.761480331420898 33.75
      vertex 1.8811101913452148 5.168309211730957 35.25
    endloop
  endfacet
  facet normal 0.6535924241721878 -0.2707268594291082 0.7067700550025976
    outer loop
      vertex 5.168309211730957 -1.8811101913452148 35.25
      vertex 4.984692573547363 -2.324399948120117 35.25
      vertex 6.344154357910156 -2.958327293395996 33.75
    endloop
  endfacet
  facet normal 0.47794179039328466 -0.5215818918535424 0.706770100588686
    outer loop
      vertex 3.8890867233276367 -3.8890867233276367 35.25
      vertex 3.5353317260742188 -4.21324348449707 35.25
      vertex 4.949747085571289 -4.949747085571289 33.75
    endloop
  endfacet
  facet normal -0.27072611312536743 0.6535929051487501 0.7067698960844666
    outer loop
      vertex -2.3941402435302734 6.577847480773926 33.75
      vertex -2.958327293395996 6.344154357910156 33.75
      vertex -1.8811101913452148 5.168309211730957 35.25
    endloop
  endfacet
  facet normal 0.27072611312536743 0.6535929051487501 0.7067698960844666
    outer loop
      vertex 2.3941402435302734 6.577847480773926 33.75
      vertex 1.8811101913452148 5.168309211730957 35.25
      vertex 2.958327293395996 6.344154357910156 33.75
    endloop
  endfacet
  facet normal -0.5966516212364119 0.38010884568352776 0.7067701948364102
    outer loop
      vertex -4.505335807800293 3.154669761657715 35.25
      vertex -6.062177658081055 3.5 33.75
      vertex -4.763138771057129 2.75 35.25
    endloop
  endfacet
  facet normal 0.5612521975806752 0.43066471194247025 0.706770030914138
    outer loop
      vertex 5.362310409545898 4.499512672424316 33.75
      vertex 4.21324348449707 3.5353317260742188 35.25
      vertex 5.734064102172852 4.0150346755981445 33.75
    endloop
  endfacet
  facet normal -0.7013909086616048 -0.09234056249629874 0.7067701279515959
    outer loop
      vertex -5.479070663452148 -0.4793558120727539 35.25
      vertex -6.893653869628906 -1.2155370712280273 33.75
      vertex -5.416441917419434 -0.9550647735595703 35.25
    endloop
  endfacet
  facet normal 0.7013913418284803 -0.09233921341469176 0.7067698743395902
    outer loop
      vertex 6.973361968994141 -0.6100893020629883 33.75
      vertex 5.479070663452148 -0.4793558120727539 35.25
      vertex 6.893653869628906 -1.2155370712280273 33.75
    endloop
  endfacet
  facet normal -0.1531187893499057 0.6906740767538204 0.7067700871204702
    outer loop
      vertex -1.2155370712280273 6.893653869628906 33.75
      vertex -1.8117332458496094 6.761480331420898 33.75
      vertex -1.4235038757324219 5.312591552734375 35.25
    endloop
  endfacet
  facet normal 0.15311863385611252 -0.6906740827248206 0.7067701149725172
    outer loop
      vertex 1.4235038757324219 -5.312591552734375 35.25
      vertex 0.9550647735595703 -5.416441917419434 35.25
      vertex 1.2155370712280273 -6.893653869628906 33.75
    endloop
  endfacet
  facet normal -0.6906740767538204 0.1531187893499057 0.7067700871204702
    outer loop
      vertex -6.761480331420898 1.8117332458496094 33.75
      vertex -6.893653869628906 1.2155370712280273 33.75
      vertex -5.312591552734375 1.4235038757324219 35.25
    endloop
  endfacet
  facet normal -0.6747008149063186 0.2127317952796104 0.7067701137158132
    outer loop
      vertex -5.168309211730957 1.8811101913452148 35.25
      vertex -6.761480331420898 1.8117332458496094 33.75
      vertex -5.312591552734375 1.4235038757324219 35.25
    endloop
  endfacet
  facet normal -0.5215818918535424 -0.47794179039328466 0.706770100588686
    outer loop
      vertex -4.21324348449707 -3.5353317260742188 35.25
      vertex -4.949747085571289 -4.949747085571289 33.75
      vertex -3.8890867233276367 -3.8890867233276367 35.25
    endloop
  endfacet
  facet normal -0.3266614208051412 0.6275095082060366 0.7067702124938378
    outer loop
      vertex -2.324399948120117 4.984692573547363 35.25
      vertex -3.5 6.062177658081055 33.75
      vertex -2.75 4.763138771057129 35.25
    endloop
  endfacet
  facet normal -0.6906740827248206 0.15311863385611252 0.7067701149725172
    outer loop
      vertex -5.312591552734375 1.4235038757324219 35.25
      vertex -6.893653869628906 1.2155370712280273 33.75
      vertex -5.416441917419434 0.9550647735595703 35.25
    endloop
  endfacet
  facet normal -0.7067700296304936 -0.030858555251702134 0.7067700296304936
    outer loop
      vertex -5.5 0 35.25
      vertex -7 0 33.75
      vertex -5.479070663452148 -0.4793558120727539 35.25
    endloop
  endfacet
  facet normal -0.3266614208051412 -0.6275095082060366 0.7067702124938378
    outer loop
      vertex -2.75 -4.763138771057129 35.25
      vertex -3.5 -6.062177658081055 33.75
      vertex -2.324399948120117 -4.984692573547363 35.25
    endloop
  endfacet
  facet normal 0.627510034299336 -0.3266607425925366 0.7067700588611112
    outer loop
      vertex 6.344154357910156 -2.958327293395996 33.75
      vertex 4.984692573547363 -2.324399948120117 35.25
      vertex 6.062177658081055 -3.5 33.75
    endloop
  endfacet
  facet normal 0.6906740827248206 -0.15311863385611252 0.7067701149725172
    outer loop
      vertex 5.416441917419434 -0.9550647735595703 35.25
      vertex 5.312591552734375 -1.4235038757324219 35.25
      vertex 6.893653869628906 -1.2155370712280273 33.75
    endloop
  endfacet
  facet normal 0.5966514646210159 0.3801092294752363 0.7067701206427297
    outer loop
      vertex 5.734064102172852 4.0150346755981445 33.75
      vertex 4.505335807800293 3.154669761657715 35.25
      vertex 6.062177658081055 3.5 33.75
    endloop
  endfacet
  facet normal 0.6535929051487501 -0.27072611312536743 0.7067698960844666
    outer loop
      vertex 6.577847480773926 -2.3941402435302734 33.75
      vertex 5.168309211730957 -1.8811101913452148 35.25
      vertex 6.344154357910156 -2.958327293395996 33.75
    endloop
  endfacet
  facet normal -0.3266607425925366 -0.627510034299336 0.7067700588611112
    outer loop
      vertex -2.324399948120117 -4.984692573547363 35.25
      vertex -3.5 -6.062177658081055 33.75
      vertex -2.958327293395996 -6.344154357910156 33.75
    endloop
  endfacet
  facet normal -0.7013909086616048 0.09234056249629874 0.7067701279515959
    outer loop
      vertex -5.416441917419434 0.9550647735595703 35.25
      vertex -6.893653869628906 1.2155370712280273 33.75
      vertex -5.479070663452148 0.4793558120727539 35.25
    endloop
  endfacet
  facet normal -0.43066430328703 0.5612524075927918 0.7067701131524959
    outer loop
      vertex -3.154669761657715 4.505335807800293 35.25
      vertex -4.0150346755981445 5.734064102172852 33.75
      vertex -3.5353317260742188 4.21324348449707 35.25
    endloop
  endfacet
  facet normal 0.5612524075927918 0.43066430328703 0.7067701131524959
    outer loop
      vertex 5.734064102172852 4.0150346755981445 33.75
      vertex 4.21324348449707 3.5353317260742188 35.25
      vertex 4.505335807800293 3.154669761657715 35.25
    endloop
  endfacet
  facet normal 0.5966516212364119 0.38010884568352776 0.7067701948364102
    outer loop
      vertex 6.062177658081055 3.5 33.75
      vertex 4.505335807800293 3.154669761657715 35.25
      vertex 4.763138771057129 2.75 35.25
    endloop
  endfacet
  facet normal 0.38010884568352776 -0.5966516212364119 0.7067701948364102
    outer loop
      vertex 3.154669761657715 -4.505335807800293 35.25
      vertex 2.75 -4.763138771057129 35.25
      vertex 3.5 -6.062177658081055 33.75
    endloop
  endfacet
  facet normal -0.5612524075927918 0.43066430328703 0.7067701131524959
    outer loop
      vertex -4.21324348449707 3.5353317260742188 35.25
      vertex -5.734064102172852 4.0150346755981445 33.75
      vertex -4.505335807800293 3.154669761657715 35.25
    endloop
  endfacet
  facet normal -0.5612521975806752 0.43066471194247025 0.706770030914138
    outer loop
      vertex -5.362310409545898 4.499512672424316 33.75
      vertex -5.734064102172852 4.0150346755981445 33.75
      vertex -4.21324348449707 3.5353317260742188 35.25
    endloop
  endfacet
  facet normal -0.2127330300422536 0.6747006589393268 0.7067698909517014
    outer loop
      vertex -1.8117332458496094 6.761480331420898 33.75
      vertex -2.3941402435302734 6.577847480773926 33.75
      vertex -1.8811101913452148 5.168309211730957 35.25
    endloop
  endfacet
  facet normal 0.5612524075927918 -0.43066430328703 0.7067701131524959
    outer loop
      vertex 4.505335807800293 -3.154669761657715 35.25
      vertex 4.21324348449707 -3.5353317260742188 35.25
      vertex 5.734064102172852 -4.0150346755981445 33.75
    endloop
  endfacet
  facet normal 0.03085935916829961 -0.7067701397658767 0.7067698843945214
    outer loop
      vertex 0.4793558120727539 -5.479070663452148 35.25
      vertex 0 -7 33.75
      vertex 0.6100893020629883 -6.973361968994141 33.75
    endloop
  endfacet
  facet normal 0.43066471194247025 0.5612521975806752 0.706770030914138
    outer loop
      vertex 4.0150346755981445 5.734064102172852 33.75
      vertex 3.5353317260742188 4.21324348449707 35.25
      vertex 4.499512672424316 5.362310409545898 33.75
    endloop
  endfacet
  facet normal -0.6535929051487501 0.27072611312536743 0.7067698960844666
    outer loop
      vertex -6.344154357910156 2.958327293395996 33.75
      vertex -6.577847480773926 2.3941402435302734 33.75
      vertex -5.168309211730957 1.8811101913452148 35.25
    endloop
  endfacet
  facet normal 0.2127317952796104 0.6747008149063186 0.7067701137158132
    outer loop
      vertex 1.8117332458496094 6.761480331420898 33.75
      vertex 1.4235038757324219 5.312591552734375 35.25
      vertex 1.8811101913452148 5.168309211730957 35.25
    endloop
  endfacet
  facet normal -0.2707268594291082 0.6535924241721878 0.7067700550025976
    outer loop
      vertex -1.8811101913452148 5.168309211730957 35.25
      vertex -2.958327293395996 6.344154357910156 33.75
      vertex -2.324399948120117 4.984692573547363 35.25
    endloop
  endfacet
  facet normal 0.5215822663577956 0.4779415061383544 0.7067700164348137
    outer loop
      vertex 4.949747085571289 4.949747085571289 33.75
      vertex 4.21324348449707 3.5353317260742188 35.25
      vertex 5.362310409545898 4.499512672424316 33.75
    endloop
  endfacet
  facet normal 0.5215818918535424 0.47794179039328466 0.706770100588686
    outer loop
      vertex 4.949747085571289 4.949747085571289 33.75
      vertex 3.8890867233276367 3.8890867233276367 35.25
      vertex 4.21324348449707 3.5353317260742188 35.25
    endloop
  endfacet
  facet normal -0.15311863385611252 -0.6906740827248206 0.7067701149725172
    outer loop
      vertex -0.9550647735595703 -5.416441917419434 35.25
      vertex -1.4235038757324219 -5.312591552734375 35.25
      vertex -1.2155370712280273 -6.893653869628906 33.75
    endloop
  endfacet
  facet normal -0.3801092294752363 0.5966514646210159 0.7067701206427297
    outer loop
      vertex -3.5 6.062177658081055 33.75
      vertex -4.0150346755981445 5.734064102172852 33.75
      vertex -3.154669761657715 4.505335807800293 35.25
    endloop
  endfacet
  facet normal 0.3801092294752363 0.5966514646210159 0.7067701206427297
    outer loop
      vertex 3.5 6.062177658081055 33.75
      vertex 3.154669761657715 4.505335807800293 35.25
      vertex 4.0150346755981445 5.734064102172852 33.75
    endloop
  endfacet
  facet normal -0.09234056249629874 0.7013909086616048 0.7067701279515959
    outer loop
      vertex -0.4793558120727539 5.479070663452148 35.25
      vertex -1.2155370712280273 6.893653869628906 33.75
      vertex -0.9550647735595703 5.416441917419434 35.25
    endloop
  endfacet
  facet normal -0.47794179039328466 -0.5215818918535424 0.706770100588686
    outer loop
      vertex -3.8890867233276367 -3.8890867233276367 35.25
      vertex -4.949747085571289 -4.949747085571289 33.75
      vertex -3.5353317260742188 -4.21324348449707 35.25
    endloop
  endfacet
  facet normal -0.5966514646210159 -0.3801092294752363 0.7067701206427297
    outer loop
      vertex -4.505335807800293 -3.154669761657715 35.25
      vertex -6.062177658081055 -3.5 33.75
      vertex -5.734064102172852 -4.0150346755981445 33.75
    endloop
  endfacet
  facet normal 0.43066430328703 0.5612524075927918 0.7067701131524959
    outer loop
      vertex 4.0150346755981445 5.734064102172852 33.75
      vertex 3.154669761657715 4.505335807800293 35.25
      vertex 3.5353317260742188 4.21324348449707 35.25
    endloop
  endfacet
  facet normal 0.2127330300422536 -0.6747006589393268 0.7067698909517014
    outer loop
      vertex 1.8811101913452148 -5.168309211730957 35.25
      vertex 1.8117332458496094 -6.761480331420898 33.75
      vertex 2.3941402435302734 -6.577847480773926 33.75
    endloop
  endfacet
  facet normal 0.1531187893499057 -0.6906740767538204 0.7067700871204702
    outer loop
      vertex 1.4235038757324219 -5.312591552734375 35.25
      vertex 1.2155370712280273 -6.893653869628906 33.75
      vertex 1.8117332458496094 -6.761480331420898 33.75
    endloop
  endfacet
  facet normal 0.6906740827248206 0.15311863385611252 0.7067701149725172
    outer loop
      vertex 6.893653869628906 1.2155370712280273 33.75
      vertex 5.312591552734375 1.4235038757324219 35.25
      vertex 5.416441917419434 0.9550647735595703 35.25
    endloop
  endfacet
  facet normal 0.3266614208051412 0.6275095082060366 0.7067702124938378
    outer loop
      vertex 3.5 6.062177658081055 33.75
      vertex 2.324399948120117 4.984692573547363 35.25
      vertex 2.75 4.763138771057129 35.25
    endloop
  endfacet
  facet normal 0.4779415061383544 -0.5215822663577956 0.7067700164348137
    outer loop
      vertex 4.949747085571289 -4.949747085571289 33.75
      vertex 3.5353317260742188 -4.21324348449707 35.25
      vertex 4.499512672424316 -5.362310409545898 33.75
    endloop
  endfacet
  facet normal -0.6275095082060366 -0.3266614208051412 0.7067702124938378
    outer loop
      vertex -4.984692573547363 -2.324399948120117 35.25
      vertex -6.062177658081055 -3.5 33.75
      vertex -4.763138771057129 -2.75 35.25
    endloop
  endfacet
  facet normal -0.7067701397658767 0.03085935916829961 0.7067698843945214
    outer loop
      vertex -6.973361968994141 0.6100893020629883 33.75
      vertex -7 0 33.75
      vertex -5.479070663452148 0.4793558120727539 35.25
    endloop
  endfacet
  facet normal -0.15311863385611252 0.6906740827248206 0.7067701149725172
    outer loop
      vertex -1.2155370712280273 6.893653869628906 33.75
      vertex -1.4235038757324219 5.312591552734375 35.25
      vertex -0.9550647735595703 5.416441917419434 35.25
    endloop
  endfacet
  facet normal -0.7013913418284803 0.09233921341469176 0.7067698743395902
    outer loop
      vertex -6.893653869628906 1.2155370712280273 33.75
      vertex -6.973361968994141 0.6100893020629883 33.75
      vertex -5.479070663452148 0.4793558120727539 35.25
    endloop
  endfacet
  facet normal -0.030858555251702134 -0.7067700296304936 0.7067700296304936
    outer loop
      vertex 0 -5.5 35.25
      vertex -0.4793558120727539 -5.479070663452148 35.25
      vertex 0 -7 33.75
    endloop
  endfacet
  facet normal -0.2127317952796104 -0.6747008149063186 0.7067701137158132
    outer loop
      vertex -1.4235038757324219 -5.312591552734375 35.25
      vertex -1.8811101913452148 -5.168309211730957 35.25
      vertex -1.8117332458496094 -6.761480331420898 33.75
    endloop
  endfacet
  facet normal -0.5215822663577956 -0.4779415061383544 0.7067700164348137
    outer loop
      vertex -4.21324348449707 -3.5353317260742188 35.25
      vertex -5.362310409545898 -4.499512672424316 33.75
      vertex -4.949747085571289 -4.949747085571289 33.75
    endloop
  endfacet
  facet normal 0.6747006589393268 -0.2127330300422536 0.7067698909517014
    outer loop
      vertex 6.761480331420898 -1.8117332458496094 33.75
      vertex 5.168309211730957 -1.8811101913452148 35.25
      vertex 6.577847480773926 -2.3941402435302734 33.75
    endloop
  endfacet
  facet normal 0.2707268594291082 -0.6535924241721878 0.7067700550025976
    outer loop
      vertex 2.324399948120117 -4.984692573547363 35.25
      vertex 1.8811101913452148 -5.168309211730957 35.25
      vertex 2.958327293395996 -6.344154357910156 33.75
    endloop
  endfacet
  facet normal -0.43066471194247025 -0.5612521975806752 0.706770030914138
    outer loop
      vertex -3.5353317260742188 -4.21324348449707 35.25
      vertex -4.499512672424316 -5.362310409545898 33.75
      vertex -4.0150346755981445 -5.734064102172852 33.75
    endloop
  endfacet
  facet normal 0.09233921341469176 -0.7013913418284803 0.7067698743395902
    outer loop
      vertex 1.2155370712280273 -6.893653869628906 33.75
      vertex 0.4793558120727539 -5.479070663452148 35.25
      vertex 0.6100893020629883 -6.973361968994141 33.75
    endloop
  endfacet
  facet normal 0.6275095082060366 -0.3266614208051412 0.7067702124938378
    outer loop
      vertex 4.984692573547363 -2.324399948120117 35.25
      vertex 4.763138771057129 -2.75 35.25
      vertex 6.062177658081055 -3.5 33.75
    endloop
  endfacet
  facet normal -0.09233921341469176 0.7013913418284803 0.7067698743395902
    outer loop
      vertex -0.6100893020629883 6.973361968994141 33.75
      vertex -1.2155370712280273 6.893653869628906 33.75
      vertex -0.4793558120727539 5.479070663452148 35.25
    endloop
  endfacet
  facet normal -0.03085935916829961 0.7067701397658767 0.7067698843945214
    outer loop
      vertex 0 7 33.75
      vertex -0.6100893020629883 6.973361968994141 33.75
      vertex -0.4793558120727539 5.479070663452148 35.25
    endloop
  endfacet
  facet normal -0.43066471194247025 0.5612521975806752 0.706770030914138
    outer loop
      vertex -4.0150346755981445 5.734064102172852 33.75
      vertex -4.499512672424316 5.362310409545898 33.75
      vertex -3.5353317260742188 4.21324348449707 35.25
    endloop
  endfacet
  facet normal 0.6275095082060366 0.3266614208051412 0.7067702124938378
    outer loop
      vertex 6.062177658081055 3.5 33.75
      vertex 4.763138771057129 2.75 35.25
      vertex 4.984692573547363 2.324399948120117 35.25
    endloop
  endfacet
  facet normal 0.09234056249629874 0.7013909086616048 0.7067701279515959
    outer loop
      vertex 1.2155370712280273 6.893653869628906 33.75
      vertex 0.4793558120727539 5.479070663452148 35.25
      vertex 0.9550647735595703 5.416441917419434 35.25
    endloop
  endfacet
  facet normal 0.03085935916829961 0.7067701397658767 0.7067698843945214
    outer loop
      vertex 0.6100893020629883 6.973361968994141 33.75
      vertex 0 7 33.75
      vertex 0.4793558120727539 5.479070663452148 35.25
    endloop
  endfacet
  facet normal -0.4779415061383544 0.5215822663577956 0.7067700164348137
    outer loop
      vertex -4.499512672424316 5.362310409545898 33.75
      vertex -4.949747085571289 4.949747085571289 33.75
      vertex -3.5353317260742188 4.21324348449707 35.25
    endloop
  endfacet
  facet normal -0.47794179039328466 0.5215818918535424 0.706770100588686
    outer loop
      vertex -3.5353317260742188 4.21324348449707 35.25
      vertex -4.949747085571289 4.949747085571289 33.75
      vertex -3.8890867233276367 3.8890867233276367 35.25
    endloop
  endfacet
  facet normal -0.1531187893499057 -0.6906740767538204 0.7067700871204702
    outer loop
      vertex -1.4235038757324219 -5.312591552734375 35.25
      vertex -1.8117332458496094 -6.761480331420898 33.75
      vertex -1.2155370712280273 -6.893653869628906 33.75
    endloop
  endfacet
  facet normal 0.5215818918535424 -0.47794179039328466 0.706770100588686
    outer loop
      vertex 4.21324348449707 -3.5353317260742188 35.25
      vertex 3.8890867233276367 -3.8890867233276367 35.25
      vertex 4.949747085571289 -4.949747085571289 33.75
    endloop
  endfacet
  facet normal -0.5966516212364119 -0.38010884568352776 0.7067701948364102
    outer loop
      vertex -4.763138771057129 -2.75 35.25
      vertex -6.062177658081055 -3.5 33.75
      vertex -4.505335807800293 -3.154669761657715 35.25
    endloop
  endfacet
  facet normal -0.5612521975806752 -0.43066471194247025 0.706770030914138
    outer loop
      vertex -4.21324348449707 -3.5353317260742188 35.25
      vertex -5.734064102172852 -4.0150346755981445 33.75
      vertex -5.362310409545898 -4.499512672424316 33.75
    endloop
  endfacet
  facet normal 0.5612521975806752 -0.43066471194247025 0.706770030914138
    outer loop
      vertex 5.734064102172852 -4.0150346755981445 33.75
      vertex 4.21324348449707 -3.5353317260742188 35.25
      vertex 5.362310409545898 -4.499512672424316 33.75
    endloop
  endfacet
  facet normal 0.27072611312536743 -0.6535929051487501 0.7067698960844666
    outer loop
      vertex 2.958327293395996 -6.344154357910156 33.75
      vertex 1.8811101913452148 -5.168309211730957 35.25
      vertex 2.3941402435302734 -6.577847480773926 33.75
    endloop
  endfacet
  facet normal 0.030858555251702134 -0.7067700296304936 0.7067700296304936
    outer loop
      vertex 0 -5.5 35.25
      vertex 0 -7 33.75
      vertex 0.4793558120727539 -5.479070663452148 35.25
    endloop
  endfacet
  facet normal -0.627510034299336 -0.3266607425925366 0.7067700588611112
    outer loop
      vertex -4.984692573547363 -2.324399948120117 35.25
      vertex -6.344154357910156 -2.958327293395996 33.75
      vertex -6.062177658081055 -3.5 33.75
    endloop
  endfacet
  facet normal -0.6535924241721878 -0.2707268594291082 0.7067700550025976
    outer loop
      vertex -5.168309211730957 -1.8811101913452148 35.25
      vertex -6.344154357910156 -2.958327293395996 33.75
      vertex -4.984692573547363 -2.324399948120117 35.25
    endloop
  endfacet
  facet normal -0.5612524075927918 -0.43066430328703 0.7067701131524959
    outer loop
      vertex -4.505335807800293 -3.154669761657715 35.25
      vertex -5.734064102172852 -4.0150346755981445 33.75
      vertex -4.21324348449707 -3.5353317260742188 35.25
    endloop
  endfacet
  facet normal -0.6747006589393268 -0.2127330300422536 0.7067698909517014
    outer loop
      vertex -5.168309211730957 -1.8811101913452148 35.25
      vertex -6.761480331420898 -1.8117332458496094 33.75
      vertex -6.577847480773926 -2.3941402435302734 33.75
    endloop
  endfacet
  facet normal -0.38010884568352776 0.5966516212364119 0.7067701948364102
    outer loop
      vertex -2.75 4.763138771057129 35.25
      vertex -3.5 6.062177658081055 33.75
      vertex -3.154669761657715 4.505335807800293 35.25
    endloop
  endfacet
  facet normal 0.030858555251702134 0.7067700296304936 0.7067700296304936
    outer loop
      vertex 0 7 33.75
      vertex 0 5.5 35.25
      vertex 0.4793558120727539 5.479070663452148 35.25
    endloop
  endfacet
  facet normal -0.03085935916829961 -0.7067701397658767 0.7067698843945214
    outer loop
      vertex -0.4793558120727539 -5.479070663452148 35.25
      vertex -0.6100893020629883 -6.973361968994141 33.75
      vertex 0 -7 33.75
    endloop
  endfacet
  facet normal -0.2127330300422536 -0.6747006589393268 0.7067698909517014
    outer loop
      vertex -1.8811101913452148 -5.168309211730957 35.25
      vertex -2.3941402435302734 -6.577847480773926 33.75
      vertex -1.8117332458496094 -6.761480331420898 33.75
    endloop
  endfacet
  facet normal -0.27072611312536743 -0.6535929051487501 0.7067698960844666
    outer loop
      vertex -1.8811101913452148 -5.168309211730957 35.25
      vertex -2.958327293395996 -6.344154357910156 33.75
      vertex -2.3941402435302734 -6.577847480773926 33.75
    endloop
  endfacet
  facet normal -0.6906740827248206 -0.15311863385611252 0.7067701149725172
    outer loop
      vertex -5.416441917419434 -0.9550647735595703 35.25
      vertex -6.893653869628906 -1.2155370712280273 33.75
      vertex -5.312591552734375 -1.4235038757324219 35.25
    endloop
  endfacet
  facet normal -0.7067701397658767 -0.03085935916829961 0.7067698843945214
    outer loop
      vertex -5.479070663452148 -0.4793558120727539 35.25
      vertex -7 0 33.75
      vertex -6.973361968994141 -0.6100893020629883 33.75
    endloop
  endfacet
  facet normal -0.7013913418284803 -0.09233921341469176 0.7067698743395902
    outer loop
      vertex -5.479070663452148 -0.4793558120727539 35.25
      vertex -6.973361968994141 -0.6100893020629883 33.75
      vertex -6.893653869628906 -1.2155370712280273 33.75
    endloop
  endfacet
  facet normal -0.09233921341469176 -0.7013913418284803 0.7067698743395902
    outer loop
      vertex -0.4793558120727539 -5.479070663452148 35.25
      vertex -1.2155370712280273 -6.893653869628906 33.75
      vertex -0.6100893020629883 -6.973361968994141 33.75
    endloop
  endfacet
  facet normal -0.09234056249629874 -0.7013909086616048 0.7067701279515959
    outer loop
      vertex -0.9550647735595703 -5.416441917419434 35.25
      vertex -1.2155370712280273 -6.893653869628906 33.75
      vertex -0.4793558120727539 -5.479070663452148 35.25
    endloop
  endfacet
  facet normal -0.9990481947628949 -0.04362000161624095 0
    outer loop
      vertex 2.6499996185302734 0 0
      vertex 2.6399154663085938 0.23096179962158203 28.25
      vertex 2.6399154663085938 0.23096179962158203 0
    endloop
  endfacet
  facet normal -0.9990481947628949 -0.04362000161624095 0
    outer loop
      vertex 2.6399154663085938 0.23096179962158203 28.25
      vertex 2.6499996185302734 0 0
      vertex 2.6499996185302734 0 28.25
    endloop
  endfacet
  facet normal 0.3007062764165493 -0.9537168003782328 0
    outer loop
      vertex -0.9063529968261719 2.490184783935547 0
      vertex -0.6858701705932617 2.5597028732299805 28.25
      vertex -0.9063529968261719 2.490184783935547 28.25
    endloop
  endfacet
  facet normal 0.3007062764165493 -0.9537168003782328 0
    outer loop
      vertex -0.6858701705932617 2.5597028732299805 28.25
      vertex -0.9063529968261719 2.490184783935547 0
      vertex -0.6858701705932617 2.5597028732299805 0
    endloop
  endfacet
  facet normal 0.3826824836838301 0.9238799254673602 0
    outer loop
      vertex -0.9063529968261719 -2.490184783935547 0
      vertex -1.1199378967285156 -2.4017152786254883 28.25
      vertex -0.9063529968261719 -2.490184783935547 28.25
    endloop
  endfacet
  facet normal 0.3826824836838301 0.9238799254673602 0
    outer loop
      vertex -1.1199378967285156 -2.4017152786254883 28.25
      vertex -0.9063529968261719 -2.490184783935547 0
      vertex -1.1199378967285156 -2.4017152786254883 0
    endloop
  endfacet
  facet normal 0.04362000161624095 0.9990481947628949 0
    outer loop
      vertex 0 -2.6499996185302734 0
      vertex -0.23096179962158203 -2.6399154663085938 28.25
      vertex 0 -2.6499996185302734 28.25
    endloop
  endfacet
  facet normal 0.04362000161624095 0.9990481947628949 0
    outer loop
      vertex -0.23096179962158203 -2.6399154663085938 28.25
      vertex 0 -2.6499996185302734 0
      vertex -0.23096179962158203 -2.6399154663085938 0
    endloop
  endfacet
  facet normal -0.13052526114045312 0.9914449839523202 0
    outer loop
      vertex 0.46016693115234375 -2.6097402572631836 0
      vertex 0.23096179962158203 -2.6399154663085938 28.25
      vertex 0.46016693115234375 -2.6097402572631836 28.25
    endloop
  endfacet
  facet normal -0.13052526114045312 0.9914449839523202 0
    outer loop
      vertex 0.23096179962158203 -2.6399154663085938 28.25
      vertex 0.46016693115234375 -2.6097402572631836 0
      vertex 0.23096179962158203 -2.6399154663085938 0
    endloop
  endfacet
  facet normal 0.9914449839523202 -0.13052526114045312 0
    outer loop
      vertex -2.6399154663085938 0.23096179962158203 28.25
      vertex -2.6097402572631836 0.46016693115234375 0
      vertex -2.6097402572631836 0.46016693115234375 28.25
    endloop
  endfacet
  facet normal 0.9914449839523202 -0.13052526114045312 0
    outer loop
      vertex -2.6097402572631836 0.46016693115234375 0
      vertex -2.6399154663085938 0.23096179962158203 28.25
      vertex -2.6399154663085938 0.23096179962158203 0
    endloop
  endfacet
  facet normal 0.461748973791761 0.8870106454841766 0
    outer loop
      vertex -1.1199378967285156 -2.4017152786254883 0
      vertex -1.3249998092651367 -2.294966697692871 28.25
      vertex -1.1199378967285156 -2.4017152786254883 28.25
    endloop
  endfacet
  facet normal 0.461748973791761 0.8870106454841766 0
    outer loop
      vertex -1.3249998092651367 -2.294966697692871 28.25
      vertex -1.1199378967285156 -2.4017152786254883 0
      vertex -1.3249998092651367 -2.294966697692871 0
    endloop
  endfacet
  facet normal -0.6087625740325663 0.7933524616822237 0
    outer loop
      vertex 1.7033863067626953 -2.0300168991088867 0
      vertex 1.5199766159057617 -2.17075252532959 28.25
      vertex 1.7033863067626953 -2.0300168991088867 28.25
    endloop
  endfacet
  facet normal -0.6087625740325663 0.7933524616822237 0
    outer loop
      vertex 1.5199766159057617 -2.17075252532959 28.25
      vertex 1.7033863067626953 -2.0300168991088867 0
      vertex 1.5199766159057617 -2.17075252532959 0
    endloop
  endfacet
  facet normal -0.9914449839523202 -0.13052526114045312 0
    outer loop
      vertex 2.6399154663085938 0.23096179962158203 0
      vertex 2.6097402572631836 0.46016693115234375 28.25
      vertex 2.6097402572631836 0.46016693115234375 0
    endloop
  endfacet
  facet normal -0.9914449839523202 -0.13052526114045312 0
    outer loop
      vertex 2.6097402572631836 0.46016693115234375 28.25
      vertex 2.6399154663085938 0.23096179962158203 0
      vertex 2.6399154663085938 0.23096179962158203 28.25
    endloop
  endfacet
  facet normal 0.6755875046472339 0.7372798136152404 0
    outer loop
      vertex -1.7033863067626953 -2.0300168991088867 0
      vertex -1.8738327026367188 -1.8738327026367188 28.25
      vertex -1.7033863067626953 -2.0300168991088867 28.25
    endloop
  endfacet
  facet normal 0.6755875046472339 0.7372798136152404 0
    outer loop
      vertex -1.8738327026367188 -1.8738327026367188 28.25
      vertex -1.7033863067626953 -2.0300168991088867 0
      vertex -1.8738327026367188 -1.8738327026367188 0
    endloop
  endfacet
  facet normal -0.9762958421294314 -0.21644035816082094 0
    outer loop
      vertex 2.6097402572631836 0.46016693115234375 0
      vertex 2.5597028732299805 0.6858701705932617 28.25
      vertex 2.5597028732299805 0.6858701705932617 0
    endloop
  endfacet
  facet normal -0.9762958421294314 -0.21644035816082094 0
    outer loop
      vertex 2.5597028732299805 0.6858701705932617 28.25
      vertex 2.6097402572631836 0.46016693115234375 0
      vertex 2.6097402572631836 0.46016693115234375 28.25
    endloop
  endfacet
  facet normal 0.9238799254673602 0.3826824836838301 0
    outer loop
      vertex -2.4017152786254883 -1.1199378967285156 28.25
      vertex -2.490184783935547 -0.9063529968261719 0
      vertex -2.490184783935547 -0.9063529968261719 28.25
    endloop
  endfacet
  facet normal 0.9238799254673602 0.3826824836838301 0
    outer loop
      vertex -2.490184783935547 -0.9063529968261719 0
      vertex -2.4017152786254883 -1.1199378967285156 28.25
      vertex -2.4017152786254883 -1.1199378967285156 0
    endloop
  endfacet
  facet normal 0.6755875046472339 -0.7372798136152404 0
    outer loop
      vertex -1.8738327026367188 1.8738327026367188 0
      vertex -1.7033863067626953 2.0300168991088867 28.25
      vertex -1.8738327026367188 1.8738327026367188 28.25
    endloop
  endfacet
  facet normal 0.6755875046472339 -0.7372798136152404 0
    outer loop
      vertex -1.7033863067626953 2.0300168991088867 28.25
      vertex -1.8738327026367188 1.8738327026367188 0
      vertex -1.7033863067626953 2.0300168991088867 0
    endloop
  endfacet
  facet normal -0.13052526114045312 -0.9914449839523202 0
    outer loop
      vertex 0.23096179962158203 2.6399154663085938 0
      vertex 0.46016693115234375 2.6097402572631836 28.25
      vertex 0.23096179962158203 2.6399154663085938 28.25
    endloop
  endfacet
  facet normal -0.13052526114045312 -0.9914449839523202 0
    outer loop
      vertex 0.46016693115234375 2.6097402572631836 28.25
      vertex 0.23096179962158203 2.6399154663085938 0
      vertex 0.46016693115234375 2.6097402572631836 0
    endloop
  endfacet
  facet normal -0.9238799254673602 -0.3826824836838301 0
    outer loop
      vertex 2.490184783935547 0.9063529968261719 0
      vertex 2.4017152786254883 1.1199378967285156 28.25
      vertex 2.4017152786254883 1.1199378967285156 0
    endloop
  endfacet
  facet normal -0.9238799254673602 -0.3826824836838301 0
    outer loop
      vertex 2.4017152786254883 1.1199378967285156 28.25
      vertex 2.490184783935547 0.9063529968261719 0
      vertex 2.490184783935547 0.9063529968261719 28.25
    endloop
  endfacet
  facet normal -0.8870106454841766 -0.461748973791761 0
    outer loop
      vertex 2.4017152786254883 1.1199378967285156 0
      vertex 2.294966697692871 1.3249998092651367 28.25
      vertex 2.294966697692871 1.3249998092651367 0
    endloop
  endfacet
  facet normal -0.8870106454841766 -0.461748973791761 0
    outer loop
      vertex 2.294966697692871 1.3249998092651367 28.25
      vertex 2.4017152786254883 1.1199378967285156 0
      vertex 2.4017152786254883 1.1199378967285156 28.25
    endloop
  endfacet
  facet normal -0.9762958421294314 0.21644035816082094 0
    outer loop
      vertex 2.5597028732299805 -0.6858701705932617 0
      vertex 2.6097402572631836 -0.46016693115234375 28.25
      vertex 2.6097402572631836 -0.46016693115234375 0
    endloop
  endfacet
  facet normal -0.9762958421294314 0.21644035816082094 0
    outer loop
      vertex 2.6097402572631836 -0.46016693115234375 28.25
      vertex 2.5597028732299805 -0.6858701705932617 0
      vertex 2.5597028732299805 -0.6858701705932617 28.25
    endloop
  endfacet
  facet normal 0.7933524616822237 -0.6087625740325663 0
    outer loop
      vertex -2.17075252532959 1.5199766159057617 28.25
      vertex -2.0300168991088867 1.7033863067626953 0
      vertex -2.0300168991088867 1.7033863067626953 28.25
    endloop
  endfacet
  facet normal 0.7933524616822237 -0.6087625740325663 0
    outer loop
      vertex -2.0300168991088867 1.7033863067626953 0
      vertex -2.17075252532959 1.5199766159057617 28.25
      vertex -2.17075252532959 1.5199766159057617 0
    endloop
  endfacet
  facet normal 0.7372798136152404 -0.6755875046472339 0
    outer loop
      vertex -2.0300168991088867 1.7033863067626953 28.25
      vertex -1.8738327026367188 1.8738327026367188 0
      vertex -1.8738327026367188 1.8738327026367188 28.25
    endloop
  endfacet
  facet normal 0.7372798136152404 -0.6755875046472339 0
    outer loop
      vertex -1.8738327026367188 1.8738327026367188 0
      vertex -2.0300168991088867 1.7033863067626953 28.25
      vertex -2.0300168991088867 1.7033863067626953 0
    endloop
  endfacet
  facet normal -0.461748973791761 -0.8870106454841766 0
    outer loop
      vertex 1.1199378967285156 2.4017152786254883 0
      vertex 1.3249998092651367 2.294966697692871 28.25
      vertex 1.1199378967285156 2.4017152786254883 28.25
    endloop
  endfacet
  facet normal -0.461748973791761 -0.8870106454841766 0
    outer loop
      vertex 1.3249998092651367 2.294966697692871 28.25
      vertex 1.1199378967285156 2.4017152786254883 0
      vertex 1.3249998092651367 2.294966697692871 0
    endloop
  endfacet
  facet normal -0.7372798136152404 -0.6755875046472339 0
    outer loop
      vertex 2.0300168991088867 1.7033863067626953 0
      vertex 1.8738327026367188 1.8738327026367188 28.25
      vertex 1.8738327026367188 1.8738327026367188 0
    endloop
  endfacet
  facet normal -0.7372798136152404 -0.6755875046472339 0
    outer loop
      vertex 1.8738327026367188 1.8738327026367188 28.25
      vertex 2.0300168991088867 1.7033863067626953 0
      vertex 2.0300168991088867 1.7033863067626953 28.25
    endloop
  endfacet
  facet normal -0.9990481947628949 0.04362000161624095 0
    outer loop
      vertex 2.6399154663085938 -0.23096179962158203 0
      vertex 2.6499996185302734 0 28.25
      vertex 2.6499996185302734 0 0
    endloop
  endfacet
  facet normal -0.9990481947628949 0.04362000161624095 0
    outer loop
      vertex 2.6499996185302734 0 28.25
      vertex 2.6399154663085938 -0.23096179962158203 0
      vertex 2.6399154663085938 -0.23096179962158203 28.25
    endloop
  endfacet
  facet normal -0.5373003692645782 -0.8433909610543309 0
    outer loop
      vertex 1.3249998092651367 2.294966697692871 0
      vertex 1.5199766159057617 2.17075252532959 28.25
      vertex 1.3249998092651367 2.294966697692871 28.25
    endloop
  endfacet
  facet normal -0.5373003692645782 -0.8433909610543309 0
    outer loop
      vertex 1.5199766159057617 2.17075252532959 28.25
      vertex 1.3249998092651367 2.294966697692871 0
      vertex 1.5199766159057617 2.17075252532959 0
    endloop
  endfacet
  facet normal 0.3007062764165493 0.9537168003782328 0
    outer loop
      vertex -0.6858701705932617 -2.5597028732299805 0
      vertex -0.9063529968261719 -2.490184783935547 28.25
      vertex -0.6858701705932617 -2.5597028732299805 28.25
    endloop
  endfacet
  facet normal 0.3007062764165493 0.9537168003782328 0
    outer loop
      vertex -0.9063529968261719 -2.490184783935547 28.25
      vertex -0.6858701705932617 -2.5597028732299805 0
      vertex -0.9063529968261719 -2.490184783935547 0
    endloop
  endfacet
  facet normal -0.21644035816082094 -0.9762958421294314 0
    outer loop
      vertex 0.46016693115234375 2.6097402572631836 0
      vertex 0.6858701705932617 2.5597028732299805 28.25
      vertex 0.46016693115234375 2.6097402572631836 28.25
    endloop
  endfacet
  facet normal -0.21644035816082094 -0.9762958421294314 0
    outer loop
      vertex 0.6858701705932617 2.5597028732299805 28.25
      vertex 0.46016693115234375 2.6097402572631836 0
      vertex 0.6858701705932617 2.5597028732299805 0
    endloop
  endfacet
  facet normal -0.6755875046472339 0.7372798136152404 0
    outer loop
      vertex 1.8738327026367188 -1.8738327026367188 0
      vertex 1.7033863067626953 -2.0300168991088867 28.25
      vertex 1.8738327026367188 -1.8738327026367188 28.25
    endloop
  endfacet
  facet normal -0.6755875046472339 0.7372798136152404 0
    outer loop
      vertex 1.7033863067626953 -2.0300168991088867 28.25
      vertex 1.8738327026367188 -1.8738327026367188 0
      vertex 1.7033863067626953 -2.0300168991088867 0
    endloop
  endfacet
  facet normal -0.7933524616822237 0.6087625740325663 0
    outer loop
      vertex 2.0300168991088867 -1.7033863067626953 0
      vertex 2.17075252532959 -1.5199766159057617 28.25
      vertex 2.17075252532959 -1.5199766159057617 0
    endloop
  endfacet
  facet normal -0.7933524616822237 0.6087625740325663 0
    outer loop
      vertex 2.17075252532959 -1.5199766159057617 28.25
      vertex 2.0300168991088867 -1.7033863067626953 0
      vertex 2.0300168991088867 -1.7033863067626953 28.25
    endloop
  endfacet
  facet normal -0.461748973791761 0.8870106454841766 0
    outer loop
      vertex 1.3249998092651367 -2.294966697692871 0
      vertex 1.1199378967285156 -2.4017152786254883 28.25
      vertex 1.3249998092651367 -2.294966697692871 28.25
    endloop
  endfacet
  facet normal -0.461748973791761 0.8870106454841766 0
    outer loop
      vertex 1.1199378967285156 -2.4017152786254883 28.25
      vertex 1.3249998092651367 -2.294966697692871 0
      vertex 1.1199378967285156 -2.4017152786254883 0
    endloop
  endfacet
  facet normal -0.9914449839523202 0.13052526114045312 0
    outer loop
      vertex 2.6097402572631836 -0.46016693115234375 0
      vertex 2.6399154663085938 -0.23096179962158203 28.25
      vertex 2.6399154663085938 -0.23096179962158203 0
    endloop
  endfacet
  facet normal -0.9914449839523202 0.13052526114045312 0
    outer loop
      vertex 2.6399154663085938 -0.23096179962158203 28.25
      vertex 2.6097402572631836 -0.46016693115234375 0
      vertex 2.6097402572631836 -0.46016693115234375 28.25
    endloop
  endfacet
  facet normal -0.04362000161624095 -0.9990481947628949 0
    outer loop
      vertex 0 2.6499996185302734 0
      vertex 0.23096179962158203 2.6399154663085938 28.25
      vertex 0 2.6499996185302734 28.25
    endloop
  endfacet
  facet normal -0.04362000161624095 -0.9990481947628949 0
    outer loop
      vertex 0.23096179962158203 2.6399154663085938 28.25
      vertex 0 2.6499996185302734 0
      vertex 0.23096179962158203 2.6399154663085938 0
    endloop
  endfacet
  facet normal -0.8433909610543309 0.5373003692645782 0
    outer loop
      vertex 2.17075252532959 -1.5199766159057617 0
      vertex 2.294966697692871 -1.3249998092651367 28.25
      vertex 2.294966697692871 -1.3249998092651367 0
    endloop
  endfacet
  facet normal -0.8433909610543309 0.5373003692645782 0
    outer loop
      vertex 2.294966697692871 -1.3249998092651367 28.25
      vertex 2.17075252532959 -1.5199766159057617 0
      vertex 2.17075252532959 -1.5199766159057617 28.25
    endloop
  endfacet
  facet normal 0.5373003692645782 -0.8433909610543309 0
    outer loop
      vertex -1.5199766159057617 2.17075252532959 0
      vertex -1.3249998092651367 2.294966697692871 28.25
      vertex -1.5199766159057617 2.17075252532959 28.25
    endloop
  endfacet
  facet normal 0.5373003692645782 -0.8433909610543309 0
    outer loop
      vertex -1.3249998092651367 2.294966697692871 28.25
      vertex -1.5199766159057617 2.17075252532959 0
      vertex -1.3249998092651367 2.294966697692871 0
    endloop
  endfacet
  facet normal 0.461748973791761 -0.8870106454841766 0
    outer loop
      vertex -1.3249998092651367 2.294966697692871 0
      vertex -1.1199378967285156 2.4017152786254883 28.25
      vertex -1.3249998092651367 2.294966697692871 28.25
    endloop
  endfacet
  facet normal 0.461748973791761 -0.8870106454841766 0
    outer loop
      vertex -1.1199378967285156 2.4017152786254883 28.25
      vertex -1.3249998092651367 2.294966697692871 0
      vertex -1.1199378967285156 2.4017152786254883 0
    endloop
  endfacet
  facet normal -0.8870106454841766 0.461748973791761 0
    outer loop
      vertex 2.294966697692871 -1.3249998092651367 0
      vertex 2.4017152786254883 -1.1199378967285156 28.25
      vertex 2.4017152786254883 -1.1199378967285156 0
    endloop
  endfacet
  facet normal -0.8870106454841766 0.461748973791761 0
    outer loop
      vertex 2.4017152786254883 -1.1199378967285156 28.25
      vertex 2.294966697692871 -1.3249998092651367 0
      vertex 2.294966697692871 -1.3249998092651367 28.25
    endloop
  endfacet
  facet normal -0.9238799254673602 0.3826824836838301 0
    outer loop
      vertex 2.4017152786254883 -1.1199378967285156 0
      vertex 2.490184783935547 -0.9063529968261719 28.25
      vertex 2.490184783935547 -0.9063529968261719 0
    endloop
  endfacet
  facet normal -0.9238799254673602 0.3826824836838301 0
    outer loop
      vertex 2.490184783935547 -0.9063529968261719 28.25
      vertex 2.4017152786254883 -1.1199378967285156 0
      vertex 2.4017152786254883 -1.1199378967285156 28.25
    endloop
  endfacet
  facet normal -0.7933524616822237 -0.6087625740325663 0
    outer loop
      vertex 2.17075252532959 1.5199766159057617 0
      vertex 2.0300168991088867 1.7033863067626953 28.25
      vertex 2.0300168991088867 1.7033863067626953 0
    endloop
  endfacet
  facet normal -0.7933524616822237 -0.6087625740325663 0
    outer loop
      vertex 2.0300168991088867 1.7033863067626953 28.25
      vertex 2.17075252532959 1.5199766159057617 0
      vertex 2.17075252532959 1.5199766159057617 28.25
    endloop
  endfacet
  facet normal -0.3826824836838301 -0.9238799254673602 0
    outer loop
      vertex 0.9063529968261719 2.490184783935547 0
      vertex 1.1199378967285156 2.4017152786254883 28.25
      vertex 0.9063529968261719 2.490184783935547 28.25
    endloop
  endfacet
  facet normal -0.3826824836838301 -0.9238799254673602 0
    outer loop
      vertex 1.1199378967285156 2.4017152786254883 28.25
      vertex 0.9063529968261719 2.490184783935547 0
      vertex 1.1199378967285156 2.4017152786254883 0
    endloop
  endfacet
  facet normal -0.9537168003782328 -0.3007062764165493 0
    outer loop
      vertex 2.5597028732299805 0.6858701705932617 0
      vertex 2.490184783935547 0.9063529968261719 28.25
      vertex 2.490184783935547 0.9063529968261719 0
    endloop
  endfacet
  facet normal -0.9537168003782328 -0.3007062764165493 0
    outer loop
      vertex 2.490184783935547 0.9063529968261719 28.25
      vertex 2.5597028732299805 0.6858701705932617 0
      vertex 2.5597028732299805 0.6858701705932617 28.25
    endloop
  endfacet
  facet normal 0.8433909610543309 -0.5373003692645782 0
    outer loop
      vertex -2.294966697692871 1.3249998092651367 28.25
      vertex -2.17075252532959 1.5199766159057617 0
      vertex -2.17075252532959 1.5199766159057617 28.25
    endloop
  endfacet
  facet normal 0.8433909610543309 -0.5373003692645782 0
    outer loop
      vertex -2.17075252532959 1.5199766159057617 0
      vertex -2.294966697692871 1.3249998092651367 28.25
      vertex -2.294966697692871 1.3249998092651367 0
    endloop
  endfacet
  facet normal -0.5373003692645782 0.8433909610543309 0
    outer loop
      vertex 1.5199766159057617 -2.17075252532959 0
      vertex 1.3249998092651367 -2.294966697692871 28.25
      vertex 1.5199766159057617 -2.17075252532959 28.25
    endloop
  endfacet
  facet normal -0.5373003692645782 0.8433909610543309 0
    outer loop
      vertex 1.3249998092651367 -2.294966697692871 28.25
      vertex 1.5199766159057617 -2.17075252532959 0
      vertex 1.3249998092651367 -2.294966697692871 0
    endloop
  endfacet
  facet normal -0.3007062764165493 0.9537168003782328 0
    outer loop
      vertex 0.9063529968261719 -2.490184783935547 0
      vertex 0.6858701705932617 -2.5597028732299805 28.25
      vertex 0.9063529968261719 -2.490184783935547 28.25
    endloop
  endfacet
  facet normal -0.3007062764165493 0.9537168003782328 0
    outer loop
      vertex 0.6858701705932617 -2.5597028732299805 28.25
      vertex 0.9063529968261719 -2.490184783935547 0
      vertex 0.6858701705932617 -2.5597028732299805 0
    endloop
  endfacet
  facet normal 0.8433909610543309 0.5373003692645782 0
    outer loop
      vertex -2.17075252532959 -1.5199766159057617 28.25
      vertex -2.294966697692871 -1.3249998092651367 0
      vertex -2.294966697692871 -1.3249998092651367 28.25
    endloop
  endfacet
  facet normal 0.8433909610543309 0.5373003692645782 0
    outer loop
      vertex -2.294966697692871 -1.3249998092651367 0
      vertex -2.17075252532959 -1.5199766159057617 28.25
      vertex -2.17075252532959 -1.5199766159057617 0
    endloop
  endfacet
  facet normal 0.9762958421294314 -0.21644035816082094 0
    outer loop
      vertex -2.6097402572631836 0.46016693115234375 28.25
      vertex -2.5597028732299805 0.6858701705932617 0
      vertex -2.5597028732299805 0.6858701705932617 28.25
    endloop
  endfacet
  facet normal 0.9762958421294314 -0.21644035816082094 0
    outer loop
      vertex -2.5597028732299805 0.6858701705932617 0
      vertex -2.6097402572631836 0.46016693115234375 28.25
      vertex -2.6097402572631836 0.46016693115234375 0
    endloop
  endfacet
  facet normal 0.9762958421294314 0.21644035816082094 0
    outer loop
      vertex -2.5597028732299805 -0.6858701705932617 28.25
      vertex -2.6097402572631836 -0.46016693115234375 0
      vertex -2.6097402572631836 -0.46016693115234375 28.25
    endloop
  endfacet
  facet normal 0.9762958421294314 0.21644035816082094 0
    outer loop
      vertex -2.6097402572631836 -0.46016693115234375 0
      vertex -2.5597028732299805 -0.6858701705932617 28.25
      vertex -2.5597028732299805 -0.6858701705932617 0
    endloop
  endfacet
  facet normal 0.3826824836838301 -0.9238799254673602 0
    outer loop
      vertex -1.1199378967285156 2.4017152786254883 0
      vertex -0.9063529968261719 2.490184783935547 28.25
      vertex -1.1199378967285156 2.4017152786254883 28.25
    endloop
  endfacet
  facet normal 0.3826824836838301 -0.9238799254673602 0
    outer loop
      vertex -0.9063529968261719 2.490184783935547 28.25
      vertex -1.1199378967285156 2.4017152786254883 0
      vertex -0.9063529968261719 2.490184783935547 0
    endloop
  endfacet
  facet normal 0.8870106454841766 0.461748973791761 0
    outer loop
      vertex -2.294966697692871 -1.3249998092651367 28.25
      vertex -2.4017152786254883 -1.1199378967285156 0
      vertex -2.4017152786254883 -1.1199378967285156 28.25
    endloop
  endfacet
  facet normal 0.8870106454841766 0.461748973791761 0
    outer loop
      vertex -2.4017152786254883 -1.1199378967285156 0
      vertex -2.294966697692871 -1.3249998092651367 28.25
      vertex -2.294966697692871 -1.3249998092651367 0
    endloop
  endfacet
  facet normal 0.9990481947628949 -0.04362000161624095 0
    outer loop
      vertex -2.6499996185302734 0 28.25
      vertex -2.6399154663085938 0.23096179962158203 0
      vertex -2.6399154663085938 0.23096179962158203 28.25
    endloop
  endfacet
  facet normal 0.9990481947628949 -0.04362000161624095 0
    outer loop
      vertex -2.6399154663085938 0.23096179962158203 0
      vertex -2.6499996185302734 0 28.25
      vertex -2.6499996185302734 0 0
    endloop
  endfacet
  facet normal 0.21644035816082094 0.9762958421294314 0
    outer loop
      vertex -0.46016693115234375 -2.6097402572631836 0
      vertex -0.6858701705932617 -2.5597028732299805 28.25
      vertex -0.46016693115234375 -2.6097402572631836 28.25
    endloop
  endfacet
  facet normal 0.21644035816082094 0.9762958421294314 0
    outer loop
      vertex -0.6858701705932617 -2.5597028732299805 28.25
      vertex -0.46016693115234375 -2.6097402572631836 0
      vertex -0.6858701705932617 -2.5597028732299805 0
    endloop
  endfacet
  facet normal 0.04362000161624095 -0.9990481947628949 0
    outer loop
      vertex -0.23096179962158203 2.6399154663085938 0
      vertex 0 2.6499996185302734 28.25
      vertex -0.23096179962158203 2.6399154663085938 28.25
    endloop
  endfacet
  facet normal 0.04362000161624095 -0.9990481947628949 0
    outer loop
      vertex 0 2.6499996185302734 28.25
      vertex -0.23096179962158203 2.6399154663085938 0
      vertex 0 2.6499996185302734 0
    endloop
  endfacet
  facet normal -0.8433909610543309 -0.5373003692645782 0
    outer loop
      vertex 2.294966697692871 1.3249998092651367 0
      vertex 2.17075252532959 1.5199766159057617 28.25
      vertex 2.17075252532959 1.5199766159057617 0
    endloop
  endfacet
  facet normal -0.8433909610543309 -0.5373003692645782 0
    outer loop
      vertex 2.17075252532959 1.5199766159057617 28.25
      vertex 2.294966697692871 1.3249998092651367 0
      vertex 2.294966697692871 1.3249998092651367 28.25
    endloop
  endfacet
  facet normal 0.9990481947628949 0.04362000161624095 0
    outer loop
      vertex -2.6399154663085938 -0.23096179962158203 28.25
      vertex -2.6499996185302734 0 0
      vertex -2.6499996185302734 0 28.25
    endloop
  endfacet
  facet normal 0.9990481947628949 0.04362000161624095 0
    outer loop
      vertex -2.6499996185302734 0 0
      vertex -2.6399154663085938 -0.23096179962158203 28.25
      vertex -2.6399154663085938 -0.23096179962158203 0
    endloop
  endfacet
  facet normal -0.21644035816082094 0.9762958421294314 0
    outer loop
      vertex 0.6858701705932617 -2.5597028732299805 0
      vertex 0.46016693115234375 -2.6097402572631836 28.25
      vertex 0.6858701705932617 -2.5597028732299805 28.25
    endloop
  endfacet
  facet normal -0.21644035816082094 0.9762958421294314 0
    outer loop
      vertex 0.46016693115234375 -2.6097402572631836 28.25
      vertex 0.6858701705932617 -2.5597028732299805 0
      vertex 0.46016693115234375 -2.6097402572631836 0
    endloop
  endfacet
  facet normal 0.9537168003782328 0.3007062764165493 0
    outer loop
      vertex -2.490184783935547 -0.9063529968261719 28.25
      vertex -2.5597028732299805 -0.6858701705932617 0
      vertex -2.5597028732299805 -0.6858701705932617 28.25
    endloop
  endfacet
  facet normal 0.9537168003782328 0.3007062764165493 0
    outer loop
      vertex -2.5597028732299805 -0.6858701705932617 0
      vertex -2.490184783935547 -0.9063529968261719 28.25
      vertex -2.490184783935547 -0.9063529968261719 0
    endloop
  endfacet
  facet normal 0.5373003692645782 0.8433909610543309 0
    outer loop
      vertex -1.3249998092651367 -2.294966697692871 0
      vertex -1.5199766159057617 -2.17075252532959 28.25
      vertex -1.3249998092651367 -2.294966697692871 28.25
    endloop
  endfacet
  facet normal 0.5373003692645782 0.8433909610543309 0
    outer loop
      vertex -1.5199766159057617 -2.17075252532959 28.25
      vertex -1.3249998092651367 -2.294966697692871 0
      vertex -1.5199766159057617 -2.17075252532959 0
    endloop
  endfacet
  facet normal 0.21644035816082094 -0.9762958421294314 0
    outer loop
      vertex -0.6858701705932617 2.5597028732299805 0
      vertex -0.46016693115234375 2.6097402572631836 28.25
      vertex -0.6858701705932617 2.5597028732299805 28.25
    endloop
  endfacet
  facet normal 0.21644035816082094 -0.9762958421294314 0
    outer loop
      vertex -0.46016693115234375 2.6097402572631836 28.25
      vertex -0.6858701705932617 2.5597028732299805 0
      vertex -0.46016693115234375 2.6097402572631836 0
    endloop
  endfacet
  facet normal -0.6755875046472339 -0.7372798136152404 0
    outer loop
      vertex 1.7033863067626953 2.0300168991088867 0
      vertex 1.8738327026367188 1.8738327026367188 28.25
      vertex 1.7033863067626953 2.0300168991088867 28.25
    endloop
  endfacet
  facet normal -0.6755875046472339 -0.7372798136152404 0
    outer loop
      vertex 1.8738327026367188 1.8738327026367188 28.25
      vertex 1.7033863067626953 2.0300168991088867 0
      vertex 1.8738327026367188 1.8738327026367188 0
    endloop
  endfacet
  facet normal 0.9914449839523202 0.13052526114045312 0
    outer loop
      vertex -2.6097402572631836 -0.46016693115234375 28.25
      vertex -2.6399154663085938 -0.23096179962158203 0
      vertex -2.6399154663085938 -0.23096179962158203 28.25
    endloop
  endfacet
  facet normal 0.9914449839523202 0.13052526114045312 0
    outer loop
      vertex -2.6399154663085938 -0.23096179962158203 0
      vertex -2.6097402572631836 -0.46016693115234375 28.25
      vertex -2.6097402572631836 -0.46016693115234375 0
    endloop
  endfacet
  facet normal -0.6087625740325663 -0.7933524616822237 0
    outer loop
      vertex 1.5199766159057617 2.17075252532959 0
      vertex 1.7033863067626953 2.0300168991088867 28.25
      vertex 1.5199766159057617 2.17075252532959 28.25
    endloop
  endfacet
  facet normal -0.6087625740325663 -0.7933524616822237 0
    outer loop
      vertex 1.7033863067626953 2.0300168991088867 28.25
      vertex 1.5199766159057617 2.17075252532959 0
      vertex 1.7033863067626953 2.0300168991088867 0
    endloop
  endfacet
  facet normal -0.3007062764165493 -0.9537168003782328 0
    outer loop
      vertex 0.6858701705932617 2.5597028732299805 0
      vertex 0.9063529968261719 2.490184783935547 28.25
      vertex 0.6858701705932617 2.5597028732299805 28.25
    endloop
  endfacet
  facet normal -0.3007062764165493 -0.9537168003782328 0
    outer loop
      vertex 0.9063529968261719 2.490184783935547 28.25
      vertex 0.6858701705932617 2.5597028732299805 0
      vertex 0.9063529968261719 2.490184783935547 0
    endloop
  endfacet
  facet normal -0.04362000161624095 0.9990481947628949 0
    outer loop
      vertex 0.23096179962158203 -2.6399154663085938 0
      vertex 0 -2.6499996185302734 28.25
      vertex 0.23096179962158203 -2.6399154663085938 28.25
    endloop
  endfacet
  facet normal -0.04362000161624095 0.9990481947628949 0
    outer loop
      vertex 0 -2.6499996185302734 28.25
      vertex 0.23096179962158203 -2.6399154663085938 0
      vertex 0 -2.6499996185302734 0
    endloop
  endfacet
  facet normal 0.8870106454841766 -0.461748973791761 0
    outer loop
      vertex -2.4017152786254883 1.1199378967285156 28.25
      vertex -2.294966697692871 1.3249998092651367 0
      vertex -2.294966697692871 1.3249998092651367 28.25
    endloop
  endfacet
  facet normal 0.8870106454841766 -0.461748973791761 0
    outer loop
      vertex -2.294966697692871 1.3249998092651367 0
      vertex -2.4017152786254883 1.1199378967285156 28.25
      vertex -2.4017152786254883 1.1199378967285156 0
    endloop
  endfacet
  facet normal 0.13052526114045312 0.9914449839523202 0
    outer loop
      vertex -0.23096179962158203 -2.6399154663085938 0
      vertex -0.46016693115234375 -2.6097402572631836 28.25
      vertex -0.23096179962158203 -2.6399154663085938 28.25
    endloop
  endfacet
  facet normal 0.13052526114045312 0.9914449839523202 0
    outer loop
      vertex -0.46016693115234375 -2.6097402572631836 28.25
      vertex -0.23096179962158203 -2.6399154663085938 0
      vertex -0.46016693115234375 -2.6097402572631836 0
    endloop
  endfacet
  facet normal 0.9537168003782328 -0.3007062764165493 0
    outer loop
      vertex -2.5597028732299805 0.6858701705932617 28.25
      vertex -2.490184783935547 0.9063529968261719 0
      vertex -2.490184783935547 0.9063529968261719 28.25
    endloop
  endfacet
  facet normal 0.9537168003782328 -0.3007062764165493 0
    outer loop
      vertex -2.490184783935547 0.9063529968261719 0
      vertex -2.5597028732299805 0.6858701705932617 28.25
      vertex -2.5597028732299805 0.6858701705932617 0
    endloop
  endfacet
  facet normal 0.6087625740325663 -0.7933524616822237 0
    outer loop
      vertex -1.7033863067626953 2.0300168991088867 0
      vertex -1.5199766159057617 2.17075252532959 28.25
      vertex -1.7033863067626953 2.0300168991088867 28.25
    endloop
  endfacet
  facet normal 0.6087625740325663 -0.7933524616822237 0
    outer loop
      vertex -1.5199766159057617 2.17075252532959 28.25
      vertex -1.7033863067626953 2.0300168991088867 0
      vertex -1.5199766159057617 2.17075252532959 0
    endloop
  endfacet
  facet normal 0.9238799254673602 -0.3826824836838301 0
    outer loop
      vertex -2.490184783935547 0.9063529968261719 28.25
      vertex -2.4017152786254883 1.1199378967285156 0
      vertex -2.4017152786254883 1.1199378967285156 28.25
    endloop
  endfacet
  facet normal 0.9238799254673602 -0.3826824836838301 0
    outer loop
      vertex -2.4017152786254883 1.1199378967285156 0
      vertex -2.490184783935547 0.9063529968261719 28.25
      vertex -2.490184783935547 0.9063529968261719 0
    endloop
  endfacet
  facet normal 0.13052526114045312 -0.9914449839523202 0
    outer loop
      vertex -0.46016693115234375 2.6097402572631836 0
      vertex -0.23096179962158203 2.6399154663085938 28.25
      vertex -0.46016693115234375 2.6097402572631836 28.25
    endloop
  endfacet
  facet normal 0.13052526114045312 -0.9914449839523202 0
    outer loop
      vertex -0.23096179962158203 2.6399154663085938 28.25
      vertex -0.46016693115234375 2.6097402572631836 0
      vertex -0.23096179962158203 2.6399154663085938 0
    endloop
  endfacet
  facet normal -0.7372798136152404 0.6755875046472339 0
    outer loop
      vertex 1.8738327026367188 -1.8738327026367188 0
      vertex 2.0300168991088867 -1.7033863067626953 28.25
      vertex 2.0300168991088867 -1.7033863067626953 0
    endloop
  endfacet
  facet normal -0.7372798136152404 0.6755875046472339 0
    outer loop
      vertex 2.0300168991088867 -1.7033863067626953 28.25
      vertex 1.8738327026367188 -1.8738327026367188 0
      vertex 1.8738327026367188 -1.8738327026367188 28.25
    endloop
  endfacet
  facet normal -0.9537168003782328 0.3007062764165493 0
    outer loop
      vertex 2.490184783935547 -0.9063529968261719 0
      vertex 2.5597028732299805 -0.6858701705932617 28.25
      vertex 2.5597028732299805 -0.6858701705932617 0
    endloop
  endfacet
  facet normal -0.9537168003782328 0.3007062764165493 0
    outer loop
      vertex 2.5597028732299805 -0.6858701705932617 28.25
      vertex 2.490184783935547 -0.9063529968261719 0
      vertex 2.490184783935547 -0.9063529968261719 28.25
    endloop
  endfacet
  facet normal 0.7933524616822237 0.6087625740325663 0
    outer loop
      vertex -2.0300168991088867 -1.7033863067626953 28.25
      vertex -2.17075252532959 -1.5199766159057617 0
      vertex -2.17075252532959 -1.5199766159057617 28.25
    endloop
  endfacet
  facet normal 0.7933524616822237 0.6087625740325663 0
    outer loop
      vertex -2.17075252532959 -1.5199766159057617 0
      vertex -2.0300168991088867 -1.7033863067626953 28.25
      vertex -2.0300168991088867 -1.7033863067626953 0
    endloop
  endfacet
  facet normal 0.7372798136152404 0.6755875046472339 0
    outer loop
      vertex -1.8738327026367188 -1.8738327026367188 28.25
      vertex -2.0300168991088867 -1.7033863067626953 0
      vertex -2.0300168991088867 -1.7033863067626953 28.25
    endloop
  endfacet
  facet normal 0.7372798136152404 0.6755875046472339 0
    outer loop
      vertex -2.0300168991088867 -1.7033863067626953 0
      vertex -1.8738327026367188 -1.8738327026367188 28.25
      vertex -1.8738327026367188 -1.8738327026367188 0
    endloop
  endfacet
  facet normal -0.3826824836838301 0.9238799254673602 0
    outer loop
      vertex 1.1199378967285156 -2.4017152786254883 0
      vertex 0.9063529968261719 -2.490184783935547 28.25
      vertex 1.1199378967285156 -2.4017152786254883 28.25
    endloop
  endfacet
  facet normal -0.3826824836838301 0.9238799254673602 0
    outer loop
      vertex 0.9063529968261719 -2.490184783935547 28.25
      vertex 1.1199378967285156 -2.4017152786254883 0
      vertex 0.9063529968261719 -2.490184783935547 0
    endloop
  endfacet
  facet normal 0.6087625740325663 0.7933524616822237 0
    outer loop
      vertex -1.5199766159057617 -2.17075252532959 0
      vertex -1.7033863067626953 -2.0300168991088867 28.25
      vertex -1.5199766159057617 -2.17075252532959 28.25
    endloop
  endfacet
  facet normal 0.6087625740325663 0.7933524616822237 0
    outer loop
      vertex -1.7033863067626953 -2.0300168991088867 28.25
      vertex -1.5199766159057617 -2.17075252532959 0
      vertex -1.7033863067626953 -2.0300168991088867 0
    endloop
  endfacet
  facet normal 0 -1 0
    outer loop
      vertex -2.396002769470215 4.149999618530273 28.25
      vertex 2.396002769470215 4.149999618530273 35.25
      vertex -2.396002769470215 4.149999618530273 35.25
    endloop
  endfacet
  facet normal 0 -1 0
    outer loop
      vertex 2.396002769470215 4.149999618530273 35.25
      vertex -2.396002769470215 4.149999618530273 28.25
      vertex 2.396002769470215 4.149999618530273 28.25
    endloop
  endfacet
  facet normal 0.866025374304083 0.5000000510614704 0
    outer loop
      vertex -2.396002769470215 -4.149999618530273 35.25
      vertex -4.792006492614746 0 28.25
      vertex -4.792006492614746 0 35.25
    endloop
  endfacet
  facet normal 0.866025374304083 0.5000000510614704 0
    outer loop
      vertex -4.792006492614746 0 28.25
      vertex -2.396002769470215 -4.149999618530273 35.25
      vertex -2.396002769470215 -4.149999618530273 28.25
    endloop
  endfacet
  facet normal -0.866025374304083 -0.5000000510614704 0
    outer loop
      vertex 4.792006492614746 0 28.25
      vertex 2.396002769470215 4.149999618530273 35.25
      vertex 2.396002769470215 4.149999618530273 28.25
    endloop
  endfacet
  facet normal -0.866025374304083 -0.5000000510614704 0
    outer loop
      vertex 2.396002769470215 4.149999618530273 35.25
      vertex 4.792006492614746 0 28.25
      vertex 4.792006492614746 0 35.25
    endloop
  endfacet
  facet normal 0.866025374304083 -0.5000000510614704 0
    outer loop
      vertex -4.792006492614746 0 35.25
      vertex -2.396002769470215 4.149999618530273 28.25
      vertex -2.396002769470215 4.149999618530273 35.25
    endloop
  endfacet
  facet normal 0.866025374304083 -0.5000000510614704 0
    outer loop
      vertex -2.396002769470215 4.149999618530273 28.25
      vertex -4.792006492614746 0 35.25
      vertex -4.792006492614746 0 28.25
    endloop
  endfacet
  facet normal 0 0 1
    outer loop
      vertex 4.792006492614746 0 28.25
      vertex 2.6399154663085938 0.23096179962158203 28.25
      vertex 2.6499996185302734 0 28.25
    endloop
  endfacet
  facet normal 0 0 1
    outer loop
      vertex 4.792006492614746 0 28.25
      vertex 2.6097402572631836 0.46016693115234375 28.25
      vertex 2.6399154663085938 0.23096179962158203 28.25
    endloop
  endfacet
  facet normal 0 0 1
    outer loop
      vertex 4.792006492614746 0 28.25
      vertex 2.5597028732299805 0.6858701705932617 28.25
      vertex 2.6097402572631836 0.46016693115234375 28.25
    endloop
  endfacet
  facet normal 0 0 1
    outer loop
      vertex 4.792006492614746 0 28.25
      vertex 2.490184783935547 0.9063529968261719 28.25
      vertex 2.5597028732299805 0.6858701705932617 28.25
    endloop
  endfacet
  facet normal 0 0 1
    outer loop
      vertex 4.792006492614746 0 28.25
      vertex 2.4017152786254883 1.1199378967285156 28.25
      vertex 2.490184783935547 0.9063529968261719 28.25
    endloop
  endfacet
  facet normal 0 0 1
    outer loop
      vertex 2.294966697692871 1.3249998092651367 28.25
      vertex 4.792006492614746 0 28.25
      vertex 2.396002769470215 4.149999618530273 28.25
    endloop
  endfacet
  facet normal 0 0 1
    outer loop
      vertex 4.792006492614746 0 28.25
      vertex 2.294966697692871 1.3249998092651367 28.25
      vertex 2.4017152786254883 1.1199378967285156 28.25
    endloop
  endfacet
  facet normal 0 0 1
    outer loop
      vertex 2.396002769470215 4.149999618530273 28.25
      vertex 2.17075252532959 1.5199766159057617 28.25
      vertex 2.294966697692871 1.3249998092651367 28.25
    endloop
  endfacet
  facet normal 0 0 1
    outer loop
      vertex 2.396002769470215 4.149999618530273 28.25
      vertex 2.0300168991088867 1.7033863067626953 28.25
      vertex 2.17075252532959 1.5199766159057617 28.25
    endloop
  endfacet
  facet normal 0 0 1
    outer loop
      vertex 2.396002769470215 4.149999618530273 28.25
      vertex 1.8738327026367188 1.8738327026367188 28.25
      vertex 2.0300168991088867 1.7033863067626953 28.25
    endloop
  endfacet
  facet normal 0 0 1
    outer loop
      vertex 2.396002769470215 4.149999618530273 28.25
      vertex 1.7033863067626953 2.0300168991088867 28.25
      vertex 1.8738327026367188 1.8738327026367188 28.25
    endloop
  endfacet
  facet normal 0 0 1
    outer loop
      vertex 2.396002769470215 4.149999618530273 28.25
      vertex 1.5199766159057617 2.17075252532959 28.25
      vertex 1.7033863067626953 2.0300168991088867 28.25
    endloop
  endfacet
  facet normal 0 0 1
    outer loop
      vertex 2.396002769470215 4.149999618530273 28.25
      vertex 1.3249998092651367 2.294966697692871 28.25
      vertex 1.5199766159057617 2.17075252532959 28.25
    endloop
  endfacet
  facet normal 0 0 1
    outer loop
      vertex 2.396002769470215 4.149999618530273 28.25
      vertex 1.1199378967285156 2.4017152786254883 28.25
      vertex 1.3249998092651367 2.294966697692871 28.25
    endloop
  endfacet
  facet normal 0 0 1
    outer loop
      vertex 2.396002769470215 4.149999618530273 28.25
      vertex 0.9063529968261719 2.490184783935547 28.25
      vertex 1.1199378967285156 2.4017152786254883 28.25
    endloop
  endfacet
  facet normal 0 0 1
    outer loop
      vertex 2.396002769470215 4.149999618530273 28.25
      vertex 0.6858701705932617 2.5597028732299805 28.25
      vertex 0.9063529968261719 2.490184783935547 28.25
    endloop
  endfacet
  facet normal 0 0 1
    outer loop
      vertex 2.396002769470215 4.149999618530273 28.25
      vertex 0.46016693115234375 2.6097402572631836 28.25
      vertex 0.6858701705932617 2.5597028732299805 28.25
    endloop
  endfacet
  facet normal 0 0 1
    outer loop
      vertex 2.396002769470215 4.149999618530273 28.25
      vertex 0.23096179962158203 2.6399154663085938 28.25
      vertex 0.46016693115234375 2.6097402572631836 28.25
    endloop
  endfacet
  facet normal 0 0 1
    outer loop
      vertex 2.396002769470215 4.149999618530273 28.25
      vertex 0 2.6499996185302734 28.25
      vertex 0.23096179962158203 2.6399154663085938 28.25
    endloop
  endfacet
  facet normal 0 0 1
    outer loop
      vertex -2.396002769470215 4.149999618530273 28.25
      vertex 0 2.6499996185302734 28.25
      vertex 2.396002769470215 4.149999618530273 28.25
    endloop
  endfacet
  facet normal 0 0 1
    outer loop
      vertex 0 2.6499996185302734 28.25
      vertex -2.396002769470215 4.149999618530273 28.25
      vertex -0.23096179962158203 2.6399154663085938 28.25
    endloop
  endfacet
  facet normal 0 0 1
    outer loop
      vertex -0.23096179962158203 2.6399154663085938 28.25
      vertex -2.396002769470215 4.149999618530273 28.25
      vertex -0.46016693115234375 2.6097402572631836 28.25
    endloop
  endfacet
  facet normal 0 0 1
    outer loop
      vertex -0.46016693115234375 2.6097402572631836 28.25
      vertex -2.396002769470215 4.149999618530273 28.25
      vertex -0.6858701705932617 2.5597028732299805 28.25
    endloop
  endfacet
  facet normal 0 0 1
    outer loop
      vertex -0.6858701705932617 2.5597028732299805 28.25
      vertex -2.396002769470215 4.149999618530273 28.25
      vertex -0.9063529968261719 2.490184783935547 28.25
    endloop
  endfacet
  facet normal 0 0 1
    outer loop
      vertex -0.9063529968261719 2.490184783935547 28.25
      vertex -2.396002769470215 4.149999618530273 28.25
      vertex -1.1199378967285156 2.4017152786254883 28.25
    endloop
  endfacet
  facet normal 0 0 1
    outer loop
      vertex -2.396002769470215 4.149999618530273 28.25
      vertex -1.3249998092651367 2.294966697692871 28.25
      vertex -1.1199378967285156 2.4017152786254883 28.25
    endloop
  endfacet
  facet normal 0 0 1
    outer loop
      vertex -2.396002769470215 4.149999618530273 28.25
      vertex -1.5199766159057617 2.17075252532959 28.25
      vertex -1.3249998092651367 2.294966697692871 28.25
    endloop
  endfacet
  facet normal 0 0 1
    outer loop
      vertex -2.396002769470215 4.149999618530273 28.25
      vertex -1.7033863067626953 2.0300168991088867 28.25
      vertex -1.5199766159057617 2.17075252532959 28.25
    endloop
  endfacet
  facet normal 0 0 1
    outer loop
      vertex -2.396002769470215 4.149999618530273 28.25
      vertex -1.8738327026367188 1.8738327026367188 28.25
      vertex -1.7033863067626953 2.0300168991088867 28.25
    endloop
  endfacet
  facet normal 0 0 1
    outer loop
      vertex -2.396002769470215 4.149999618530273 28.25
      vertex -2.0300168991088867 1.7033863067626953 28.25
      vertex -1.8738327026367188 1.8738327026367188 28.25
    endloop
  endfacet
  facet normal 0 0 1
    outer loop
      vertex -2.396002769470215 4.149999618530273 28.25
      vertex -2.17075252532959 1.5199766159057617 28.25
      vertex -2.0300168991088867 1.7033863067626953 28.25
    endloop
  endfacet
  facet normal 0 0 1
    outer loop
      vertex -2.396002769470215 4.149999618530273 28.25
      vertex -2.294966697692871 1.3249998092651367 28.25
      vertex -2.17075252532959 1.5199766159057617 28.25
    endloop
  endfacet
  facet normal 0 0 1
    outer loop
      vertex -4.792006492614746 0 28.25
      vertex -2.294966697692871 1.3249998092651367 28.25
      vertex -2.396002769470215 4.149999618530273 28.25
    endloop
  endfacet
  facet normal 0 0 1
    outer loop
      vertex -2.294966697692871 1.3249998092651367 28.25
      vertex -4.792006492614746 0 28.25
      vertex -2.4017152786254883 1.1199378967285156 28.25
    endloop
  endfacet
  facet normal 0 0 1
    outer loop
      vertex -2.4017152786254883 1.1199378967285156 28.25
      vertex -4.792006492614746 0 28.25
      vertex -2.490184783935547 0.9063529968261719 28.25
    endloop
  endfacet
  facet normal 0 0 1
    outer loop
      vertex -2.490184783935547 0.9063529968261719 28.25
      vertex -4.792006492614746 0 28.25
      vertex -2.5597028732299805 0.6858701705932617 28.25
    endloop
  endfacet
  facet normal 0 0 1
    outer loop
      vertex -2.5597028732299805 0.6858701705932617 28.25
      vertex -4.792006492614746 0 28.25
      vertex -2.6097402572631836 0.46016693115234375 28.25
    endloop
  endfacet
  facet normal 0 0 1
    outer loop
      vertex -2.6399154663085938 0.23096179962158203 28.25
      vertex -4.792006492614746 0 28.25
      vertex -2.6499996185302734 0 28.25
    endloop
  endfacet
  facet normal 0 0 1
    outer loop
      vertex -2.6097402572631836 0.46016693115234375 28.25
      vertex -4.792006492614746 0 28.25
      vertex -2.6399154663085938 0.23096179962158203 28.25
    endloop
  endfacet
  facet normal 0 0 1
    outer loop
      vertex 2.6399154663085938 -0.23096179962158203 28.25
      vertex 4.792006492614746 0 28.25
      vertex 2.6499996185302734 0 28.25
    endloop
  endfacet
  facet normal 0 0 1
    outer loop
      vertex 2.6097402572631836 -0.46016693115234375 28.25
      vertex 4.792006492614746 0 28.25
      vertex 2.6399154663085938 -0.23096179962158203 28.25
    endloop
  endfacet
  facet normal 0 0 1
    outer loop
      vertex 2.5597028732299805 -0.6858701705932617 28.25
      vertex 4.792006492614746 0 28.25
      vertex 2.6097402572631836 -0.46016693115234375 28.25
    endloop
  endfacet
  facet normal 0 0 1
    outer loop
      vertex 2.490184783935547 -0.9063529968261719 28.25
      vertex 4.792006492614746 0 28.25
      vertex 2.5597028732299805 -0.6858701705932617 28.25
    endloop
  endfacet
  facet normal 0 0 1
    outer loop
      vertex 2.4017152786254883 -1.1199378967285156 28.25
      vertex 4.792006492614746 0 28.25
      vertex 2.490184783935547 -0.9063529968261719 28.25
    endloop
  endfacet
  facet normal 0 0 1
    outer loop
      vertex 2.294966697692871 -1.3249998092651367 28.25
      vertex 4.792006492614746 0 28.25
      vertex 2.4017152786254883 -1.1199378967285156 28.25
    endloop
  endfacet
  facet normal 0 0 1
    outer loop
      vertex 4.792006492614746 0 28.25
      vertex 2.294966697692871 -1.3249998092651367 28.25
      vertex 2.396002769470215 -4.149999618530273 28.25
    endloop
  endfacet
  facet normal 0 0 1
    outer loop
      vertex 2.17075252532959 -1.5199766159057617 28.25
      vertex 2.396002769470215 -4.149999618530273 28.25
      vertex 2.294966697692871 -1.3249998092651367 28.25
    endloop
  endfacet
  facet normal 0 0 1
    outer loop
      vertex 2.0300168991088867 -1.7033863067626953 28.25
      vertex 2.396002769470215 -4.149999618530273 28.25
      vertex 2.17075252532959 -1.5199766159057617 28.25
    endloop
  endfacet
  facet normal 0 0 1
    outer loop
      vertex 1.8738327026367188 -1.8738327026367188 28.25
      vertex 2.396002769470215 -4.149999618530273 28.25
      vertex 2.0300168991088867 -1.7033863067626953 28.25
    endloop
  endfacet
  facet normal 0 0 1
    outer loop
      vertex 1.7033863067626953 -2.0300168991088867 28.25
      vertex 2.396002769470215 -4.149999618530273 28.25
      vertex 1.8738327026367188 -1.8738327026367188 28.25
    endloop
  endfacet
  facet normal 0 0 1
    outer loop
      vertex 1.5199766159057617 -2.17075252532959 28.25
      vertex 2.396002769470215 -4.149999618530273 28.25
      vertex 1.7033863067626953 -2.0300168991088867 28.25
    endloop
  endfacet
  facet normal 0 0 1
    outer loop
      vertex 1.3249998092651367 -2.294966697692871 28.25
      vertex 2.396002769470215 -4.149999618530273 28.25
      vertex 1.5199766159057617 -2.17075252532959 28.25
    endloop
  endfacet
  facet normal 0 0 1
    outer loop
      vertex 1.1199378967285156 -2.4017152786254883 28.25
      vertex 2.396002769470215 -4.149999618530273 28.25
      vertex 1.3249998092651367 -2.294966697692871 28.25
    endloop
  endfacet
  facet normal 0 0 1
    outer loop
      vertex 0.9063529968261719 -2.490184783935547 28.25
      vertex 2.396002769470215 -4.149999618530273 28.25
      vertex 1.1199378967285156 -2.4017152786254883 28.25
    endloop
  endfacet
  facet normal 0 0 1
    outer loop
      vertex 0.6858701705932617 -2.5597028732299805 28.25
      vertex 2.396002769470215 -4.149999618530273 28.25
      vertex 0.9063529968261719 -2.490184783935547 28.25
    endloop
  endfacet
  facet normal 0 0 1
    outer loop
      vertex 0.46016693115234375 -2.6097402572631836 28.25
      vertex 2.396002769470215 -4.149999618530273 28.25
      vertex 0.6858701705932617 -2.5597028732299805 28.25
    endloop
  endfacet
  facet normal 0 0 1
    outer loop
      vertex 0.23096179962158203 -2.6399154663085938 28.25
      vertex 2.396002769470215 -4.149999618530273 28.25
      vertex 0.46016693115234375 -2.6097402572631836 28.25
    endloop
  endfacet
  facet normal 0 0 1
    outer loop
      vertex 0 -2.6499996185302734 28.25
      vertex 2.396002769470215 -4.149999618530273 28.25
      vertex 0.23096179962158203 -2.6399154663085938 28.25
    endloop
  endfacet
  facet normal 0 0 1
    outer loop
      vertex -2.396002769470215 -4.149999618530273 28.25
      vertex 0 -2.6499996185302734 28.25
      vertex -0.23096179962158203 -2.6399154663085938 28.25
    endloop
  endfacet
  facet normal 0 0 1
    outer loop
      vertex -2.396002769470215 -4.149999618530273 28.25
      vertex -0.23096179962158203 -2.6399154663085938 28.25
      vertex -0.46016693115234375 -2.6097402572631836 28.25
    endloop
  endfacet
  facet normal 0 0 1
    outer loop
      vertex -2.396002769470215 -4.149999618530273 28.25
      vertex -0.46016693115234375 -2.6097402572631836 28.25
      vertex -0.6858701705932617 -2.5597028732299805 28.25
    endloop
  endfacet
  facet normal 0 0 1
    outer loop
      vertex -2.396002769470215 -4.149999618530273 28.25
      vertex -0.6858701705932617 -2.5597028732299805 28.25
      vertex -0.9063529968261719 -2.490184783935547 28.25
    endloop
  endfacet
  facet normal 0 0 1
    outer loop
      vertex -2.396002769470215 -4.149999618530273 28.25
      vertex -0.9063529968261719 -2.490184783935547 28.25
      vertex -1.1199378967285156 -2.4017152786254883 28.25
    endloop
  endfacet
  facet normal 0 0 1
    outer loop
      vertex 0 -2.6499996185302734 28.25
      vertex -2.396002769470215 -4.149999618530273 28.25
      vertex 2.396002769470215 -4.149999618530273 28.25
    endloop
  endfacet
  facet normal 0 0 1
    outer loop
      vertex -1.3249998092651367 -2.294966697692871 28.25
      vertex -2.396002769470215 -4.149999618530273 28.25
      vertex -1.1199378967285156 -2.4017152786254883 28.25
    endloop
  endfacet
  facet normal 0 0 1
    outer loop
      vertex -1.5199766159057617 -2.17075252532959 28.25
      vertex -2.396002769470215 -4.149999618530273 28.25
      vertex -1.3249998092651367 -2.294966697692871 28.25
    endloop
  endfacet
  facet normal 0 0 1
    outer loop
      vertex -1.7033863067626953 -2.0300168991088867 28.25
      vertex -2.396002769470215 -4.149999618530273 28.25
      vertex -1.5199766159057617 -2.17075252532959 28.25
    endloop
  endfacet
  facet normal 0 0 1
    outer loop
      vertex -1.8738327026367188 -1.8738327026367188 28.25
      vertex -2.396002769470215 -4.149999618530273 28.25
      vertex -1.7033863067626953 -2.0300168991088867 28.25
    endloop
  endfacet
  facet normal 0 0 1
    outer loop
      vertex -2.0300168991088867 -1.7033863067626953 28.25
      vertex -2.396002769470215 -4.149999618530273 28.25
      vertex -1.8738327026367188 -1.8738327026367188 28.25
    endloop
  endfacet
  facet normal 0 0 1
    outer loop
      vertex -2.17075252532959 -1.5199766159057617 28.25
      vertex -2.396002769470215 -4.149999618530273 28.25
      vertex -2.0300168991088867 -1.7033863067626953 28.25
    endloop
  endfacet
  facet normal 0 0 1
    outer loop
      vertex -2.294966697692871 -1.3249998092651367 28.25
      vertex -2.396002769470215 -4.149999618530273 28.25
      vertex -2.17075252532959 -1.5199766159057617 28.25
    endloop
  endfacet
  facet normal 0 0 1
    outer loop
      vertex -4.792006492614746 0 28.25
      vertex -2.294966697692871 -1.3249998092651367 28.25
      vertex -2.4017152786254883 -1.1199378967285156 28.25
    endloop
  endfacet
  facet normal 0 0 1
    outer loop
      vertex -4.792006492614746 0 28.25
      vertex -2.4017152786254883 -1.1199378967285156 28.25
      vertex -2.490184783935547 -0.9063529968261719 28.25
    endloop
  endfacet
  facet normal 0 0 1
    outer loop
      vertex -4.792006492614746 0 28.25
      vertex -2.490184783935547 -0.9063529968261719 28.25
      vertex -2.5597028732299805 -0.6858701705932617 28.25
    endloop
  endfacet
  facet normal 0 0 1
    outer loop
      vertex -4.792006492614746 0 28.25
      vertex -2.5597028732299805 -0.6858701705932617 28.25
      vertex -2.6097402572631836 -0.46016693115234375 28.25
    endloop
  endfacet
  facet normal 0 0 1
    outer loop
      vertex -4.792006492614746 0 28.25
      vertex -2.6097402572631836 -0.46016693115234375 28.25
      vertex -2.6399154663085938 -0.23096179962158203 28.25
    endloop
  endfacet
  facet normal 0 0 1
    outer loop
      vertex -2.294966697692871 -1.3249998092651367 28.25
      vertex -4.792006492614746 0 28.25
      vertex -2.396002769470215 -4.149999618530273 28.25
    endloop
  endfacet
  facet normal 0 0 1
    outer loop
      vertex -4.792006492614746 0 28.25
      vertex -2.6399154663085938 -0.23096179962158203 28.25
      vertex -2.6499996185302734 0 28.25
    endloop
  endfacet
  facet normal 0 1 0
    outer loop
      vertex 2.396002769470215 -4.149999618530273 28.25
      vertex -2.396002769470215 -4.149999618530273 35.25
      vertex 2.396002769470215 -4.149999618530273 35.25
    endloop
  endfacet
  facet normal 0 1 0
    outer loop
      vertex -2.396002769470215 -4.149999618530273 35.25
      vertex 2.396002769470215 -4.149999618530273 28.25
      vertex -2.396002769470215 -4.149999618530273 28.25
    endloop
  endfacet
  facet normal -0.866025374304083 0.5000000510614704 0
    outer loop
      vertex 2.396002769470215 -4.149999618530273 28.25
      vertex 4.792006492614746 0 35.25
      vertex 4.792006492614746 0 28.25
    endloop
  endfacet
  facet normal -0.866025374304083 0.5000000510614704 0
    outer loop
      vertex 4.792006492614746 0 35.25
      vertex 2.396002769470215 -4.149999618530273 28.25
      vertex 2.396002769470215 -4.149999618530273 35.25
    endloop
  endfacet
endsolid OpenSCAD_Model
