solid OpenSCAD_Model
  facet normal 1 0 0
    outer loop
      vertex 2.5749998092651367 0 7.400074005126953
      vertex 2.5749998092651367 15 4.5999250411987305
      vertex 2.5749998092651367 15 7.400074005126953
    endloop
  endfacet
  facet normal 1 0 0
    outer loop
      vertex 2.5749998092651367 15 4.5999250411987305
      vertex 2.5749998092651367 0 7.400074005126953
      vertex 2.5749998092651367 0 4.5999250411987305
    endloop
  endfacet
  facet normal 0.49999986399506463 0 0.8660254823069105
    outer loop
      vertex 2.5749998092651367 15 4.5999250411987305
      vertex 5 0 3.1998510360717773
      vertex 5 15 3.1998510360717773
    endloop
  endfacet
  facet normal 0.49999986399506463 0 0.8660254823069105
    outer loop
      vertex 5 0 3.1998510360717773
      vertex 2.5749998092651367 15 4.5999250411987305
      vertex 2.5749998092651367 0 4.5999250411987305
    endloop
  endfacet
  facet normal 0.49999986399506463 0 -0.8660254823069105
    outer loop
      vertex 2.5749998092651367 0 7.400074005126953
      vertex 5 15 8.800148010253906
      vertex 5 0 8.800148010253906
    endloop
  endfacet
  facet normal 0.49999986399506463 0 -0.8660254823069105
    outer loop
      vertex 5 15 8.800148010253906
      vertex 2.5749998092651367 0 7.400074005126953
      vertex 2.5749998092651367 15 7.400074005126953
    endloop
  endfacet
  facet normal -1 0 0
    outer loop
      vertex 7.424999237060547 0 4.5999250411987305
      vertex 7.424999237060547 15 7.400074005126953
      vertex 7.424999237060547 15 4.5999250411987305
    endloop
  endfacet
  facet normal -1 0 0
    outer loop
      vertex 7.424999237060547 15 7.400074005126953
      vertex 7.424999237060547 0 4.5999250411987305
      vertex 7.424999237060547 0 7.400074005126953
    endloop
  endfacet
  facet normal -0.5000000114704857 0 0.8660253971619506
    outer loop
      vertex 5 15 3.1998510360717773
      vertex 7.424999237060547 0 4.5999250411987305
      vertex 7.424999237060547 15 4.5999250411987305
    endloop
  endfacet
  facet normal -0.5000000114704857 0 0.8660253971619506
    outer loop
      vertex 7.424999237060547 0 4.5999250411987305
      vertex 5 15 3.1998510360717773
      vertex 5 0 3.1998510360717773
    endloop
  endfacet
  facet normal -0.5000000114704857 0 -0.8660253971619506
    outer loop
      vertex 5 0 8.800148010253906
      vertex 7.424999237060547 15 7.400074005126953
      vertex 7.424999237060547 0 7.400074005126953
    endloop
  endfacet
  facet normal -0.5000000114704857 0 -0.8660253971619506
    outer loop
      vertex 7.424999237060547 15 7.400074005126953
      vertex 5 0 8.800148010253906
      vertex 5 15 8.800148010253906
    endloop
  endfacet
  facet normal 0 -1 0
    outer loop
      vertex 2.6499996185302734 9.399999618530273 11.5
      vertex 3.299999237060547 9.399999618530273 12
      vertex 2.6499996185302734 9.399999618530273 12
    endloop
  endfacet
  facet normal 0 -1 0
    outer loop
      vertex 3.299999237060547 9.399999618530273 12
      vertex 2.6499996185302734 9.399999618530273 11.5
      vertex 3.299999237060547 9.399999618530273 11.5
    endloop
  endfacet
  facet normal 1 0 0
    outer loop
      vertex 2.6499996185302734 7.824999809265137 12
      vertex 2.6499996185302734 9.399999618530273 11.5
      vertex 2.6499996185302734 9.399999618530273 12
    endloop
  endfacet
  facet normal 1 0 0
    outer loop
      vertex 2.6499996185302734 9.399999618530273 11.5
      vertex 2.6499996185302734 7.824999809265137 12
      vertex 2.6499996185302734 7.824999809265137 11.5
    endloop
  endfacet
  facet normal 0 -1 0
    outer loop
      vertex 1.9499998092651367 7.824999809265137 11.5
      vertex 2.6499996185302734 7.824999809265137 12
      vertex 1.9499998092651367 7.824999809265137 12
    endloop
  endfacet
  facet normal 0 -1 0
    outer loop
      vertex 2.6499996185302734 7.824999809265137 12
      vertex 1.9499998092651367 7.824999809265137 11.5
      vertex 2.6499996185302734 7.824999809265137 11.5
    endloop
  endfacet
  facet normal -1 0 0
    outer loop
      vertex 1.9499998092651367 7.824999809265137 11.5
      vertex 1.9499998092651367 9.399999618530273 12
      vertex 1.9499998092651367 9.399999618530273 11.5
    endloop
  endfacet
  facet normal -1 0 0
    outer loop
      vertex 1.9499998092651367 9.399999618530273 12
      vertex 1.9499998092651367 7.824999809265137 11.5
      vertex 1.9499998092651367 7.824999809265137 12
    endloop
  endfacet
  facet normal 0 -1 0
    outer loop
      vertex 1.2999992370605469 9.399999618530273 11.5
      vertex 1.9499998092651367 9.399999618530273 12
      vertex 1.2999992370605469 9.399999618530273 12
    endloop
  endfacet
  facet normal 0 -1 0
    outer loop
      vertex 1.9499998092651367 9.399999618530273 12
      vertex 1.2999992370605469 9.399999618530273 11.5
      vertex 1.9499998092651367 9.399999618530273 11.5
    endloop
  endfacet
  facet normal 1 0 0
    outer loop
      vertex 1.2999992370605469 7.174999237060547 12
      vertex 1.2999992370605469 9.399999618530273 11.5
      vertex 1.2999992370605469 9.399999618530273 12
    endloop
  endfacet
  facet normal 1 0 0
    outer loop
      vertex 1.2999992370605469 9.399999618530273 11.5
      vertex 1.2999992370605469 7.174999237060547 12
      vertex 1.2999992370605469 7.174999237060547 11.5
    endloop
  endfacet
  facet normal 0 1 0
    outer loop
      vertex 2.6499996185302734 7.174999237060547 11.5
      vertex 1.2999992370605469 7.174999237060547 12
      vertex 2.6499996185302734 7.174999237060547 12
    endloop
  endfacet
  facet normal 0 1 0
    outer loop
      vertex 1.2999992370605469 7.174999237060547 12
      vertex 2.6499996185302734 7.174999237060547 11.5
      vertex 1.2999992370605469 7.174999237060547 11.5
    endloop
  endfacet
  facet normal 1 0 0
    outer loop
      vertex 2.6499996185302734 5.59999942779541 12
      vertex 2.6499996185302734 7.174999237060547 11.5
      vertex 2.6499996185302734 7.174999237060547 12
    endloop
  endfacet
  facet normal 1 0 0
    outer loop
      vertex 2.6499996185302734 7.174999237060547 11.5
      vertex 2.6499996185302734 5.59999942779541 12
      vertex 2.6499996185302734 5.59999942779541 11.5
    endloop
  endfacet
  facet normal 0 1 0
    outer loop
      vertex 3.299999237060547 5.59999942779541 11.5
      vertex 2.6499996185302734 5.59999942779541 12
      vertex 3.299999237060547 5.59999942779541 12
    endloop
  endfacet
  facet normal 0 1 0
    outer loop
      vertex 2.6499996185302734 5.59999942779541 12
      vertex 3.299999237060547 5.59999942779541 11.5
      vertex 2.6499996185302734 5.59999942779541 11.5
    endloop
  endfacet
  facet normal -1 0 0
    outer loop
      vertex 3.299999237060547 5.59999942779541 11.5
      vertex 3.299999237060547 9.399999618530273 12
      vertex 3.299999237060547 9.399999618530273 11.5
    endloop
  endfacet
  facet normal -1 0 0
    outer loop
      vertex 3.299999237060547 9.399999618530273 12
      vertex 3.299999237060547 5.59999942779541 11.5
      vertex 3.299999237060547 5.59999942779541 12
    endloop
  endfacet
  facet normal 0 -1 0
    outer loop
      vertex 4 9.399999618530273 11.5
      vertex 6 9.399999618530273 12
      vertex 4 9.399999618530273 12
    endloop
  endfacet
  facet normal 0 -1 0
    outer loop
      vertex 6 9.399999618530273 12
      vertex 4 9.399999618530273 11.5
      vertex 6 9.399999618530273 11.5
    endloop
  endfacet
  facet normal 1 0 0
    outer loop
      vertex 4 5.59999942779541 12
      vertex 4 9.399999618530273 11.5
      vertex 4 9.399999618530273 12
    endloop
  endfacet
  facet normal 1 0 0
    outer loop
      vertex 4 9.399999618530273 11.5
      vertex 4 5.59999942779541 12
      vertex 4 5.59999942779541 11.5
    endloop
  endfacet
  facet normal 0 1 0
    outer loop
      vertex 6 5.59999942779541 11.5
      vertex 4 5.59999942779541 12
      vertex 6 5.59999942779541 12
    endloop
  endfacet
  facet normal 0 1 0
    outer loop
      vertex 4 5.59999942779541 12
      vertex 6 5.59999942779541 11.5
      vertex 4 5.59999942779541 11.5
    endloop
  endfacet
  facet normal -1 0 0
    outer loop
      vertex 6 5.59999942779541 11.5
      vertex 6 9.399999618530273 12
      vertex 6 9.399999618530273 11.5
    endloop
  endfacet
  facet normal -1 0 0
    outer loop
      vertex 6 9.399999618530273 12
      vertex 6 5.59999942779541 11.5
      vertex 6 5.59999942779541 12
    endloop
  endfacet
  facet normal 0 1 0
    outer loop
      vertex 5.34999942779541 8.749999046325684 11.5
      vertex 4.649999618530273 8.749999046325684 12
      vertex 5.34999942779541 8.749999046325684 12
    endloop
  endfacet
  facet normal 0 1 0
    outer loop
      vertex 4.649999618530273 8.749999046325684 12
      vertex 5.34999942779541 8.749999046325684 11.5
      vertex 4.649999618530273 8.749999046325684 11.5
    endloop
  endfacet
  facet normal 1 0 0
    outer loop
      vertex 5.34999942779541 7.824999809265137 12
      vertex 5.34999942779541 8.749999046325684 11.5
      vertex 5.34999942779541 8.749999046325684 12
    endloop
  endfacet
  facet normal 1 0 0
    outer loop
      vertex 5.34999942779541 8.749999046325684 11.5
      vertex 5.34999942779541 7.824999809265137 12
      vertex 5.34999942779541 7.824999809265137 11.5
    endloop
  endfacet
  facet normal 0 -1 0
    outer loop
      vertex 4.649999618530273 7.824999809265137 11.5
      vertex 5.34999942779541 7.824999809265137 12
      vertex 4.649999618530273 7.824999809265137 12
    endloop
  endfacet
  facet normal 0 -1 0
    outer loop
      vertex 5.34999942779541 7.824999809265137 12
      vertex 4.649999618530273 7.824999809265137 11.5
      vertex 5.34999942779541 7.824999809265137 11.5
    endloop
  endfacet
  facet normal -1 0 0
    outer loop
      vertex 4.649999618530273 7.824999809265137 11.5
      vertex 4.649999618530273 8.749999046325684 12
      vertex 4.649999618530273 8.749999046325684 11.5
    endloop
  endfacet
  facet normal -1 0 0
    outer loop
      vertex 4.649999618530273 8.749999046325684 12
      vertex 4.649999618530273 7.824999809265137 11.5
      vertex 4.649999618530273 7.824999809265137 12
    endloop
  endfacet
  facet normal 0 1 0
    outer loop
      vertex 5.34999942779541 7.174999237060547 11.5
      vertex 4.649999618530273 7.174999237060547 12
      vertex 5.34999942779541 7.174999237060547 12
    endloop
  endfacet
  facet normal 0 1 0
    outer loop
      vertex 4.649999618530273 7.174999237060547 12
      vertex 5.34999942779541 7.174999237060547 11.5
      vertex 4.649999618530273 7.174999237060547 11.5
    endloop
  endfacet
  facet normal 1 0 0
    outer loop
      vertex 5.34999942779541 6.249999046325684 12
      vertex 5.34999942779541 7.174999237060547 11.5
      vertex 5.34999942779541 7.174999237060547 12
    endloop
  endfacet
  facet normal 1 0 0
    outer loop
      vertex 5.34999942779541 7.174999237060547 11.5
      vertex 5.34999942779541 6.249999046325684 12
      vertex 5.34999942779541 6.249999046325684 11.5
    endloop
  endfacet
  facet normal 0 -1 0
    outer loop
      vertex 4.649999618530273 6.249999046325684 11.5
      vertex 5.34999942779541 6.249999046325684 12
      vertex 4.649999618530273 6.249999046325684 12
    endloop
  endfacet
  facet normal 0 -1 0
    outer loop
      vertex 5.34999942779541 6.249999046325684 12
      vertex 4.649999618530273 6.249999046325684 11.5
      vertex 5.34999942779541 6.249999046325684 11.5
    endloop
  endfacet
  facet normal -1 0 0
    outer loop
      vertex 4.649999618530273 6.249999046325684 11.5
      vertex 4.649999618530273 7.174999237060547 12
      vertex 4.649999618530273 7.174999237060547 11.5
    endloop
  endfacet
  facet normal -1 0 0
    outer loop
      vertex 4.649999618530273 7.174999237060547 12
      vertex 4.649999618530273 6.249999046325684 11.5
      vertex 4.649999618530273 6.249999046325684 12
    endloop
  endfacet
  facet normal 0 -1 0
    outer loop
      vertex 7.34999942779541 7.824999809265137 11.5
      vertex 8.699999809265137 7.824999809265137 12
      vertex 7.34999942779541 7.824999809265137 12
    endloop
  endfacet
  facet normal 0 -1 0
    outer loop
      vertex 8.699999809265137 7.824999809265137 12
      vertex 7.34999942779541 7.824999809265137 11.5
      vertex 8.699999809265137 7.824999809265137 11.5
    endloop
  endfacet
  facet normal -1 0 0
    outer loop
      vertex 7.34999942779541 7.824999809265137 11.5
      vertex 7.34999942779541 8.749999046325684 12
      vertex 7.34999942779541 8.749999046325684 11.5
    endloop
  endfacet
  facet normal -1 0 0
    outer loop
      vertex 7.34999942779541 8.749999046325684 12
      vertex 7.34999942779541 7.824999809265137 11.5
      vertex 7.34999942779541 7.824999809265137 12
    endloop
  endfacet
  facet normal 0 1 0
    outer loop
      vertex 8.699999809265137 8.749999046325684 11.5
      vertex 7.34999942779541 8.749999046325684 12
      vertex 8.699999809265137 8.749999046325684 12
    endloop
  endfacet
  facet normal 0 1 0
    outer loop
      vertex 7.34999942779541 8.749999046325684 12
      vertex 8.699999809265137 8.749999046325684 11.5
      vertex 7.34999942779541 8.749999046325684 11.5
    endloop
  endfacet
  facet normal -1 0 0
    outer loop
      vertex 8.699999809265137 8.749999046325684 11.5
      vertex 8.699999809265137 9.399999618530273 12
      vertex 8.699999809265137 9.399999618530273 11.5
    endloop
  endfacet
  facet normal -1 0 0
    outer loop
      vertex 8.699999809265137 9.399999618530273 12
      vertex 8.699999809265137 8.749999046325684 11.5
      vertex 8.699999809265137 8.749999046325684 12
    endloop
  endfacet
  facet normal 0 -1 0
    outer loop
      vertex 6.699999809265137 9.399999618530273 11.5
      vertex 8.699999809265137 9.399999618530273 12
      vertex 6.699999809265137 9.399999618530273 12
    endloop
  endfacet
  facet normal 0 -1 0
    outer loop
      vertex 8.699999809265137 9.399999618530273 12
      vertex 6.699999809265137 9.399999618530273 11.5
      vertex 8.699999809265137 9.399999618530273 11.5
    endloop
  endfacet
  facet normal 1 0 0
    outer loop
      vertex 6.699999809265137 7.174999237060547 12
      vertex 6.699999809265137 9.399999618530273 11.5
      vertex 6.699999809265137 9.399999618530273 12
    endloop
  endfacet
  facet normal 1 0 0
    outer loop
      vertex 6.699999809265137 9.399999618530273 11.5
      vertex 6.699999809265137 7.174999237060547 12
      vertex 6.699999809265137 7.174999237060547 11.5
    endloop
  endfacet
  facet normal 0 1 0
    outer loop
      vertex 8.049999237060547 7.174999237060547 11.5
      vertex 6.699999809265137 7.174999237060547 12
      vertex 8.049999237060547 7.174999237060547 12
    endloop
  endfacet
  facet normal 0 1 0
    outer loop
      vertex 6.699999809265137 7.174999237060547 12
      vertex 8.049999237060547 7.174999237060547 11.5
      vertex 6.699999809265137 7.174999237060547 11.5
    endloop
  endfacet
  facet normal 1 0 0
    outer loop
      vertex 8.049999237060547 6.249999046325684 12
      vertex 8.049999237060547 7.174999237060547 11.5
      vertex 8.049999237060547 7.174999237060547 12
    endloop
  endfacet
  facet normal 1 0 0
    outer loop
      vertex 8.049999237060547 7.174999237060547 11.5
      vertex 8.049999237060547 6.249999046325684 12
      vertex 8.049999237060547 6.249999046325684 11.5
    endloop
  endfacet
  facet normal 0 -1 0
    outer loop
      vertex 6.699999809265137 6.249999046325684 11.5
      vertex 8.049999237060547 6.249999046325684 12
      vertex 6.699999809265137 6.249999046325684 12
    endloop
  endfacet
  facet normal 0 -1 0
    outer loop
      vertex 8.049999237060547 6.249999046325684 12
      vertex 6.699999809265137 6.249999046325684 11.5
      vertex 8.049999237060547 6.249999046325684 11.5
    endloop
  endfacet
  facet normal 1 0 0
    outer loop
      vertex 6.699999809265137 5.59999942779541 12
      vertex 6.699999809265137 6.249999046325684 11.5
      vertex 6.699999809265137 6.249999046325684 12
    endloop
  endfacet
  facet normal 1 0 0
    outer loop
      vertex 6.699999809265137 6.249999046325684 11.5
      vertex 6.699999809265137 5.59999942779541 12
      vertex 6.699999809265137 5.59999942779541 11.5
    endloop
  endfacet
  facet normal 0 1 0
    outer loop
      vertex 8.699999809265137 5.59999942779541 11.5
      vertex 6.699999809265137 5.59999942779541 12
      vertex 8.699999809265137 5.59999942779541 12
    endloop
  endfacet
  facet normal 0 1 0
    outer loop
      vertex 6.699999809265137 5.59999942779541 12
      vertex 8.699999809265137 5.59999942779541 11.5
      vertex 6.699999809265137 5.59999942779541 11.5
    endloop
  endfacet
  facet normal -1 0 0
    outer loop
      vertex 8.699999809265137 5.59999942779541 11.5
      vertex 8.699999809265137 7.824999809265137 12
      vertex 8.699999809265137 7.824999809265137 11.5
    endloop
  endfacet
  facet normal -1 0 0
    outer loop
      vertex 8.699999809265137 7.824999809265137 12
      vertex 8.699999809265137 5.59999942779541 11.5
      vertex 8.699999809265137 5.59999942779541 12
    endloop
  endfacet
  facet normal 0 0 1
    outer loop
      vertex 1.9499998092651367 9.399999618530273 11.5
      vertex 1.2999992370605469 9.399999618530273 11.5
      vertex 1.9499998092651367 7.824999809265137 11.5
    endloop
  endfacet
  facet normal 0 0 1
    outer loop
      vertex 1.9499998092651367 7.824999809265137 11.5
      vertex 2.6499996185302734 7.174999237060547 11.5
      vertex 2.6499996185302734 7.824999809265137 11.5
    endloop
  endfacet
  facet normal 0 0 1
    outer loop
      vertex 1.9499998092651367 7.824999809265137 11.5
      vertex 1.2999992370605469 7.174999237060547 11.5
      vertex 2.6499996185302734 7.174999237060547 11.5
    endloop
  endfacet
  facet normal 0 0 1
    outer loop
      vertex 1.2999992370605469 7.174999237060547 11.5
      vertex 1.9499998092651367 7.824999809265137 11.5
      vertex 1.2999992370605469 9.399999618530273 11.5
    endloop
  endfacet
  facet normal 0 0 1
    outer loop
      vertex 2.6499996185302734 7.824999809265137 11.5
      vertex 3.299999237060547 9.399999618530273 11.5
      vertex 2.6499996185302734 9.399999618530273 11.5
    endloop
  endfacet
  facet normal 0 0 1
    outer loop
      vertex 3.299999237060547 9.399999618530273 11.5
      vertex 2.6499996185302734 7.824999809265137 11.5
      vertex 3.299999237060547 5.59999942779541 11.5
    endloop
  endfacet
  facet normal 0 0 1
    outer loop
      vertex 2.6499996185302734 7.174999237060547 11.5
      vertex 3.299999237060547 5.59999942779541 11.5
      vertex 2.6499996185302734 7.824999809265137 11.5
    endloop
  endfacet
  facet normal 0 0 1
    outer loop
      vertex 3.299999237060547 5.59999942779541 11.5
      vertex 2.6499996185302734 7.174999237060547 11.5
      vertex 2.6499996185302734 5.59999942779541 11.5
    endloop
  endfacet
  facet normal 0 0 1
    outer loop
      vertex 4.649999618530273 7.824999809265137 11.5
      vertex 5.34999942779541 7.174999237060547 11.5
      vertex 5.34999942779541 7.824999809265137 11.5
    endloop
  endfacet
  facet normal 0 0 1
    outer loop
      vertex 5.34999942779541 7.174999237060547 11.5
      vertex 4.649999618530273 7.824999809265137 11.5
      vertex 4.649999618530273 7.174999237060547 11.5
    endloop
  endfacet
  facet normal 0 0 1
    outer loop
      vertex 5.34999942779541 7.824999809265137 11.5
      vertex 6 9.399999618530273 11.5
      vertex 5.34999942779541 8.749999046325684 11.5
    endloop
  endfacet
  facet normal 0 0 1
    outer loop
      vertex 6 9.399999618530273 11.5
      vertex 4.649999618530273 8.749999046325684 11.5
      vertex 5.34999942779541 8.749999046325684 11.5
    endloop
  endfacet
  facet normal 0 0 1
    outer loop
      vertex 4 9.399999618530273 11.5
      vertex 4.649999618530273 7.824999809265137 11.5
      vertex 4.649999618530273 8.749999046325684 11.5
    endloop
  endfacet
  facet normal 0 0 1
    outer loop
      vertex 4.649999618530273 7.824999809265137 11.5
      vertex 4 9.399999618530273 11.5
      vertex 4.649999618530273 7.174999237060547 11.5
    endloop
  endfacet
  facet normal 0 0 1
    outer loop
      vertex 4 5.59999942779541 11.5
      vertex 4.649999618530273 7.174999237060547 11.5
      vertex 4 9.399999618530273 11.5
    endloop
  endfacet
  facet normal 0 0 1
    outer loop
      vertex 4 9.399999618530273 11.5
      vertex 4.649999618530273 8.749999046325684 11.5
      vertex 6 9.399999618530273 11.5
    endloop
  endfacet
  facet normal 0 0 1
    outer loop
      vertex 6 9.399999618530273 11.5
      vertex 5.34999942779541 7.824999809265137 11.5
      vertex 6 5.59999942779541 11.5
    endloop
  endfacet
  facet normal 0 0 1
    outer loop
      vertex 5.34999942779541 7.174999237060547 11.5
      vertex 6 5.59999942779541 11.5
      vertex 5.34999942779541 7.824999809265137 11.5
    endloop
  endfacet
  facet normal 0 0 1
    outer loop
      vertex 5.34999942779541 6.249999046325684 11.5
      vertex 6 5.59999942779541 11.5
      vertex 5.34999942779541 7.174999237060547 11.5
    endloop
  endfacet
  facet normal 0 0 1
    outer loop
      vertex 4.649999618530273 6.249999046325684 11.5
      vertex 6 5.59999942779541 11.5
      vertex 5.34999942779541 6.249999046325684 11.5
    endloop
  endfacet
  facet normal 0 0 1
    outer loop
      vertex 4.649999618530273 6.249999046325684 11.5
      vertex 4 5.59999942779541 11.5
      vertex 6 5.59999942779541 11.5
    endloop
  endfacet
  facet normal 0 0 1
    outer loop
      vertex 4.649999618530273 7.174999237060547 11.5
      vertex 4 5.59999942779541 11.5
      vertex 4.649999618530273 6.249999046325684 11.5
    endloop
  endfacet
  facet normal 0 0 1
    outer loop
      vertex 8.699999809265137 9.399999618530273 11.5
      vertex 7.34999942779541 8.749999046325684 11.5
      vertex 8.699999809265137 8.749999046325684 11.5
    endloop
  endfacet
  facet normal 0 0 1
    outer loop
      vertex 7.34999942779541 8.749999046325684 11.5
      vertex 6.699999809265137 9.399999618530273 11.5
      vertex 7.34999942779541 7.824999809265137 11.5
    endloop
  endfacet
  facet normal 0 0 1
    outer loop
      vertex 6.699999809265137 9.399999618530273 11.5
      vertex 7.34999942779541 8.749999046325684 11.5
      vertex 8.699999809265137 9.399999618530273 11.5
    endloop
  endfacet
  facet normal 0 0 1
    outer loop
      vertex 8.699999809265137 7.824999809265137 11.5
      vertex 8.049999237060547 7.174999237060547 11.5
      vertex 8.699999809265137 5.59999942779541 11.5
    endloop
  endfacet
  facet normal 0 0 1
    outer loop
      vertex 7.34999942779541 7.824999809265137 11.5
      vertex 8.049999237060547 7.174999237060547 11.5
      vertex 8.699999809265137 7.824999809265137 11.5
    endloop
  endfacet
  facet normal 0 0 1
    outer loop
      vertex 7.34999942779541 7.824999809265137 11.5
      vertex 6.699999809265137 7.174999237060547 11.5
      vertex 8.049999237060547 7.174999237060547 11.5
    endloop
  endfacet
  facet normal 0 0 1
    outer loop
      vertex 6.699999809265137 7.174999237060547 11.5
      vertex 7.34999942779541 7.824999809265137 11.5
      vertex 6.699999809265137 9.399999618530273 11.5
    endloop
  endfacet
  facet normal 0 0 1
    outer loop
      vertex 8.049999237060547 6.249999046325684 11.5
      vertex 8.699999809265137 5.59999942779541 11.5
      vertex 8.049999237060547 7.174999237060547 11.5
    endloop
  endfacet
  facet normal 0 0 1
    outer loop
      vertex 6.699999809265137 5.59999942779541 11.5
      vertex 8.049999237060547 6.249999046325684 11.5
      vertex 6.699999809265137 6.249999046325684 11.5
    endloop
  endfacet
  facet normal 0 0 1
    outer loop
      vertex 8.049999237060547 6.249999046325684 11.5
      vertex 6.699999809265137 5.59999942779541 11.5
      vertex 8.699999809265137 5.59999942779541 11.5
    endloop
  endfacet
  facet normal 0.4999998053849947 0 0.8660255161454351
    outer loop
      vertex 12.549999237060547 15 4.585491180419922
      vertex 15 0 3.17098331451416
      vertex 15 15 3.17098331451416
    endloop
  endfacet
  facet normal 0.4999998053849947 0 0.8660255161454351
    outer loop
      vertex 15 0 3.17098331451416
      vertex 12.549999237060547 15 4.585491180419922
      vertex 12.549999237060547 0 4.585491180419922
    endloop
  endfacet
  facet normal 0.4999998053849947 0 -0.8660255161454351
    outer loop
      vertex 12.549999237060547 0 7.414507865905762
      vertex 15 15 8.829015731811523
      vertex 15 0 8.829015731811523
    endloop
  endfacet
  facet normal 0.4999998053849947 0 -0.8660255161454351
    outer loop
      vertex 15 15 8.829015731811523
      vertex 12.549999237060547 0 7.414507865905762
      vertex 12.549999237060547 15 7.414507865905762
    endloop
  endfacet
  facet normal -1 0 0
    outer loop
      vertex 17.450000762939453 0 4.585491180419922
      vertex 17.450000762939453 15 7.414507865905762
      vertex 17.450000762939453 15 4.585491180419922
    endloop
  endfacet
  facet normal -1 0 0
    outer loop
      vertex 17.450000762939453 15 7.414507865905762
      vertex 17.450000762939453 0 4.585491180419922
      vertex 17.450000762939453 0 7.414507865905762
    endloop
  endfacet
  facet normal -0.4999998053849947 0 0.8660255161454351
    outer loop
      vertex 15 15 3.17098331451416
      vertex 17.450000762939453 0 4.585491180419922
      vertex 17.450000762939453 15 4.585491180419922
    endloop
  endfacet
  facet normal -0.4999998053849947 0 0.8660255161454351
    outer loop
      vertex 17.450000762939453 0 4.585491180419922
      vertex 15 15 3.17098331451416
      vertex 15 0 3.17098331451416
    endloop
  endfacet
  facet normal 1 0 0
    outer loop
      vertex 12.549999237060547 0 7.414507865905762
      vertex 12.549999237060547 15 4.585491180419922
      vertex 12.549999237060547 15 7.414507865905762
    endloop
  endfacet
  facet normal 1 0 0
    outer loop
      vertex 12.549999237060547 15 4.585491180419922
      vertex 12.549999237060547 0 7.414507865905762
      vertex 12.549999237060547 0 4.585491180419922
    endloop
  endfacet
  facet normal -0.4999998053849947 0 -0.8660255161454351
    outer loop
      vertex 15 0 8.829015731811523
      vertex 17.450000762939453 15 7.414507865905762
      vertex 17.450000762939453 0 7.414507865905762
    endloop
  endfacet
  facet normal -0.4999998053849947 0 -0.8660255161454351
    outer loop
      vertex 17.450000762939453 15 7.414507865905762
      vertex 15 0 8.829015731811523
      vertex 15 15 8.829015731811523
    endloop
  endfacet
  facet normal 0 -1 0
    outer loop
      vertex 12.649999618530273 9.399999618530273 11.5
      vertex 13.299999237060547 9.399999618530273 12
      vertex 12.649999618530273 9.399999618530273 12
    endloop
  endfacet
  facet normal 0 -1 0
    outer loop
      vertex 13.299999237060547 9.399999618530273 12
      vertex 12.649999618530273 9.399999618530273 11.5
      vertex 13.299999237060547 9.399999618530273 11.5
    endloop
  endfacet
  facet normal 1 0 0
    outer loop
      vertex 12.649999618530273 7.824999809265137 12
      vertex 12.649999618530273 9.399999618530273 11.5
      vertex 12.649999618530273 9.399999618530273 12
    endloop
  endfacet
  facet normal 1 0 0
    outer loop
      vertex 12.649999618530273 9.399999618530273 11.5
      vertex 12.649999618530273 7.824999809265137 12
      vertex 12.649999618530273 7.824999809265137 11.5
    endloop
  endfacet
  facet normal 0 -1 0
    outer loop
      vertex 11.949999809265137 7.824999809265137 11.5
      vertex 12.649999618530273 7.824999809265137 12
      vertex 11.949999809265137 7.824999809265137 12
    endloop
  endfacet
  facet normal 0 -1 0
    outer loop
      vertex 12.649999618530273 7.824999809265137 12
      vertex 11.949999809265137 7.824999809265137 11.5
      vertex 12.649999618530273 7.824999809265137 11.5
    endloop
  endfacet
  facet normal -1 0 0
    outer loop
      vertex 11.949999809265137 7.824999809265137 11.5
      vertex 11.949999809265137 9.399999618530273 12
      vertex 11.949999809265137 9.399999618530273 11.5
    endloop
  endfacet
  facet normal -1 0 0
    outer loop
      vertex 11.949999809265137 9.399999618530273 12
      vertex 11.949999809265137 7.824999809265137 11.5
      vertex 11.949999809265137 7.824999809265137 12
    endloop
  endfacet
  facet normal 0 -1 0
    outer loop
      vertex 11.299999237060547 9.399999618530273 11.5
      vertex 11.949999809265137 9.399999618530273 12
      vertex 11.299999237060547 9.399999618530273 12
    endloop
  endfacet
  facet normal 0 -1 0
    outer loop
      vertex 11.949999809265137 9.399999618530273 12
      vertex 11.299999237060547 9.399999618530273 11.5
      vertex 11.949999809265137 9.399999618530273 11.5
    endloop
  endfacet
  facet normal 1 0 0
    outer loop
      vertex 11.299999237060547 7.174999237060547 12
      vertex 11.299999237060547 9.399999618530273 11.5
      vertex 11.299999237060547 9.399999618530273 12
    endloop
  endfacet
  facet normal 1 0 0
    outer loop
      vertex 11.299999237060547 9.399999618530273 11.5
      vertex 11.299999237060547 7.174999237060547 12
      vertex 11.299999237060547 7.174999237060547 11.5
    endloop
  endfacet
  facet normal 0 1 0
    outer loop
      vertex 12.649999618530273 7.174999237060547 11.5
      vertex 11.299999237060547 7.174999237060547 12
      vertex 12.649999618530273 7.174999237060547 12
    endloop
  endfacet
  facet normal 0 1 0
    outer loop
      vertex 11.299999237060547 7.174999237060547 12
      vertex 12.649999618530273 7.174999237060547 11.5
      vertex 11.299999237060547 7.174999237060547 11.5
    endloop
  endfacet
  facet normal 1 0 0
    outer loop
      vertex 12.649999618530273 5.59999942779541 12
      vertex 12.649999618530273 7.174999237060547 11.5
      vertex 12.649999618530273 7.174999237060547 12
    endloop
  endfacet
  facet normal 1 0 0
    outer loop
      vertex 12.649999618530273 7.174999237060547 11.5
      vertex 12.649999618530273 5.59999942779541 12
      vertex 12.649999618530273 5.59999942779541 11.5
    endloop
  endfacet
  facet normal 0 1 0
    outer loop
      vertex 13.299999237060547 5.59999942779541 11.5
      vertex 12.649999618530273 5.59999942779541 12
      vertex 13.299999237060547 5.59999942779541 12
    endloop
  endfacet
  facet normal 0 1 0
    outer loop
      vertex 12.649999618530273 5.59999942779541 12
      vertex 13.299999237060547 5.59999942779541 11.5
      vertex 12.649999618530273 5.59999942779541 11.5
    endloop
  endfacet
  facet normal -1 0 0
    outer loop
      vertex 13.299999237060547 5.59999942779541 11.5
      vertex 13.299999237060547 9.399999618530273 12
      vertex 13.299999237060547 9.399999618530273 11.5
    endloop
  endfacet
  facet normal -1 0 0
    outer loop
      vertex 13.299999237060547 9.399999618530273 12
      vertex 13.299999237060547 5.59999942779541 11.5
      vertex 13.299999237060547 5.59999942779541 12
    endloop
  endfacet
  facet normal 0 -1 0
    outer loop
      vertex 14 9.399999618530273 11.5
      vertex 16 9.399999618530273 12
      vertex 14 9.399999618530273 12
    endloop
  endfacet
  facet normal 0 -1 0
    outer loop
      vertex 16 9.399999618530273 12
      vertex 14 9.399999618530273 11.5
      vertex 16 9.399999618530273 11.5
    endloop
  endfacet
  facet normal 1 0 0
    outer loop
      vertex 14 7.174999237060547 12
      vertex 14 9.399999618530273 11.5
      vertex 14 9.399999618530273 12
    endloop
  endfacet
  facet normal 1 0 0
    outer loop
      vertex 14 9.399999618530273 11.5
      vertex 14 7.174999237060547 12
      vertex 14 7.174999237060547 11.5
    endloop
  endfacet
  facet normal 0 1 0
    outer loop
      vertex 15.34999942779541 7.174999237060547 11.5
      vertex 14 7.174999237060547 12
      vertex 15.34999942779541 7.174999237060547 12
    endloop
  endfacet
  facet normal 0 1 0
    outer loop
      vertex 14 7.174999237060547 12
      vertex 15.34999942779541 7.174999237060547 11.5
      vertex 14 7.174999237060547 11.5
    endloop
  endfacet
  facet normal 1 0 0
    outer loop
      vertex 15.34999942779541 6.249999046325684 12
      vertex 15.34999942779541 7.174999237060547 11.5
      vertex 15.34999942779541 7.174999237060547 12
    endloop
  endfacet
  facet normal 1 0 0
    outer loop
      vertex 15.34999942779541 7.174999237060547 11.5
      vertex 15.34999942779541 6.249999046325684 12
      vertex 15.34999942779541 6.249999046325684 11.5
    endloop
  endfacet
  facet normal 0 -1 0
    outer loop
      vertex 14 6.249999046325684 11.5
      vertex 15.34999942779541 6.249999046325684 12
      vertex 14 6.249999046325684 12
    endloop
  endfacet
  facet normal 0 -1 0
    outer loop
      vertex 15.34999942779541 6.249999046325684 12
      vertex 14 6.249999046325684 11.5
      vertex 15.34999942779541 6.249999046325684 11.5
    endloop
  endfacet
  facet normal 1 0 0
    outer loop
      vertex 14 5.59999942779541 12
      vertex 14 6.249999046325684 11.5
      vertex 14 6.249999046325684 12
    endloop
  endfacet
  facet normal 1 0 0
    outer loop
      vertex 14 6.249999046325684 11.5
      vertex 14 5.59999942779541 12
      vertex 14 5.59999942779541 11.5
    endloop
  endfacet
  facet normal 0 1 0
    outer loop
      vertex 16 5.59999942779541 11.5
      vertex 14 5.59999942779541 12
      vertex 16 5.59999942779541 12
    endloop
  endfacet
  facet normal 0 1 0
    outer loop
      vertex 14 5.59999942779541 12
      vertex 16 5.59999942779541 11.5
      vertex 14 5.59999942779541 11.5
    endloop
  endfacet
  facet normal -1 0 0
    outer loop
      vertex 16 5.59999942779541 11.5
      vertex 16 9.399999618530273 12
      vertex 16 9.399999618530273 11.5
    endloop
  endfacet
  facet normal -1 0 0
    outer loop
      vertex 16 9.399999618530273 12
      vertex 16 5.59999942779541 11.5
      vertex 16 5.59999942779541 12
    endloop
  endfacet
  facet normal 0 1 0
    outer loop
      vertex 15.34999942779541 8.749999046325684 11.5
      vertex 14.649999618530273 8.749999046325684 12
      vertex 15.34999942779541 8.749999046325684 12
    endloop
  endfacet
  facet normal 0 1 0
    outer loop
      vertex 14.649999618530273 8.749999046325684 12
      vertex 15.34999942779541 8.749999046325684 11.5
      vertex 14.649999618530273 8.749999046325684 11.5
    endloop
  endfacet
  facet normal 1 0 0
    outer loop
      vertex 15.34999942779541 7.824999809265137 12
      vertex 15.34999942779541 8.749999046325684 11.5
      vertex 15.34999942779541 8.749999046325684 12
    endloop
  endfacet
  facet normal 1 0 0
    outer loop
      vertex 15.34999942779541 8.749999046325684 11.5
      vertex 15.34999942779541 7.824999809265137 12
      vertex 15.34999942779541 7.824999809265137 11.5
    endloop
  endfacet
  facet normal 0 -1 0
    outer loop
      vertex 14.649999618530273 7.824999809265137 11.5
      vertex 15.34999942779541 7.824999809265137 12
      vertex 14.649999618530273 7.824999809265137 12
    endloop
  endfacet
  facet normal 0 -1 0
    outer loop
      vertex 15.34999942779541 7.824999809265137 12
      vertex 14.649999618530273 7.824999809265137 11.5
      vertex 15.34999942779541 7.824999809265137 11.5
    endloop
  endfacet
  facet normal -1 0 0
    outer loop
      vertex 14.649999618530273 7.824999809265137 11.5
      vertex 14.649999618530273 8.749999046325684 12
      vertex 14.649999618530273 8.749999046325684 11.5
    endloop
  endfacet
  facet normal -1 0 0
    outer loop
      vertex 14.649999618530273 8.749999046325684 12
      vertex 14.649999618530273 7.824999809265137 11.5
      vertex 14.649999618530273 7.824999809265137 12
    endloop
  endfacet
  facet normal 0 -1 0
    outer loop
      vertex 16.700000762939453 9.399999618530273 11.5
      vertex 18.700000762939453 9.399999618530273 12
      vertex 16.700000762939453 9.399999618530273 12
    endloop
  endfacet
  facet normal 0 -1 0
    outer loop
      vertex 18.700000762939453 9.399999618530273 12
      vertex 16.700000762939453 9.399999618530273 11.5
      vertex 18.700000762939453 9.399999618530273 11.5
    endloop
  endfacet
  facet normal 1 0 0
    outer loop
      vertex 16.700000762939453 5.59999942779541 12
      vertex 16.700000762939453 9.399999618530273 11.5
      vertex 16.700000762939453 9.399999618530273 12
    endloop
  endfacet
  facet normal 1 0 0
    outer loop
      vertex 16.700000762939453 9.399999618530273 11.5
      vertex 16.700000762939453 5.59999942779541 12
      vertex 16.700000762939453 5.59999942779541 11.5
    endloop
  endfacet
  facet normal 0 1 0
    outer loop
      vertex 18.700000762939453 5.59999942779541 11.5
      vertex 16.700000762939453 5.59999942779541 12
      vertex 18.700000762939453 5.59999942779541 12
    endloop
  endfacet
  facet normal 0 1 0
    outer loop
      vertex 16.700000762939453 5.59999942779541 12
      vertex 18.700000762939453 5.59999942779541 11.5
      vertex 16.700000762939453 5.59999942779541 11.5
    endloop
  endfacet
  facet normal -1 0 0
    outer loop
      vertex 18.700000762939453 5.59999942779541 11.5
      vertex 18.700000762939453 9.399999618530273 12
      vertex 18.700000762939453 9.399999618530273 11.5
    endloop
  endfacet
  facet normal -1 0 0
    outer loop
      vertex 18.700000762939453 9.399999618530273 12
      vertex 18.700000762939453 5.59999942779541 11.5
      vertex 18.700000762939453 5.59999942779541 12
    endloop
  endfacet
  facet normal 0 1 0
    outer loop
      vertex 18.049999237060547 8.749999046325684 11.5
      vertex 17.349998474121094 8.749999046325684 12
      vertex 18.049999237060547 8.749999046325684 12
    endloop
  endfacet
  facet normal 0 1 0
    outer loop
      vertex 17.349998474121094 8.749999046325684 12
      vertex 18.049999237060547 8.749999046325684 11.5
      vertex 17.349998474121094 8.749999046325684 11.5
    endloop
  endfacet
  facet normal 1 0 0
    outer loop
      vertex 18.049999237060547 6.249999046325684 12
      vertex 18.049999237060547 8.749999046325684 11.5
      vertex 18.049999237060547 8.749999046325684 12
    endloop
  endfacet
  facet normal 1 0 0
    outer loop
      vertex 18.049999237060547 8.749999046325684 11.5
      vertex 18.049999237060547 6.249999046325684 12
      vertex 18.049999237060547 6.249999046325684 11.5
    endloop
  endfacet
  facet normal 0 -1 0
    outer loop
      vertex 17.349998474121094 6.249999046325684 11.5
      vertex 18.049999237060547 6.249999046325684 12
      vertex 17.349998474121094 6.249999046325684 12
    endloop
  endfacet
  facet normal 0 -1 0
    outer loop
      vertex 18.049999237060547 6.249999046325684 12
      vertex 17.349998474121094 6.249999046325684 11.5
      vertex 18.049999237060547 6.249999046325684 11.5
    endloop
  endfacet
  facet normal -1 0 0
    outer loop
      vertex 17.349998474121094 6.249999046325684 11.5
      vertex 17.349998474121094 8.749999046325684 12
      vertex 17.349998474121094 8.749999046325684 11.5
    endloop
  endfacet
  facet normal -1 0 0
    outer loop
      vertex 17.349998474121094 8.749999046325684 12
      vertex 17.349998474121094 6.249999046325684 11.5
      vertex 17.349998474121094 6.249999046325684 12
    endloop
  endfacet
  facet normal 0 0 1
    outer loop
      vertex 11.949999809265137 9.399999618530273 11.5
      vertex 11.299999237060547 9.399999618530273 11.5
      vertex 11.949999809265137 7.824999809265137 11.5
    endloop
  endfacet
  facet normal 0 0 1
    outer loop
      vertex 11.949999809265137 7.824999809265137 11.5
      vertex 12.649999618530273 7.174999237060547 11.5
      vertex 12.649999618530273 7.824999809265137 11.5
    endloop
  endfacet
  facet normal 0 0 1
    outer loop
      vertex 11.949999809265137 7.824999809265137 11.5
      vertex 11.299999237060547 7.174999237060547 11.5
      vertex 12.649999618530273 7.174999237060547 11.5
    endloop
  endfacet
  facet normal 0 0 1
    outer loop
      vertex 11.299999237060547 7.174999237060547 11.5
      vertex 11.949999809265137 7.824999809265137 11.5
      vertex 11.299999237060547 9.399999618530273 11.5
    endloop
  endfacet
  facet normal 0 0 1
    outer loop
      vertex 12.649999618530273 7.824999809265137 11.5
      vertex 13.299999237060547 9.399999618530273 11.5
      vertex 12.649999618530273 9.399999618530273 11.5
    endloop
  endfacet
  facet normal 0 0 1
    outer loop
      vertex 13.299999237060547 9.399999618530273 11.5
      vertex 12.649999618530273 7.824999809265137 11.5
      vertex 13.299999237060547 5.59999942779541 11.5
    endloop
  endfacet
  facet normal 0 0 1
    outer loop
      vertex 12.649999618530273 7.174999237060547 11.5
      vertex 13.299999237060547 5.59999942779541 11.5
      vertex 12.649999618530273 7.824999809265137 11.5
    endloop
  endfacet
  facet normal 0 0 1
    outer loop
      vertex 13.299999237060547 5.59999942779541 11.5
      vertex 12.649999618530273 7.174999237060547 11.5
      vertex 12.649999618530273 5.59999942779541 11.5
    endloop
  endfacet
  facet normal 0 0 1
    outer loop
      vertex 14.649999618530273 7.824999809265137 11.5
      vertex 15.34999942779541 7.174999237060547 11.5
      vertex 15.34999942779541 7.824999809265137 11.5
    endloop
  endfacet
  facet normal 0 0 1
    outer loop
      vertex 14.649999618530273 7.824999809265137 11.5
      vertex 14 7.174999237060547 11.5
      vertex 15.34999942779541 7.174999237060547 11.5
    endloop
  endfacet
  facet normal 0 0 1
    outer loop
      vertex 14 7.174999237060547 11.5
      vertex 14.649999618530273 7.824999809265137 11.5
      vertex 14 9.399999618530273 11.5
    endloop
  endfacet
  facet normal 0 0 1
    outer loop
      vertex 15.34999942779541 7.824999809265137 11.5
      vertex 16 9.399999618530273 11.5
      vertex 15.34999942779541 8.749999046325684 11.5
    endloop
  endfacet
  facet normal 0 0 1
    outer loop
      vertex 16 9.399999618530273 11.5
      vertex 14.649999618530273 8.749999046325684 11.5
      vertex 15.34999942779541 8.749999046325684 11.5
    endloop
  endfacet
  facet normal 0 0 1
    outer loop
      vertex 14.649999618530273 8.749999046325684 11.5
      vertex 14 9.399999618530273 11.5
      vertex 14.649999618530273 7.824999809265137 11.5
    endloop
  endfacet
  facet normal 0 0 1
    outer loop
      vertex 14 9.399999618530273 11.5
      vertex 14.649999618530273 8.749999046325684 11.5
      vertex 16 9.399999618530273 11.5
    endloop
  endfacet
  facet normal 0 0 1
    outer loop
      vertex 16 9.399999618530273 11.5
      vertex 15.34999942779541 7.824999809265137 11.5
      vertex 16 5.59999942779541 11.5
    endloop
  endfacet
  facet normal 0 0 1
    outer loop
      vertex 15.34999942779541 7.174999237060547 11.5
      vertex 16 5.59999942779541 11.5
      vertex 15.34999942779541 7.824999809265137 11.5
    endloop
  endfacet
  facet normal 0 0 1
    outer loop
      vertex 15.34999942779541 6.249999046325684 11.5
      vertex 16 5.59999942779541 11.5
      vertex 15.34999942779541 7.174999237060547 11.5
    endloop
  endfacet
  facet normal 0 0 1
    outer loop
      vertex 14 5.59999942779541 11.5
      vertex 15.34999942779541 6.249999046325684 11.5
      vertex 14 6.249999046325684 11.5
    endloop
  endfacet
  facet normal 0 0 1
    outer loop
      vertex 15.34999942779541 6.249999046325684 11.5
      vertex 14 5.59999942779541 11.5
      vertex 16 5.59999942779541 11.5
    endloop
  endfacet
  facet normal 0 0 1
    outer loop
      vertex 18.700000762939453 9.399999618530273 11.5
      vertex 18.049999237060547 8.749999046325684 11.5
      vertex 18.700000762939453 5.59999942779541 11.5
    endloop
  endfacet
  facet normal 0 0 1
    outer loop
      vertex 18.700000762939453 9.399999618530273 11.5
      vertex 17.349998474121094 8.749999046325684 11.5
      vertex 18.049999237060547 8.749999046325684 11.5
    endloop
  endfacet
  facet normal 0 0 1
    outer loop
      vertex 17.349998474121094 8.749999046325684 11.5
      vertex 16.700000762939453 9.399999618530273 11.5
      vertex 17.349998474121094 6.249999046325684 11.5
    endloop
  endfacet
  facet normal 0 0 1
    outer loop
      vertex 16.700000762939453 9.399999618530273 11.5
      vertex 17.349998474121094 8.749999046325684 11.5
      vertex 18.700000762939453 9.399999618530273 11.5
    endloop
  endfacet
  facet normal 0 0 1
    outer loop
      vertex 18.049999237060547 6.249999046325684 11.5
      vertex 18.700000762939453 5.59999942779541 11.5
      vertex 18.049999237060547 8.749999046325684 11.5
    endloop
  endfacet
  facet normal 0 0 1
    outer loop
      vertex 17.349998474121094 6.249999046325684 11.5
      vertex 18.700000762939453 5.59999942779541 11.5
      vertex 18.049999237060547 6.249999046325684 11.5
    endloop
  endfacet
  facet normal 0 0 1
    outer loop
      vertex 17.349998474121094 6.249999046325684 11.5
      vertex 16.700000762939453 5.59999942779541 11.5
      vertex 18.700000762939453 5.59999942779541 11.5
    endloop
  endfacet
  facet normal 0 0 1
    outer loop
      vertex 16.700000762939453 5.59999942779541 11.5
      vertex 17.349998474121094 6.249999046325684 11.5
      vertex 16.700000762939453 9.399999618530273 11.5
    endloop
  endfacet
  facet normal 0.49999989245502763 0 0.8660254658755485
    outer loop
      vertex 22.524999618530273 15 4.571057319641113
      vertex 25 0 3.142115592956543
      vertex 25 15 3.142115592956543
    endloop
  endfacet
  facet normal 0.49999989245502763 0 0.8660254658755485
    outer loop
      vertex 25 0 3.142115592956543
      vertex 22.524999618530273 15 4.571057319641113
      vertex 22.524999618530273 0 4.571057319641113
    endloop
  endfacet
  facet normal 0.49999989245502763 0 -0.8660254658755485
    outer loop
      vertex 22.524999618530273 0 7.42894172668457
      vertex 25 15 8.85788345336914
      vertex 25 0 8.85788345336914
    endloop
  endfacet
  facet normal 0.49999989245502763 0 -0.8660254658755485
    outer loop
      vertex 25 15 8.85788345336914
      vertex 22.524999618530273 0 7.42894172668457
      vertex 22.524999618530273 15 7.42894172668457
    endloop
  endfacet
  facet normal -1 0 0
    outer loop
      vertex 27.474998474121094 0 4.571057319641113
      vertex 27.474998474121094 15 7.42894172668457
      vertex 27.474998474121094 15 4.571057319641113
    endloop
  endfacet
  facet normal -1 0 0
    outer loop
      vertex 27.474998474121094 15 7.42894172668457
      vertex 27.474998474121094 0 4.571057319641113
      vertex 27.474998474121094 0 7.42894172668457
    endloop
  endfacet
  facet normal -0.5000001814473187 0 0.8660252990257551
    outer loop
      vertex 25 15 3.142115592956543
      vertex 27.474998474121094 0 4.571057319641113
      vertex 27.474998474121094 15 4.571057319641113
    endloop
  endfacet
  facet normal -0.5000001814473187 0 0.8660252990257551
    outer loop
      vertex 27.474998474121094 0 4.571057319641113
      vertex 25 15 3.142115592956543
      vertex 25 0 3.142115592956543
    endloop
  endfacet
  facet normal 1 0 0
    outer loop
      vertex 22.524999618530273 0 7.42894172668457
      vertex 22.524999618530273 15 4.571057319641113
      vertex 22.524999618530273 15 7.42894172668457
    endloop
  endfacet
  facet normal 1 0 0
    outer loop
      vertex 22.524999618530273 15 4.571057319641113
      vertex 22.524999618530273 0 7.42894172668457
      vertex 22.524999618530273 0 4.571057319641113
    endloop
  endfacet
  facet normal -0.5000001814473187 0 -0.8660252990257551
    outer loop
      vertex 25 0 8.85788345336914
      vertex 27.474998474121094 15 7.42894172668457
      vertex 27.474998474121094 0 7.42894172668457
    endloop
  endfacet
  facet normal -0.5000001814473187 0 -0.8660252990257551
    outer loop
      vertex 27.474998474121094 15 7.42894172668457
      vertex 25 0 8.85788345336914
      vertex 25 15 8.85788345336914
    endloop
  endfacet
  facet normal 0 -1 0
    outer loop
      vertex 22.649999618530273 9.399999618530273 11.5
      vertex 23.299999237060547 9.399999618530273 12
      vertex 22.649999618530273 9.399999618530273 12
    endloop
  endfacet
  facet normal 0 -1 0
    outer loop
      vertex 23.299999237060547 9.399999618530273 12
      vertex 22.649999618530273 9.399999618530273 11.5
      vertex 23.299999237060547 9.399999618530273 11.5
    endloop
  endfacet
  facet normal 1 0 0
    outer loop
      vertex 22.649999618530273 7.824999809265137 12
      vertex 22.649999618530273 9.399999618530273 11.5
      vertex 22.649999618530273 9.399999618530273 12
    endloop
  endfacet
  facet normal 1 0 0
    outer loop
      vertex 22.649999618530273 9.399999618530273 11.5
      vertex 22.649999618530273 7.824999809265137 12
      vertex 22.649999618530273 7.824999809265137 11.5
    endloop
  endfacet
  facet normal 0 -1 0
    outer loop
      vertex 21.950000762939453 7.824999809265137 11.5
      vertex 22.649999618530273 7.824999809265137 12
      vertex 21.950000762939453 7.824999809265137 12
    endloop
  endfacet
  facet normal 0 -1 0
    outer loop
      vertex 22.649999618530273 7.824999809265137 12
      vertex 21.950000762939453 7.824999809265137 11.5
      vertex 22.649999618530273 7.824999809265137 11.5
    endloop
  endfacet
  facet normal -1 0 0
    outer loop
      vertex 21.950000762939453 7.824999809265137 11.5
      vertex 21.950000762939453 9.399999618530273 12
      vertex 21.950000762939453 9.399999618530273 11.5
    endloop
  endfacet
  facet normal -1 0 0
    outer loop
      vertex 21.950000762939453 9.399999618530273 12
      vertex 21.950000762939453 7.824999809265137 11.5
      vertex 21.950000762939453 7.824999809265137 12
    endloop
  endfacet
  facet normal 0 -1 0
    outer loop
      vertex 21.299999237060547 9.399999618530273 11.5
      vertex 21.950000762939453 9.399999618530273 12
      vertex 21.299999237060547 9.399999618530273 12
    endloop
  endfacet
  facet normal 0 -1 0
    outer loop
      vertex 21.950000762939453 9.399999618530273 12
      vertex 21.299999237060547 9.399999618530273 11.5
      vertex 21.950000762939453 9.399999618530273 11.5
    endloop
  endfacet
  facet normal 1 0 0
    outer loop
      vertex 21.299999237060547 7.174999237060547 12
      vertex 21.299999237060547 9.399999618530273 11.5
      vertex 21.299999237060547 9.399999618530273 12
    endloop
  endfacet
  facet normal 1 0 0
    outer loop
      vertex 21.299999237060547 9.399999618530273 11.5
      vertex 21.299999237060547 7.174999237060547 12
      vertex 21.299999237060547 7.174999237060547 11.5
    endloop
  endfacet
  facet normal 0 1 0
    outer loop
      vertex 22.649999618530273 7.174999237060547 11.5
      vertex 21.299999237060547 7.174999237060547 12
      vertex 22.649999618530273 7.174999237060547 12
    endloop
  endfacet
  facet normal 0 1 0
    outer loop
      vertex 21.299999237060547 7.174999237060547 12
      vertex 22.649999618530273 7.174999237060547 11.5
      vertex 21.299999237060547 7.174999237060547 11.5
    endloop
  endfacet
  facet normal 1 0 0
    outer loop
      vertex 22.649999618530273 5.59999942779541 12
      vertex 22.649999618530273 7.174999237060547 11.5
      vertex 22.649999618530273 7.174999237060547 12
    endloop
  endfacet
  facet normal 1 0 0
    outer loop
      vertex 22.649999618530273 7.174999237060547 11.5
      vertex 22.649999618530273 5.59999942779541 12
      vertex 22.649999618530273 5.59999942779541 11.5
    endloop
  endfacet
  facet normal 0 1 0
    outer loop
      vertex 23.299999237060547 5.59999942779541 11.5
      vertex 22.649999618530273 5.59999942779541 12
      vertex 23.299999237060547 5.59999942779541 12
    endloop
  endfacet
  facet normal 0 1 0
    outer loop
      vertex 22.649999618530273 5.59999942779541 12
      vertex 23.299999237060547 5.59999942779541 11.5
      vertex 22.649999618530273 5.59999942779541 11.5
    endloop
  endfacet
  facet normal -1 0 0
    outer loop
      vertex 23.299999237060547 5.59999942779541 11.5
      vertex 23.299999237060547 9.399999618530273 12
      vertex 23.299999237060547 9.399999618530273 11.5
    endloop
  endfacet
  facet normal -1 0 0
    outer loop
      vertex 23.299999237060547 9.399999618530273 12
      vertex 23.299999237060547 5.59999942779541 11.5
      vertex 23.299999237060547 5.59999942779541 12
    endloop
  endfacet
  facet normal 0 -1 0
    outer loop
      vertex 24 9.399999618530273 11.5
      vertex 26 9.399999618530273 12
      vertex 24 9.399999618530273 12
    endloop
  endfacet
  facet normal 0 -1 0
    outer loop
      vertex 26 9.399999618530273 12
      vertex 24 9.399999618530273 11.5
      vertex 26 9.399999618530273 11.5
    endloop
  endfacet
  facet normal 1 0 0
    outer loop
      vertex 24 7.174999237060547 12
      vertex 24 9.399999618530273 11.5
      vertex 24 9.399999618530273 12
    endloop
  endfacet
  facet normal 1 0 0
    outer loop
      vertex 24 9.399999618530273 11.5
      vertex 24 7.174999237060547 12
      vertex 24 7.174999237060547 11.5
    endloop
  endfacet
  facet normal 0 1 0
    outer loop
      vertex 25.349998474121094 7.174999237060547 11.5
      vertex 24 7.174999237060547 12
      vertex 25.349998474121094 7.174999237060547 12
    endloop
  endfacet
  facet normal 0 1 0
    outer loop
      vertex 24 7.174999237060547 12
      vertex 25.349998474121094 7.174999237060547 11.5
      vertex 24 7.174999237060547 11.5
    endloop
  endfacet
  facet normal 1 0 0
    outer loop
      vertex 25.349998474121094 6.249999046325684 12
      vertex 25.349998474121094 7.174999237060547 11.5
      vertex 25.349998474121094 7.174999237060547 12
    endloop
  endfacet
  facet normal 1 0 0
    outer loop
      vertex 25.349998474121094 7.174999237060547 11.5
      vertex 25.349998474121094 6.249999046325684 12
      vertex 25.349998474121094 6.249999046325684 11.5
    endloop
  endfacet
  facet normal 0 -1 0
    outer loop
      vertex 24 6.249999046325684 11.5
      vertex 25.349998474121094 6.249999046325684 12
      vertex 24 6.249999046325684 12
    endloop
  endfacet
  facet normal 0 -1 0
    outer loop
      vertex 25.349998474121094 6.249999046325684 12
      vertex 24 6.249999046325684 11.5
      vertex 25.349998474121094 6.249999046325684 11.5
    endloop
  endfacet
  facet normal 1 0 0
    outer loop
      vertex 24 5.59999942779541 12
      vertex 24 6.249999046325684 11.5
      vertex 24 6.249999046325684 12
    endloop
  endfacet
  facet normal 1 0 0
    outer loop
      vertex 24 6.249999046325684 11.5
      vertex 24 5.59999942779541 12
      vertex 24 5.59999942779541 11.5
    endloop
  endfacet
  facet normal 0 1 0
    outer loop
      vertex 26 5.59999942779541 11.5
      vertex 24 5.59999942779541 12
      vertex 26 5.59999942779541 12
    endloop
  endfacet
  facet normal 0 1 0
    outer loop
      vertex 24 5.59999942779541 12
      vertex 26 5.59999942779541 11.5
      vertex 24 5.59999942779541 11.5
    endloop
  endfacet
  facet normal -1 0 0
    outer loop
      vertex 26 5.59999942779541 11.5
      vertex 26 9.399999618530273 12
      vertex 26 9.399999618530273 11.5
    endloop
  endfacet
  facet normal -1 0 0
    outer loop
      vertex 26 9.399999618530273 12
      vertex 26 5.59999942779541 11.5
      vertex 26 5.59999942779541 12
    endloop
  endfacet
  facet normal 0 1 0
    outer loop
      vertex 25.349998474121094 8.749999046325684 11.5
      vertex 24.649999618530273 8.749999046325684 12
      vertex 25.349998474121094 8.749999046325684 12
    endloop
  endfacet
  facet normal 0 1 0
    outer loop
      vertex 24.649999618530273 8.749999046325684 12
      vertex 25.349998474121094 8.749999046325684 11.5
      vertex 24.649999618530273 8.749999046325684 11.5
    endloop
  endfacet
  facet normal 1 0 0
    outer loop
      vertex 25.349998474121094 7.824999809265137 12
      vertex 25.349998474121094 8.749999046325684 11.5
      vertex 25.349998474121094 8.749999046325684 12
    endloop
  endfacet
  facet normal 1 0 0
    outer loop
      vertex 25.349998474121094 8.749999046325684 11.5
      vertex 25.349998474121094 7.824999809265137 12
      vertex 25.349998474121094 7.824999809265137 11.5
    endloop
  endfacet
  facet normal 0 -1 0
    outer loop
      vertex 24.649999618530273 7.824999809265137 11.5
      vertex 25.349998474121094 7.824999809265137 12
      vertex 24.649999618530273 7.824999809265137 12
    endloop
  endfacet
  facet normal 0 -1 0
    outer loop
      vertex 25.349998474121094 7.824999809265137 12
      vertex 24.649999618530273 7.824999809265137 11.5
      vertex 25.349998474121094 7.824999809265137 11.5
    endloop
  endfacet
  facet normal -1 0 0
    outer loop
      vertex 24.649999618530273 7.824999809265137 11.5
      vertex 24.649999618530273 8.749999046325684 12
      vertex 24.649999618530273 8.749999046325684 11.5
    endloop
  endfacet
  facet normal -1 0 0
    outer loop
      vertex 24.649999618530273 8.749999046325684 12
      vertex 24.649999618530273 7.824999809265137 11.5
      vertex 24.649999618530273 7.824999809265137 12
    endloop
  endfacet
  facet normal 0 -1 0
    outer loop
      vertex 27.349998474121094 7.824999809265137 11.5
      vertex 28.700000762939453 7.824999809265137 12
      vertex 27.349998474121094 7.824999809265137 12
    endloop
  endfacet
  facet normal 0 -1 0
    outer loop
      vertex 28.700000762939453 7.824999809265137 12
      vertex 27.349998474121094 7.824999809265137 11.5
      vertex 28.700000762939453 7.824999809265137 11.5
    endloop
  endfacet
  facet normal -1 0 0
    outer loop
      vertex 27.349998474121094 7.824999809265137 11.5
      vertex 27.349998474121094 8.749999046325684 12
      vertex 27.349998474121094 8.749999046325684 11.5
    endloop
  endfacet
  facet normal -1 0 0
    outer loop
      vertex 27.349998474121094 8.749999046325684 12
      vertex 27.349998474121094 7.824999809265137 11.5
      vertex 27.349998474121094 7.824999809265137 12
    endloop
  endfacet
  facet normal 0 1 0
    outer loop
      vertex 28.700000762939453 8.749999046325684 11.5
      vertex 27.349998474121094 8.749999046325684 12
      vertex 28.700000762939453 8.749999046325684 12
    endloop
  endfacet
  facet normal 0 1 0
    outer loop
      vertex 27.349998474121094 8.749999046325684 12
      vertex 28.700000762939453 8.749999046325684 11.5
      vertex 27.349998474121094 8.749999046325684 11.5
    endloop
  endfacet
  facet normal -1 0 0
    outer loop
      vertex 28.700000762939453 8.749999046325684 11.5
      vertex 28.700000762939453 9.399999618530273 12
      vertex 28.700000762939453 9.399999618530273 11.5
    endloop
  endfacet
  facet normal -1 0 0
    outer loop
      vertex 28.700000762939453 9.399999618530273 12
      vertex 28.700000762939453 8.749999046325684 11.5
      vertex 28.700000762939453 8.749999046325684 12
    endloop
  endfacet
  facet normal 0 -1 0
    outer loop
      vertex 26.700000762939453 9.399999618530273 11.5
      vertex 28.700000762939453 9.399999618530273 12
      vertex 26.700000762939453 9.399999618530273 12
    endloop
  endfacet
  facet normal 0 -1 0
    outer loop
      vertex 28.700000762939453 9.399999618530273 12
      vertex 26.700000762939453 9.399999618530273 11.5
      vertex 28.700000762939453 9.399999618530273 11.5
    endloop
  endfacet
  facet normal 1 0 0
    outer loop
      vertex 26.700000762939453 7.174999237060547 12
      vertex 26.700000762939453 9.399999618530273 11.5
      vertex 26.700000762939453 9.399999618530273 12
    endloop
  endfacet
  facet normal 1 0 0
    outer loop
      vertex 26.700000762939453 9.399999618530273 11.5
      vertex 26.700000762939453 7.174999237060547 12
      vertex 26.700000762939453 7.174999237060547 11.5
    endloop
  endfacet
  facet normal 0 1 0
    outer loop
      vertex 28.049999237060547 7.174999237060547 11.5
      vertex 26.700000762939453 7.174999237060547 12
      vertex 28.049999237060547 7.174999237060547 12
    endloop
  endfacet
  facet normal 0 1 0
    outer loop
      vertex 26.700000762939453 7.174999237060547 12
      vertex 28.049999237060547 7.174999237060547 11.5
      vertex 26.700000762939453 7.174999237060547 11.5
    endloop
  endfacet
  facet normal 1 0 0
    outer loop
      vertex 28.049999237060547 6.249999046325684 12
      vertex 28.049999237060547 7.174999237060547 11.5
      vertex 28.049999237060547 7.174999237060547 12
    endloop
  endfacet
  facet normal 1 0 0
    outer loop
      vertex 28.049999237060547 7.174999237060547 11.5
      vertex 28.049999237060547 6.249999046325684 12
      vertex 28.049999237060547 6.249999046325684 11.5
    endloop
  endfacet
  facet normal 0 -1 0
    outer loop
      vertex 26.700000762939453 6.249999046325684 11.5
      vertex 28.049999237060547 6.249999046325684 12
      vertex 26.700000762939453 6.249999046325684 12
    endloop
  endfacet
  facet normal 0 -1 0
    outer loop
      vertex 28.049999237060547 6.249999046325684 12
      vertex 26.700000762939453 6.249999046325684 11.5
      vertex 28.049999237060547 6.249999046325684 11.5
    endloop
  endfacet
  facet normal 1 0 0
    outer loop
      vertex 26.700000762939453 5.59999942779541 12
      vertex 26.700000762939453 6.249999046325684 11.5
      vertex 26.700000762939453 6.249999046325684 12
    endloop
  endfacet
  facet normal 1 0 0
    outer loop
      vertex 26.700000762939453 6.249999046325684 11.5
      vertex 26.700000762939453 5.59999942779541 12
      vertex 26.700000762939453 5.59999942779541 11.5
    endloop
  endfacet
  facet normal 0 1 0
    outer loop
      vertex 28.700000762939453 5.59999942779541 11.5
      vertex 26.700000762939453 5.59999942779541 12
      vertex 28.700000762939453 5.59999942779541 12
    endloop
  endfacet
  facet normal 0 1 0
    outer loop
      vertex 26.700000762939453 5.59999942779541 12
      vertex 28.700000762939453 5.59999942779541 11.5
      vertex 26.700000762939453 5.59999942779541 11.5
    endloop
  endfacet
  facet normal -1 0 0
    outer loop
      vertex 28.700000762939453 5.59999942779541 11.5
      vertex 28.700000762939453 7.824999809265137 12
      vertex 28.700000762939453 7.824999809265137 11.5
    endloop
  endfacet
  facet normal -1 0 0
    outer loop
      vertex 28.700000762939453 7.824999809265137 12
      vertex 28.700000762939453 5.59999942779541 11.5
      vertex 28.700000762939453 5.59999942779541 12
    endloop
  endfacet
  facet normal 0 0 1
    outer loop
      vertex 21.950000762939453 9.399999618530273 11.5
      vertex 21.299999237060547 9.399999618530273 11.5
      vertex 21.950000762939453 7.824999809265137 11.5
    endloop
  endfacet
  facet normal 0 0 1
    outer loop
      vertex 21.950000762939453 7.824999809265137 11.5
      vertex 22.649999618530273 7.174999237060547 11.5
      vertex 22.649999618530273 7.824999809265137 11.5
    endloop
  endfacet
  facet normal 0 0 1
    outer loop
      vertex 21.950000762939453 7.824999809265137 11.5
      vertex 21.299999237060547 7.174999237060547 11.5
      vertex 22.649999618530273 7.174999237060547 11.5
    endloop
  endfacet
  facet normal 0 0 1
    outer loop
      vertex 21.299999237060547 7.174999237060547 11.5
      vertex 21.950000762939453 7.824999809265137 11.5
      vertex 21.299999237060547 9.399999618530273 11.5
    endloop
  endfacet
  facet normal 0 0 1
    outer loop
      vertex 22.649999618530273 7.824999809265137 11.5
      vertex 23.299999237060547 9.399999618530273 11.5
      vertex 22.649999618530273 9.399999618530273 11.5
    endloop
  endfacet
  facet normal 0 0 1
    outer loop
      vertex 23.299999237060547 9.399999618530273 11.5
      vertex 22.649999618530273 7.824999809265137 11.5
      vertex 23.299999237060547 5.59999942779541 11.5
    endloop
  endfacet
  facet normal 0 0 1
    outer loop
      vertex 22.649999618530273 7.174999237060547 11.5
      vertex 23.299999237060547 5.59999942779541 11.5
      vertex 22.649999618530273 7.824999809265137 11.5
    endloop
  endfacet
  facet normal 0 0 1
    outer loop
      vertex 23.299999237060547 5.59999942779541 11.5
      vertex 22.649999618530273 7.174999237060547 11.5
      vertex 22.649999618530273 5.59999942779541 11.5
    endloop
  endfacet
  facet normal 0 0 1
    outer loop
      vertex 24.649999618530273 7.824999809265137 11.5
      vertex 25.349998474121094 7.174999237060547 11.5
      vertex 25.349998474121094 7.824999809265137 11.5
    endloop
  endfacet
  facet normal 0 0 1
    outer loop
      vertex 24.649999618530273 7.824999809265137 11.5
      vertex 24 7.174999237060547 11.5
      vertex 25.349998474121094 7.174999237060547 11.5
    endloop
  endfacet
  facet normal 0 0 1
    outer loop
      vertex 24 7.174999237060547 11.5
      vertex 24.649999618530273 7.824999809265137 11.5
      vertex 24 9.399999618530273 11.5
    endloop
  endfacet
  facet normal 0 0 1
    outer loop
      vertex 25.349998474121094 7.824999809265137 11.5
      vertex 26 9.399999618530273 11.5
      vertex 25.349998474121094 8.749999046325684 11.5
    endloop
  endfacet
  facet normal 0 0 1
    outer loop
      vertex 26 9.399999618530273 11.5
      vertex 24.649999618530273 8.749999046325684 11.5
      vertex 25.349998474121094 8.749999046325684 11.5
    endloop
  endfacet
  facet normal 0 0 1
    outer loop
      vertex 24.649999618530273 8.749999046325684 11.5
      vertex 24 9.399999618530273 11.5
      vertex 24.649999618530273 7.824999809265137 11.5
    endloop
  endfacet
  facet normal 0 0 1
    outer loop
      vertex 24 9.399999618530273 11.5
      vertex 24.649999618530273 8.749999046325684 11.5
      vertex 26 9.399999618530273 11.5
    endloop
  endfacet
  facet normal 0 0 1
    outer loop
      vertex 26 9.399999618530273 11.5
      vertex 25.349998474121094 7.824999809265137 11.5
      vertex 26 5.59999942779541 11.5
    endloop
  endfacet
  facet normal 0 0 1
    outer loop
      vertex 25.349998474121094 7.174999237060547 11.5
      vertex 26 5.59999942779541 11.5
      vertex 25.349998474121094 7.824999809265137 11.5
    endloop
  endfacet
  facet normal 0 0 1
    outer loop
      vertex 25.349998474121094 6.249999046325684 11.5
      vertex 26 5.59999942779541 11.5
      vertex 25.349998474121094 7.174999237060547 11.5
    endloop
  endfacet
  facet normal 0 0 1
    outer loop
      vertex 24 5.59999942779541 11.5
      vertex 25.349998474121094 6.249999046325684 11.5
      vertex 24 6.249999046325684 11.5
    endloop
  endfacet
  facet normal 0 0 1
    outer loop
      vertex 25.349998474121094 6.249999046325684 11.5
      vertex 24 5.59999942779541 11.5
      vertex 26 5.59999942779541 11.5
    endloop
  endfacet
  facet normal 0 0 1
    outer loop
      vertex 28.700000762939453 9.399999618530273 11.5
      vertex 27.349998474121094 8.749999046325684 11.5
      vertex 28.700000762939453 8.749999046325684 11.5
    endloop
  endfacet
  facet normal 0 0 1
    outer loop
      vertex 27.349998474121094 8.749999046325684 11.5
      vertex 26.700000762939453 9.399999618530273 11.5
      vertex 27.349998474121094 7.824999809265137 11.5
    endloop
  endfacet
  facet normal 0 0 1
    outer loop
      vertex 26.700000762939453 9.399999618530273 11.5
      vertex 27.349998474121094 8.749999046325684 11.5
      vertex 28.700000762939453 9.399999618530273 11.5
    endloop
  endfacet
  facet normal 0 0 1
    outer loop
      vertex 28.700000762939453 7.824999809265137 11.5
      vertex 28.049999237060547 7.174999237060547 11.5
      vertex 28.700000762939453 5.59999942779541 11.5
    endloop
  endfacet
  facet normal 0 0 1
    outer loop
      vertex 27.349998474121094 7.824999809265137 11.5
      vertex 28.049999237060547 7.174999237060547 11.5
      vertex 28.700000762939453 7.824999809265137 11.5
    endloop
  endfacet
  facet normal 0 0 1
    outer loop
      vertex 27.349998474121094 7.824999809265137 11.5
      vertex 26.700000762939453 7.174999237060547 11.5
      vertex 28.049999237060547 7.174999237060547 11.5
    endloop
  endfacet
  facet normal 0 0 1
    outer loop
      vertex 26.700000762939453 7.174999237060547 11.5
      vertex 27.349998474121094 7.824999809265137 11.5
      vertex 26.700000762939453 9.399999618530273 11.5
    endloop
  endfacet
  facet normal 0 0 1
    outer loop
      vertex 28.049999237060547 6.249999046325684 11.5
      vertex 28.700000762939453 5.59999942779541 11.5
      vertex 28.049999237060547 7.174999237060547 11.5
    endloop
  endfacet
  facet normal 0 0 1
    outer loop
      vertex 26.700000762939453 5.59999942779541 11.5
      vertex 28.049999237060547 6.249999046325684 11.5
      vertex 26.700000762939453 6.249999046325684 11.5
    endloop
  endfacet
  facet normal 0 0 1
    outer loop
      vertex 28.049999237060547 6.249999046325684 11.5
      vertex 26.700000762939453 5.59999942779541 11.5
      vertex 28.700000762939453 5.59999942779541 11.5
    endloop
  endfacet
  facet normal 0.4999999777836717 0 0.8660254166110414
    outer loop
      vertex 32.5 15 4.556623458862305
      vertex 35 0 3.113247871398926
      vertex 35 15 3.113247871398926
    endloop
  endfacet
  facet normal 0.4999999777836717 0 0.8660254166110414
    outer loop
      vertex 35 0 3.113247871398926
      vertex 32.5 15 4.556623458862305
      vertex 32.5 0 4.556623458862305
    endloop
  endfacet
  facet normal 0.4999999777836717 0 -0.8660254166110414
    outer loop
      vertex 32.5 0 7.443375587463379
      vertex 35 15 8.886751174926758
      vertex 35 0 8.886751174926758
    endloop
  endfacet
  facet normal 0.4999999777836717 0 -0.8660254166110414
    outer loop
      vertex 35 15 8.886751174926758
      vertex 32.5 0 7.443375587463379
      vertex 32.5 15 7.443375587463379
    endloop
  endfacet
  facet normal -1 0 0
    outer loop
      vertex 37.5 0 4.556623458862305
      vertex 37.5 15 7.443375587463379
      vertex 37.5 15 4.556623458862305
    endloop
  endfacet
  facet normal -1 0 0
    outer loop
      vertex 37.5 15 7.443375587463379
      vertex 37.5 0 4.556623458862305
      vertex 37.5 0 7.443375587463379
    endloop
  endfacet
  facet normal -0.4999999777836717 0 0.8660254166110414
    outer loop
      vertex 35 15 3.113247871398926
      vertex 37.5 0 4.556623458862305
      vertex 37.5 15 4.556623458862305
    endloop
  endfacet
  facet normal -0.4999999777836717 0 0.8660254166110414
    outer loop
      vertex 37.5 0 4.556623458862305
      vertex 35 15 3.113247871398926
      vertex 35 0 3.113247871398926
    endloop
  endfacet
  facet normal 1 0 0
    outer loop
      vertex 32.5 0 7.443375587463379
      vertex 32.5 15 4.556623458862305
      vertex 32.5 15 7.443375587463379
    endloop
  endfacet
  facet normal 1 0 0
    outer loop
      vertex 32.5 15 4.556623458862305
      vertex 32.5 0 7.443375587463379
      vertex 32.5 0 4.556623458862305
    endloop
  endfacet
  facet normal -0.4999999777836717 0 -0.8660254166110414
    outer loop
      vertex 35 0 8.886751174926758
      vertex 37.5 15 7.443375587463379
      vertex 37.5 0 7.443375587463379
    endloop
  endfacet
  facet normal -0.4999999777836717 0 -0.8660254166110414
    outer loop
      vertex 37.5 15 7.443375587463379
      vertex 35 0 8.886751174926758
      vertex 35 15 8.886751174926758
    endloop
  endfacet
  facet normal 0 -1 0
    outer loop
      vertex 31.950000762939453 7.824999809265137 11.5
      vertex 33.29999923706055 7.824999809265137 12
      vertex 31.950000762939453 7.824999809265137 12
    endloop
  endfacet
  facet normal 0 -1 0
    outer loop
      vertex 33.29999923706055 7.824999809265137 12
      vertex 31.950000762939453 7.824999809265137 11.5
      vertex 33.29999923706055 7.824999809265137 11.5
    endloop
  endfacet
  facet normal -1 0 0
    outer loop
      vertex 31.950000762939453 7.824999809265137 11.5
      vertex 31.950000762939453 8.749999046325684 12
      vertex 31.950000762939453 8.749999046325684 11.5
    endloop
  endfacet
  facet normal -1 0 0
    outer loop
      vertex 31.950000762939453 8.749999046325684 12
      vertex 31.950000762939453 7.824999809265137 11.5
      vertex 31.950000762939453 7.824999809265137 12
    endloop
  endfacet
  facet normal 0 1 0
    outer loop
      vertex 33.29999923706055 8.749999046325684 11.5
      vertex 31.950000762939453 8.749999046325684 12
      vertex 33.29999923706055 8.749999046325684 12
    endloop
  endfacet
  facet normal 0 1 0
    outer loop
      vertex 31.950000762939453 8.749999046325684 12
      vertex 33.29999923706055 8.749999046325684 11.5
      vertex 31.950000762939453 8.749999046325684 11.5
    endloop
  endfacet
  facet normal -1 0 0
    outer loop
      vertex 33.29999923706055 8.749999046325684 11.5
      vertex 33.29999923706055 9.399999618530273 12
      vertex 33.29999923706055 9.399999618530273 11.5
    endloop
  endfacet
  facet normal -1 0 0
    outer loop
      vertex 33.29999923706055 9.399999618530273 12
      vertex 33.29999923706055 8.749999046325684 11.5
      vertex 33.29999923706055 8.749999046325684 12
    endloop
  endfacet
  facet normal 0 -1 0
    outer loop
      vertex 31.299999237060547 9.399999618530273 11.5
      vertex 33.29999923706055 9.399999618530273 12
      vertex 31.299999237060547 9.399999618530273 12
    endloop
  endfacet
  facet normal 0 -1 0
    outer loop
      vertex 33.29999923706055 9.399999618530273 12
      vertex 31.299999237060547 9.399999618530273 11.5
      vertex 33.29999923706055 9.399999618530273 11.5
    endloop
  endfacet
  facet normal 1 0 0
    outer loop
      vertex 31.299999237060547 7.174999237060547 12
      vertex 31.299999237060547 9.399999618530273 11.5
      vertex 31.299999237060547 9.399999618530273 12
    endloop
  endfacet
  facet normal 1 0 0
    outer loop
      vertex 31.299999237060547 9.399999618530273 11.5
      vertex 31.299999237060547 7.174999237060547 12
      vertex 31.299999237060547 7.174999237060547 11.5
    endloop
  endfacet
  facet normal 0 1 0
    outer loop
      vertex 32.650001525878906 7.174999237060547 11.5
      vertex 31.299999237060547 7.174999237060547 12
      vertex 32.650001525878906 7.174999237060547 12
    endloop
  endfacet
  facet normal 0 1 0
    outer loop
      vertex 31.299999237060547 7.174999237060547 12
      vertex 32.650001525878906 7.174999237060547 11.5
      vertex 31.299999237060547 7.174999237060547 11.5
    endloop
  endfacet
  facet normal 1 0 0
    outer loop
      vertex 32.650001525878906 6.249999046325684 12
      vertex 32.650001525878906 7.174999237060547 11.5
      vertex 32.650001525878906 7.174999237060547 12
    endloop
  endfacet
  facet normal 1 0 0
    outer loop
      vertex 32.650001525878906 7.174999237060547 11.5
      vertex 32.650001525878906 6.249999046325684 12
      vertex 32.650001525878906 6.249999046325684 11.5
    endloop
  endfacet
  facet normal 0 -1 0
    outer loop
      vertex 31.299999237060547 6.249999046325684 11.5
      vertex 32.650001525878906 6.249999046325684 12
      vertex 31.299999237060547 6.249999046325684 12
    endloop
  endfacet
  facet normal 0 -1 0
    outer loop
      vertex 32.650001525878906 6.249999046325684 12
      vertex 31.299999237060547 6.249999046325684 11.5
      vertex 32.650001525878906 6.249999046325684 11.5
    endloop
  endfacet
  facet normal 1 0 0
    outer loop
      vertex 31.299999237060547 5.59999942779541 12
      vertex 31.299999237060547 6.249999046325684 11.5
      vertex 31.299999237060547 6.249999046325684 12
    endloop
  endfacet
  facet normal 1 0 0
    outer loop
      vertex 31.299999237060547 6.249999046325684 11.5
      vertex 31.299999237060547 5.59999942779541 12
      vertex 31.299999237060547 5.59999942779541 11.5
    endloop
  endfacet
  facet normal 0 1 0
    outer loop
      vertex 33.29999923706055 5.59999942779541 11.5
      vertex 31.299999237060547 5.59999942779541 12
      vertex 33.29999923706055 5.59999942779541 12
    endloop
  endfacet
  facet normal 0 1 0
    outer loop
      vertex 31.299999237060547 5.59999942779541 12
      vertex 33.29999923706055 5.59999942779541 11.5
      vertex 31.299999237060547 5.59999942779541 11.5
    endloop
  endfacet
  facet normal -1 0 0
    outer loop
      vertex 33.29999923706055 5.59999942779541 11.5
      vertex 33.29999923706055 7.824999809265137 12
      vertex 33.29999923706055 7.824999809265137 11.5
    endloop
  endfacet
  facet normal -1 0 0
    outer loop
      vertex 33.29999923706055 7.824999809265137 12
      vertex 33.29999923706055 5.59999942779541 11.5
      vertex 33.29999923706055 5.59999942779541 12
    endloop
  endfacet
  facet normal 0 -1 0
    outer loop
      vertex 34 9.399999618530273 11.5
      vertex 36 9.399999618530273 12
      vertex 34 9.399999618530273 12
    endloop
  endfacet
  facet normal 0 -1 0
    outer loop
      vertex 36 9.399999618530273 12
      vertex 34 9.399999618530273 11.5
      vertex 36 9.399999618530273 11.5
    endloop
  endfacet
  facet normal 1 0 0
    outer loop
      vertex 34 5.59999942779541 12
      vertex 34 9.399999618530273 11.5
      vertex 34 9.399999618530273 12
    endloop
  endfacet
  facet normal 1 0 0
    outer loop
      vertex 34 9.399999618530273 11.5
      vertex 34 5.59999942779541 12
      vertex 34 5.59999942779541 11.5
    endloop
  endfacet
  facet normal 0 1 0
    outer loop
      vertex 36 5.59999942779541 11.5
      vertex 34 5.59999942779541 12
      vertex 36 5.59999942779541 12
    endloop
  endfacet
  facet normal 0 1 0
    outer loop
      vertex 34 5.59999942779541 12
      vertex 36 5.59999942779541 11.5
      vertex 34 5.59999942779541 11.5
    endloop
  endfacet
  facet normal -1 0 0
    outer loop
      vertex 36 5.59999942779541 11.5
      vertex 36 9.399999618530273 12
      vertex 36 9.399999618530273 11.5
    endloop
  endfacet
  facet normal -1 0 0
    outer loop
      vertex 36 9.399999618530273 12
      vertex 36 5.59999942779541 11.5
      vertex 36 5.59999942779541 12
    endloop
  endfacet
  facet normal 0 1 0
    outer loop
      vertex 35.349998474121094 8.749999046325684 11.5
      vertex 34.650001525878906 8.749999046325684 12
      vertex 35.349998474121094 8.749999046325684 12
    endloop
  endfacet
  facet normal 0 1 0
    outer loop
      vertex 34.650001525878906 8.749999046325684 12
      vertex 35.349998474121094 8.749999046325684 11.5
      vertex 34.650001525878906 8.749999046325684 11.5
    endloop
  endfacet
  facet normal 1 0 0
    outer loop
      vertex 35.349998474121094 6.249999046325684 12
      vertex 35.349998474121094 8.749999046325684 11.5
      vertex 35.349998474121094 8.749999046325684 12
    endloop
  endfacet
  facet normal 1 0 0
    outer loop
      vertex 35.349998474121094 8.749999046325684 11.5
      vertex 35.349998474121094 6.249999046325684 12
      vertex 35.349998474121094 6.249999046325684 11.5
    endloop
  endfacet
  facet normal 0 -1 0
    outer loop
      vertex 34.650001525878906 6.249999046325684 11.5
      vertex 35.349998474121094 6.249999046325684 12
      vertex 34.650001525878906 6.249999046325684 12
    endloop
  endfacet
  facet normal 0 -1 0
    outer loop
      vertex 35.349998474121094 6.249999046325684 12
      vertex 34.650001525878906 6.249999046325684 11.5
      vertex 35.349998474121094 6.249999046325684 11.5
    endloop
  endfacet
  facet normal -1 0 0
    outer loop
      vertex 34.650001525878906 6.249999046325684 11.5
      vertex 34.650001525878906 8.749999046325684 12
      vertex 34.650001525878906 8.749999046325684 11.5
    endloop
  endfacet
  facet normal -1 0 0
    outer loop
      vertex 34.650001525878906 8.749999046325684 12
      vertex 34.650001525878906 6.249999046325684 11.5
      vertex 34.650001525878906 6.249999046325684 12
    endloop
  endfacet
  facet normal 0 -1 0
    outer loop
      vertex 36.70000076293945 9.399999618530273 11.5
      vertex 38.70000076293945 9.399999618530273 12
      vertex 36.70000076293945 9.399999618530273 12
    endloop
  endfacet
  facet normal 0 -1 0
    outer loop
      vertex 38.70000076293945 9.399999618530273 12
      vertex 36.70000076293945 9.399999618530273 11.5
      vertex 38.70000076293945 9.399999618530273 11.5
    endloop
  endfacet
  facet normal 1 0 0
    outer loop
      vertex 36.70000076293945 5.59999942779541 12
      vertex 36.70000076293945 9.399999618530273 11.5
      vertex 36.70000076293945 9.399999618530273 12
    endloop
  endfacet
  facet normal 1 0 0
    outer loop
      vertex 36.70000076293945 9.399999618530273 11.5
      vertex 36.70000076293945 5.59999942779541 12
      vertex 36.70000076293945 5.59999942779541 11.5
    endloop
  endfacet
  facet normal 0 1 0
    outer loop
      vertex 38.70000076293945 5.59999942779541 11.5
      vertex 36.70000076293945 5.59999942779541 12
      vertex 38.70000076293945 5.59999942779541 12
    endloop
  endfacet
  facet normal 0 1 0
    outer loop
      vertex 36.70000076293945 5.59999942779541 12
      vertex 38.70000076293945 5.59999942779541 11.5
      vertex 36.70000076293945 5.59999942779541 11.5
    endloop
  endfacet
  facet normal -1 0 0
    outer loop
      vertex 38.70000076293945 5.59999942779541 11.5
      vertex 38.70000076293945 9.399999618530273 12
      vertex 38.70000076293945 9.399999618530273 11.5
    endloop
  endfacet
  facet normal -1 0 0
    outer loop
      vertex 38.70000076293945 9.399999618530273 12
      vertex 38.70000076293945 5.59999942779541 11.5
      vertex 38.70000076293945 5.59999942779541 12
    endloop
  endfacet
  facet normal 0 1 0
    outer loop
      vertex 38.04999923706055 8.749999046325684 11.5
      vertex 37.349998474121094 8.749999046325684 12
      vertex 38.04999923706055 8.749999046325684 12
    endloop
  endfacet
  facet normal 0 1 0
    outer loop
      vertex 37.349998474121094 8.749999046325684 12
      vertex 38.04999923706055 8.749999046325684 11.5
      vertex 37.349998474121094 8.749999046325684 11.5
    endloop
  endfacet
  facet normal 1 0 0
    outer loop
      vertex 38.04999923706055 6.249999046325684 12
      vertex 38.04999923706055 8.749999046325684 11.5
      vertex 38.04999923706055 8.749999046325684 12
    endloop
  endfacet
  facet normal 1 0 0
    outer loop
      vertex 38.04999923706055 8.749999046325684 11.5
      vertex 38.04999923706055 6.249999046325684 12
      vertex 38.04999923706055 6.249999046325684 11.5
    endloop
  endfacet
  facet normal 0 -1 0
    outer loop
      vertex 37.349998474121094 6.249999046325684 11.5
      vertex 38.04999923706055 6.249999046325684 12
      vertex 37.349998474121094 6.249999046325684 12
    endloop
  endfacet
  facet normal 0 -1 0
    outer loop
      vertex 38.04999923706055 6.249999046325684 12
      vertex 37.349998474121094 6.249999046325684 11.5
      vertex 38.04999923706055 6.249999046325684 11.5
    endloop
  endfacet
  facet normal -1 0 0
    outer loop
      vertex 37.349998474121094 6.249999046325684 11.5
      vertex 37.349998474121094 8.749999046325684 12
      vertex 37.349998474121094 8.749999046325684 11.5
    endloop
  endfacet
  facet normal -1 0 0
    outer loop
      vertex 37.349998474121094 8.749999046325684 12
      vertex 37.349998474121094 6.249999046325684 11.5
      vertex 37.349998474121094 6.249999046325684 12
    endloop
  endfacet
  facet normal 0 0 1
    outer loop
      vertex 33.29999923706055 9.399999618530273 11.5
      vertex 31.950000762939453 8.749999046325684 11.5
      vertex 33.29999923706055 8.749999046325684 11.5
    endloop
  endfacet
  facet normal 0 0 1
    outer loop
      vertex 31.950000762939453 8.749999046325684 11.5
      vertex 31.299999237060547 9.399999618530273 11.5
      vertex 31.950000762939453 7.824999809265137 11.5
    endloop
  endfacet
  facet normal 0 0 1
    outer loop
      vertex 31.299999237060547 9.399999618530273 11.5
      vertex 31.950000762939453 8.749999046325684 11.5
      vertex 33.29999923706055 9.399999618530273 11.5
    endloop
  endfacet
  facet normal 0 0 1
    outer loop
      vertex 33.29999923706055 7.824999809265137 11.5
      vertex 32.650001525878906 7.174999237060547 11.5
      vertex 33.29999923706055 5.59999942779541 11.5
    endloop
  endfacet
  facet normal 0 0 1
    outer loop
      vertex 31.950000762939453 7.824999809265137 11.5
      vertex 32.650001525878906 7.174999237060547 11.5
      vertex 33.29999923706055 7.824999809265137 11.5
    endloop
  endfacet
  facet normal 0 0 1
    outer loop
      vertex 31.950000762939453 7.824999809265137 11.5
      vertex 31.299999237060547 7.174999237060547 11.5
      vertex 32.650001525878906 7.174999237060547 11.5
    endloop
  endfacet
  facet normal 0 0 1
    outer loop
      vertex 31.299999237060547 7.174999237060547 11.5
      vertex 31.950000762939453 7.824999809265137 11.5
      vertex 31.299999237060547 9.399999618530273 11.5
    endloop
  endfacet
  facet normal 0 0 1
    outer loop
      vertex 32.650001525878906 6.249999046325684 11.5
      vertex 33.29999923706055 5.59999942779541 11.5
      vertex 32.650001525878906 7.174999237060547 11.5
    endloop
  endfacet
  facet normal 0 0 1
    outer loop
      vertex 31.299999237060547 5.59999942779541 11.5
      vertex 32.650001525878906 6.249999046325684 11.5
      vertex 31.299999237060547 6.249999046325684 11.5
    endloop
  endfacet
  facet normal 0 0 1
    outer loop
      vertex 32.650001525878906 6.249999046325684 11.5
      vertex 31.299999237060547 5.59999942779541 11.5
      vertex 33.29999923706055 5.59999942779541 11.5
    endloop
  endfacet
  facet normal 0 0 1
    outer loop
      vertex 36 9.399999618530273 11.5
      vertex 35.349998474121094 8.749999046325684 11.5
      vertex 36 5.59999942779541 11.5
    endloop
  endfacet
  facet normal 0 0 1
    outer loop
      vertex 36 9.399999618530273 11.5
      vertex 34.650001525878906 8.749999046325684 11.5
      vertex 35.349998474121094 8.749999046325684 11.5
    endloop
  endfacet
  facet normal 0 0 1
    outer loop
      vertex 34.650001525878906 8.749999046325684 11.5
      vertex 34 9.399999618530273 11.5
      vertex 34.650001525878906 6.249999046325684 11.5
    endloop
  endfacet
  facet normal 0 0 1
    outer loop
      vertex 34 9.399999618530273 11.5
      vertex 34.650001525878906 8.749999046325684 11.5
      vertex 36 9.399999618530273 11.5
    endloop
  endfacet
  facet normal 0 0 1
    outer loop
      vertex 35.349998474121094 6.249999046325684 11.5
      vertex 36 5.59999942779541 11.5
      vertex 35.349998474121094 8.749999046325684 11.5
    endloop
  endfacet
  facet normal 0 0 1
    outer loop
      vertex 34.650001525878906 6.249999046325684 11.5
      vertex 36 5.59999942779541 11.5
      vertex 35.349998474121094 6.249999046325684 11.5
    endloop
  endfacet
  facet normal 0 0 1
    outer loop
      vertex 34.650001525878906 6.249999046325684 11.5
      vertex 34 5.59999942779541 11.5
      vertex 36 5.59999942779541 11.5
    endloop
  endfacet
  facet normal 0 0 1
    outer loop
      vertex 34 5.59999942779541 11.5
      vertex 34.650001525878906 6.249999046325684 11.5
      vertex 34 9.399999618530273 11.5
    endloop
  endfacet
  facet normal 0 0 1
    outer loop
      vertex 38.70000076293945 9.399999618530273 11.5
      vertex 38.04999923706055 8.749999046325684 11.5
      vertex 38.70000076293945 5.59999942779541 11.5
    endloop
  endfacet
  facet normal 0 0 1
    outer loop
      vertex 38.70000076293945 9.399999618530273 11.5
      vertex 37.349998474121094 8.749999046325684 11.5
      vertex 38.04999923706055 8.749999046325684 11.5
    endloop
  endfacet
  facet normal 0 0 1
    outer loop
      vertex 37.349998474121094 8.749999046325684 11.5
      vertex 36.70000076293945 9.399999618530273 11.5
      vertex 37.349998474121094 6.249999046325684 11.5
    endloop
  endfacet
  facet normal 0 0 1
    outer loop
      vertex 36.70000076293945 9.399999618530273 11.5
      vertex 37.349998474121094 8.749999046325684 11.5
      vertex 38.70000076293945 9.399999618530273 11.5
    endloop
  endfacet
  facet normal 0 0 1
    outer loop
      vertex 38.04999923706055 6.249999046325684 11.5
      vertex 38.70000076293945 5.59999942779541 11.5
      vertex 38.04999923706055 8.749999046325684 11.5
    endloop
  endfacet
  facet normal 0 0 1
    outer loop
      vertex 37.349998474121094 6.249999046325684 11.5
      vertex 38.70000076293945 5.59999942779541 11.5
      vertex 38.04999923706055 6.249999046325684 11.5
    endloop
  endfacet
  facet normal 0 0 1
    outer loop
      vertex 37.349998474121094 6.249999046325684 11.5
      vertex 36.70000076293945 5.59999942779541 11.5
      vertex 38.70000076293945 5.59999942779541 11.5
    endloop
  endfacet
  facet normal 0 0 1
    outer loop
      vertex 36.70000076293945 5.59999942779541 11.5
      vertex 37.349998474121094 6.249999046325684 11.5
      vertex 36.70000076293945 9.399999618530273 11.5
    endloop
  endfacet
  facet normal -0.49999977815313146 0 -0.86602553186775
    outer loop
      vertex 45 0 8.915617942810059
      vertex 47.525001525878906 15 7.457808494567871
      vertex 47.525001525878906 0 7.457808494567871
    endloop
  endfacet
  facet normal -0.49999977815313146 0 -0.86602553186775
    outer loop
      vertex 47.525001525878906 15 7.457808494567871
      vertex 45 0 8.915617942810059
      vertex 45 15 8.915617942810059
    endloop
  endfacet
  facet normal 0.49999977815313146 0 0.86602553186775
    outer loop
      vertex 42.474998474121094 15 4.5421905517578125
      vertex 45 0 3.084381103515625
      vertex 45 15 3.084381103515625
    endloop
  endfacet
  facet normal 0.49999977815313146 0 0.86602553186775
    outer loop
      vertex 45 0 3.084381103515625
      vertex 42.474998474121094 15 4.5421905517578125
      vertex 42.474998474121094 0 4.5421905517578125
    endloop
  endfacet
  facet normal 1 0 0
    outer loop
      vertex 42.474998474121094 0 7.457808494567871
      vertex 42.474998474121094 15 4.5421905517578125
      vertex 42.474998474121094 15 7.457808494567871
    endloop
  endfacet
  facet normal 1 0 0
    outer loop
      vertex 42.474998474121094 15 4.5421905517578125
      vertex 42.474998474121094 0 7.457808494567871
      vertex 42.474998474121094 0 4.5421905517578125
    endloop
  endfacet
  facet normal 0.49999977815313146 0 -0.86602553186775
    outer loop
      vertex 42.474998474121094 0 7.457808494567871
      vertex 45 15 8.915617942810059
      vertex 45 0 8.915617942810059
    endloop
  endfacet
  facet normal 0.49999977815313146 0 -0.86602553186775
    outer loop
      vertex 45 15 8.915617942810059
      vertex 42.474998474121094 0 7.457808494567871
      vertex 42.474998474121094 15 7.457808494567871
    endloop
  endfacet
  facet normal -1 0 0
    outer loop
      vertex 47.525001525878906 0 4.5421905517578125
      vertex 47.525001525878906 15 7.457808494567871
      vertex 47.525001525878906 15 4.5421905517578125
    endloop
  endfacet
  facet normal -1 0 0
    outer loop
      vertex 47.525001525878906 15 7.457808494567871
      vertex 47.525001525878906 0 4.5421905517578125
      vertex 47.525001525878906 0 7.457808494567871
    endloop
  endfacet
  facet normal -0.49999977815313146 0 0.86602553186775
    outer loop
      vertex 45 15 3.084381103515625
      vertex 47.525001525878906 0 4.5421905517578125
      vertex 47.525001525878906 15 4.5421905517578125
    endloop
  endfacet
  facet normal -0.49999977815313146 0 0.86602553186775
    outer loop
      vertex 47.525001525878906 0 4.5421905517578125
      vertex 45 15 3.084381103515625
      vertex 45 0 3.084381103515625
    endloop
  endfacet
  facet normal 0 -1 0
    outer loop
      vertex 41.95000076293945 7.824999809265137 11.5
      vertex 43.29999923706055 7.824999809265137 12
      vertex 41.95000076293945 7.824999809265137 12
    endloop
  endfacet
  facet normal 0 -1 0
    outer loop
      vertex 43.29999923706055 7.824999809265137 12
      vertex 41.95000076293945 7.824999809265137 11.5
      vertex 43.29999923706055 7.824999809265137 11.5
    endloop
  endfacet
  facet normal -1 0 0
    outer loop
      vertex 41.95000076293945 7.824999809265137 11.5
      vertex 41.95000076293945 8.749999046325684 12
      vertex 41.95000076293945 8.749999046325684 11.5
    endloop
  endfacet
  facet normal -1 0 0
    outer loop
      vertex 41.95000076293945 8.749999046325684 12
      vertex 41.95000076293945 7.824999809265137 11.5
      vertex 41.95000076293945 7.824999809265137 12
    endloop
  endfacet
  facet normal 0 1 0
    outer loop
      vertex 43.29999923706055 8.749999046325684 11.5
      vertex 41.95000076293945 8.749999046325684 12
      vertex 43.29999923706055 8.749999046325684 12
    endloop
  endfacet
  facet normal 0 1 0
    outer loop
      vertex 41.95000076293945 8.749999046325684 12
      vertex 43.29999923706055 8.749999046325684 11.5
      vertex 41.95000076293945 8.749999046325684 11.5
    endloop
  endfacet
  facet normal -1 0 0
    outer loop
      vertex 43.29999923706055 8.749999046325684 11.5
      vertex 43.29999923706055 9.399999618530273 12
      vertex 43.29999923706055 9.399999618530273 11.5
    endloop
  endfacet
  facet normal -1 0 0
    outer loop
      vertex 43.29999923706055 9.399999618530273 12
      vertex 43.29999923706055 8.749999046325684 11.5
      vertex 43.29999923706055 8.749999046325684 12
    endloop
  endfacet
  facet normal 0 -1 0
    outer loop
      vertex 41.29999923706055 9.399999618530273 11.5
      vertex 43.29999923706055 9.399999618530273 12
      vertex 41.29999923706055 9.399999618530273 12
    endloop
  endfacet
  facet normal 0 -1 0
    outer loop
      vertex 43.29999923706055 9.399999618530273 12
      vertex 41.29999923706055 9.399999618530273 11.5
      vertex 43.29999923706055 9.399999618530273 11.5
    endloop
  endfacet
  facet normal 1 0 0
    outer loop
      vertex 41.29999923706055 7.174999237060547 12
      vertex 41.29999923706055 9.399999618530273 11.5
      vertex 41.29999923706055 9.399999618530273 12
    endloop
  endfacet
  facet normal 1 0 0
    outer loop
      vertex 41.29999923706055 9.399999618530273 11.5
      vertex 41.29999923706055 7.174999237060547 12
      vertex 41.29999923706055 7.174999237060547 11.5
    endloop
  endfacet
  facet normal 0 1 0
    outer loop
      vertex 42.650001525878906 7.174999237060547 11.5
      vertex 41.29999923706055 7.174999237060547 12
      vertex 42.650001525878906 7.174999237060547 12
    endloop
  endfacet
  facet normal 0 1 0
    outer loop
      vertex 41.29999923706055 7.174999237060547 12
      vertex 42.650001525878906 7.174999237060547 11.5
      vertex 41.29999923706055 7.174999237060547 11.5
    endloop
  endfacet
  facet normal 1 0 0
    outer loop
      vertex 42.650001525878906 6.249999046325684 12
      vertex 42.650001525878906 7.174999237060547 11.5
      vertex 42.650001525878906 7.174999237060547 12
    endloop
  endfacet
  facet normal 1 0 0
    outer loop
      vertex 42.650001525878906 7.174999237060547 11.5
      vertex 42.650001525878906 6.249999046325684 12
      vertex 42.650001525878906 6.249999046325684 11.5
    endloop
  endfacet
  facet normal 0 -1 0
    outer loop
      vertex 41.29999923706055 6.249999046325684 11.5
      vertex 42.650001525878906 6.249999046325684 12
      vertex 41.29999923706055 6.249999046325684 12
    endloop
  endfacet
  facet normal 0 -1 0
    outer loop
      vertex 42.650001525878906 6.249999046325684 12
      vertex 41.29999923706055 6.249999046325684 11.5
      vertex 42.650001525878906 6.249999046325684 11.5
    endloop
  endfacet
  facet normal 1 0 0
    outer loop
      vertex 41.29999923706055 5.59999942779541 12
      vertex 41.29999923706055 6.249999046325684 11.5
      vertex 41.29999923706055 6.249999046325684 12
    endloop
  endfacet
  facet normal 1 0 0
    outer loop
      vertex 41.29999923706055 6.249999046325684 11.5
      vertex 41.29999923706055 5.59999942779541 12
      vertex 41.29999923706055 5.59999942779541 11.5
    endloop
  endfacet
  facet normal 0 1 0
    outer loop
      vertex 43.29999923706055 5.59999942779541 11.5
      vertex 41.29999923706055 5.59999942779541 12
      vertex 43.29999923706055 5.59999942779541 12
    endloop
  endfacet
  facet normal 0 1 0
    outer loop
      vertex 41.29999923706055 5.59999942779541 12
      vertex 43.29999923706055 5.59999942779541 11.5
      vertex 41.29999923706055 5.59999942779541 11.5
    endloop
  endfacet
  facet normal -1 0 0
    outer loop
      vertex 43.29999923706055 5.59999942779541 11.5
      vertex 43.29999923706055 7.824999809265137 12
      vertex 43.29999923706055 7.824999809265137 11.5
    endloop
  endfacet
  facet normal -1 0 0
    outer loop
      vertex 43.29999923706055 7.824999809265137 12
      vertex 43.29999923706055 5.59999942779541 11.5
      vertex 43.29999923706055 5.59999942779541 12
    endloop
  endfacet
  facet normal 0 -1 0
    outer loop
      vertex 44 9.399999618530273 11.5
      vertex 46 9.399999618530273 12
      vertex 44 9.399999618530273 12
    endloop
  endfacet
  facet normal 0 -1 0
    outer loop
      vertex 46 9.399999618530273 12
      vertex 44 9.399999618530273 11.5
      vertex 46 9.399999618530273 11.5
    endloop
  endfacet
  facet normal 1 0 0
    outer loop
      vertex 44 5.59999942779541 12
      vertex 44 9.399999618530273 11.5
      vertex 44 9.399999618530273 12
    endloop
  endfacet
  facet normal 1 0 0
    outer loop
      vertex 44 9.399999618530273 11.5
      vertex 44 5.59999942779541 12
      vertex 44 5.59999942779541 11.5
    endloop
  endfacet
  facet normal 0 1 0
    outer loop
      vertex 46 5.59999942779541 11.5
      vertex 44 5.59999942779541 12
      vertex 46 5.59999942779541 12
    endloop
  endfacet
  facet normal 0 1 0
    outer loop
      vertex 44 5.59999942779541 12
      vertex 46 5.59999942779541 11.5
      vertex 44 5.59999942779541 11.5
    endloop
  endfacet
  facet normal -1 0 0
    outer loop
      vertex 46 5.59999942779541 11.5
      vertex 46 9.399999618530273 12
      vertex 46 9.399999618530273 11.5
    endloop
  endfacet
  facet normal -1 0 0
    outer loop
      vertex 46 9.399999618530273 12
      vertex 46 5.59999942779541 11.5
      vertex 46 5.59999942779541 12
    endloop
  endfacet
  facet normal 0 1 0
    outer loop
      vertex 45.349998474121094 8.749999046325684 11.5
      vertex 44.650001525878906 8.749999046325684 12
      vertex 45.349998474121094 8.749999046325684 12
    endloop
  endfacet
  facet normal 0 1 0
    outer loop
      vertex 44.650001525878906 8.749999046325684 12
      vertex 45.349998474121094 8.749999046325684 11.5
      vertex 44.650001525878906 8.749999046325684 11.5
    endloop
  endfacet
  facet normal 1 0 0
    outer loop
      vertex 45.349998474121094 6.249999046325684 12
      vertex 45.349998474121094 8.749999046325684 11.5
      vertex 45.349998474121094 8.749999046325684 12
    endloop
  endfacet
  facet normal 1 0 0
    outer loop
      vertex 45.349998474121094 8.749999046325684 11.5
      vertex 45.349998474121094 6.249999046325684 12
      vertex 45.349998474121094 6.249999046325684 11.5
    endloop
  endfacet
  facet normal 0 -1 0
    outer loop
      vertex 44.650001525878906 6.249999046325684 11.5
      vertex 45.349998474121094 6.249999046325684 12
      vertex 44.650001525878906 6.249999046325684 12
    endloop
  endfacet
  facet normal 0 -1 0
    outer loop
      vertex 45.349998474121094 6.249999046325684 12
      vertex 44.650001525878906 6.249999046325684 11.5
      vertex 45.349998474121094 6.249999046325684 11.5
    endloop
  endfacet
  facet normal -1 0 0
    outer loop
      vertex 44.650001525878906 6.249999046325684 11.5
      vertex 44.650001525878906 8.749999046325684 12
      vertex 44.650001525878906 8.749999046325684 11.5
    endloop
  endfacet
  facet normal -1 0 0
    outer loop
      vertex 44.650001525878906 8.749999046325684 12
      vertex 44.650001525878906 6.249999046325684 11.5
      vertex 44.650001525878906 6.249999046325684 12
    endloop
  endfacet
  facet normal 0 -1 0
    outer loop
      vertex 47.349998474121094 7.824999809265137 11.5
      vertex 48.70000076293945 7.824999809265137 12
      vertex 47.349998474121094 7.824999809265137 12
    endloop
  endfacet
  facet normal 0 -1 0
    outer loop
      vertex 48.70000076293945 7.824999809265137 12
      vertex 47.349998474121094 7.824999809265137 11.5
      vertex 48.70000076293945 7.824999809265137 11.5
    endloop
  endfacet
  facet normal -1 0 0
    outer loop
      vertex 47.349998474121094 7.824999809265137 11.5
      vertex 47.349998474121094 8.749999046325684 12
      vertex 47.349998474121094 8.749999046325684 11.5
    endloop
  endfacet
  facet normal -1 0 0
    outer loop
      vertex 47.349998474121094 8.749999046325684 12
      vertex 47.349998474121094 7.824999809265137 11.5
      vertex 47.349998474121094 7.824999809265137 12
    endloop
  endfacet
  facet normal 0 1 0
    outer loop
      vertex 48.70000076293945 8.749999046325684 11.5
      vertex 47.349998474121094 8.749999046325684 12
      vertex 48.70000076293945 8.749999046325684 12
    endloop
  endfacet
  facet normal 0 1 0
    outer loop
      vertex 47.349998474121094 8.749999046325684 12
      vertex 48.70000076293945 8.749999046325684 11.5
      vertex 47.349998474121094 8.749999046325684 11.5
    endloop
  endfacet
  facet normal -1 0 0
    outer loop
      vertex 48.70000076293945 8.749999046325684 11.5
      vertex 48.70000076293945 9.399999618530273 12
      vertex 48.70000076293945 9.399999618530273 11.5
    endloop
  endfacet
  facet normal -1 0 0
    outer loop
      vertex 48.70000076293945 9.399999618530273 12
      vertex 48.70000076293945 8.749999046325684 11.5
      vertex 48.70000076293945 8.749999046325684 12
    endloop
  endfacet
  facet normal 0 -1 0
    outer loop
      vertex 46.70000076293945 9.399999618530273 11.5
      vertex 48.70000076293945 9.399999618530273 12
      vertex 46.70000076293945 9.399999618530273 12
    endloop
  endfacet
  facet normal 0 -1 0
    outer loop
      vertex 48.70000076293945 9.399999618530273 12
      vertex 46.70000076293945 9.399999618530273 11.5
      vertex 48.70000076293945 9.399999618530273 11.5
    endloop
  endfacet
  facet normal 1 0 0
    outer loop
      vertex 46.70000076293945 7.174999237060547 12
      vertex 46.70000076293945 9.399999618530273 11.5
      vertex 46.70000076293945 9.399999618530273 12
    endloop
  endfacet
  facet normal 1 0 0
    outer loop
      vertex 46.70000076293945 9.399999618530273 11.5
      vertex 46.70000076293945 7.174999237060547 12
      vertex 46.70000076293945 7.174999237060547 11.5
    endloop
  endfacet
  facet normal 0 1 0
    outer loop
      vertex 48.04999923706055 7.174999237060547 11.5
      vertex 46.70000076293945 7.174999237060547 12
      vertex 48.04999923706055 7.174999237060547 12
    endloop
  endfacet
  facet normal 0 1 0
    outer loop
      vertex 46.70000076293945 7.174999237060547 12
      vertex 48.04999923706055 7.174999237060547 11.5
      vertex 46.70000076293945 7.174999237060547 11.5
    endloop
  endfacet
  facet normal 1 0 0
    outer loop
      vertex 48.04999923706055 6.249999046325684 12
      vertex 48.04999923706055 7.174999237060547 11.5
      vertex 48.04999923706055 7.174999237060547 12
    endloop
  endfacet
  facet normal 1 0 0
    outer loop
      vertex 48.04999923706055 7.174999237060547 11.5
      vertex 48.04999923706055 6.249999046325684 12
      vertex 48.04999923706055 6.249999046325684 11.5
    endloop
  endfacet
  facet normal 0 -1 0
    outer loop
      vertex 46.70000076293945 6.249999046325684 11.5
      vertex 48.04999923706055 6.249999046325684 12
      vertex 46.70000076293945 6.249999046325684 12
    endloop
  endfacet
  facet normal 0 -1 0
    outer loop
      vertex 48.04999923706055 6.249999046325684 12
      vertex 46.70000076293945 6.249999046325684 11.5
      vertex 48.04999923706055 6.249999046325684 11.5
    endloop
  endfacet
  facet normal 1 0 0
    outer loop
      vertex 46.70000076293945 5.59999942779541 12
      vertex 46.70000076293945 6.249999046325684 11.5
      vertex 46.70000076293945 6.249999046325684 12
    endloop
  endfacet
  facet normal 1 0 0
    outer loop
      vertex 46.70000076293945 6.249999046325684 11.5
      vertex 46.70000076293945 5.59999942779541 12
      vertex 46.70000076293945 5.59999942779541 11.5
    endloop
  endfacet
  facet normal 0 1 0
    outer loop
      vertex 48.70000076293945 5.59999942779541 11.5
      vertex 46.70000076293945 5.59999942779541 12
      vertex 48.70000076293945 5.59999942779541 12
    endloop
  endfacet
  facet normal 0 1 0
    outer loop
      vertex 46.70000076293945 5.59999942779541 12
      vertex 48.70000076293945 5.59999942779541 11.5
      vertex 46.70000076293945 5.59999942779541 11.5
    endloop
  endfacet
  facet normal -1 0 0
    outer loop
      vertex 48.70000076293945 5.59999942779541 11.5
      vertex 48.70000076293945 7.824999809265137 12
      vertex 48.70000076293945 7.824999809265137 11.5
    endloop
  endfacet
  facet normal -1 0 0
    outer loop
      vertex 48.70000076293945 7.824999809265137 12
      vertex 48.70000076293945 5.59999942779541 11.5
      vertex 48.70000076293945 5.59999942779541 12
    endloop
  endfacet
  facet normal 0 0 1
    outer loop
      vertex 43.29999923706055 9.399999618530273 11.5
      vertex 41.95000076293945 8.749999046325684 11.5
      vertex 43.29999923706055 8.749999046325684 11.5
    endloop
  endfacet
  facet normal 0 0 1
    outer loop
      vertex 41.95000076293945 8.749999046325684 11.5
      vertex 41.29999923706055 9.399999618530273 11.5
      vertex 41.95000076293945 7.824999809265137 11.5
    endloop
  endfacet
  facet normal 0 0 1
    outer loop
      vertex 41.29999923706055 9.399999618530273 11.5
      vertex 41.95000076293945 8.749999046325684 11.5
      vertex 43.29999923706055 9.399999618530273 11.5
    endloop
  endfacet
  facet normal 0 0 1
    outer loop
      vertex 43.29999923706055 7.824999809265137 11.5
      vertex 42.650001525878906 7.174999237060547 11.5
      vertex 43.29999923706055 5.59999942779541 11.5
    endloop
  endfacet
  facet normal 0 0 1
    outer loop
      vertex 41.95000076293945 7.824999809265137 11.5
      vertex 42.650001525878906 7.174999237060547 11.5
      vertex 43.29999923706055 7.824999809265137 11.5
    endloop
  endfacet
  facet normal 0 0 1
    outer loop
      vertex 41.95000076293945 7.824999809265137 11.5
      vertex 41.29999923706055 7.174999237060547 11.5
      vertex 42.650001525878906 7.174999237060547 11.5
    endloop
  endfacet
  facet normal 0 0 1
    outer loop
      vertex 41.29999923706055 7.174999237060547 11.5
      vertex 41.95000076293945 7.824999809265137 11.5
      vertex 41.29999923706055 9.399999618530273 11.5
    endloop
  endfacet
  facet normal 0 0 1
    outer loop
      vertex 42.650001525878906 6.249999046325684 11.5
      vertex 43.29999923706055 5.59999942779541 11.5
      vertex 42.650001525878906 7.174999237060547 11.5
    endloop
  endfacet
  facet normal 0 0 1
    outer loop
      vertex 41.29999923706055 5.59999942779541 11.5
      vertex 42.650001525878906 6.249999046325684 11.5
      vertex 41.29999923706055 6.249999046325684 11.5
    endloop
  endfacet
  facet normal 0 0 1
    outer loop
      vertex 42.650001525878906 6.249999046325684 11.5
      vertex 41.29999923706055 5.59999942779541 11.5
      vertex 43.29999923706055 5.59999942779541 11.5
    endloop
  endfacet
  facet normal 0 0 1
    outer loop
      vertex 46 9.399999618530273 11.5
      vertex 45.349998474121094 8.749999046325684 11.5
      vertex 46 5.59999942779541 11.5
    endloop
  endfacet
  facet normal 0 0 1
    outer loop
      vertex 46 9.399999618530273 11.5
      vertex 44.650001525878906 8.749999046325684 11.5
      vertex 45.349998474121094 8.749999046325684 11.5
    endloop
  endfacet
  facet normal 0 0 1
    outer loop
      vertex 44.650001525878906 8.749999046325684 11.5
      vertex 44 9.399999618530273 11.5
      vertex 44.650001525878906 6.249999046325684 11.5
    endloop
  endfacet
  facet normal 0 0 1
    outer loop
      vertex 44 9.399999618530273 11.5
      vertex 44.650001525878906 8.749999046325684 11.5
      vertex 46 9.399999618530273 11.5
    endloop
  endfacet
  facet normal 0 0 1
    outer loop
      vertex 45.349998474121094 6.249999046325684 11.5
      vertex 46 5.59999942779541 11.5
      vertex 45.349998474121094 8.749999046325684 11.5
    endloop
  endfacet
  facet normal 0 0 1
    outer loop
      vertex 44.650001525878906 6.249999046325684 11.5
      vertex 46 5.59999942779541 11.5
      vertex 45.349998474121094 6.249999046325684 11.5
    endloop
  endfacet
  facet normal 0 0 1
    outer loop
      vertex 44.650001525878906 6.249999046325684 11.5
      vertex 44 5.59999942779541 11.5
      vertex 46 5.59999942779541 11.5
    endloop
  endfacet
  facet normal 0 0 1
    outer loop
      vertex 44 5.59999942779541 11.5
      vertex 44.650001525878906 6.249999046325684 11.5
      vertex 44 9.399999618530273 11.5
    endloop
  endfacet
  facet normal 0 0 1
    outer loop
      vertex 48.70000076293945 9.399999618530273 11.5
      vertex 47.349998474121094 8.749999046325684 11.5
      vertex 48.70000076293945 8.749999046325684 11.5
    endloop
  endfacet
  facet normal 0 0 1
    outer loop
      vertex 47.349998474121094 8.749999046325684 11.5
      vertex 46.70000076293945 9.399999618530273 11.5
      vertex 47.349998474121094 7.824999809265137 11.5
    endloop
  endfacet
  facet normal 0 0 1
    outer loop
      vertex 46.70000076293945 9.399999618530273 11.5
      vertex 47.349998474121094 8.749999046325684 11.5
      vertex 48.70000076293945 9.399999618530273 11.5
    endloop
  endfacet
  facet normal 0 0 1
    outer loop
      vertex 48.70000076293945 7.824999809265137 11.5
      vertex 48.04999923706055 7.174999237060547 11.5
      vertex 48.70000076293945 5.59999942779541 11.5
    endloop
  endfacet
  facet normal 0 0 1
    outer loop
      vertex 47.349998474121094 7.824999809265137 11.5
      vertex 48.04999923706055 7.174999237060547 11.5
      vertex 48.70000076293945 7.824999809265137 11.5
    endloop
  endfacet
  facet normal 0 0 1
    outer loop
      vertex 47.349998474121094 7.824999809265137 11.5
      vertex 46.70000076293945 7.174999237060547 11.5
      vertex 48.04999923706055 7.174999237060547 11.5
    endloop
  endfacet
  facet normal 0 0 1
    outer loop
      vertex 46.70000076293945 7.174999237060547 11.5
      vertex 47.349998474121094 7.824999809265137 11.5
      vertex 46.70000076293945 9.399999618530273 11.5
    endloop
  endfacet
  facet normal 0 0 1
    outer loop
      vertex 48.04999923706055 6.249999046325684 11.5
      vertex 48.70000076293945 5.59999942779541 11.5
      vertex 48.04999923706055 7.174999237060547 11.5
    endloop
  endfacet
  facet normal 0 0 1
    outer loop
      vertex 46.70000076293945 5.59999942779541 11.5
      vertex 48.04999923706055 6.249999046325684 11.5
      vertex 46.70000076293945 6.249999046325684 11.5
    endloop
  endfacet
  facet normal 0 0 1
    outer loop
      vertex 48.04999923706055 6.249999046325684 11.5
      vertex 46.70000076293945 5.59999942779541 11.5
      vertex 48.70000076293945 5.59999942779541 11.5
    endloop
  endfacet
  facet normal -0.5000001434216614 0 -0.866025320979888
    outer loop
      vertex 55 0 8.944485664367676
      vertex 57.54999923706055 15 7.47224235534668
      vertex 57.54999923706055 0 7.47224235534668
    endloop
  endfacet
  facet normal -0.5000001434216614 0 -0.866025320979888
    outer loop
      vertex 57.54999923706055 15 7.47224235534668
      vertex 55 0 8.944485664367676
      vertex 55 15 8.944485664367676
    endloop
  endfacet
  facet normal 0.5000001434216614 0 0.866025320979888
    outer loop
      vertex 52.45000076293945 15 4.527756690979004
      vertex 55 0 3.055513381958008
      vertex 55 15 3.055513381958008
    endloop
  endfacet
  facet normal 0.5000001434216614 0 0.866025320979888
    outer loop
      vertex 55 0 3.055513381958008
      vertex 52.45000076293945 15 4.527756690979004
      vertex 52.45000076293945 0 4.527756690979004
    endloop
  endfacet
  facet normal 1 0 0
    outer loop
      vertex 52.45000076293945 0 7.47224235534668
      vertex 52.45000076293945 15 4.527756690979004
      vertex 52.45000076293945 15 7.47224235534668
    endloop
  endfacet
  facet normal 1 0 0
    outer loop
      vertex 52.45000076293945 15 4.527756690979004
      vertex 52.45000076293945 0 7.47224235534668
      vertex 52.45000076293945 0 4.527756690979004
    endloop
  endfacet
  facet normal 0.5000001434216614 0 -0.866025320979888
    outer loop
      vertex 52.45000076293945 0 7.47224235534668
      vertex 55 15 8.944485664367676
      vertex 55 0 8.944485664367676
    endloop
  endfacet
  facet normal 0.5000001434216614 0 -0.866025320979888
    outer loop
      vertex 55 15 8.944485664367676
      vertex 52.45000076293945 0 7.47224235534668
      vertex 52.45000076293945 15 7.47224235534668
    endloop
  endfacet
  facet normal -1 0 0
    outer loop
      vertex 57.54999923706055 0 4.527756690979004
      vertex 57.54999923706055 15 7.47224235534668
      vertex 57.54999923706055 15 4.527756690979004
    endloop
  endfacet
  facet normal -1 0 0
    outer loop
      vertex 57.54999923706055 15 7.47224235534668
      vertex 57.54999923706055 0 4.527756690979004
      vertex 57.54999923706055 0 7.47224235534668
    endloop
  endfacet
  facet normal -0.5000001434216614 0 0.866025320979888
    outer loop
      vertex 55 15 3.055513381958008
      vertex 57.54999923706055 0 4.527756690979004
      vertex 57.54999923706055 15 4.527756690979004
    endloop
  endfacet
  facet normal -0.5000001434216614 0 0.866025320979888
    outer loop
      vertex 57.54999923706055 0 4.527756690979004
      vertex 55 15 3.055513381958008
      vertex 55 0 3.055513381958008
    endloop
  endfacet
  facet normal 0 -1 0
    outer loop
      vertex 51.95000076293945 7.824999809265137 11.5
      vertex 53.29999923706055 7.824999809265137 12
      vertex 51.95000076293945 7.824999809265137 12
    endloop
  endfacet
  facet normal 0 -1 0
    outer loop
      vertex 53.29999923706055 7.824999809265137 12
      vertex 51.95000076293945 7.824999809265137 11.5
      vertex 53.29999923706055 7.824999809265137 11.5
    endloop
  endfacet
  facet normal -1 0 0
    outer loop
      vertex 51.95000076293945 7.824999809265137 11.5
      vertex 51.95000076293945 8.749999046325684 12
      vertex 51.95000076293945 8.749999046325684 11.5
    endloop
  endfacet
  facet normal -1 0 0
    outer loop
      vertex 51.95000076293945 8.749999046325684 12
      vertex 51.95000076293945 7.824999809265137 11.5
      vertex 51.95000076293945 7.824999809265137 12
    endloop
  endfacet
  facet normal 0 1 0
    outer loop
      vertex 53.29999923706055 8.749999046325684 11.5
      vertex 51.95000076293945 8.749999046325684 12
      vertex 53.29999923706055 8.749999046325684 12
    endloop
  endfacet
  facet normal 0 1 0
    outer loop
      vertex 51.95000076293945 8.749999046325684 12
      vertex 53.29999923706055 8.749999046325684 11.5
      vertex 51.95000076293945 8.749999046325684 11.5
    endloop
  endfacet
  facet normal -1 0 0
    outer loop
      vertex 53.29999923706055 8.749999046325684 11.5
      vertex 53.29999923706055 9.399999618530273 12
      vertex 53.29999923706055 9.399999618530273 11.5
    endloop
  endfacet
  facet normal -1 0 0
    outer loop
      vertex 53.29999923706055 9.399999618530273 12
      vertex 53.29999923706055 8.749999046325684 11.5
      vertex 53.29999923706055 8.749999046325684 12
    endloop
  endfacet
  facet normal 0 -1 0
    outer loop
      vertex 51.29999923706055 9.399999618530273 11.5
      vertex 53.29999923706055 9.399999618530273 12
      vertex 51.29999923706055 9.399999618530273 12
    endloop
  endfacet
  facet normal 0 -1 0
    outer loop
      vertex 53.29999923706055 9.399999618530273 12
      vertex 51.29999923706055 9.399999618530273 11.5
      vertex 53.29999923706055 9.399999618530273 11.5
    endloop
  endfacet
  facet normal 1 0 0
    outer loop
      vertex 51.29999923706055 7.174999237060547 12
      vertex 51.29999923706055 9.399999618530273 11.5
      vertex 51.29999923706055 9.399999618530273 12
    endloop
  endfacet
  facet normal 1 0 0
    outer loop
      vertex 51.29999923706055 9.399999618530273 11.5
      vertex 51.29999923706055 7.174999237060547 12
      vertex 51.29999923706055 7.174999237060547 11.5
    endloop
  endfacet
  facet normal 0 1 0
    outer loop
      vertex 52.650001525878906 7.174999237060547 11.5
      vertex 51.29999923706055 7.174999237060547 12
      vertex 52.650001525878906 7.174999237060547 12
    endloop
  endfacet
  facet normal 0 1 0
    outer loop
      vertex 51.29999923706055 7.174999237060547 12
      vertex 52.650001525878906 7.174999237060547 11.5
      vertex 51.29999923706055 7.174999237060547 11.5
    endloop
  endfacet
  facet normal 1 0 0
    outer loop
      vertex 52.650001525878906 6.249999046325684 12
      vertex 52.650001525878906 7.174999237060547 11.5
      vertex 52.650001525878906 7.174999237060547 12
    endloop
  endfacet
  facet normal 1 0 0
    outer loop
      vertex 52.650001525878906 7.174999237060547 11.5
      vertex 52.650001525878906 6.249999046325684 12
      vertex 52.650001525878906 6.249999046325684 11.5
    endloop
  endfacet
  facet normal 0 -1 0
    outer loop
      vertex 51.29999923706055 6.249999046325684 11.5
      vertex 52.650001525878906 6.249999046325684 12
      vertex 51.29999923706055 6.249999046325684 12
    endloop
  endfacet
  facet normal 0 -1 0
    outer loop
      vertex 52.650001525878906 6.249999046325684 12
      vertex 51.29999923706055 6.249999046325684 11.5
      vertex 52.650001525878906 6.249999046325684 11.5
    endloop
  endfacet
  facet normal 1 0 0
    outer loop
      vertex 51.29999923706055 5.59999942779541 12
      vertex 51.29999923706055 6.249999046325684 11.5
      vertex 51.29999923706055 6.249999046325684 12
    endloop
  endfacet
  facet normal 1 0 0
    outer loop
      vertex 51.29999923706055 6.249999046325684 11.5
      vertex 51.29999923706055 5.59999942779541 12
      vertex 51.29999923706055 5.59999942779541 11.5
    endloop
  endfacet
  facet normal 0 1 0
    outer loop
      vertex 53.29999923706055 5.59999942779541 11.5
      vertex 51.29999923706055 5.59999942779541 12
      vertex 53.29999923706055 5.59999942779541 12
    endloop
  endfacet
  facet normal 0 1 0
    outer loop
      vertex 51.29999923706055 5.59999942779541 12
      vertex 53.29999923706055 5.59999942779541 11.5
      vertex 51.29999923706055 5.59999942779541 11.5
    endloop
  endfacet
  facet normal -1 0 0
    outer loop
      vertex 53.29999923706055 5.59999942779541 11.5
      vertex 53.29999923706055 7.824999809265137 12
      vertex 53.29999923706055 7.824999809265137 11.5
    endloop
  endfacet
  facet normal -1 0 0
    outer loop
      vertex 53.29999923706055 7.824999809265137 12
      vertex 53.29999923706055 5.59999942779541 11.5
      vertex 53.29999923706055 5.59999942779541 12
    endloop
  endfacet
  facet normal 0 -1 0
    outer loop
      vertex 55.349998474121094 9.399999618530273 11.5
      vertex 56 9.399999618530273 12
      vertex 55.349998474121094 9.399999618530273 12
    endloop
  endfacet
  facet normal 0 -1 0
    outer loop
      vertex 56 9.399999618530273 12
      vertex 55.349998474121094 9.399999618530273 11.5
      vertex 56 9.399999618530273 11.5
    endloop
  endfacet
  facet normal 1 0 0
    outer loop
      vertex 55.349998474121094 5.59999942779541 12
      vertex 55.349998474121094 9.399999618530273 11.5
      vertex 55.349998474121094 9.399999618530273 12
    endloop
  endfacet
  facet normal 1 0 0
    outer loop
      vertex 55.349998474121094 9.399999618530273 11.5
      vertex 55.349998474121094 5.59999942779541 12
      vertex 55.349998474121094 5.59999942779541 11.5
    endloop
  endfacet
  facet normal 0 1 0
    outer loop
      vertex 56 5.59999942779541 11.5
      vertex 55.349998474121094 5.59999942779541 12
      vertex 56 5.59999942779541 12
    endloop
  endfacet
  facet normal 0 1 0
    outer loop
      vertex 55.349998474121094 5.59999942779541 12
      vertex 56 5.59999942779541 11.5
      vertex 55.349998474121094 5.59999942779541 11.5
    endloop
  endfacet
  facet normal -1 0 0
    outer loop
      vertex 56 5.59999942779541 11.5
      vertex 56 9.399999618530273 12
      vertex 56 9.399999618530273 11.5
    endloop
  endfacet
  facet normal -1 0 0
    outer loop
      vertex 56 9.399999618530273 12
      vertex 56 5.59999942779541 11.5
      vertex 56 5.59999942779541 12
    endloop
  endfacet
  facet normal 0 -1 0
    outer loop
      vertex 56.70000076293945 9.399999618530273 11.5
      vertex 58.70000076293945 9.399999618530273 12
      vertex 56.70000076293945 9.399999618530273 12
    endloop
  endfacet
  facet normal 0 -1 0
    outer loop
      vertex 58.70000076293945 9.399999618530273 12
      vertex 56.70000076293945 9.399999618530273 11.5
      vertex 58.70000076293945 9.399999618530273 11.5
    endloop
  endfacet
  facet normal 1 0 0
    outer loop
      vertex 56.70000076293945 5.59999942779541 12
      vertex 56.70000076293945 9.399999618530273 11.5
      vertex 56.70000076293945 9.399999618530273 12
    endloop
  endfacet
  facet normal 1 0 0
    outer loop
      vertex 56.70000076293945 9.399999618530273 11.5
      vertex 56.70000076293945 5.59999942779541 12
      vertex 56.70000076293945 5.59999942779541 11.5
    endloop
  endfacet
  facet normal 0 1 0
    outer loop
      vertex 58.70000076293945 5.59999942779541 11.5
      vertex 56.70000076293945 5.59999942779541 12
      vertex 58.70000076293945 5.59999942779541 12
    endloop
  endfacet
  facet normal 0 1 0
    outer loop
      vertex 56.70000076293945 5.59999942779541 12
      vertex 58.70000076293945 5.59999942779541 11.5
      vertex 56.70000076293945 5.59999942779541 11.5
    endloop
  endfacet
  facet normal -1 0 0
    outer loop
      vertex 58.70000076293945 5.59999942779541 11.5
      vertex 58.70000076293945 9.399999618530273 12
      vertex 58.70000076293945 9.399999618530273 11.5
    endloop
  endfacet
  facet normal -1 0 0
    outer loop
      vertex 58.70000076293945 9.399999618530273 12
      vertex 58.70000076293945 5.59999942779541 11.5
      vertex 58.70000076293945 5.59999942779541 12
    endloop
  endfacet
  facet normal 0 1 0
    outer loop
      vertex 58.04999923706055 8.749999046325684 11.5
      vertex 57.349998474121094 8.749999046325684 12
      vertex 58.04999923706055 8.749999046325684 12
    endloop
  endfacet
  facet normal 0 1 0
    outer loop
      vertex 57.349998474121094 8.749999046325684 12
      vertex 58.04999923706055 8.749999046325684 11.5
      vertex 57.349998474121094 8.749999046325684 11.5
    endloop
  endfacet
  facet normal 1 0 0
    outer loop
      vertex 58.04999923706055 6.249999046325684 12
      vertex 58.04999923706055 8.749999046325684 11.5
      vertex 58.04999923706055 8.749999046325684 12
    endloop
  endfacet
  facet normal 1 0 0
    outer loop
      vertex 58.04999923706055 8.749999046325684 11.5
      vertex 58.04999923706055 6.249999046325684 12
      vertex 58.04999923706055 6.249999046325684 11.5
    endloop
  endfacet
  facet normal 0 -1 0
    outer loop
      vertex 57.349998474121094 6.249999046325684 11.5
      vertex 58.04999923706055 6.249999046325684 12
      vertex 57.349998474121094 6.249999046325684 12
    endloop
  endfacet
  facet normal 0 -1 0
    outer loop
      vertex 58.04999923706055 6.249999046325684 12
      vertex 57.349998474121094 6.249999046325684 11.5
      vertex 58.04999923706055 6.249999046325684 11.5
    endloop
  endfacet
  facet normal -1 0 0
    outer loop
      vertex 57.349998474121094 6.249999046325684 11.5
      vertex 57.349998474121094 8.749999046325684 12
      vertex 57.349998474121094 8.749999046325684 11.5
    endloop
  endfacet
  facet normal -1 0 0
    outer loop
      vertex 57.349998474121094 8.749999046325684 12
      vertex 57.349998474121094 6.249999046325684 11.5
      vertex 57.349998474121094 6.249999046325684 12
    endloop
  endfacet
  facet normal 0 0 1
    outer loop
      vertex 53.29999923706055 9.399999618530273 11.5
      vertex 51.95000076293945 8.749999046325684 11.5
      vertex 53.29999923706055 8.749999046325684 11.5
    endloop
  endfacet
  facet normal 0 0 1
    outer loop
      vertex 51.95000076293945 8.749999046325684 11.5
      vertex 51.29999923706055 9.399999618530273 11.5
      vertex 51.95000076293945 7.824999809265137 11.5
    endloop
  endfacet
  facet normal 0 0 1
    outer loop
      vertex 51.29999923706055 9.399999618530273 11.5
      vertex 51.95000076293945 8.749999046325684 11.5
      vertex 53.29999923706055 9.399999618530273 11.5
    endloop
  endfacet
  facet normal 0 0 1
    outer loop
      vertex 53.29999923706055 7.824999809265137 11.5
      vertex 52.650001525878906 7.174999237060547 11.5
      vertex 53.29999923706055 5.59999942779541 11.5
    endloop
  endfacet
  facet normal 0 0 1
    outer loop
      vertex 51.95000076293945 7.824999809265137 11.5
      vertex 52.650001525878906 7.174999237060547 11.5
      vertex 53.29999923706055 7.824999809265137 11.5
    endloop
  endfacet
  facet normal 0 0 1
    outer loop
      vertex 51.95000076293945 7.824999809265137 11.5
      vertex 51.29999923706055 7.174999237060547 11.5
      vertex 52.650001525878906 7.174999237060547 11.5
    endloop
  endfacet
  facet normal 0 0 1
    outer loop
      vertex 51.29999923706055 7.174999237060547 11.5
      vertex 51.95000076293945 7.824999809265137 11.5
      vertex 51.29999923706055 9.399999618530273 11.5
    endloop
  endfacet
  facet normal 0 0 1
    outer loop
      vertex 52.650001525878906 6.249999046325684 11.5
      vertex 53.29999923706055 5.59999942779541 11.5
      vertex 52.650001525878906 7.174999237060547 11.5
    endloop
  endfacet
  facet normal 0 0 1
    outer loop
      vertex 51.29999923706055 5.59999942779541 11.5
      vertex 52.650001525878906 6.249999046325684 11.5
      vertex 51.29999923706055 6.249999046325684 11.5
    endloop
  endfacet
  facet normal 0 0 1
    outer loop
      vertex 52.650001525878906 6.249999046325684 11.5
      vertex 51.29999923706055 5.59999942779541 11.5
      vertex 53.29999923706055 5.59999942779541 11.5
    endloop
  endfacet
  facet normal 0 0 1
    outer loop
      vertex 55.349998474121094 9.399999618530273 11.5
      vertex 56 5.59999942779541 11.5
      vertex 56 9.399999618530273 11.5
    endloop
  endfacet
  facet normal 0 0 1
    outer loop
      vertex 56 5.59999942779541 11.5
      vertex 55.349998474121094 9.399999618530273 11.5
      vertex 55.349998474121094 5.59999942779541 11.5
    endloop
  endfacet
  facet normal 0 0 1
    outer loop
      vertex 58.70000076293945 9.399999618530273 11.5
      vertex 58.04999923706055 8.749999046325684 11.5
      vertex 58.70000076293945 5.59999942779541 11.5
    endloop
  endfacet
  facet normal 0 0 1
    outer loop
      vertex 58.70000076293945 9.399999618530273 11.5
      vertex 57.349998474121094 8.749999046325684 11.5
      vertex 58.04999923706055 8.749999046325684 11.5
    endloop
  endfacet
  facet normal 0 0 1
    outer loop
      vertex 57.349998474121094 8.749999046325684 11.5
      vertex 56.70000076293945 9.399999618530273 11.5
      vertex 57.349998474121094 6.249999046325684 11.5
    endloop
  endfacet
  facet normal 0 0 1
    outer loop
      vertex 56.70000076293945 9.399999618530273 11.5
      vertex 57.349998474121094 8.749999046325684 11.5
      vertex 58.70000076293945 9.399999618530273 11.5
    endloop
  endfacet
  facet normal 0 0 1
    outer loop
      vertex 58.04999923706055 6.249999046325684 11.5
      vertex 58.70000076293945 5.59999942779541 11.5
      vertex 58.04999923706055 8.749999046325684 11.5
    endloop
  endfacet
  facet normal 0 0 1
    outer loop
      vertex 57.349998474121094 6.249999046325684 11.5
      vertex 58.70000076293945 5.59999942779541 11.5
      vertex 58.04999923706055 6.249999046325684 11.5
    endloop
  endfacet
  facet normal 0 0 1
    outer loop
      vertex 57.349998474121094 6.249999046325684 11.5
      vertex 56.70000076293945 5.59999942779541 11.5
      vertex 58.70000076293945 5.59999942779541 11.5
    endloop
  endfacet
  facet normal 0 0 1
    outer loop
      vertex 56.70000076293945 5.59999942779541 11.5
      vertex 57.349998474121094 6.249999046325684 11.5
      vertex 56.70000076293945 9.399999618530273 11.5
    endloop
  endfacet
  facet normal -0.5000005015979803 0 -0.866025114186516
    outer loop
      vertex 65 0 8.973353385925293
      vertex 67.57499694824219 15 7.486676216125488
      vertex 67.57499694824219 0 7.486676216125488
    endloop
  endfacet
  facet normal -0.5000005015979803 0 -0.866025114186516
    outer loop
      vertex 67.57499694824219 15 7.486676216125488
      vertex 65 0 8.973353385925293
      vertex 65 15 8.973353385925293
    endloop
  endfacet
  facet normal 0.4999999460592138 0 0.8660254349271639
    outer loop
      vertex 62.42499923706055 15 4.513322830200195
      vertex 65 0 3.0266456604003906
      vertex 65 15 3.0266456604003906
    endloop
  endfacet
  facet normal 0.4999999460592138 0 0.8660254349271639
    outer loop
      vertex 65 0 3.0266456604003906
      vertex 62.42499923706055 15 4.513322830200195
      vertex 62.42499923706055 0 4.513322830200195
    endloop
  endfacet
  facet normal 1 0 0
    outer loop
      vertex 62.42499923706055 0 7.486676216125488
      vertex 62.42499923706055 15 4.513322830200195
      vertex 62.42499923706055 15 7.486676216125488
    endloop
  endfacet
  facet normal 1 0 0
    outer loop
      vertex 62.42499923706055 15 4.513322830200195
      vertex 62.42499923706055 0 7.486676216125488
      vertex 62.42499923706055 0 4.513322830200195
    endloop
  endfacet
  facet normal 0.4999999460592138 0 -0.8660254349271639
    outer loop
      vertex 62.42499923706055 0 7.486676216125488
      vertex 65 15 8.973353385925293
      vertex 65 0 8.973353385925293
    endloop
  endfacet
  facet normal 0.4999999460592138 0 -0.8660254349271639
    outer loop
      vertex 65 15 8.973353385925293
      vertex 62.42499923706055 0 7.486676216125488
      vertex 62.42499923706055 15 7.486676216125488
    endloop
  endfacet
  facet normal -1 0 0
    outer loop
      vertex 67.57499694824219 0 4.513322830200195
      vertex 67.57499694824219 15 7.486676216125488
      vertex 67.57499694824219 15 4.513322830200195
    endloop
  endfacet
  facet normal -1 0 0
    outer loop
      vertex 67.57499694824219 15 7.486676216125488
      vertex 67.57499694824219 0 4.513322830200195
      vertex 67.57499694824219 0 7.486676216125488
    endloop
  endfacet
  facet normal -0.5000005015979803 0 0.866025114186516
    outer loop
      vertex 65 15 3.0266456604003906
      vertex 67.57499694824219 0 4.513322830200195
      vertex 67.57499694824219 15 4.513322830200195
    endloop
  endfacet
  facet normal -0.5000005015979803 0 0.866025114186516
    outer loop
      vertex 67.57499694824219 0 4.513322830200195
      vertex 65 15 3.0266456604003906
      vertex 65 0 3.0266456604003906
    endloop
  endfacet
  facet normal 0 -1 0
    outer loop
      vertex 61.95000076293945 7.824999809265137 11.5
      vertex 63.29999923706055 7.824999809265137 12
      vertex 61.95000076293945 7.824999809265137 12
    endloop
  endfacet
  facet normal 0 -1 0
    outer loop
      vertex 63.29999923706055 7.824999809265137 12
      vertex 61.95000076293945 7.824999809265137 11.5
      vertex 63.29999923706055 7.824999809265137 11.5
    endloop
  endfacet
  facet normal -1 0 0
    outer loop
      vertex 61.95000076293945 7.824999809265137 11.5
      vertex 61.95000076293945 8.749999046325684 12
      vertex 61.95000076293945 8.749999046325684 11.5
    endloop
  endfacet
  facet normal -1 0 0
    outer loop
      vertex 61.95000076293945 8.749999046325684 12
      vertex 61.95000076293945 7.824999809265137 11.5
      vertex 61.95000076293945 7.824999809265137 12
    endloop
  endfacet
  facet normal 0 1 0
    outer loop
      vertex 63.29999923706055 8.749999046325684 11.5
      vertex 61.95000076293945 8.749999046325684 12
      vertex 63.29999923706055 8.749999046325684 12
    endloop
  endfacet
  facet normal 0 1 0
    outer loop
      vertex 61.95000076293945 8.749999046325684 12
      vertex 63.29999923706055 8.749999046325684 11.5
      vertex 61.95000076293945 8.749999046325684 11.5
    endloop
  endfacet
  facet normal -1 0 0
    outer loop
      vertex 63.29999923706055 8.749999046325684 11.5
      vertex 63.29999923706055 9.399999618530273 12
      vertex 63.29999923706055 9.399999618530273 11.5
    endloop
  endfacet
  facet normal -1 0 0
    outer loop
      vertex 63.29999923706055 9.399999618530273 12
      vertex 63.29999923706055 8.749999046325684 11.5
      vertex 63.29999923706055 8.749999046325684 12
    endloop
  endfacet
  facet normal 0 -1 0
    outer loop
      vertex 61.29999923706055 9.399999618530273 11.5
      vertex 63.29999923706055 9.399999618530273 12
      vertex 61.29999923706055 9.399999618530273 12
    endloop
  endfacet
  facet normal 0 -1 0
    outer loop
      vertex 63.29999923706055 9.399999618530273 12
      vertex 61.29999923706055 9.399999618530273 11.5
      vertex 63.29999923706055 9.399999618530273 11.5
    endloop
  endfacet
  facet normal 1 0 0
    outer loop
      vertex 61.29999923706055 7.174999237060547 12
      vertex 61.29999923706055 9.399999618530273 11.5
      vertex 61.29999923706055 9.399999618530273 12
    endloop
  endfacet
  facet normal 1 0 0
    outer loop
      vertex 61.29999923706055 9.399999618530273 11.5
      vertex 61.29999923706055 7.174999237060547 12
      vertex 61.29999923706055 7.174999237060547 11.5
    endloop
  endfacet
  facet normal 0 1 0
    outer loop
      vertex 62.650001525878906 7.174999237060547 11.5
      vertex 61.29999923706055 7.174999237060547 12
      vertex 62.650001525878906 7.174999237060547 12
    endloop
  endfacet
  facet normal 0 1 0
    outer loop
      vertex 61.29999923706055 7.174999237060547 12
      vertex 62.650001525878906 7.174999237060547 11.5
      vertex 61.29999923706055 7.174999237060547 11.5
    endloop
  endfacet
  facet normal 1 0 0
    outer loop
      vertex 62.650001525878906 6.249999046325684 12
      vertex 62.650001525878906 7.174999237060547 11.5
      vertex 62.650001525878906 7.174999237060547 12
    endloop
  endfacet
  facet normal 1 0 0
    outer loop
      vertex 62.650001525878906 7.174999237060547 11.5
      vertex 62.650001525878906 6.249999046325684 12
      vertex 62.650001525878906 6.249999046325684 11.5
    endloop
  endfacet
  facet normal 0 -1 0
    outer loop
      vertex 61.29999923706055 6.249999046325684 11.5
      vertex 62.650001525878906 6.249999046325684 12
      vertex 61.29999923706055 6.249999046325684 12
    endloop
  endfacet
  facet normal 0 -1 0
    outer loop
      vertex 62.650001525878906 6.249999046325684 12
      vertex 61.29999923706055 6.249999046325684 11.5
      vertex 62.650001525878906 6.249999046325684 11.5
    endloop
  endfacet
  facet normal 1 0 0
    outer loop
      vertex 61.29999923706055 5.59999942779541 12
      vertex 61.29999923706055 6.249999046325684 11.5
      vertex 61.29999923706055 6.249999046325684 12
    endloop
  endfacet
  facet normal 1 0 0
    outer loop
      vertex 61.29999923706055 6.249999046325684 11.5
      vertex 61.29999923706055 5.59999942779541 12
      vertex 61.29999923706055 5.59999942779541 11.5
    endloop
  endfacet
  facet normal 0 1 0
    outer loop
      vertex 63.29999923706055 5.59999942779541 11.5
      vertex 61.29999923706055 5.59999942779541 12
      vertex 63.29999923706055 5.59999942779541 12
    endloop
  endfacet
  facet normal 0 1 0
    outer loop
      vertex 61.29999923706055 5.59999942779541 12
      vertex 63.29999923706055 5.59999942779541 11.5
      vertex 61.29999923706055 5.59999942779541 11.5
    endloop
  endfacet
  facet normal -1 0 0
    outer loop
      vertex 63.29999923706055 5.59999942779541 11.5
      vertex 63.29999923706055 7.824999809265137 12
      vertex 63.29999923706055 7.824999809265137 11.5
    endloop
  endfacet
  facet normal -1 0 0
    outer loop
      vertex 63.29999923706055 7.824999809265137 12
      vertex 63.29999923706055 5.59999942779541 11.5
      vertex 63.29999923706055 5.59999942779541 12
    endloop
  endfacet
  facet normal 0 -1 0
    outer loop
      vertex 65.3499984741211 9.399999618530273 11.5
      vertex 66 9.399999618530273 12
      vertex 65.3499984741211 9.399999618530273 12
    endloop
  endfacet
  facet normal 0 -1 0
    outer loop
      vertex 66 9.399999618530273 12
      vertex 65.3499984741211 9.399999618530273 11.5
      vertex 66 9.399999618530273 11.5
    endloop
  endfacet
  facet normal 1 0 0
    outer loop
      vertex 65.3499984741211 5.59999942779541 12
      vertex 65.3499984741211 9.399999618530273 11.5
      vertex 65.3499984741211 9.399999618530273 12
    endloop
  endfacet
  facet normal 1 0 0
    outer loop
      vertex 65.3499984741211 9.399999618530273 11.5
      vertex 65.3499984741211 5.59999942779541 12
      vertex 65.3499984741211 5.59999942779541 11.5
    endloop
  endfacet
  facet normal 0 1 0
    outer loop
      vertex 66 5.59999942779541 11.5
      vertex 65.3499984741211 5.59999942779541 12
      vertex 66 5.59999942779541 12
    endloop
  endfacet
  facet normal 0 1 0
    outer loop
      vertex 65.3499984741211 5.59999942779541 12
      vertex 66 5.59999942779541 11.5
      vertex 65.3499984741211 5.59999942779541 11.5
    endloop
  endfacet
  facet normal -1 0 0
    outer loop
      vertex 66 5.59999942779541 11.5
      vertex 66 9.399999618530273 12
      vertex 66 9.399999618530273 11.5
    endloop
  endfacet
  facet normal -1 0 0
    outer loop
      vertex 66 9.399999618530273 12
      vertex 66 5.59999942779541 11.5
      vertex 66 5.59999942779541 12
    endloop
  endfacet
  facet normal 0 -1 0
    outer loop
      vertex 67.3499984741211 7.824999809265137 11.5
      vertex 68.69999694824219 7.824999809265137 12
      vertex 67.3499984741211 7.824999809265137 12
    endloop
  endfacet
  facet normal 0 -1 0
    outer loop
      vertex 68.69999694824219 7.824999809265137 12
      vertex 67.3499984741211 7.824999809265137 11.5
      vertex 68.69999694824219 7.824999809265137 11.5
    endloop
  endfacet
  facet normal -1 0 0
    outer loop
      vertex 67.3499984741211 7.824999809265137 11.5
      vertex 67.3499984741211 8.749999046325684 12
      vertex 67.3499984741211 8.749999046325684 11.5
    endloop
  endfacet
  facet normal -1 0 0
    outer loop
      vertex 67.3499984741211 8.749999046325684 12
      vertex 67.3499984741211 7.824999809265137 11.5
      vertex 67.3499984741211 7.824999809265137 12
    endloop
  endfacet
  facet normal 0 1 0
    outer loop
      vertex 68.69999694824219 8.749999046325684 11.5
      vertex 67.3499984741211 8.749999046325684 12
      vertex 68.69999694824219 8.749999046325684 12
    endloop
  endfacet
  facet normal 0 1 0
    outer loop
      vertex 67.3499984741211 8.749999046325684 12
      vertex 68.69999694824219 8.749999046325684 11.5
      vertex 67.3499984741211 8.749999046325684 11.5
    endloop
  endfacet
  facet normal -1 0 0
    outer loop
      vertex 68.69999694824219 8.749999046325684 11.5
      vertex 68.69999694824219 9.399999618530273 12
      vertex 68.69999694824219 9.399999618530273 11.5
    endloop
  endfacet
  facet normal -1 0 0
    outer loop
      vertex 68.69999694824219 9.399999618530273 12
      vertex 68.69999694824219 8.749999046325684 11.5
      vertex 68.69999694824219 8.749999046325684 12
    endloop
  endfacet
  facet normal 0 -1 0
    outer loop
      vertex 66.69999694824219 9.399999618530273 11.5
      vertex 68.69999694824219 9.399999618530273 12
      vertex 66.69999694824219 9.399999618530273 12
    endloop
  endfacet
  facet normal 0 -1 0
    outer loop
      vertex 68.69999694824219 9.399999618530273 12
      vertex 66.69999694824219 9.399999618530273 11.5
      vertex 68.69999694824219 9.399999618530273 11.5
    endloop
  endfacet
  facet normal 1 0 0
    outer loop
      vertex 66.69999694824219 7.174999237060547 12
      vertex 66.69999694824219 9.399999618530273 11.5
      vertex 66.69999694824219 9.399999618530273 12
    endloop
  endfacet
  facet normal 1 0 0
    outer loop
      vertex 66.69999694824219 9.399999618530273 11.5
      vertex 66.69999694824219 7.174999237060547 12
      vertex 66.69999694824219 7.174999237060547 11.5
    endloop
  endfacet
  facet normal 0 1 0
    outer loop
      vertex 68.05000305175781 7.174999237060547 11.5
      vertex 66.69999694824219 7.174999237060547 12
      vertex 68.05000305175781 7.174999237060547 12
    endloop
  endfacet
  facet normal 0 1 0
    outer loop
      vertex 66.69999694824219 7.174999237060547 12
      vertex 68.05000305175781 7.174999237060547 11.5
      vertex 66.69999694824219 7.174999237060547 11.5
    endloop
  endfacet
  facet normal 1 0 0
    outer loop
      vertex 68.05000305175781 6.249999046325684 12
      vertex 68.05000305175781 7.174999237060547 11.5
      vertex 68.05000305175781 7.174999237060547 12
    endloop
  endfacet
  facet normal 1 0 0
    outer loop
      vertex 68.05000305175781 7.174999237060547 11.5
      vertex 68.05000305175781 6.249999046325684 12
      vertex 68.05000305175781 6.249999046325684 11.5
    endloop
  endfacet
  facet normal 0 -1 0
    outer loop
      vertex 66.69999694824219 6.249999046325684 11.5
      vertex 68.05000305175781 6.249999046325684 12
      vertex 66.69999694824219 6.249999046325684 12
    endloop
  endfacet
  facet normal 0 -1 0
    outer loop
      vertex 68.05000305175781 6.249999046325684 12
      vertex 66.69999694824219 6.249999046325684 11.5
      vertex 68.05000305175781 6.249999046325684 11.5
    endloop
  endfacet
  facet normal 1 0 0
    outer loop
      vertex 66.69999694824219 5.59999942779541 12
      vertex 66.69999694824219 6.249999046325684 11.5
      vertex 66.69999694824219 6.249999046325684 12
    endloop
  endfacet
  facet normal 1 0 0
    outer loop
      vertex 66.69999694824219 6.249999046325684 11.5
      vertex 66.69999694824219 5.59999942779541 12
      vertex 66.69999694824219 5.59999942779541 11.5
    endloop
  endfacet
  facet normal 0 1 0
    outer loop
      vertex 68.69999694824219 5.59999942779541 11.5
      vertex 66.69999694824219 5.59999942779541 12
      vertex 68.69999694824219 5.59999942779541 12
    endloop
  endfacet
  facet normal 0 1 0
    outer loop
      vertex 66.69999694824219 5.59999942779541 12
      vertex 68.69999694824219 5.59999942779541 11.5
      vertex 66.69999694824219 5.59999942779541 11.5
    endloop
  endfacet
  facet normal -1 0 0
    outer loop
      vertex 68.69999694824219 5.59999942779541 11.5
      vertex 68.69999694824219 7.824999809265137 12
      vertex 68.69999694824219 7.824999809265137 11.5
    endloop
  endfacet
  facet normal -1 0 0
    outer loop
      vertex 68.69999694824219 7.824999809265137 12
      vertex 68.69999694824219 5.59999942779541 11.5
      vertex 68.69999694824219 5.59999942779541 12
    endloop
  endfacet
  facet normal 0 0 1
    outer loop
      vertex 63.29999923706055 9.399999618530273 11.5
      vertex 61.95000076293945 8.749999046325684 11.5
      vertex 63.29999923706055 8.749999046325684 11.5
    endloop
  endfacet
  facet normal 0 0 1
    outer loop
      vertex 61.95000076293945 8.749999046325684 11.5
      vertex 61.29999923706055 9.399999618530273 11.5
      vertex 61.95000076293945 7.824999809265137 11.5
    endloop
  endfacet
  facet normal 0 0 1
    outer loop
      vertex 61.29999923706055 9.399999618530273 11.5
      vertex 61.95000076293945 8.749999046325684 11.5
      vertex 63.29999923706055 9.399999618530273 11.5
    endloop
  endfacet
  facet normal 0 0 1
    outer loop
      vertex 63.29999923706055 7.824999809265137 11.5
      vertex 62.650001525878906 7.174999237060547 11.5
      vertex 63.29999923706055 5.59999942779541 11.5
    endloop
  endfacet
  facet normal 0 0 1
    outer loop
      vertex 61.95000076293945 7.824999809265137 11.5
      vertex 62.650001525878906 7.174999237060547 11.5
      vertex 63.29999923706055 7.824999809265137 11.5
    endloop
  endfacet
  facet normal 0 0 1
    outer loop
      vertex 61.95000076293945 7.824999809265137 11.5
      vertex 61.29999923706055 7.174999237060547 11.5
      vertex 62.650001525878906 7.174999237060547 11.5
    endloop
  endfacet
  facet normal 0 0 1
    outer loop
      vertex 61.29999923706055 7.174999237060547 11.5
      vertex 61.95000076293945 7.824999809265137 11.5
      vertex 61.29999923706055 9.399999618530273 11.5
    endloop
  endfacet
  facet normal 0 0 1
    outer loop
      vertex 62.650001525878906 6.249999046325684 11.5
      vertex 63.29999923706055 5.59999942779541 11.5
      vertex 62.650001525878906 7.174999237060547 11.5
    endloop
  endfacet
  facet normal 0 0 1
    outer loop
      vertex 61.29999923706055 5.59999942779541 11.5
      vertex 62.650001525878906 6.249999046325684 11.5
      vertex 61.29999923706055 6.249999046325684 11.5
    endloop
  endfacet
  facet normal 0 0 1
    outer loop
      vertex 62.650001525878906 6.249999046325684 11.5
      vertex 61.29999923706055 5.59999942779541 11.5
      vertex 63.29999923706055 5.59999942779541 11.5
    endloop
  endfacet
  facet normal 0 0 1
    outer loop
      vertex 65.3499984741211 9.399999618530273 11.5
      vertex 66 5.59999942779541 11.5
      vertex 66 9.399999618530273 11.5
    endloop
  endfacet
  facet normal 0 0 1
    outer loop
      vertex 66 5.59999942779541 11.5
      vertex 65.3499984741211 9.399999618530273 11.5
      vertex 65.3499984741211 5.59999942779541 11.5
    endloop
  endfacet
  facet normal 0 0 1
    outer loop
      vertex 68.69999694824219 9.399999618530273 11.5
      vertex 67.3499984741211 8.749999046325684 11.5
      vertex 68.69999694824219 8.749999046325684 11.5
    endloop
  endfacet
  facet normal 0 0 1
    outer loop
      vertex 67.3499984741211 8.749999046325684 11.5
      vertex 66.69999694824219 9.399999618530273 11.5
      vertex 67.3499984741211 7.824999809265137 11.5
    endloop
  endfacet
  facet normal 0 0 1
    outer loop
      vertex 66.69999694824219 9.399999618530273 11.5
      vertex 67.3499984741211 8.749999046325684 11.5
      vertex 68.69999694824219 9.399999618530273 11.5
    endloop
  endfacet
  facet normal 0 0 1
    outer loop
      vertex 68.69999694824219 7.824999809265137 11.5
      vertex 68.05000305175781 7.174999237060547 11.5
      vertex 68.69999694824219 5.59999942779541 11.5
    endloop
  endfacet
  facet normal 0 0 1
    outer loop
      vertex 67.3499984741211 7.824999809265137 11.5
      vertex 68.05000305175781 7.174999237060547 11.5
      vertex 68.69999694824219 7.824999809265137 11.5
    endloop
  endfacet
  facet normal 0 0 1
    outer loop
      vertex 67.3499984741211 7.824999809265137 11.5
      vertex 66.69999694824219 7.174999237060547 11.5
      vertex 68.05000305175781 7.174999237060547 11.5
    endloop
  endfacet
  facet normal 0 0 1
    outer loop
      vertex 66.69999694824219 7.174999237060547 11.5
      vertex 67.3499984741211 7.824999809265137 11.5
      vertex 66.69999694824219 9.399999618530273 11.5
    endloop
  endfacet
  facet normal 0 0 1
    outer loop
      vertex 68.05000305175781 6.249999046325684 11.5
      vertex 68.69999694824219 5.59999942779541 11.5
      vertex 68.05000305175781 7.174999237060547 11.5
    endloop
  endfacet
  facet normal 0 0 1
    outer loop
      vertex 66.69999694824219 5.59999942779541 11.5
      vertex 68.05000305175781 6.249999046325684 11.5
      vertex 66.69999694824219 6.249999046325684 11.5
    endloop
  endfacet
  facet normal 0 0 1
    outer loop
      vertex 68.05000305175781 6.249999046325684 11.5
      vertex 66.69999694824219 5.59999942779541 11.5
      vertex 68.69999694824219 5.59999942779541 11.5
    endloop
  endfacet
  facet normal -0.5000003026890009 0 -0.866025229026792
    outer loop
      vertex 75 0 9.00222110748291
      vertex 77.5999984741211 15 7.501110076904297
      vertex 77.5999984741211 0 7.501110076904297
    endloop
  endfacet
  facet normal -0.5000003026890009 0 -0.866025229026792
    outer loop
      vertex 77.5999984741211 15 7.501110076904297
      vertex 75 0 9.00222110748291
      vertex 75 15 9.00222110748291
    endloop
  endfacet
  facet normal 0.5000003026890009 0 0.866025229026792
    outer loop
      vertex 72.4000015258789 15 4.498888969421387
      vertex 75 0 2.9977779388427734
      vertex 75 15 2.9977779388427734
    endloop
  endfacet
  facet normal 0.5000003026890009 0 0.866025229026792
    outer loop
      vertex 75 0 2.9977779388427734
      vertex 72.4000015258789 15 4.498888969421387
      vertex 72.4000015258789 0 4.498888969421387
    endloop
  endfacet
  facet normal 1 0 0
    outer loop
      vertex 72.4000015258789 0 7.501110076904297
      vertex 72.4000015258789 15 4.498888969421387
      vertex 72.4000015258789 15 7.501110076904297
    endloop
  endfacet
  facet normal 1 0 0
    outer loop
      vertex 72.4000015258789 15 4.498888969421387
      vertex 72.4000015258789 0 7.501110076904297
      vertex 72.4000015258789 0 4.498888969421387
    endloop
  endfacet
  facet normal 0.5000003026890009 0 -0.866025229026792
    outer loop
      vertex 72.4000015258789 0 7.501110076904297
      vertex 75 15 9.00222110748291
      vertex 75 0 9.00222110748291
    endloop
  endfacet
  facet normal 0.5000003026890009 0 -0.866025229026792
    outer loop
      vertex 75 15 9.00222110748291
      vertex 72.4000015258789 0 7.501110076904297
      vertex 72.4000015258789 15 7.501110076904297
    endloop
  endfacet
  facet normal -0.5000003026890009 0 0.866025229026792
    outer loop
      vertex 75 15 2.9977779388427734
      vertex 77.5999984741211 0 4.498888969421387
      vertex 77.5999984741211 15 4.498888969421387
    endloop
  endfacet
  facet normal -0.5000003026890009 0 0.866025229026792
    outer loop
      vertex 77.5999984741211 0 4.498888969421387
      vertex 75 15 2.9977779388427734
      vertex 75 0 2.9977779388427734
    endloop
  endfacet
  facet normal -1 0 0
    outer loop
      vertex 77.5999984741211 0 4.498888969421387
      vertex 77.5999984741211 15 7.501110076904297
      vertex 77.5999984741211 15 4.498888969421387
    endloop
  endfacet
  facet normal -1 0 0
    outer loop
      vertex 77.5999984741211 15 7.501110076904297
      vertex 77.5999984741211 0 4.498888969421387
      vertex 77.5999984741211 0 7.501110076904297
    endloop
  endfacet
  facet normal 0 -1 0
    outer loop
      vertex 71.94999694824219 7.824999809265137 11.5
      vertex 73.30000305175781 7.824999809265137 12
      vertex 71.94999694824219 7.824999809265137 12
    endloop
  endfacet
  facet normal 0 -1 0
    outer loop
      vertex 73.30000305175781 7.824999809265137 12
      vertex 71.94999694824219 7.824999809265137 11.5
      vertex 73.30000305175781 7.824999809265137 11.5
    endloop
  endfacet
  facet normal -1 0 0
    outer loop
      vertex 71.94999694824219 7.824999809265137 11.5
      vertex 71.94999694824219 8.749999046325684 12
      vertex 71.94999694824219 8.749999046325684 11.5
    endloop
  endfacet
  facet normal -1 0 0
    outer loop
      vertex 71.94999694824219 8.749999046325684 12
      vertex 71.94999694824219 7.824999809265137 11.5
      vertex 71.94999694824219 7.824999809265137 12
    endloop
  endfacet
  facet normal 0 1 0
    outer loop
      vertex 73.30000305175781 8.749999046325684 11.5
      vertex 71.94999694824219 8.749999046325684 12
      vertex 73.30000305175781 8.749999046325684 12
    endloop
  endfacet
  facet normal 0 1 0
    outer loop
      vertex 71.94999694824219 8.749999046325684 12
      vertex 73.30000305175781 8.749999046325684 11.5
      vertex 71.94999694824219 8.749999046325684 11.5
    endloop
  endfacet
  facet normal -1 0 0
    outer loop
      vertex 73.30000305175781 8.749999046325684 11.5
      vertex 73.30000305175781 9.399999618530273 12
      vertex 73.30000305175781 9.399999618530273 11.5
    endloop
  endfacet
  facet normal -1 0 0
    outer loop
      vertex 73.30000305175781 9.399999618530273 12
      vertex 73.30000305175781 8.749999046325684 11.5
      vertex 73.30000305175781 8.749999046325684 12
    endloop
  endfacet
  facet normal 0 -1 0
    outer loop
      vertex 71.30000305175781 9.399999618530273 11.5
      vertex 73.30000305175781 9.399999618530273 12
      vertex 71.30000305175781 9.399999618530273 12
    endloop
  endfacet
  facet normal 0 -1 0
    outer loop
      vertex 73.30000305175781 9.399999618530273 12
      vertex 71.30000305175781 9.399999618530273 11.5
      vertex 73.30000305175781 9.399999618530273 11.5
    endloop
  endfacet
  facet normal 1 0 0
    outer loop
      vertex 71.30000305175781 7.174999237060547 12
      vertex 71.30000305175781 9.399999618530273 11.5
      vertex 71.30000305175781 9.399999618530273 12
    endloop
  endfacet
  facet normal 1 0 0
    outer loop
      vertex 71.30000305175781 9.399999618530273 11.5
      vertex 71.30000305175781 7.174999237060547 12
      vertex 71.30000305175781 7.174999237060547 11.5
    endloop
  endfacet
  facet normal 0 1 0
    outer loop
      vertex 72.6500015258789 7.174999237060547 11.5
      vertex 71.30000305175781 7.174999237060547 12
      vertex 72.6500015258789 7.174999237060547 12
    endloop
  endfacet
  facet normal 0 1 0
    outer loop
      vertex 71.30000305175781 7.174999237060547 12
      vertex 72.6500015258789 7.174999237060547 11.5
      vertex 71.30000305175781 7.174999237060547 11.5
    endloop
  endfacet
  facet normal 1 0 0
    outer loop
      vertex 72.6500015258789 6.249999046325684 12
      vertex 72.6500015258789 7.174999237060547 11.5
      vertex 72.6500015258789 7.174999237060547 12
    endloop
  endfacet
  facet normal 1 0 0
    outer loop
      vertex 72.6500015258789 7.174999237060547 11.5
      vertex 72.6500015258789 6.249999046325684 12
      vertex 72.6500015258789 6.249999046325684 11.5
    endloop
  endfacet
  facet normal 0 -1 0
    outer loop
      vertex 71.30000305175781 6.249999046325684 11.5
      vertex 72.6500015258789 6.249999046325684 12
      vertex 71.30000305175781 6.249999046325684 12
    endloop
  endfacet
  facet normal 0 -1 0
    outer loop
      vertex 72.6500015258789 6.249999046325684 12
      vertex 71.30000305175781 6.249999046325684 11.5
      vertex 72.6500015258789 6.249999046325684 11.5
    endloop
  endfacet
  facet normal 1 0 0
    outer loop
      vertex 71.30000305175781 5.59999942779541 12
      vertex 71.30000305175781 6.249999046325684 11.5
      vertex 71.30000305175781 6.249999046325684 12
    endloop
  endfacet
  facet normal 1 0 0
    outer loop
      vertex 71.30000305175781 6.249999046325684 11.5
      vertex 71.30000305175781 5.59999942779541 12
      vertex 71.30000305175781 5.59999942779541 11.5
    endloop
  endfacet
  facet normal 0 1 0
    outer loop
      vertex 73.30000305175781 5.59999942779541 11.5
      vertex 71.30000305175781 5.59999942779541 12
      vertex 73.30000305175781 5.59999942779541 12
    endloop
  endfacet
  facet normal 0 1 0
    outer loop
      vertex 71.30000305175781 5.59999942779541 12
      vertex 73.30000305175781 5.59999942779541 11.5
      vertex 71.30000305175781 5.59999942779541 11.5
    endloop
  endfacet
  facet normal -1 0 0
    outer loop
      vertex 73.30000305175781 5.59999942779541 11.5
      vertex 73.30000305175781 7.824999809265137 12
      vertex 73.30000305175781 7.824999809265137 11.5
    endloop
  endfacet
  facet normal -1 0 0
    outer loop
      vertex 73.30000305175781 7.824999809265137 12
      vertex 73.30000305175781 5.59999942779541 11.5
      vertex 73.30000305175781 5.59999942779541 12
    endloop
  endfacet
  facet normal 0 -1 0
    outer loop
      vertex 74.6500015258789 6.249999046325684 11.5
      vertex 76 6.249999046325684 12
      vertex 74.6500015258789 6.249999046325684 12
    endloop
  endfacet
  facet normal 0 -1 0
    outer loop
      vertex 76 6.249999046325684 12
      vertex 74.6500015258789 6.249999046325684 11.5
      vertex 76 6.249999046325684 11.5
    endloop
  endfacet
  facet normal -1 0 0
    outer loop
      vertex 74.6500015258789 6.249999046325684 11.5
      vertex 74.6500015258789 7.174999237060547 12
      vertex 74.6500015258789 7.174999237060547 11.5
    endloop
  endfacet
  facet normal -1 0 0
    outer loop
      vertex 74.6500015258789 7.174999237060547 12
      vertex 74.6500015258789 6.249999046325684 11.5
      vertex 74.6500015258789 6.249999046325684 12
    endloop
  endfacet
  facet normal 0 1 0
    outer loop
      vertex 76 7.174999237060547 11.5
      vertex 74.6500015258789 7.174999237060547 12
      vertex 76 7.174999237060547 12
    endloop
  endfacet
  facet normal 0 1 0
    outer loop
      vertex 74.6500015258789 7.174999237060547 12
      vertex 76 7.174999237060547 11.5
      vertex 74.6500015258789 7.174999237060547 11.5
    endloop
  endfacet
  facet normal -1 0 0
    outer loop
      vertex 76 7.174999237060547 11.5
      vertex 76 9.399999618530273 12
      vertex 76 9.399999618530273 11.5
    endloop
  endfacet
  facet normal -1 0 0
    outer loop
      vertex 76 9.399999618530273 12
      vertex 76 7.174999237060547 11.5
      vertex 76 7.174999237060547 12
    endloop
  endfacet
  facet normal 0 -1 0
    outer loop
      vertex 74 9.399999618530273 11.5
      vertex 76 9.399999618530273 12
      vertex 74 9.399999618530273 12
    endloop
  endfacet
  facet normal 0 -1 0
    outer loop
      vertex 76 9.399999618530273 12
      vertex 74 9.399999618530273 11.5
      vertex 76 9.399999618530273 11.5
    endloop
  endfacet
  facet normal 1 0 0
    outer loop
      vertex 74 8.749999046325684 12
      vertex 74 9.399999618530273 11.5
      vertex 74 9.399999618530273 12
    endloop
  endfacet
  facet normal 1 0 0
    outer loop
      vertex 74 9.399999618530273 11.5
      vertex 74 8.749999046325684 12
      vertex 74 8.749999046325684 11.5
    endloop
  endfacet
  facet normal 0 1 0
    outer loop
      vertex 75.3499984741211 8.749999046325684 11.5
      vertex 74 8.749999046325684 12
      vertex 75.3499984741211 8.749999046325684 12
    endloop
  endfacet
  facet normal 0 1 0
    outer loop
      vertex 74 8.749999046325684 12
      vertex 75.3499984741211 8.749999046325684 11.5
      vertex 74 8.749999046325684 11.5
    endloop
  endfacet
  facet normal 1 0 0
    outer loop
      vertex 75.3499984741211 7.824999809265137 12
      vertex 75.3499984741211 8.749999046325684 11.5
      vertex 75.3499984741211 8.749999046325684 12
    endloop
  endfacet
  facet normal 1 0 0
    outer loop
      vertex 75.3499984741211 8.749999046325684 11.5
      vertex 75.3499984741211 7.824999809265137 12
      vertex 75.3499984741211 7.824999809265137 11.5
    endloop
  endfacet
  facet normal 0 -1 0
    outer loop
      vertex 74 7.824999809265137 11.5
      vertex 75.3499984741211 7.824999809265137 12
      vertex 74 7.824999809265137 12
    endloop
  endfacet
  facet normal 0 -1 0
    outer loop
      vertex 75.3499984741211 7.824999809265137 12
      vertex 74 7.824999809265137 11.5
      vertex 75.3499984741211 7.824999809265137 11.5
    endloop
  endfacet
  facet normal 1 0 0
    outer loop
      vertex 74 5.59999942779541 12
      vertex 74 7.824999809265137 11.5
      vertex 74 7.824999809265137 12
    endloop
  endfacet
  facet normal 1 0 0
    outer loop
      vertex 74 7.824999809265137 11.5
      vertex 74 5.59999942779541 12
      vertex 74 5.59999942779541 11.5
    endloop
  endfacet
  facet normal 0 1 0
    outer loop
      vertex 76 5.59999942779541 11.5
      vertex 74 5.59999942779541 12
      vertex 76 5.59999942779541 12
    endloop
  endfacet
  facet normal 0 1 0
    outer loop
      vertex 74 5.59999942779541 12
      vertex 76 5.59999942779541 11.5
      vertex 74 5.59999942779541 11.5
    endloop
  endfacet
  facet normal -1 0 0
    outer loop
      vertex 76 5.59999942779541 11.5
      vertex 76 6.249999046325684 12
      vertex 76 6.249999046325684 11.5
    endloop
  endfacet
  facet normal -1 0 0
    outer loop
      vertex 76 6.249999046325684 12
      vertex 76 5.59999942779541 11.5
      vertex 76 5.59999942779541 12
    endloop
  endfacet
  facet normal 0 -1 0
    outer loop
      vertex 76.69999694824219 9.399999618530273 11.5
      vertex 78.69999694824219 9.399999618530273 12
      vertex 76.69999694824219 9.399999618530273 12
    endloop
  endfacet
  facet normal 0 -1 0
    outer loop
      vertex 78.69999694824219 9.399999618530273 12
      vertex 76.69999694824219 9.399999618530273 11.5
      vertex 78.69999694824219 9.399999618530273 11.5
    endloop
  endfacet
  facet normal 1 0 0
    outer loop
      vertex 76.69999694824219 5.59999942779541 12
      vertex 76.69999694824219 9.399999618530273 11.5
      vertex 76.69999694824219 9.399999618530273 12
    endloop
  endfacet
  facet normal 1 0 0
    outer loop
      vertex 76.69999694824219 9.399999618530273 11.5
      vertex 76.69999694824219 5.59999942779541 12
      vertex 76.69999694824219 5.59999942779541 11.5
    endloop
  endfacet
  facet normal 0 1 0
    outer loop
      vertex 78.69999694824219 5.59999942779541 11.5
      vertex 76.69999694824219 5.59999942779541 12
      vertex 78.69999694824219 5.59999942779541 12
    endloop
  endfacet
  facet normal 0 1 0
    outer loop
      vertex 76.69999694824219 5.59999942779541 12
      vertex 78.69999694824219 5.59999942779541 11.5
      vertex 76.69999694824219 5.59999942779541 11.5
    endloop
  endfacet
  facet normal -1 0 0
    outer loop
      vertex 78.69999694824219 5.59999942779541 11.5
      vertex 78.69999694824219 9.399999618530273 12
      vertex 78.69999694824219 9.399999618530273 11.5
    endloop
  endfacet
  facet normal -1 0 0
    outer loop
      vertex 78.69999694824219 9.399999618530273 12
      vertex 78.69999694824219 5.59999942779541 11.5
      vertex 78.69999694824219 5.59999942779541 12
    endloop
  endfacet
  facet normal 0 1 0
    outer loop
      vertex 78.05000305175781 8.749999046325684 11.5
      vertex 77.3499984741211 8.749999046325684 12
      vertex 78.05000305175781 8.749999046325684 12
    endloop
  endfacet
  facet normal 0 1 0
    outer loop
      vertex 77.3499984741211 8.749999046325684 12
      vertex 78.05000305175781 8.749999046325684 11.5
      vertex 77.3499984741211 8.749999046325684 11.5
    endloop
  endfacet
  facet normal 1 0 0
    outer loop
      vertex 78.05000305175781 6.249999046325684 12
      vertex 78.05000305175781 8.749999046325684 11.5
      vertex 78.05000305175781 8.749999046325684 12
    endloop
  endfacet
  facet normal 1 0 0
    outer loop
      vertex 78.05000305175781 8.749999046325684 11.5
      vertex 78.05000305175781 6.249999046325684 12
      vertex 78.05000305175781 6.249999046325684 11.5
    endloop
  endfacet
  facet normal 0 -1 0
    outer loop
      vertex 77.3499984741211 6.249999046325684 11.5
      vertex 78.05000305175781 6.249999046325684 12
      vertex 77.3499984741211 6.249999046325684 12
    endloop
  endfacet
  facet normal 0 -1 0
    outer loop
      vertex 78.05000305175781 6.249999046325684 12
      vertex 77.3499984741211 6.249999046325684 11.5
      vertex 78.05000305175781 6.249999046325684 11.5
    endloop
  endfacet
  facet normal -1 0 0
    outer loop
      vertex 77.3499984741211 6.249999046325684 11.5
      vertex 77.3499984741211 8.749999046325684 12
      vertex 77.3499984741211 8.749999046325684 11.5
    endloop
  endfacet
  facet normal -1 0 0
    outer loop
      vertex 77.3499984741211 8.749999046325684 12
      vertex 77.3499984741211 6.249999046325684 11.5
      vertex 77.3499984741211 6.249999046325684 12
    endloop
  endfacet
  facet normal 0 0 1
    outer loop
      vertex 73.30000305175781 9.399999618530273 11.5
      vertex 71.94999694824219 8.749999046325684 11.5
      vertex 73.30000305175781 8.749999046325684 11.5
    endloop
  endfacet
  facet normal 0 0 1
    outer loop
      vertex 71.94999694824219 8.749999046325684 11.5
      vertex 71.30000305175781 9.399999618530273 11.5
      vertex 71.94999694824219 7.824999809265137 11.5
    endloop
  endfacet
  facet normal 0 0 1
    outer loop
      vertex 71.30000305175781 9.399999618530273 11.5
      vertex 71.94999694824219 8.749999046325684 11.5
      vertex 73.30000305175781 9.399999618530273 11.5
    endloop
  endfacet
  facet normal 0 0 1
    outer loop
      vertex 73.30000305175781 7.824999809265137 11.5
      vertex 72.6500015258789 7.174999237060547 11.5
      vertex 73.30000305175781 5.59999942779541 11.5
    endloop
  endfacet
  facet normal 0 0 1
    outer loop
      vertex 71.94999694824219 7.824999809265137 11.5
      vertex 72.6500015258789 7.174999237060547 11.5
      vertex 73.30000305175781 7.824999809265137 11.5
    endloop
  endfacet
  facet normal 0 0 1
    outer loop
      vertex 71.94999694824219 7.824999809265137 11.5
      vertex 71.30000305175781 7.174999237060547 11.5
      vertex 72.6500015258789 7.174999237060547 11.5
    endloop
  endfacet
  facet normal 0 0 1
    outer loop
      vertex 71.30000305175781 7.174999237060547 11.5
      vertex 71.94999694824219 7.824999809265137 11.5
      vertex 71.30000305175781 9.399999618530273 11.5
    endloop
  endfacet
  facet normal 0 0 1
    outer loop
      vertex 72.6500015258789 6.249999046325684 11.5
      vertex 73.30000305175781 5.59999942779541 11.5
      vertex 72.6500015258789 7.174999237060547 11.5
    endloop
  endfacet
  facet normal 0 0 1
    outer loop
      vertex 71.30000305175781 5.59999942779541 11.5
      vertex 72.6500015258789 6.249999046325684 11.5
      vertex 71.30000305175781 6.249999046325684 11.5
    endloop
  endfacet
  facet normal 0 0 1
    outer loop
      vertex 72.6500015258789 6.249999046325684 11.5
      vertex 71.30000305175781 5.59999942779541 11.5
      vertex 73.30000305175781 5.59999942779541 11.5
    endloop
  endfacet
  facet normal 0 0 1
    outer loop
      vertex 76 9.399999618530273 11.5
      vertex 75.3499984741211 8.749999046325684 11.5
      vertex 76 7.174999237060547 11.5
    endloop
  endfacet
  facet normal 0 0 1
    outer loop
      vertex 74 9.399999618530273 11.5
      vertex 75.3499984741211 8.749999046325684 11.5
      vertex 76 9.399999618530273 11.5
    endloop
  endfacet
  facet normal 0 0 1
    outer loop
      vertex 75.3499984741211 8.749999046325684 11.5
      vertex 74 9.399999618530273 11.5
      vertex 74 8.749999046325684 11.5
    endloop
  endfacet
  facet normal 0 0 1
    outer loop
      vertex 75.3499984741211 7.824999809265137 11.5
      vertex 76 7.174999237060547 11.5
      vertex 75.3499984741211 8.749999046325684 11.5
    endloop
  endfacet
  facet normal 0 0 1
    outer loop
      vertex 75.3499984741211 7.824999809265137 11.5
      vertex 74.6500015258789 7.174999237060547 11.5
      vertex 76 7.174999237060547 11.5
    endloop
  endfacet
  facet normal 0 0 1
    outer loop
      vertex 74.6500015258789 7.174999237060547 11.5
      vertex 74 7.824999809265137 11.5
      vertex 74.6500015258789 6.249999046325684 11.5
    endloop
  endfacet
  facet normal 0 0 1
    outer loop
      vertex 74 7.824999809265137 11.5
      vertex 74.6500015258789 7.174999237060547 11.5
      vertex 75.3499984741211 7.824999809265137 11.5
    endloop
  endfacet
  facet normal 0 0 1
    outer loop
      vertex 74.6500015258789 6.249999046325684 11.5
      vertex 76 5.59999942779541 11.5
      vertex 76 6.249999046325684 11.5
    endloop
  endfacet
  facet normal 0 0 1
    outer loop
      vertex 74.6500015258789 6.249999046325684 11.5
      vertex 74 5.59999942779541 11.5
      vertex 76 5.59999942779541 11.5
    endloop
  endfacet
  facet normal 0 0 1
    outer loop
      vertex 74 5.59999942779541 11.5
      vertex 74.6500015258789 6.249999046325684 11.5
      vertex 74 7.824999809265137 11.5
    endloop
  endfacet
  facet normal 0 0 1
    outer loop
      vertex 78.69999694824219 9.399999618530273 11.5
      vertex 78.05000305175781 8.749999046325684 11.5
      vertex 78.69999694824219 5.59999942779541 11.5
    endloop
  endfacet
  facet normal 0 0 1
    outer loop
      vertex 78.69999694824219 9.399999618530273 11.5
      vertex 77.3499984741211 8.749999046325684 11.5
      vertex 78.05000305175781 8.749999046325684 11.5
    endloop
  endfacet
  facet normal 0 0 1
    outer loop
      vertex 77.3499984741211 8.749999046325684 11.5
      vertex 76.69999694824219 9.399999618530273 11.5
      vertex 77.3499984741211 6.249999046325684 11.5
    endloop
  endfacet
  facet normal 0 0 1
    outer loop
      vertex 76.69999694824219 9.399999618530273 11.5
      vertex 77.3499984741211 8.749999046325684 11.5
      vertex 78.69999694824219 9.399999618530273 11.5
    endloop
  endfacet
  facet normal 0 0 1
    outer loop
      vertex 78.05000305175781 6.249999046325684 11.5
      vertex 78.69999694824219 5.59999942779541 11.5
      vertex 78.05000305175781 8.749999046325684 11.5
    endloop
  endfacet
  facet normal 0 0 1
    outer loop
      vertex 77.3499984741211 6.249999046325684 11.5
      vertex 78.69999694824219 5.59999942779541 11.5
      vertex 78.05000305175781 6.249999046325684 11.5
    endloop
  endfacet
  facet normal 0 0 1
    outer loop
      vertex 77.3499984741211 6.249999046325684 11.5
      vertex 76.69999694824219 5.59999942779541 11.5
      vertex 78.69999694824219 5.59999942779541 11.5
    endloop
  endfacet
  facet normal 0 0 1
    outer loop
      vertex 76.69999694824219 5.59999942779541 11.5
      vertex 77.3499984741211 6.249999046325684 11.5
      vertex 76.69999694824219 9.399999618530273 11.5
    endloop
  endfacet
  facet normal 1 0 0
    outer loop
      vertex 80 15 12
      vertex 80 6 8
      vertex 80 15 0
    endloop
  endfacet
  facet normal 1 0 0
    outer loop
      vertex 80 0 12
      vertex 80 6 8
      vertex 80 15 12
    endloop
  endfacet
  facet normal 1 0 0
    outer loop
      vertex 80 6 8
      vertex 80 0 12
      vertex 80 0 8
    endloop
  endfacet
  facet normal 1 0 0
    outer loop
      vertex 80 15 0
      vertex 80 6 8
      vertex 80 6 0
    endloop
  endfacet
  facet normal 0 0 1
    outer loop
      vertex 2.6499996185302734 7.174999237060547 12
      vertex 1.2999992370605469 7.174999237060547 12
      vertex 2.6499996185302734 5.59999942779541 12
    endloop
  endfacet
  facet normal 0 0 1
    outer loop
      vertex 7.34999942779541 8.749999046325684 12
      vertex 8.699999809265137 7.824999809265137 12
      vertex 8.699999809265137 8.749999046325684 12
    endloop
  endfacet
  facet normal 0 0 1
    outer loop
      vertex 8.699999809265137 7.824999809265137 12
      vertex 7.34999942779541 8.749999046325684 12
      vertex 7.34999942779541 7.824999809265137 12
    endloop
  endfacet
  facet normal 0 0 1
    outer loop
      vertex 12.649999618530273 7.824999809265137 12
      vertex 11.949999809265137 9.399999618530273 12
      vertex 11.949999809265137 7.824999809265137 12
    endloop
  endfacet
  facet normal 0 0 1
    outer loop
      vertex 6.699999809265137 7.174999237060547 12
      vertex 8.049999237060547 6.249999046325684 12
      vertex 8.049999237060547 7.174999237060547 12
    endloop
  endfacet
  facet normal 0 0 1
    outer loop
      vertex 8.049999237060547 6.249999046325684 12
      vertex 6.699999809265137 7.174999237060547 12
      vertex 6.699999809265137 6.249999046325684 12
    endloop
  endfacet
  facet normal 0 0 1
    outer loop
      vertex 2.6499996185302734 7.824999809265137 12
      vertex 1.9499998092651367 9.399999618530273 12
      vertex 1.9499998092651367 7.824999809265137 12
    endloop
  endfacet
  facet normal 0 0 1
    outer loop
      vertex 12.649999618530273 7.174999237060547 12
      vertex 11.299999237060547 7.174999237060547 12
      vertex 12.649999618530273 5.59999942779541 12
    endloop
  endfacet
  facet normal 0 0 1
    outer loop
      vertex 22.649999618530273 7.824999809265137 12
      vertex 21.950000762939453 9.399999618530273 12
      vertex 21.950000762939453 7.824999809265137 12
    endloop
  endfacet
  facet normal 0 0 1
    outer loop
      vertex 14 7.174999237060547 12
      vertex 15.34999942779541 6.249999046325684 12
      vertex 15.34999942779541 7.174999237060547 12
    endloop
  endfacet
  facet normal 0 0 1
    outer loop
      vertex 15.34999942779541 6.249999046325684 12
      vertex 14 7.174999237060547 12
      vertex 14 6.249999046325684 12
    endloop
  endfacet
  facet normal 0 0 1
    outer loop
      vertex 22.649999618530273 7.174999237060547 12
      vertex 21.299999237060547 7.174999237060547 12
      vertex 22.649999618530273 5.59999942779541 12
    endloop
  endfacet
  facet normal 0 0 1
    outer loop
      vertex 27.349998474121094 8.749999046325684 12
      vertex 28.700000762939453 7.824999809265137 12
      vertex 28.700000762939453 8.749999046325684 12
    endloop
  endfacet
  facet normal 0 0 1
    outer loop
      vertex 28.700000762939453 7.824999809265137 12
      vertex 27.349998474121094 8.749999046325684 12
      vertex 27.349998474121094 7.824999809265137 12
    endloop
  endfacet
  facet normal 0 0 1
    outer loop
      vertex 31.950000762939453 8.749999046325684 12
      vertex 33.29999923706055 7.824999809265137 12
      vertex 33.29999923706055 8.749999046325684 12
    endloop
  endfacet
  facet normal 0 0 1
    outer loop
      vertex 33.29999923706055 7.824999809265137 12
      vertex 31.950000762939453 8.749999046325684 12
      vertex 31.950000762939453 7.824999809265137 12
    endloop
  endfacet
  facet normal 0 0 1
    outer loop
      vertex 41.95000076293945 8.749999046325684 12
      vertex 43.29999923706055 7.824999809265137 12
      vertex 43.29999923706055 8.749999046325684 12
    endloop
  endfacet
  facet normal 0 0 1
    outer loop
      vertex 43.29999923706055 7.824999809265137 12
      vertex 41.95000076293945 8.749999046325684 12
      vertex 41.95000076293945 7.824999809265137 12
    endloop
  endfacet
  facet normal 0 0 1
    outer loop
      vertex 47.349998474121094 8.749999046325684 12
      vertex 48.70000076293945 7.824999809265137 12
      vertex 48.70000076293945 8.749999046325684 12
    endloop
  endfacet
  facet normal 0 0 1
    outer loop
      vertex 48.70000076293945 7.824999809265137 12
      vertex 47.349998474121094 8.749999046325684 12
      vertex 47.349998474121094 7.824999809265137 12
    endloop
  endfacet
  facet normal 0 0 1
    outer loop
      vertex 51.95000076293945 8.749999046325684 12
      vertex 53.29999923706055 7.824999809265137 12
      vertex 53.29999923706055 8.749999046325684 12
    endloop
  endfacet
  facet normal 0 0 1
    outer loop
      vertex 53.29999923706055 7.824999809265137 12
      vertex 51.95000076293945 8.749999046325684 12
      vertex 51.95000076293945 7.824999809265137 12
    endloop
  endfacet
  facet normal 0 0 1
    outer loop
      vertex 61.95000076293945 8.749999046325684 12
      vertex 63.29999923706055 7.824999809265137 12
      vertex 63.29999923706055 8.749999046325684 12
    endloop
  endfacet
  facet normal 0 0 1
    outer loop
      vertex 63.29999923706055 7.824999809265137 12
      vertex 61.95000076293945 8.749999046325684 12
      vertex 61.95000076293945 7.824999809265137 12
    endloop
  endfacet
  facet normal 0 0 1
    outer loop
      vertex 67.3499984741211 8.749999046325684 12
      vertex 68.69999694824219 7.824999809265137 12
      vertex 68.69999694824219 8.749999046325684 12
    endloop
  endfacet
  facet normal 0 0 1
    outer loop
      vertex 68.69999694824219 7.824999809265137 12
      vertex 67.3499984741211 8.749999046325684 12
      vertex 67.3499984741211 7.824999809265137 12
    endloop
  endfacet
  facet normal 0 0 1
    outer loop
      vertex 71.94999694824219 8.749999046325684 12
      vertex 73.30000305175781 7.824999809265137 12
      vertex 73.30000305175781 8.749999046325684 12
    endloop
  endfacet
  facet normal 0 0 1
    outer loop
      vertex 73.30000305175781 7.824999809265137 12
      vertex 71.94999694824219 8.749999046325684 12
      vertex 71.94999694824219 7.824999809265137 12
    endloop
  endfacet
  facet normal 0 0 1
    outer loop
      vertex 74.6500015258789 7.174999237060547 12
      vertex 76 6.249999046325684 12
      vertex 76 7.174999237060547 12
    endloop
  endfacet
  facet normal 0 0 1
    outer loop
      vertex 76 6.249999046325684 12
      vertex 74.6500015258789 7.174999237060547 12
      vertex 74.6500015258789 6.249999046325684 12
    endloop
  endfacet
  facet normal 0 0 1
    outer loop
      vertex 80 15 12
      vertex 78.69999694824219 9.399999618530273 12
      vertex 80 0 12
    endloop
  endfacet
  facet normal 0 0 1
    outer loop
      vertex 80 15 12
      vertex 76.69999694824219 9.399999618530273 12
      vertex 78.69999694824219 9.399999618530273 12
    endloop
  endfacet
  facet normal 0 0 1
    outer loop
      vertex 76 7.174999237060547 12
      vertex 76.69999694824219 9.399999618530273 12
      vertex 76 9.399999618530273 12
    endloop
  endfacet
  facet normal 0 0 1
    outer loop
      vertex 80 15 12
      vertex 76 9.399999618530273 12
      vertex 76.69999694824219 9.399999618530273 12
    endloop
  endfacet
  facet normal 0 0 1
    outer loop
      vertex 80 15 12
      vertex 74 9.399999618530273 12
      vertex 76 9.399999618530273 12
    endloop
  endfacet
  facet normal 0 0 1
    outer loop
      vertex 73.30000305175781 8.749999046325684 12
      vertex 74 8.749999046325684 12
      vertex 74 9.399999618530273 12
    endloop
  endfacet
  facet normal 0 0 1
    outer loop
      vertex 74 8.749999046325684 12
      vertex 73.30000305175781 8.749999046325684 12
      vertex 74 7.824999809265137 12
    endloop
  endfacet
  facet normal 0 0 1
    outer loop
      vertex 73.30000305175781 8.749999046325684 12
      vertex 74 9.399999618530273 12
      vertex 73.30000305175781 9.399999618530273 12
    endloop
  endfacet
  facet normal 0 0 1
    outer loop
      vertex 80 15 12
      vertex 73.30000305175781 9.399999618530273 12
      vertex 74 9.399999618530273 12
    endloop
  endfacet
  facet normal 0 0 1
    outer loop
      vertex 80 15 12
      vertex 71.30000305175781 9.399999618530273 12
      vertex 73.30000305175781 9.399999618530273 12
    endloop
  endfacet
  facet normal 0 0 1
    outer loop
      vertex 68.69999694824219 7.824999809265137 12
      vertex 71.30000305175781 7.174999237060547 12
      vertex 71.30000305175781 9.399999618530273 12
    endloop
  endfacet
  facet normal 0 0 1
    outer loop
      vertex 71.30000305175781 7.174999237060547 12
      vertex 68.69999694824219 7.824999809265137 12
      vertex 71.30000305175781 6.249999046325684 12
    endloop
  endfacet
  facet normal 0 0 1
    outer loop
      vertex 68.69999694824219 8.749999046325684 12
      vertex 71.30000305175781 9.399999618530273 12
      vertex 68.69999694824219 9.399999618530273 12
    endloop
  endfacet
  facet normal 0 0 1
    outer loop
      vertex 80 15 12
      vertex 68.69999694824219 9.399999618530273 12
      vertex 71.30000305175781 9.399999618530273 12
    endloop
  endfacet
  facet normal 0 0 1
    outer loop
      vertex 80 15 12
      vertex 66.69999694824219 9.399999618530273 12
      vertex 68.69999694824219 9.399999618530273 12
    endloop
  endfacet
  facet normal 0 0 1
    outer loop
      vertex 66 9.399999618530273 12
      vertex 66.69999694824219 7.174999237060547 12
      vertex 66.69999694824219 9.399999618530273 12
    endloop
  endfacet
  facet normal 0 0 1
    outer loop
      vertex 66 5.59999942779541 12
      vertex 66.69999694824219 7.174999237060547 12
      vertex 66 9.399999618530273 12
    endloop
  endfacet
  facet normal 0 0 1
    outer loop
      vertex 66.69999694824219 7.174999237060547 12
      vertex 66 5.59999942779541 12
      vertex 66.69999694824219 6.249999046325684 12
    endloop
  endfacet
  facet normal 0 0 1
    outer loop
      vertex 80 15 12
      vertex 66 9.399999618530273 12
      vertex 66.69999694824219 9.399999618530273 12
    endloop
  endfacet
  facet normal 0 0 1
    outer loop
      vertex 80 15 12
      vertex 65.3499984741211 9.399999618530273 12
      vertex 66 9.399999618530273 12
    endloop
  endfacet
  facet normal 0 0 1
    outer loop
      vertex 63.29999923706055 8.749999046325684 12
      vertex 65.3499984741211 9.399999618530273 12
      vertex 63.29999923706055 9.399999618530273 12
    endloop
  endfacet
  facet normal 0 0 1
    outer loop
      vertex 80 15 12
      vertex 63.29999923706055 9.399999618530273 12
      vertex 65.3499984741211 9.399999618530273 12
    endloop
  endfacet
  facet normal 0 0 1
    outer loop
      vertex 80 15 12
      vertex 61.29999923706055 9.399999618530273 12
      vertex 63.29999923706055 9.399999618530273 12
    endloop
  endfacet
  facet normal 0 0 1
    outer loop
      vertex 58.70000076293945 9.399999618530273 12
      vertex 61.29999923706055 7.174999237060547 12
      vertex 61.29999923706055 9.399999618530273 12
    endloop
  endfacet
  facet normal 0 0 1
    outer loop
      vertex 58.70000076293945 5.59999942779541 12
      vertex 61.29999923706055 7.174999237060547 12
      vertex 58.70000076293945 9.399999618530273 12
    endloop
  endfacet
  facet normal 0 0 1
    outer loop
      vertex 61.29999923706055 7.174999237060547 12
      vertex 58.70000076293945 5.59999942779541 12
      vertex 61.29999923706055 6.249999046325684 12
    endloop
  endfacet
  facet normal 0 0 1
    outer loop
      vertex 80 15 12
      vertex 58.70000076293945 9.399999618530273 12
      vertex 61.29999923706055 9.399999618530273 12
    endloop
  endfacet
  facet normal 0 0 1
    outer loop
      vertex 80 15 12
      vertex 56.70000076293945 9.399999618530273 12
      vertex 58.70000076293945 9.399999618530273 12
    endloop
  endfacet
  facet normal 0 0 1
    outer loop
      vertex 56.70000076293945 9.399999618530273 12
      vertex 56 9.399999618530273 12
      vertex 56.70000076293945 5.59999942779541 12
    endloop
  endfacet
  facet normal 0 0 1
    outer loop
      vertex 80 15 12
      vertex 56 9.399999618530273 12
      vertex 56.70000076293945 9.399999618530273 12
    endloop
  endfacet
  facet normal 0 0 1
    outer loop
      vertex 80 15 12
      vertex 55.349998474121094 9.399999618530273 12
      vertex 56 9.399999618530273 12
    endloop
  endfacet
  facet normal 0 0 1
    outer loop
      vertex 53.29999923706055 8.749999046325684 12
      vertex 55.349998474121094 9.399999618530273 12
      vertex 53.29999923706055 9.399999618530273 12
    endloop
  endfacet
  facet normal 0 0 1
    outer loop
      vertex 80 15 12
      vertex 53.29999923706055 9.399999618530273 12
      vertex 55.349998474121094 9.399999618530273 12
    endloop
  endfacet
  facet normal 0 0 1
    outer loop
      vertex 80 15 12
      vertex 51.29999923706055 9.399999618530273 12
      vertex 53.29999923706055 9.399999618530273 12
    endloop
  endfacet
  facet normal 0 0 1
    outer loop
      vertex 48.70000076293945 7.824999809265137 12
      vertex 51.29999923706055 7.174999237060547 12
      vertex 51.29999923706055 9.399999618530273 12
    endloop
  endfacet
  facet normal 0 0 1
    outer loop
      vertex 51.29999923706055 7.174999237060547 12
      vertex 48.70000076293945 7.824999809265137 12
      vertex 51.29999923706055 6.249999046325684 12
    endloop
  endfacet
  facet normal 0 0 1
    outer loop
      vertex 48.70000076293945 8.749999046325684 12
      vertex 51.29999923706055 9.399999618530273 12
      vertex 48.70000076293945 9.399999618530273 12
    endloop
  endfacet
  facet normal 0 0 1
    outer loop
      vertex 80 15 12
      vertex 48.70000076293945 9.399999618530273 12
      vertex 51.29999923706055 9.399999618530273 12
    endloop
  endfacet
  facet normal 0 0 1
    outer loop
      vertex 80 15 12
      vertex 46.70000076293945 9.399999618530273 12
      vertex 48.70000076293945 9.399999618530273 12
    endloop
  endfacet
  facet normal 0 0 1
    outer loop
      vertex 46 9.399999618530273 12
      vertex 46.70000076293945 7.174999237060547 12
      vertex 46.70000076293945 9.399999618530273 12
    endloop
  endfacet
  facet normal 0 0 1
    outer loop
      vertex 46 5.59999942779541 12
      vertex 46.70000076293945 7.174999237060547 12
      vertex 46 9.399999618530273 12
    endloop
  endfacet
  facet normal 0 0 1
    outer loop
      vertex 46.70000076293945 7.174999237060547 12
      vertex 46 5.59999942779541 12
      vertex 46.70000076293945 6.249999046325684 12
    endloop
  endfacet
  facet normal 0 0 1
    outer loop
      vertex 80 15 12
      vertex 46 9.399999618530273 12
      vertex 46.70000076293945 9.399999618530273 12
    endloop
  endfacet
  facet normal 0 0 1
    outer loop
      vertex 80 15 12
      vertex 44 9.399999618530273 12
      vertex 46 9.399999618530273 12
    endloop
  endfacet
  facet normal 0 0 1
    outer loop
      vertex 43.29999923706055 8.749999046325684 12
      vertex 44 9.399999618530273 12
      vertex 43.29999923706055 9.399999618530273 12
    endloop
  endfacet
  facet normal 0 0 1
    outer loop
      vertex 80 15 12
      vertex 43.29999923706055 9.399999618530273 12
      vertex 44 9.399999618530273 12
    endloop
  endfacet
  facet normal 0 0 1
    outer loop
      vertex 80 15 12
      vertex 41.29999923706055 9.399999618530273 12
      vertex 43.29999923706055 9.399999618530273 12
    endloop
  endfacet
  facet normal 0 0 1
    outer loop
      vertex 38.70000076293945 9.399999618530273 12
      vertex 41.29999923706055 7.174999237060547 12
      vertex 41.29999923706055 9.399999618530273 12
    endloop
  endfacet
  facet normal 0 0 1
    outer loop
      vertex 38.70000076293945 5.59999942779541 12
      vertex 41.29999923706055 7.174999237060547 12
      vertex 38.70000076293945 9.399999618530273 12
    endloop
  endfacet
  facet normal 0 0 1
    outer loop
      vertex 41.29999923706055 7.174999237060547 12
      vertex 38.70000076293945 5.59999942779541 12
      vertex 41.29999923706055 6.249999046325684 12
    endloop
  endfacet
  facet normal 0 0 1
    outer loop
      vertex 80 15 12
      vertex 38.70000076293945 9.399999618530273 12
      vertex 41.29999923706055 9.399999618530273 12
    endloop
  endfacet
  facet normal 0 0 1
    outer loop
      vertex 0 15 12
      vertex 38.70000076293945 9.399999618530273 12
      vertex 80 15 12
    endloop
  endfacet
  facet normal 0 0 1
    outer loop
      vertex 36.70000076293945 9.399999618530273 12
      vertex 36 9.399999618530273 12
      vertex 36.70000076293945 5.59999942779541 12
    endloop
  endfacet
  facet normal 0 0 1
    outer loop
      vertex 38.70000076293945 9.399999618530273 12
      vertex 0 15 12
      vertex 36.70000076293945 9.399999618530273 12
    endloop
  endfacet
  facet normal 0 0 1
    outer loop
      vertex 36.70000076293945 9.399999618530273 12
      vertex 0 15 12
      vertex 36 9.399999618530273 12
    endloop
  endfacet
  facet normal 0 0 1
    outer loop
      vertex 33.29999923706055 8.749999046325684 12
      vertex 34 9.399999618530273 12
      vertex 33.29999923706055 9.399999618530273 12
    endloop
  endfacet
  facet normal 0 0 1
    outer loop
      vertex 36 9.399999618530273 12
      vertex 0 15 12
      vertex 34 9.399999618530273 12
    endloop
  endfacet
  facet normal 0 0 1
    outer loop
      vertex 34 9.399999618530273 12
      vertex 0 15 12
      vertex 33.29999923706055 9.399999618530273 12
    endloop
  endfacet
  facet normal 0 0 1
    outer loop
      vertex 28.700000762939453 7.824999809265137 12
      vertex 31.299999237060547 7.174999237060547 12
      vertex 31.299999237060547 9.399999618530273 12
    endloop
  endfacet
  facet normal 0 0 1
    outer loop
      vertex 31.299999237060547 7.174999237060547 12
      vertex 28.700000762939453 7.824999809265137 12
      vertex 31.299999237060547 6.249999046325684 12
    endloop
  endfacet
  facet normal 0 0 1
    outer loop
      vertex 28.700000762939453 8.749999046325684 12
      vertex 31.299999237060547 9.399999618530273 12
      vertex 28.700000762939453 9.399999618530273 12
    endloop
  endfacet
  facet normal 0 0 1
    outer loop
      vertex 33.29999923706055 9.399999618530273 12
      vertex 0 15 12
      vertex 31.299999237060547 9.399999618530273 12
    endloop
  endfacet
  facet normal 0 0 1
    outer loop
      vertex 31.299999237060547 9.399999618530273 12
      vertex 0 15 12
      vertex 28.700000762939453 9.399999618530273 12
    endloop
  endfacet
  facet normal 0 0 1
    outer loop
      vertex 26 9.399999618530273 12
      vertex 26.700000762939453 7.174999237060547 12
      vertex 26.700000762939453 9.399999618530273 12
    endloop
  endfacet
  facet normal 0 0 1
    outer loop
      vertex 26 5.59999942779541 12
      vertex 26.700000762939453 7.174999237060547 12
      vertex 26 9.399999618530273 12
    endloop
  endfacet
  facet normal 0 0 1
    outer loop
      vertex 26.700000762939453 7.174999237060547 12
      vertex 26 5.59999942779541 12
      vertex 26.700000762939453 6.249999046325684 12
    endloop
  endfacet
  facet normal 0 0 1
    outer loop
      vertex 28.700000762939453 9.399999618530273 12
      vertex 0 15 12
      vertex 26.700000762939453 9.399999618530273 12
    endloop
  endfacet
  facet normal 0 0 1
    outer loop
      vertex 26.700000762939453 9.399999618530273 12
      vertex 0 15 12
      vertex 26 9.399999618530273 12
    endloop
  endfacet
  facet normal 0 0 1
    outer loop
      vertex 23.299999237060547 9.399999618530273 12
      vertex 24 7.174999237060547 12
      vertex 24 9.399999618530273 12
    endloop
  endfacet
  facet normal 0 0 1
    outer loop
      vertex 23.299999237060547 5.59999942779541 12
      vertex 24 7.174999237060547 12
      vertex 23.299999237060547 9.399999618530273 12
    endloop
  endfacet
  facet normal 0 0 1
    outer loop
      vertex 24 7.174999237060547 12
      vertex 23.299999237060547 5.59999942779541 12
      vertex 24 6.249999046325684 12
    endloop
  endfacet
  facet normal 0 0 1
    outer loop
      vertex 26 9.399999618530273 12
      vertex 0 15 12
      vertex 24 9.399999618530273 12
    endloop
  endfacet
  facet normal 0 0 1
    outer loop
      vertex 24 9.399999618530273 12
      vertex 0 15 12
      vertex 23.299999237060547 9.399999618530273 12
    endloop
  endfacet
  facet normal 0 0 1
    outer loop
      vertex 22.649999618530273 9.399999618530273 12
      vertex 21.950000762939453 9.399999618530273 12
      vertex 22.649999618530273 7.824999809265137 12
    endloop
  endfacet
  facet normal 0 0 1
    outer loop
      vertex 23.299999237060547 9.399999618530273 12
      vertex 0 15 12
      vertex 22.649999618530273 9.399999618530273 12
    endloop
  endfacet
  facet normal 0 0 1
    outer loop
      vertex 22.649999618530273 9.399999618530273 12
      vertex 0 15 12
      vertex 21.950000762939453 9.399999618530273 12
    endloop
  endfacet
  facet normal 0 0 1
    outer loop
      vertex 21.299999237060547 9.399999618530273 12
      vertex 18.700000762939453 9.399999618530273 12
      vertex 21.299999237060547 7.174999237060547 12
    endloop
  endfacet
  facet normal 0 0 1
    outer loop
      vertex 21.950000762939453 9.399999618530273 12
      vertex 0 15 12
      vertex 21.299999237060547 9.399999618530273 12
    endloop
  endfacet
  facet normal 0 0 1
    outer loop
      vertex 21.299999237060547 9.399999618530273 12
      vertex 0 15 12
      vertex 18.700000762939453 9.399999618530273 12
    endloop
  endfacet
  facet normal 0 0 1
    outer loop
      vertex 16.700000762939453 9.399999618530273 12
      vertex 16 9.399999618530273 12
      vertex 16.700000762939453 5.59999942779541 12
    endloop
  endfacet
  facet normal 0 0 1
    outer loop
      vertex 18.700000762939453 9.399999618530273 12
      vertex 0 15 12
      vertex 16.700000762939453 9.399999618530273 12
    endloop
  endfacet
  facet normal 0 0 1
    outer loop
      vertex 16.700000762939453 9.399999618530273 12
      vertex 0 15 12
      vertex 16 9.399999618530273 12
    endloop
  endfacet
  facet normal 0 0 1
    outer loop
      vertex 13.299999237060547 9.399999618530273 12
      vertex 14 7.174999237060547 12
      vertex 14 9.399999618530273 12
    endloop
  endfacet
  facet normal 0 0 1
    outer loop
      vertex 13.299999237060547 5.59999942779541 12
      vertex 14 7.174999237060547 12
      vertex 13.299999237060547 9.399999618530273 12
    endloop
  endfacet
  facet normal 0 0 1
    outer loop
      vertex 14 7.174999237060547 12
      vertex 13.299999237060547 5.59999942779541 12
      vertex 14 6.249999046325684 12
    endloop
  endfacet
  facet normal 0 0 1
    outer loop
      vertex 16 9.399999618530273 12
      vertex 0 15 12
      vertex 14 9.399999618530273 12
    endloop
  endfacet
  facet normal 0 0 1
    outer loop
      vertex 14 9.399999618530273 12
      vertex 0 15 12
      vertex 13.299999237060547 9.399999618530273 12
    endloop
  endfacet
  facet normal 0 0 1
    outer loop
      vertex 12.649999618530273 9.399999618530273 12
      vertex 11.949999809265137 9.399999618530273 12
      vertex 12.649999618530273 7.824999809265137 12
    endloop
  endfacet
  facet normal 0 0 1
    outer loop
      vertex 13.299999237060547 9.399999618530273 12
      vertex 0 15 12
      vertex 12.649999618530273 9.399999618530273 12
    endloop
  endfacet
  facet normal 0 0 1
    outer loop
      vertex 12.649999618530273 9.399999618530273 12
      vertex 0 15 12
      vertex 11.949999809265137 9.399999618530273 12
    endloop
  endfacet
  facet normal 0 0 1
    outer loop
      vertex 8.699999809265137 8.749999046325684 12
      vertex 11.299999237060547 9.399999618530273 12
      vertex 8.699999809265137 9.399999618530273 12
    endloop
  endfacet
  facet normal 0 0 1
    outer loop
      vertex 11.949999809265137 9.399999618530273 12
      vertex 0 15 12
      vertex 11.299999237060547 9.399999618530273 12
    endloop
  endfacet
  facet normal 0 0 1
    outer loop
      vertex 11.299999237060547 9.399999618530273 12
      vertex 0 15 12
      vertex 8.699999809265137 9.399999618530273 12
    endloop
  endfacet
  facet normal 0 0 1
    outer loop
      vertex 6 9.399999618530273 12
      vertex 6.699999809265137 7.174999237060547 12
      vertex 6.699999809265137 9.399999618530273 12
    endloop
  endfacet
  facet normal 0 0 1
    outer loop
      vertex 6 5.59999942779541 12
      vertex 6.699999809265137 7.174999237060547 12
      vertex 6 9.399999618530273 12
    endloop
  endfacet
  facet normal 0 0 1
    outer loop
      vertex 6.699999809265137 7.174999237060547 12
      vertex 6 5.59999942779541 12
      vertex 6.699999809265137 6.249999046325684 12
    endloop
  endfacet
  facet normal 0 0 1
    outer loop
      vertex 8.699999809265137 9.399999618530273 12
      vertex 0 15 12
      vertex 6.699999809265137 9.399999618530273 12
    endloop
  endfacet
  facet normal 0 0 1
    outer loop
      vertex 6.699999809265137 9.399999618530273 12
      vertex 0 15 12
      vertex 6 9.399999618530273 12
    endloop
  endfacet
  facet normal 0 0 1
    outer loop
      vertex 4 9.399999618530273 12
      vertex 3.299999237060547 9.399999618530273 12
      vertex 4 5.59999942779541 12
    endloop
  endfacet
  facet normal 0 0 1
    outer loop
      vertex 6 9.399999618530273 12
      vertex 0 15 12
      vertex 4 9.399999618530273 12
    endloop
  endfacet
  facet normal 0 0 1
    outer loop
      vertex 4 9.399999618530273 12
      vertex 0 15 12
      vertex 3.299999237060547 9.399999618530273 12
    endloop
  endfacet
  facet normal 0 0 1
    outer loop
      vertex 2.6499996185302734 9.399999618530273 12
      vertex 1.9499998092651367 9.399999618530273 12
      vertex 2.6499996185302734 7.824999809265137 12
    endloop
  endfacet
  facet normal 0 0 1
    outer loop
      vertex 3.299999237060547 9.399999618530273 12
      vertex 0 15 12
      vertex 2.6499996185302734 9.399999618530273 12
    endloop
  endfacet
  facet normal 0 0 1
    outer loop
      vertex 2.6499996185302734 9.399999618530273 12
      vertex 0 15 12
      vertex 1.9499998092651367 9.399999618530273 12
    endloop
  endfacet
  facet normal 0 0 1
    outer loop
      vertex 1.2999992370605469 9.399999618530273 12
      vertex 0 15 12
      vertex 1.2999992370605469 7.174999237060547 12
    endloop
  endfacet
  facet normal 0 0 1
    outer loop
      vertex 1.9499998092651367 9.399999618530273 12
      vertex 0 15 12
      vertex 1.2999992370605469 9.399999618530273 12
    endloop
  endfacet
  facet normal 0 0 1
    outer loop
      vertex 78.69999694824219 5.59999942779541 12
      vertex 80 0 12
      vertex 78.69999694824219 9.399999618530273 12
    endloop
  endfacet
  facet normal 0 0 1
    outer loop
      vertex 76.69999694824219 5.59999942779541 12
      vertex 80 0 12
      vertex 78.69999694824219 5.59999942779541 12
    endloop
  endfacet
  facet normal 0 0 1
    outer loop
      vertex 76.69999694824219 9.399999618530273 12
      vertex 76 7.174999237060547 12
      vertex 76.69999694824219 5.59999942779541 12
    endloop
  endfacet
  facet normal 0 0 1
    outer loop
      vertex 76 6.249999046325684 12
      vertex 76.69999694824219 5.59999942779541 12
      vertex 76 7.174999237060547 12
    endloop
  endfacet
  facet normal 0 0 1
    outer loop
      vertex 76 5.59999942779541 12
      vertex 76.69999694824219 5.59999942779541 12
      vertex 76 6.249999046325684 12
    endloop
  endfacet
  facet normal 0 0 1
    outer loop
      vertex 76.69999694824219 5.59999942779541 12
      vertex 76 5.59999942779541 12
      vertex 80 0 12
    endloop
  endfacet
  facet normal 0 0 1
    outer loop
      vertex 74 5.59999942779541 12
      vertex 80 0 12
      vertex 76 5.59999942779541 12
    endloop
  endfacet
  facet normal 0 0 1
    outer loop
      vertex 74 7.824999809265137 12
      vertex 73.30000305175781 8.749999046325684 12
      vertex 73.30000305175781 7.824999809265137 12
    endloop
  endfacet
  facet normal 0 0 1
    outer loop
      vertex 74 7.824999809265137 12
      vertex 73.30000305175781 7.824999809265137 12
      vertex 74 5.59999942779541 12
    endloop
  endfacet
  facet normal 0 0 1
    outer loop
      vertex 73.30000305175781 5.59999942779541 12
      vertex 74 5.59999942779541 12
      vertex 73.30000305175781 7.824999809265137 12
    endloop
  endfacet
  facet normal 0 0 1
    outer loop
      vertex 73.30000305175781 5.59999942779541 12
      vertex 80 0 12
      vertex 74 5.59999942779541 12
    endloop
  endfacet
  facet normal 0 0 1
    outer loop
      vertex 71.30000305175781 5.59999942779541 12
      vertex 80 0 12
      vertex 73.30000305175781 5.59999942779541 12
    endloop
  endfacet
  facet normal 0 0 1
    outer loop
      vertex 68.69999694824219 7.824999809265137 12
      vertex 71.30000305175781 9.399999618530273 12
      vertex 68.69999694824219 8.749999046325684 12
    endloop
  endfacet
  facet normal 0 0 1
    outer loop
      vertex 68.69999694824219 5.59999942779541 12
      vertex 71.30000305175781 6.249999046325684 12
      vertex 68.69999694824219 7.824999809265137 12
    endloop
  endfacet
  facet normal 0 0 1
    outer loop
      vertex 71.30000305175781 6.249999046325684 12
      vertex 68.69999694824219 5.59999942779541 12
      vertex 71.30000305175781 5.59999942779541 12
    endloop
  endfacet
  facet normal 0 0 1
    outer loop
      vertex 68.69999694824219 5.59999942779541 12
      vertex 80 0 12
      vertex 71.30000305175781 5.59999942779541 12
    endloop
  endfacet
  facet normal 0 0 1
    outer loop
      vertex 66.69999694824219 5.59999942779541 12
      vertex 80 0 12
      vertex 68.69999694824219 5.59999942779541 12
    endloop
  endfacet
  facet normal 0 0 1
    outer loop
      vertex 66.69999694824219 6.249999046325684 12
      vertex 66 5.59999942779541 12
      vertex 66.69999694824219 5.59999942779541 12
    endloop
  endfacet
  facet normal 0 0 1
    outer loop
      vertex 66 5.59999942779541 12
      vertex 80 0 12
      vertex 66.69999694824219 5.59999942779541 12
    endloop
  endfacet
  facet normal 0 0 1
    outer loop
      vertex 65.3499984741211 5.59999942779541 12
      vertex 80 0 12
      vertex 66 5.59999942779541 12
    endloop
  endfacet
  facet normal 0 0 1
    outer loop
      vertex 63.29999923706055 7.824999809265137 12
      vertex 65.3499984741211 9.399999618530273 12
      vertex 63.29999923706055 8.749999046325684 12
    endloop
  endfacet
  facet normal 0 0 1
    outer loop
      vertex 65.3499984741211 9.399999618530273 12
      vertex 63.29999923706055 7.824999809265137 12
      vertex 65.3499984741211 5.59999942779541 12
    endloop
  endfacet
  facet normal 0 0 1
    outer loop
      vertex 63.29999923706055 5.59999942779541 12
      vertex 65.3499984741211 5.59999942779541 12
      vertex 63.29999923706055 7.824999809265137 12
    endloop
  endfacet
  facet normal 0 0 1
    outer loop
      vertex 63.29999923706055 5.59999942779541 12
      vertex 80 0 12
      vertex 65.3499984741211 5.59999942779541 12
    endloop
  endfacet
  facet normal 0 0 1
    outer loop
      vertex 61.29999923706055 5.59999942779541 12
      vertex 80 0 12
      vertex 63.29999923706055 5.59999942779541 12
    endloop
  endfacet
  facet normal 0 0 1
    outer loop
      vertex 61.29999923706055 6.249999046325684 12
      vertex 58.70000076293945 5.59999942779541 12
      vertex 61.29999923706055 5.59999942779541 12
    endloop
  endfacet
  facet normal 0 0 1
    outer loop
      vertex 58.70000076293945 5.59999942779541 12
      vertex 80 0 12
      vertex 61.29999923706055 5.59999942779541 12
    endloop
  endfacet
  facet normal 0 0 1
    outer loop
      vertex 56.70000076293945 5.59999942779541 12
      vertex 80 0 12
      vertex 58.70000076293945 5.59999942779541 12
    endloop
  endfacet
  facet normal 0 0 1
    outer loop
      vertex 56 5.59999942779541 12
      vertex 56.70000076293945 5.59999942779541 12
      vertex 56 9.399999618530273 12
    endloop
  endfacet
  facet normal 0 0 1
    outer loop
      vertex 56 5.59999942779541 12
      vertex 80 0 12
      vertex 56.70000076293945 5.59999942779541 12
    endloop
  endfacet
  facet normal 0 0 1
    outer loop
      vertex 55.349998474121094 5.59999942779541 12
      vertex 80 0 12
      vertex 56 5.59999942779541 12
    endloop
  endfacet
  facet normal 0 0 1
    outer loop
      vertex 53.29999923706055 7.824999809265137 12
      vertex 55.349998474121094 9.399999618530273 12
      vertex 53.29999923706055 8.749999046325684 12
    endloop
  endfacet
  facet normal 0 0 1
    outer loop
      vertex 55.349998474121094 9.399999618530273 12
      vertex 53.29999923706055 7.824999809265137 12
      vertex 55.349998474121094 5.59999942779541 12
    endloop
  endfacet
  facet normal 0 0 1
    outer loop
      vertex 53.29999923706055 5.59999942779541 12
      vertex 55.349998474121094 5.59999942779541 12
      vertex 53.29999923706055 7.824999809265137 12
    endloop
  endfacet
  facet normal 0 0 1
    outer loop
      vertex 53.29999923706055 5.59999942779541 12
      vertex 80 0 12
      vertex 55.349998474121094 5.59999942779541 12
    endloop
  endfacet
  facet normal 0 0 1
    outer loop
      vertex 51.29999923706055 5.59999942779541 12
      vertex 80 0 12
      vertex 53.29999923706055 5.59999942779541 12
    endloop
  endfacet
  facet normal 0 0 1
    outer loop
      vertex 48.70000076293945 7.824999809265137 12
      vertex 51.29999923706055 9.399999618530273 12
      vertex 48.70000076293945 8.749999046325684 12
    endloop
  endfacet
  facet normal 0 0 1
    outer loop
      vertex 48.70000076293945 5.59999942779541 12
      vertex 51.29999923706055 6.249999046325684 12
      vertex 48.70000076293945 7.824999809265137 12
    endloop
  endfacet
  facet normal 0 0 1
    outer loop
      vertex 51.29999923706055 6.249999046325684 12
      vertex 48.70000076293945 5.59999942779541 12
      vertex 51.29999923706055 5.59999942779541 12
    endloop
  endfacet
  facet normal 0 0 1
    outer loop
      vertex 48.70000076293945 5.59999942779541 12
      vertex 80 0 12
      vertex 51.29999923706055 5.59999942779541 12
    endloop
  endfacet
  facet normal 0 0 1
    outer loop
      vertex 46.70000076293945 5.59999942779541 12
      vertex 80 0 12
      vertex 48.70000076293945 5.59999942779541 12
    endloop
  endfacet
  facet normal 0 0 1
    outer loop
      vertex 46.70000076293945 6.249999046325684 12
      vertex 46 5.59999942779541 12
      vertex 46.70000076293945 5.59999942779541 12
    endloop
  endfacet
  facet normal 0 0 1
    outer loop
      vertex 46 5.59999942779541 12
      vertex 80 0 12
      vertex 46.70000076293945 5.59999942779541 12
    endloop
  endfacet
  facet normal 0 0 1
    outer loop
      vertex 44 5.59999942779541 12
      vertex 80 0 12
      vertex 46 5.59999942779541 12
    endloop
  endfacet
  facet normal 0 0 1
    outer loop
      vertex 43.29999923706055 7.824999809265137 12
      vertex 44 9.399999618530273 12
      vertex 43.29999923706055 8.749999046325684 12
    endloop
  endfacet
  facet normal 0 0 1
    outer loop
      vertex 44 9.399999618530273 12
      vertex 43.29999923706055 7.824999809265137 12
      vertex 44 5.59999942779541 12
    endloop
  endfacet
  facet normal 0 0 1
    outer loop
      vertex 43.29999923706055 5.59999942779541 12
      vertex 44 5.59999942779541 12
      vertex 43.29999923706055 7.824999809265137 12
    endloop
  endfacet
  facet normal 0 0 1
    outer loop
      vertex 43.29999923706055 5.59999942779541 12
      vertex 80 0 12
      vertex 44 5.59999942779541 12
    endloop
  endfacet
  facet normal 0 0 1
    outer loop
      vertex 41.29999923706055 5.59999942779541 12
      vertex 80 0 12
      vertex 43.29999923706055 5.59999942779541 12
    endloop
  endfacet
  facet normal 0 0 1
    outer loop
      vertex 41.29999923706055 6.249999046325684 12
      vertex 38.70000076293945 5.59999942779541 12
      vertex 41.29999923706055 5.59999942779541 12
    endloop
  endfacet
  facet normal 0 0 1
    outer loop
      vertex 38.70000076293945 5.59999942779541 12
      vertex 80 0 12
      vertex 41.29999923706055 5.59999942779541 12
    endloop
  endfacet
  facet normal 0 0 1
    outer loop
      vertex 0 0 12
      vertex 38.70000076293945 5.59999942779541 12
      vertex 36.70000076293945 5.59999942779541 12
    endloop
  endfacet
  facet normal 0 0 1
    outer loop
      vertex 36 5.59999942779541 12
      vertex 36.70000076293945 5.59999942779541 12
      vertex 36 9.399999618530273 12
    endloop
  endfacet
  facet normal 0 0 1
    outer loop
      vertex 0 0 12
      vertex 36.70000076293945 5.59999942779541 12
      vertex 36 5.59999942779541 12
    endloop
  endfacet
  facet normal 0 0 1
    outer loop
      vertex 0 0 12
      vertex 36 5.59999942779541 12
      vertex 34 5.59999942779541 12
    endloop
  endfacet
  facet normal 0 0 1
    outer loop
      vertex 33.29999923706055 7.824999809265137 12
      vertex 34 9.399999618530273 12
      vertex 33.29999923706055 8.749999046325684 12
    endloop
  endfacet
  facet normal 0 0 1
    outer loop
      vertex 34 9.399999618530273 12
      vertex 33.29999923706055 7.824999809265137 12
      vertex 34 5.59999942779541 12
    endloop
  endfacet
  facet normal 0 0 1
    outer loop
      vertex 33.29999923706055 5.59999942779541 12
      vertex 34 5.59999942779541 12
      vertex 33.29999923706055 7.824999809265137 12
    endloop
  endfacet
  facet normal 0 0 1
    outer loop
      vertex 0 0 12
      vertex 34 5.59999942779541 12
      vertex 33.29999923706055 5.59999942779541 12
    endloop
  endfacet
  facet normal 0 0 1
    outer loop
      vertex 0 0 12
      vertex 33.29999923706055 5.59999942779541 12
      vertex 31.299999237060547 5.59999942779541 12
    endloop
  endfacet
  facet normal 0 0 1
    outer loop
      vertex 28.700000762939453 7.824999809265137 12
      vertex 31.299999237060547 9.399999618530273 12
      vertex 28.700000762939453 8.749999046325684 12
    endloop
  endfacet
  facet normal 0 0 1
    outer loop
      vertex 28.700000762939453 5.59999942779541 12
      vertex 31.299999237060547 6.249999046325684 12
      vertex 28.700000762939453 7.824999809265137 12
    endloop
  endfacet
  facet normal 0 0 1
    outer loop
      vertex 31.299999237060547 6.249999046325684 12
      vertex 28.700000762939453 5.59999942779541 12
      vertex 31.299999237060547 5.59999942779541 12
    endloop
  endfacet
  facet normal 0 0 1
    outer loop
      vertex 0 0 12
      vertex 31.299999237060547 5.59999942779541 12
      vertex 28.700000762939453 5.59999942779541 12
    endloop
  endfacet
  facet normal 0 0 1
    outer loop
      vertex 0 0 12
      vertex 28.700000762939453 5.59999942779541 12
      vertex 26.700000762939453 5.59999942779541 12
    endloop
  endfacet
  facet normal 0 0 1
    outer loop
      vertex 26.700000762939453 6.249999046325684 12
      vertex 26 5.59999942779541 12
      vertex 26.700000762939453 5.59999942779541 12
    endloop
  endfacet
  facet normal 0 0 1
    outer loop
      vertex 0 0 12
      vertex 26.700000762939453 5.59999942779541 12
      vertex 26 5.59999942779541 12
    endloop
  endfacet
  facet normal 0 0 1
    outer loop
      vertex 0 0 12
      vertex 26 5.59999942779541 12
      vertex 24 5.59999942779541 12
    endloop
  endfacet
  facet normal 0 0 1
    outer loop
      vertex 24 6.249999046325684 12
      vertex 23.299999237060547 5.59999942779541 12
      vertex 24 5.59999942779541 12
    endloop
  endfacet
  facet normal 0 0 1
    outer loop
      vertex 0 0 12
      vertex 24 5.59999942779541 12
      vertex 23.299999237060547 5.59999942779541 12
    endloop
  endfacet
  facet normal 0 0 1
    outer loop
      vertex 0 0 12
      vertex 23.299999237060547 5.59999942779541 12
      vertex 22.649999618530273 5.59999942779541 12
    endloop
  endfacet
  facet normal 0 0 1
    outer loop
      vertex 18.700000762939453 5.59999942779541 12
      vertex 21.299999237060547 7.174999237060547 12
      vertex 18.700000762939453 9.399999618530273 12
    endloop
  endfacet
  facet normal 0 0 1
    outer loop
      vertex 21.299999237060547 7.174999237060547 12
      vertex 18.700000762939453 5.59999942779541 12
      vertex 22.649999618530273 5.59999942779541 12
    endloop
  endfacet
  facet normal 0 0 1
    outer loop
      vertex 0 0 12
      vertex 22.649999618530273 5.59999942779541 12
      vertex 18.700000762939453 5.59999942779541 12
    endloop
  endfacet
  facet normal 0 0 1
    outer loop
      vertex 0 0 12
      vertex 18.700000762939453 5.59999942779541 12
      vertex 16.700000762939453 5.59999942779541 12
    endloop
  endfacet
  facet normal 0 0 1
    outer loop
      vertex 16 5.59999942779541 12
      vertex 16.700000762939453 5.59999942779541 12
      vertex 16 9.399999618530273 12
    endloop
  endfacet
  facet normal 0 0 1
    outer loop
      vertex 0 0 12
      vertex 16.700000762939453 5.59999942779541 12
      vertex 16 5.59999942779541 12
    endloop
  endfacet
  facet normal 0 0 1
    outer loop
      vertex 0 0 12
      vertex 16 5.59999942779541 12
      vertex 14 5.59999942779541 12
    endloop
  endfacet
  facet normal 0 0 1
    outer loop
      vertex 14 6.249999046325684 12
      vertex 13.299999237060547 5.59999942779541 12
      vertex 14 5.59999942779541 12
    endloop
  endfacet
  facet normal 0 0 1
    outer loop
      vertex 0 0 12
      vertex 14 5.59999942779541 12
      vertex 13.299999237060547 5.59999942779541 12
    endloop
  endfacet
  facet normal 0 0 1
    outer loop
      vertex 0 0 12
      vertex 13.299999237060547 5.59999942779541 12
      vertex 12.649999618530273 5.59999942779541 12
    endloop
  endfacet
  facet normal 0 0 1
    outer loop
      vertex 11.299999237060547 9.399999618530273 12
      vertex 8.699999809265137 8.749999046325684 12
      vertex 11.299999237060547 7.174999237060547 12
    endloop
  endfacet
  facet normal 0 0 1
    outer loop
      vertex 8.699999809265137 7.824999809265137 12
      vertex 11.299999237060547 7.174999237060547 12
      vertex 8.699999809265137 8.749999046325684 12
    endloop
  endfacet
  facet normal 0 0 1
    outer loop
      vertex 8.699999809265137 5.59999942779541 12
      vertex 11.299999237060547 7.174999237060547 12
      vertex 8.699999809265137 7.824999809265137 12
    endloop
  endfacet
  facet normal 0 0 1
    outer loop
      vertex 11.299999237060547 7.174999237060547 12
      vertex 8.699999809265137 5.59999942779541 12
      vertex 12.649999618530273 5.59999942779541 12
    endloop
  endfacet
  facet normal 0 0 1
    outer loop
      vertex 0 0 12
      vertex 12.649999618530273 5.59999942779541 12
      vertex 8.699999809265137 5.59999942779541 12
    endloop
  endfacet
  facet normal 0 0 1
    outer loop
      vertex 0 0 12
      vertex 8.699999809265137 5.59999942779541 12
      vertex 6.699999809265137 5.59999942779541 12
    endloop
  endfacet
  facet normal 0 0 1
    outer loop
      vertex 6.699999809265137 6.249999046325684 12
      vertex 6 5.59999942779541 12
      vertex 6.699999809265137 5.59999942779541 12
    endloop
  endfacet
  facet normal 0 0 1
    outer loop
      vertex 0 0 12
      vertex 6.699999809265137 5.59999942779541 12
      vertex 6 5.59999942779541 12
    endloop
  endfacet
  facet normal 0 0 1
    outer loop
      vertex 0 0 12
      vertex 6 5.59999942779541 12
      vertex 4 5.59999942779541 12
    endloop
  endfacet
  facet normal 0 0 1
    outer loop
      vertex 3.299999237060547 5.59999942779541 12
      vertex 4 5.59999942779541 12
      vertex 3.299999237060547 9.399999618530273 12
    endloop
  endfacet
  facet normal 0 0 1
    outer loop
      vertex 0 0 12
      vertex 4 5.59999942779541 12
      vertex 3.299999237060547 5.59999942779541 12
    endloop
  endfacet
  facet normal 0 0 1
    outer loop
      vertex 0 0 12
      vertex 3.299999237060547 5.59999942779541 12
      vertex 2.6499996185302734 5.59999942779541 12
    endloop
  endfacet
  facet normal 0 0 1
    outer loop
      vertex 38.70000076293945 5.59999942779541 12
      vertex 0 0 12
      vertex 80 0 12
    endloop
  endfacet
  facet normal 0 0 1
    outer loop
      vertex 1.2999992370605469 7.174999237060547 12
      vertex 0 0 12
      vertex 2.6499996185302734 5.59999942779541 12
    endloop
  endfacet
  facet normal 0 0 1
    outer loop
      vertex 0 0 12
      vertex 1.2999992370605469 7.174999237060547 12
      vertex 0 15 12
    endloop
  endfacet
  facet normal 0 0 1
    outer loop
      vertex 74 8.749999046325684 12
      vertex 75.3499984741211 7.824999809265137 12
      vertex 75.3499984741211 8.749999046325684 12
    endloop
  endfacet
  facet normal 0 0 1
    outer loop
      vertex 75.3499984741211 7.824999809265137 12
      vertex 74 8.749999046325684 12
      vertex 74 7.824999809265137 12
    endloop
  endfacet
  facet normal 0 0 1
    outer loop
      vertex 71.30000305175781 7.174999237060547 12
      vertex 72.6500015258789 6.249999046325684 12
      vertex 72.6500015258789 7.174999237060547 12
    endloop
  endfacet
  facet normal 0 0 1
    outer loop
      vertex 72.6500015258789 6.249999046325684 12
      vertex 71.30000305175781 7.174999237060547 12
      vertex 71.30000305175781 6.249999046325684 12
    endloop
  endfacet
  facet normal 0 0 1
    outer loop
      vertex 66.69999694824219 7.174999237060547 12
      vertex 68.05000305175781 6.249999046325684 12
      vertex 68.05000305175781 7.174999237060547 12
    endloop
  endfacet
  facet normal 0 0 1
    outer loop
      vertex 68.05000305175781 6.249999046325684 12
      vertex 66.69999694824219 7.174999237060547 12
      vertex 66.69999694824219 6.249999046325684 12
    endloop
  endfacet
  facet normal 0 0 1
    outer loop
      vertex 61.29999923706055 7.174999237060547 12
      vertex 62.650001525878906 6.249999046325684 12
      vertex 62.650001525878906 7.174999237060547 12
    endloop
  endfacet
  facet normal 0 0 1
    outer loop
      vertex 62.650001525878906 6.249999046325684 12
      vertex 61.29999923706055 7.174999237060547 12
      vertex 61.29999923706055 6.249999046325684 12
    endloop
  endfacet
  facet normal 0 0 1
    outer loop
      vertex 51.29999923706055 7.174999237060547 12
      vertex 52.650001525878906 6.249999046325684 12
      vertex 52.650001525878906 7.174999237060547 12
    endloop
  endfacet
  facet normal 0 0 1
    outer loop
      vertex 52.650001525878906 6.249999046325684 12
      vertex 51.29999923706055 7.174999237060547 12
      vertex 51.29999923706055 6.249999046325684 12
    endloop
  endfacet
  facet normal 0 0 1
    outer loop
      vertex 46.70000076293945 7.174999237060547 12
      vertex 48.04999923706055 6.249999046325684 12
      vertex 48.04999923706055 7.174999237060547 12
    endloop
  endfacet
  facet normal 0 0 1
    outer loop
      vertex 48.04999923706055 6.249999046325684 12
      vertex 46.70000076293945 7.174999237060547 12
      vertex 46.70000076293945 6.249999046325684 12
    endloop
  endfacet
  facet normal 0 0 1
    outer loop
      vertex 41.29999923706055 7.174999237060547 12
      vertex 42.650001525878906 6.249999046325684 12
      vertex 42.650001525878906 7.174999237060547 12
    endloop
  endfacet
  facet normal 0 0 1
    outer loop
      vertex 42.650001525878906 6.249999046325684 12
      vertex 41.29999923706055 7.174999237060547 12
      vertex 41.29999923706055 6.249999046325684 12
    endloop
  endfacet
  facet normal 0 0 1
    outer loop
      vertex 31.299999237060547 7.174999237060547 12
      vertex 32.650001525878906 6.249999046325684 12
      vertex 32.650001525878906 7.174999237060547 12
    endloop
  endfacet
  facet normal 0 0 1
    outer loop
      vertex 32.650001525878906 6.249999046325684 12
      vertex 31.299999237060547 7.174999237060547 12
      vertex 31.299999237060547 6.249999046325684 12
    endloop
  endfacet
  facet normal 0 0 1
    outer loop
      vertex 26.700000762939453 7.174999237060547 12
      vertex 28.049999237060547 6.249999046325684 12
      vertex 28.049999237060547 7.174999237060547 12
    endloop
  endfacet
  facet normal 0 0 1
    outer loop
      vertex 28.049999237060547 6.249999046325684 12
      vertex 26.700000762939453 7.174999237060547 12
      vertex 26.700000762939453 6.249999046325684 12
    endloop
  endfacet
  facet normal 0 0 1
    outer loop
      vertex 24 7.174999237060547 12
      vertex 25.349998474121094 6.249999046325684 12
      vertex 25.349998474121094 7.174999237060547 12
    endloop
  endfacet
  facet normal 0 0 1
    outer loop
      vertex 25.349998474121094 6.249999046325684 12
      vertex 24 7.174999237060547 12
      vertex 24 6.249999046325684 12
    endloop
  endfacet
  facet normal 0 0 1
    outer loop
      vertex 4.649999618530273 8.749999046325684 12
      vertex 5.34999942779541 7.824999809265137 12
      vertex 5.34999942779541 8.749999046325684 12
    endloop
  endfacet
  facet normal 0 0 1
    outer loop
      vertex 5.34999942779541 7.824999809265137 12
      vertex 4.649999618530273 8.749999046325684 12
      vertex 4.649999618530273 7.824999809265137 12
    endloop
  endfacet
  facet normal 0 0 1
    outer loop
      vertex 4.649999618530273 7.174999237060547 12
      vertex 5.34999942779541 6.249999046325684 12
      vertex 5.34999942779541 7.174999237060547 12
    endloop
  endfacet
  facet normal 0 0 1
    outer loop
      vertex 5.34999942779541 6.249999046325684 12
      vertex 4.649999618530273 7.174999237060547 12
      vertex 4.649999618530273 6.249999046325684 12
    endloop
  endfacet
  facet normal 0 0 1
    outer loop
      vertex 14.649999618530273 8.749999046325684 12
      vertex 15.34999942779541 7.824999809265137 12
      vertex 15.34999942779541 8.749999046325684 12
    endloop
  endfacet
  facet normal 0 0 1
    outer loop
      vertex 15.34999942779541 7.824999809265137 12
      vertex 14.649999618530273 8.749999046325684 12
      vertex 14.649999618530273 7.824999809265137 12
    endloop
  endfacet
  facet normal 0 0 1
    outer loop
      vertex 17.349998474121094 8.749999046325684 12
      vertex 18.049999237060547 6.249999046325684 12
      vertex 18.049999237060547 8.749999046325684 12
    endloop
  endfacet
  facet normal 0 0 1
    outer loop
      vertex 18.049999237060547 6.249999046325684 12
      vertex 17.349998474121094 8.749999046325684 12
      vertex 17.349998474121094 6.249999046325684 12
    endloop
  endfacet
  facet normal 0 0 1
    outer loop
      vertex 24.649999618530273 8.749999046325684 12
      vertex 25.349998474121094 7.824999809265137 12
      vertex 25.349998474121094 8.749999046325684 12
    endloop
  endfacet
  facet normal 0 0 1
    outer loop
      vertex 25.349998474121094 7.824999809265137 12
      vertex 24.649999618530273 8.749999046325684 12
      vertex 24.649999618530273 7.824999809265137 12
    endloop
  endfacet
  facet normal 0 0 1
    outer loop
      vertex 34.650001525878906 8.749999046325684 12
      vertex 35.349998474121094 6.249999046325684 12
      vertex 35.349998474121094 8.749999046325684 12
    endloop
  endfacet
  facet normal 0 0 1
    outer loop
      vertex 35.349998474121094 6.249999046325684 12
      vertex 34.650001525878906 8.749999046325684 12
      vertex 34.650001525878906 6.249999046325684 12
    endloop
  endfacet
  facet normal 0 0 1
    outer loop
      vertex 37.349998474121094 8.749999046325684 12
      vertex 38.04999923706055 6.249999046325684 12
      vertex 38.04999923706055 8.749999046325684 12
    endloop
  endfacet
  facet normal 0 0 1
    outer loop
      vertex 38.04999923706055 6.249999046325684 12
      vertex 37.349998474121094 8.749999046325684 12
      vertex 37.349998474121094 6.249999046325684 12
    endloop
  endfacet
  facet normal 0 0 1
    outer loop
      vertex 44.650001525878906 8.749999046325684 12
      vertex 45.349998474121094 6.249999046325684 12
      vertex 45.349998474121094 8.749999046325684 12
    endloop
  endfacet
  facet normal 0 0 1
    outer loop
      vertex 45.349998474121094 6.249999046325684 12
      vertex 44.650001525878906 8.749999046325684 12
      vertex 44.650001525878906 6.249999046325684 12
    endloop
  endfacet
  facet normal 0 0 1
    outer loop
      vertex 57.349998474121094 8.749999046325684 12
      vertex 58.04999923706055 6.249999046325684 12
      vertex 58.04999923706055 8.749999046325684 12
    endloop
  endfacet
  facet normal 0 0 1
    outer loop
      vertex 58.04999923706055 6.249999046325684 12
      vertex 57.349998474121094 8.749999046325684 12
      vertex 57.349998474121094 6.249999046325684 12
    endloop
  endfacet
  facet normal 0 0 1
    outer loop
      vertex 77.3499984741211 8.749999046325684 12
      vertex 78.05000305175781 6.249999046325684 12
      vertex 78.05000305175781 8.749999046325684 12
    endloop
  endfacet
  facet normal 0 0 1
    outer loop
      vertex 78.05000305175781 6.249999046325684 12
      vertex 77.3499984741211 8.749999046325684 12
      vertex 77.3499984741211 6.249999046325684 12
    endloop
  endfacet
  facet normal 0 0 -1
    outer loop
      vertex 152 0 0
      vertex 80 6 0
      vertex 152 6 0
    endloop
  endfacet
  facet normal 0 0 -1
    outer loop
      vertex 0 0 0
      vertex 80 6 0
      vertex 152 0 0
    endloop
  endfacet
  facet normal 0 0 -1
    outer loop
      vertex 0 15 0
      vertex 80 6 0
      vertex 0 0 0
    endloop
  endfacet
  facet normal 0 0 -1
    outer loop
      vertex 80 6 0
      vertex 0 15 0
      vertex 80 15 0
    endloop
  endfacet
  facet normal -1 0 0
    outer loop
      vertex 0 0 0
      vertex 0 15 12
      vertex 0 15 0
    endloop
  endfacet
  facet normal -1 0 0
    outer loop
      vertex 0 15 12
      vertex 0 0 0
      vertex 0 0 12
    endloop
  endfacet
  facet normal 0 1 0
    outer loop
      vertex 12.549999237060547 15 7.414507865905762
      vertex 5 15 8.800148010253906
      vertex 15 15 8.829015731811523
    endloop
  endfacet
  facet normal 0 1 0
    outer loop
      vertex 12.549999237060547 15 7.414507865905762
      vertex 7.424999237060547 15 7.400074005126953
      vertex 5 15 8.800148010253906
    endloop
  endfacet
  facet normal 0 1 0
    outer loop
      vertex 12.549999237060547 15 7.414507865905762
      vertex 7.424999237060547 15 4.5999250411987305
      vertex 7.424999237060547 15 7.400074005126953
    endloop
  endfacet
  facet normal 0 1 0
    outer loop
      vertex 12.549999237060547 15 4.585491180419922
      vertex 7.424999237060547 15 4.5999250411987305
      vertex 12.549999237060547 15 7.414507865905762
    endloop
  endfacet
  facet normal 0 1 0
    outer loop
      vertex 12.549999237060547 15 4.585491180419922
      vertex 5 15 3.1998510360717773
      vertex 7.424999237060547 15 4.5999250411987305
    endloop
  endfacet
  facet normal 0 1 0
    outer loop
      vertex 5 15 3.1998510360717773
      vertex 12.549999237060547 15 4.585491180419922
      vertex 15 15 3.17098331451416
    endloop
  endfacet
  facet normal 0 1 0
    outer loop
      vertex 22.524999618530273 15 7.42894172668457
      vertex 15 15 8.829015731811523
      vertex 25 15 8.85788345336914
    endloop
  endfacet
  facet normal 0 1 0
    outer loop
      vertex 22.524999618530273 15 7.42894172668457
      vertex 17.450000762939453 15 7.414507865905762
      vertex 15 15 8.829015731811523
    endloop
  endfacet
  facet normal 0 1 0
    outer loop
      vertex 22.524999618530273 15 7.42894172668457
      vertex 17.450000762939453 15 4.585491180419922
      vertex 17.450000762939453 15 7.414507865905762
    endloop
  endfacet
  facet normal 0 1 0
    outer loop
      vertex 22.524999618530273 15 4.571057319641113
      vertex 17.450000762939453 15 4.585491180419922
      vertex 22.524999618530273 15 7.42894172668457
    endloop
  endfacet
  facet normal 0 1 0
    outer loop
      vertex 22.524999618530273 15 4.571057319641113
      vertex 15 15 3.17098331451416
      vertex 17.450000762939453 15 4.585491180419922
    endloop
  endfacet
  facet normal 0 1 0
    outer loop
      vertex 15 15 3.17098331451416
      vertex 22.524999618530273 15 4.571057319641113
      vertex 25 15 3.142115592956543
    endloop
  endfacet
  facet normal 0 1 0
    outer loop
      vertex 32.5 15 7.443375587463379
      vertex 25 15 8.85788345336914
      vertex 35 15 8.886751174926758
    endloop
  endfacet
  facet normal 0 1 0
    outer loop
      vertex 32.5 15 7.443375587463379
      vertex 27.474998474121094 15 7.42894172668457
      vertex 25 15 8.85788345336914
    endloop
  endfacet
  facet normal 0 1 0
    outer loop
      vertex 32.5 15 7.443375587463379
      vertex 27.474998474121094 15 4.571057319641113
      vertex 27.474998474121094 15 7.42894172668457
    endloop
  endfacet
  facet normal 0 1 0
    outer loop
      vertex 32.5 15 4.556623458862305
      vertex 27.474998474121094 15 4.571057319641113
      vertex 32.5 15 7.443375587463379
    endloop
  endfacet
  facet normal 0 1 0
    outer loop
      vertex 32.5 15 4.556623458862305
      vertex 25 15 3.142115592956543
      vertex 27.474998474121094 15 4.571057319641113
    endloop
  endfacet
  facet normal 0 1 0
    outer loop
      vertex 25 15 3.142115592956543
      vertex 32.5 15 4.556623458862305
      vertex 35 15 3.113247871398926
    endloop
  endfacet
  facet normal 0 1 0
    outer loop
      vertex 42.474998474121094 15 7.457808494567871
      vertex 35 15 8.886751174926758
      vertex 45 15 8.915617942810059
    endloop
  endfacet
  facet normal 0 1 0
    outer loop
      vertex 42.474998474121094 15 7.457808494567871
      vertex 37.5 15 7.443375587463379
      vertex 35 15 8.886751174926758
    endloop
  endfacet
  facet normal 0 1 0
    outer loop
      vertex 42.474998474121094 15 7.457808494567871
      vertex 37.5 15 4.556623458862305
      vertex 37.5 15 7.443375587463379
    endloop
  endfacet
  facet normal 0 1 0
    outer loop
      vertex 42.474998474121094 15 4.5421905517578125
      vertex 37.5 15 4.556623458862305
      vertex 42.474998474121094 15 7.457808494567871
    endloop
  endfacet
  facet normal 0 1 0
    outer loop
      vertex 42.474998474121094 15 4.5421905517578125
      vertex 35 15 3.113247871398926
      vertex 37.5 15 4.556623458862305
    endloop
  endfacet
  facet normal 0 1 0
    outer loop
      vertex 35 15 3.113247871398926
      vertex 42.474998474121094 15 4.5421905517578125
      vertex 45 15 3.084381103515625
    endloop
  endfacet
  facet normal 0 1 0
    outer loop
      vertex 52.45000076293945 15 7.47224235534668
      vertex 45 15 8.915617942810059
      vertex 55 15 8.944485664367676
    endloop
  endfacet
  facet normal 0 1 0
    outer loop
      vertex 52.45000076293945 15 7.47224235534668
      vertex 47.525001525878906 15 7.457808494567871
      vertex 45 15 8.915617942810059
    endloop
  endfacet
  facet normal 0 1 0
    outer loop
      vertex 52.45000076293945 15 7.47224235534668
      vertex 47.525001525878906 15 4.5421905517578125
      vertex 47.525001525878906 15 7.457808494567871
    endloop
  endfacet
  facet normal 0 1 0
    outer loop
      vertex 52.45000076293945 15 4.527756690979004
      vertex 47.525001525878906 15 4.5421905517578125
      vertex 52.45000076293945 15 7.47224235534668
    endloop
  endfacet
  facet normal 0 1 0
    outer loop
      vertex 52.45000076293945 15 4.527756690979004
      vertex 45 15 3.084381103515625
      vertex 47.525001525878906 15 4.5421905517578125
    endloop
  endfacet
  facet normal 0 1 0
    outer loop
      vertex 45 15 3.084381103515625
      vertex 52.45000076293945 15 4.527756690979004
      vertex 55 15 3.055513381958008
    endloop
  endfacet
  facet normal 0 1 0
    outer loop
      vertex 62.42499923706055 15 7.486676216125488
      vertex 55 15 8.944485664367676
      vertex 65 15 8.973353385925293
    endloop
  endfacet
  facet normal 0 1 0
    outer loop
      vertex 62.42499923706055 15 7.486676216125488
      vertex 57.54999923706055 15 7.47224235534668
      vertex 55 15 8.944485664367676
    endloop
  endfacet
  facet normal 0 1 0
    outer loop
      vertex 62.42499923706055 15 7.486676216125488
      vertex 57.54999923706055 15 4.527756690979004
      vertex 57.54999923706055 15 7.47224235534668
    endloop
  endfacet
  facet normal 0 1 0
    outer loop
      vertex 62.42499923706055 15 4.513322830200195
      vertex 57.54999923706055 15 4.527756690979004
      vertex 62.42499923706055 15 7.486676216125488
    endloop
  endfacet
  facet normal 0 1 0
    outer loop
      vertex 62.42499923706055 15 4.513322830200195
      vertex 55 15 3.055513381958008
      vertex 57.54999923706055 15 4.527756690979004
    endloop
  endfacet
  facet normal 0 1 0
    outer loop
      vertex 55 15 3.055513381958008
      vertex 62.42499923706055 15 4.513322830200195
      vertex 65 15 3.0266456604003906
    endloop
  endfacet
  facet normal 0 1 0
    outer loop
      vertex 72.4000015258789 15 7.501110076904297
      vertex 65 15 8.973353385925293
      vertex 75 15 9.00222110748291
    endloop
  endfacet
  facet normal 0 1 0
    outer loop
      vertex 72.4000015258789 15 7.501110076904297
      vertex 67.57499694824219 15 7.486676216125488
      vertex 65 15 8.973353385925293
    endloop
  endfacet
  facet normal 0 1 0
    outer loop
      vertex 72.4000015258789 15 7.501110076904297
      vertex 67.57499694824219 15 4.513322830200195
      vertex 67.57499694824219 15 7.486676216125488
    endloop
  endfacet
  facet normal 0 1 0
    outer loop
      vertex 72.4000015258789 15 4.498888969421387
      vertex 67.57499694824219 15 4.513322830200195
      vertex 72.4000015258789 15 7.501110076904297
    endloop
  endfacet
  facet normal 0 1 0
    outer loop
      vertex 72.4000015258789 15 4.498888969421387
      vertex 65 15 3.0266456604003906
      vertex 67.57499694824219 15 4.513322830200195
    endloop
  endfacet
  facet normal 0 1 0
    outer loop
      vertex 65 15 3.0266456604003906
      vertex 72.4000015258789 15 4.498888969421387
      vertex 75 15 2.9977779388427734
    endloop
  endfacet
  facet normal 0 1 0
    outer loop
      vertex 65 15 8.973353385925293
      vertex 80 15 12
      vertex 75 15 9.00222110748291
    endloop
  endfacet
  facet normal 0 1 0
    outer loop
      vertex 80 15 12
      vertex 77.5999984741211 15 7.501110076904297
      vertex 75 15 9.00222110748291
    endloop
  endfacet
  facet normal 0 1 0
    outer loop
      vertex 80 15 12
      vertex 77.5999984741211 15 4.498888969421387
      vertex 77.5999984741211 15 7.501110076904297
    endloop
  endfacet
  facet normal 0 1 0
    outer loop
      vertex 77.5999984741211 15 4.498888969421387
      vertex 80 15 0
      vertex 75 15 2.9977779388427734
    endloop
  endfacet
  facet normal 0 1 0
    outer loop
      vertex 80 15 0
      vertex 77.5999984741211 15 4.498888969421387
      vertex 80 15 12
    endloop
  endfacet
  facet normal 0 1 0
    outer loop
      vertex 55 15 8.944485664367676
      vertex 80 15 12
      vertex 65 15 8.973353385925293
    endloop
  endfacet
  facet normal 0 1 0
    outer loop
      vertex 45 15 8.915617942810059
      vertex 80 15 12
      vertex 55 15 8.944485664367676
    endloop
  endfacet
  facet normal 0 1 0
    outer loop
      vertex 80 15 12
      vertex 45 15 8.915617942810059
      vertex 0 15 12
    endloop
  endfacet
  facet normal 0 1 0
    outer loop
      vertex 35 15 8.886751174926758
      vertex 0 15 12
      vertex 45 15 8.915617942810059
    endloop
  endfacet
  facet normal 0 1 0
    outer loop
      vertex 25 15 8.85788345336914
      vertex 0 15 12
      vertex 35 15 8.886751174926758
    endloop
  endfacet
  facet normal 0 1 0
    outer loop
      vertex 15 15 8.829015731811523
      vertex 0 15 12
      vertex 25 15 8.85788345336914
    endloop
  endfacet
  facet normal 0 1 0
    outer loop
      vertex 5 15 8.800148010253906
      vertex 0 15 12
      vertex 15 15 8.829015731811523
    endloop
  endfacet
  facet normal 0 1 0
    outer loop
      vertex 2.5749998092651367 15 7.400074005126953
      vertex 0 15 12
      vertex 5 15 8.800148010253906
    endloop
  endfacet
  facet normal 0 1 0
    outer loop
      vertex 2.5749998092651367 15 4.5999250411987305
      vertex 0 15 12
      vertex 2.5749998092651367 15 7.400074005126953
    endloop
  endfacet
  facet normal 0 1 0
    outer loop
      vertex 0 15 0
      vertex 15 15 3.17098331451416
      vertex 25 15 3.142115592956543
    endloop
  endfacet
  facet normal 0 1 0
    outer loop
      vertex 0 15 0
      vertex 25 15 3.142115592956543
      vertex 35 15 3.113247871398926
    endloop
  endfacet
  facet normal 0 1 0
    outer loop
      vertex 80 15 0
      vertex 45 15 3.084381103515625
      vertex 55 15 3.055513381958008
    endloop
  endfacet
  facet normal 0 1 0
    outer loop
      vertex 80 15 0
      vertex 55 15 3.055513381958008
      vertex 65 15 3.0266456604003906
    endloop
  endfacet
  facet normal 0 1 0
    outer loop
      vertex 80 15 0
      vertex 65 15 3.0266456604003906
      vertex 75 15 2.9977779388427734
    endloop
  endfacet
  facet normal 0 1 0
    outer loop
      vertex 45 15 3.084381103515625
      vertex 80 15 0
      vertex 35 15 3.113247871398926
    endloop
  endfacet
  facet normal 0 1 0
    outer loop
      vertex 0 15 0
      vertex 35 15 3.113247871398926
      vertex 80 15 0
    endloop
  endfacet
  facet normal 0 1 0
    outer loop
      vertex 2.5749998092651367 15 4.5999250411987305
      vertex 0 15 0
      vertex 0 15 12
    endloop
  endfacet
  facet normal 0 1 0
    outer loop
      vertex 5 15 3.1998510360717773
      vertex 0 15 0
      vertex 2.5749998092651367 15 4.5999250411987305
    endloop
  endfacet
  facet normal 0 1 0
    outer loop
      vertex 15 15 3.17098331451416
      vertex 0 15 0
      vertex 5 15 3.1998510360717773
    endloop
  endfacet
  facet normal 0 -1 0
    outer loop
      vertex 152 0 8
      vertex 138.5 0 5.818653106689453
      vertex 147.5 0 5.84752082824707
    endloop
  endfacet
  facet normal 0 -1 0
    outer loop
      vertex 80 0 8
      vertex 129.5 0 5.789785385131836
      vertex 138.5 0 5.818653106689453
    endloop
  endfacet
  facet normal 0 -1 0
    outer loop
      vertex 80 0 8
      vertex 120.5 0 5.760917663574219
      vertex 129.5 0 5.789785385131836
    endloop
  endfacet
  facet normal 0 -1 0
    outer loop
      vertex 80 0 8
      vertex 111.5 0 5.732049942016602
      vertex 120.5 0 5.760917663574219
    endloop
  endfacet
  facet normal 0 -1 0
    outer loop
      vertex 80 0 8
      vertex 102.5 0 5.703183174133301
      vertex 111.5 0 5.732049942016602
    endloop
  endfacet
  facet normal 0 -1 0
    outer loop
      vertex 80 0 8
      vertex 93.5 0 5.674315452575684
      vertex 102.5 0 5.703183174133301
    endloop
  endfacet
  facet normal 0 -1 0
    outer loop
      vertex 80 0 8
      vertex 84.5 0 5.645447731018066
      vertex 93.5 0 5.674315452575684
    endloop
  endfacet
  facet normal 0 -1 0
    outer loop
      vertex 80 0 8
      vertex 83.07499694824219 0 4.822723388671875
      vertex 84.5 0 5.645447731018066
    endloop
  endfacet
  facet normal 0 -1 0
    outer loop
      vertex 80 0 8
      vertex 77.5999984741211 0 4.498888969421387
      vertex 83.07499694824219 0 4.822723388671875
    endloop
  endfacet
  facet normal 0 -1 0
    outer loop
      vertex 77.5999984741211 0 4.498888969421387
      vertex 83.07499694824219 0 3.1772756576538086
      vertex 83.07499694824219 0 4.822723388671875
    endloop
  endfacet
  facet normal 0 -1 0
    outer loop
      vertex 75 0 2.9977779388427734
      vertex 83.07499694824219 0 3.1772756576538086
      vertex 77.5999984741211 0 4.498888969421387
    endloop
  endfacet
  facet normal 0 -1 0
    outer loop
      vertex 83.07499694824219 0 3.1772756576538086
      vertex 75 0 2.9977779388427734
      vertex 84.5 0 2.354551315307617
    endloop
  endfacet
  facet normal 0 -1 0
    outer loop
      vertex 45 0 8.915617942810059
      vertex 80 0 12
      vertex 0 0 12
    endloop
  endfacet
  facet normal 0 -1 0
    outer loop
      vertex 80 0 12
      vertex 65 0 8.973353385925293
      vertex 75 0 9.00222110748291
    endloop
  endfacet
  facet normal 0 -1 0
    outer loop
      vertex 80 0 12
      vertex 55 0 8.944485664367676
      vertex 65 0 8.973353385925293
    endloop
  endfacet
  facet normal 0 -1 0
    outer loop
      vertex 80 0 12
      vertex 45 0 8.915617942810059
      vertex 55 0 8.944485664367676
    endloop
  endfacet
  facet normal 0 -1 0
    outer loop
      vertex 0 0 12
      vertex 35 0 8.886751174926758
      vertex 45 0 8.915617942810059
    endloop
  endfacet
  facet normal 0 -1 0
    outer loop
      vertex 0 0 12
      vertex 25 0 8.85788345336914
      vertex 35 0 8.886751174926758
    endloop
  endfacet
  facet normal 0 -1 0
    outer loop
      vertex 0 0 12
      vertex 15 0 8.829015731811523
      vertex 25 0 8.85788345336914
    endloop
  endfacet
  facet normal 0 -1 0
    outer loop
      vertex 0 0 12
      vertex 5 0 8.800148010253906
      vertex 15 0 8.829015731811523
    endloop
  endfacet
  facet normal 0 -1 0
    outer loop
      vertex 0 0 12
      vertex 2.5749998092651367 0 7.400074005126953
      vertex 5 0 8.800148010253906
    endloop
  endfacet
  facet normal 0 -1 0
    outer loop
      vertex 0 0 12
      vertex 2.5749998092651367 0 4.5999250411987305
      vertex 2.5749998092651367 0 7.400074005126953
    endloop
  endfacet
  facet normal 0 -1 0
    outer loop
      vertex 0 0 0
      vertex 15 0 3.17098331451416
      vertex 5 0 3.1998510360717773
    endloop
  endfacet
  facet normal 0 -1 0
    outer loop
      vertex 15 0 3.17098331451416
      vertex 0 0 0
      vertex 25 0 3.142115592956543
    endloop
  endfacet
  facet normal 0 -1 0
    outer loop
      vertex 0 0 0
      vertex 45 0 3.084381103515625
      vertex 35 0 3.113247871398926
    endloop
  endfacet
  facet normal 0 -1 0
    outer loop
      vertex 45 0 3.084381103515625
      vertex 0 0 0
      vertex 55 0 3.055513381958008
    endloop
  endfacet
  facet normal 0 -1 0
    outer loop
      vertex 55 0 3.055513381958008
      vertex 0 0 0
      vertex 65 0 3.0266456604003906
    endloop
  endfacet
  facet normal 0 -1 0
    outer loop
      vertex 65 0 3.0266456604003906
      vertex 84.5 0 2.354551315307617
      vertex 75 0 2.9977779388427734
    endloop
  endfacet
  facet normal 0 -1 0
    outer loop
      vertex 25 0 3.142115592956543
      vertex 0 0 0
      vertex 35 0 3.113247871398926
    endloop
  endfacet
  facet normal 0 -1 0
    outer loop
      vertex 152 0 0
      vertex 93.5 0 2.32568359375
      vertex 84.5 0 2.354551315307617
    endloop
  endfacet
  facet normal 0 -1 0
    outer loop
      vertex 152 0 0
      vertex 111.5 0 2.267949104309082
      vertex 102.5 0 2.296815872192383
    endloop
  endfacet
  facet normal 0 -1 0
    outer loop
      vertex 111.5 0 2.267949104309082
      vertex 152 0 0
      vertex 120.5 0 2.239081382751465
    endloop
  endfacet
  facet normal 0 -1 0
    outer loop
      vertex 120.5 0 2.239081382751465
      vertex 152 0 0
      vertex 129.5 0 2.2102136611938477
    endloop
  endfacet
  facet normal 0 -1 0
    outer loop
      vertex 129.5 0 2.2102136611938477
      vertex 152 0 0
      vertex 138.5 0 2.1813459396362305
    endloop
  endfacet
  facet normal 0 -1 0
    outer loop
      vertex 93.5 0 2.32568359375
      vertex 152 0 0
      vertex 102.5 0 2.296815872192383
    endloop
  endfacet
  facet normal 0 -1 0
    outer loop
      vertex 152 0 0
      vertex 84.5 0 2.354551315307617
      vertex 0 0 0
    endloop
  endfacet
  facet normal 0 -1 0
    outer loop
      vertex 65 0 3.0266456604003906
      vertex 0 0 0
      vertex 84.5 0 2.354551315307617
    endloop
  endfacet
  facet normal 0 -1 0
    outer loop
      vertex 2.5749998092651367 0 4.5999250411987305
      vertex 0 0 0
      vertex 5 0 3.1998510360717773
    endloop
  endfacet
  facet normal 0 -1 0
    outer loop
      vertex 0 0 0
      vertex 2.5749998092651367 0 4.5999250411987305
      vertex 0 0 12
    endloop
  endfacet
  facet normal 0 -1 0
    outer loop
      vertex 77.5999984741211 0 7.501110076904297
      vertex 80 0 12
      vertex 75 0 9.00222110748291
    endloop
  endfacet
  facet normal 0 -1 0
    outer loop
      vertex 80 0 12
      vertex 77.5999984741211 0 7.501110076904297
      vertex 80 0 8
    endloop
  endfacet
  facet normal 0 -1 0
    outer loop
      vertex 77.5999984741211 0 4.498888969421387
      vertex 80 0 8
      vertex 77.5999984741211 0 7.501110076904297
    endloop
  endfacet
  facet normal 0 -1 0
    outer loop
      vertex 138.5 0 5.818653106689453
      vertex 152 0 8
      vertex 80 0 8
    endloop
  endfacet
  facet normal 0 -1 0
    outer loop
      vertex 149.10000610351562 0 4.923760414123535
      vertex 152 0 8
      vertex 147.5 0 5.84752082824707
    endloop
  endfacet
  facet normal 0 -1 0
    outer loop
      vertex 149.10000610351562 0 3.0762386322021484
      vertex 152 0 8
      vertex 149.10000610351562 0 4.923760414123535
    endloop
  endfacet
  facet normal 0 -1 0
    outer loop
      vertex 149.10000610351562 0 3.0762386322021484
      vertex 152 0 0
      vertex 152 0 8
    endloop
  endfacet
  facet normal 0 -1 0
    outer loop
      vertex 147.5 0 2.1524782180786133
      vertex 152 0 0
      vertex 149.10000610351562 0 3.0762386322021484
    endloop
  endfacet
  facet normal 0 -1 0
    outer loop
      vertex 138.5 0 2.1813459396362305
      vertex 152 0 0
      vertex 147.5 0 2.1524782180786133
    endloop
  endfacet
  facet normal 0 -1 0
    outer loop
      vertex 65 0 8.973353385925293
      vertex 72.4000015258789 0 7.501110076904297
      vertex 75 0 9.00222110748291
    endloop
  endfacet
  facet normal 0 -1 0
    outer loop
      vertex 67.57499694824219 0 7.486676216125488
      vertex 72.4000015258789 0 7.501110076904297
      vertex 65 0 8.973353385925293
    endloop
  endfacet
  facet normal 0 -1 0
    outer loop
      vertex 67.57499694824219 0 4.513322830200195
      vertex 72.4000015258789 0 7.501110076904297
      vertex 67.57499694824219 0 7.486676216125488
    endloop
  endfacet
  facet normal 0 -1 0
    outer loop
      vertex 67.57499694824219 0 4.513322830200195
      vertex 72.4000015258789 0 4.498888969421387
      vertex 72.4000015258789 0 7.501110076904297
    endloop
  endfacet
  facet normal 0 -1 0
    outer loop
      vertex 65 0 3.0266456604003906
      vertex 72.4000015258789 0 4.498888969421387
      vertex 67.57499694824219 0 4.513322830200195
    endloop
  endfacet
  facet normal 0 -1 0
    outer loop
      vertex 72.4000015258789 0 4.498888969421387
      vertex 65 0 3.0266456604003906
      vertex 75 0 2.9977779388427734
    endloop
  endfacet
  facet normal 0 -1 0
    outer loop
      vertex 55 0 8.944485664367676
      vertex 62.42499923706055 0 7.486676216125488
      vertex 65 0 8.973353385925293
    endloop
  endfacet
  facet normal 0 -1 0
    outer loop
      vertex 57.54999923706055 0 7.47224235534668
      vertex 62.42499923706055 0 7.486676216125488
      vertex 55 0 8.944485664367676
    endloop
  endfacet
  facet normal 0 -1 0
    outer loop
      vertex 57.54999923706055 0 4.527756690979004
      vertex 62.42499923706055 0 7.486676216125488
      vertex 57.54999923706055 0 7.47224235534668
    endloop
  endfacet
  facet normal 0 -1 0
    outer loop
      vertex 57.54999923706055 0 4.527756690979004
      vertex 62.42499923706055 0 4.513322830200195
      vertex 62.42499923706055 0 7.486676216125488
    endloop
  endfacet
  facet normal 0 -1 0
    outer loop
      vertex 55 0 3.055513381958008
      vertex 62.42499923706055 0 4.513322830200195
      vertex 57.54999923706055 0 4.527756690979004
    endloop
  endfacet
  facet normal 0 -1 0
    outer loop
      vertex 62.42499923706055 0 4.513322830200195
      vertex 55 0 3.055513381958008
      vertex 65 0 3.0266456604003906
    endloop
  endfacet
  facet normal 0 -1 0
    outer loop
      vertex 45 0 8.915617942810059
      vertex 52.45000076293945 0 7.47224235534668
      vertex 55 0 8.944485664367676
    endloop
  endfacet
  facet normal 0 -1 0
    outer loop
      vertex 47.525001525878906 0 7.457808494567871
      vertex 52.45000076293945 0 7.47224235534668
      vertex 45 0 8.915617942810059
    endloop
  endfacet
  facet normal 0 -1 0
    outer loop
      vertex 47.525001525878906 0 4.5421905517578125
      vertex 52.45000076293945 0 7.47224235534668
      vertex 47.525001525878906 0 7.457808494567871
    endloop
  endfacet
  facet normal 0 -1 0
    outer loop
      vertex 47.525001525878906 0 4.5421905517578125
      vertex 52.45000076293945 0 4.527756690979004
      vertex 52.45000076293945 0 7.47224235534668
    endloop
  endfacet
  facet normal 0 -1 0
    outer loop
      vertex 45 0 3.084381103515625
      vertex 52.45000076293945 0 4.527756690979004
      vertex 47.525001525878906 0 4.5421905517578125
    endloop
  endfacet
  facet normal 0 -1 0
    outer loop
      vertex 52.45000076293945 0 4.527756690979004
      vertex 45 0 3.084381103515625
      vertex 55 0 3.055513381958008
    endloop
  endfacet
  facet normal 0 -1 0
    outer loop
      vertex 35 0 8.886751174926758
      vertex 42.474998474121094 0 7.457808494567871
      vertex 45 0 8.915617942810059
    endloop
  endfacet
  facet normal 0 -1 0
    outer loop
      vertex 37.5 0 7.443375587463379
      vertex 42.474998474121094 0 7.457808494567871
      vertex 35 0 8.886751174926758
    endloop
  endfacet
  facet normal 0 -1 0
    outer loop
      vertex 37.5 0 4.556623458862305
      vertex 42.474998474121094 0 7.457808494567871
      vertex 37.5 0 7.443375587463379
    endloop
  endfacet
  facet normal 0 -1 0
    outer loop
      vertex 37.5 0 4.556623458862305
      vertex 42.474998474121094 0 4.5421905517578125
      vertex 42.474998474121094 0 7.457808494567871
    endloop
  endfacet
  facet normal 0 -1 0
    outer loop
      vertex 35 0 3.113247871398926
      vertex 42.474998474121094 0 4.5421905517578125
      vertex 37.5 0 4.556623458862305
    endloop
  endfacet
  facet normal 0 -1 0
    outer loop
      vertex 42.474998474121094 0 4.5421905517578125
      vertex 35 0 3.113247871398926
      vertex 45 0 3.084381103515625
    endloop
  endfacet
  facet normal 0 -1 0
    outer loop
      vertex 25 0 8.85788345336914
      vertex 32.5 0 7.443375587463379
      vertex 35 0 8.886751174926758
    endloop
  endfacet
  facet normal 0 -1 0
    outer loop
      vertex 27.474998474121094 0 7.42894172668457
      vertex 32.5 0 7.443375587463379
      vertex 25 0 8.85788345336914
    endloop
  endfacet
  facet normal 0 -1 0
    outer loop
      vertex 27.474998474121094 0 4.571057319641113
      vertex 32.5 0 7.443375587463379
      vertex 27.474998474121094 0 7.42894172668457
    endloop
  endfacet
  facet normal 0 -1 0
    outer loop
      vertex 27.474998474121094 0 4.571057319641113
      vertex 32.5 0 4.556623458862305
      vertex 32.5 0 7.443375587463379
    endloop
  endfacet
  facet normal 0 -1 0
    outer loop
      vertex 25 0 3.142115592956543
      vertex 32.5 0 4.556623458862305
      vertex 27.474998474121094 0 4.571057319641113
    endloop
  endfacet
  facet normal 0 -1 0
    outer loop
      vertex 32.5 0 4.556623458862305
      vertex 25 0 3.142115592956543
      vertex 35 0 3.113247871398926
    endloop
  endfacet
  facet normal 0 -1 0
    outer loop
      vertex 15 0 8.829015731811523
      vertex 22.524999618530273 0 7.42894172668457
      vertex 25 0 8.85788345336914
    endloop
  endfacet
  facet normal 0 -1 0
    outer loop
      vertex 17.450000762939453 0 7.414507865905762
      vertex 22.524999618530273 0 7.42894172668457
      vertex 15 0 8.829015731811523
    endloop
  endfacet
  facet normal 0 -1 0
    outer loop
      vertex 17.450000762939453 0 4.585491180419922
      vertex 22.524999618530273 0 7.42894172668457
      vertex 17.450000762939453 0 7.414507865905762
    endloop
  endfacet
  facet normal 0 -1 0
    outer loop
      vertex 17.450000762939453 0 4.585491180419922
      vertex 22.524999618530273 0 4.571057319641113
      vertex 22.524999618530273 0 7.42894172668457
    endloop
  endfacet
  facet normal 0 -1 0
    outer loop
      vertex 15 0 3.17098331451416
      vertex 22.524999618530273 0 4.571057319641113
      vertex 17.450000762939453 0 4.585491180419922
    endloop
  endfacet
  facet normal 0 -1 0
    outer loop
      vertex 22.524999618530273 0 4.571057319641113
      vertex 15 0 3.17098331451416
      vertex 25 0 3.142115592956543
    endloop
  endfacet
  facet normal 0 -1 0
    outer loop
      vertex 5 0 8.800148010253906
      vertex 12.549999237060547 0 7.414507865905762
      vertex 15 0 8.829015731811523
    endloop
  endfacet
  facet normal 0 -1 0
    outer loop
      vertex 7.424999237060547 0 7.400074005126953
      vertex 12.549999237060547 0 7.414507865905762
      vertex 5 0 8.800148010253906
    endloop
  endfacet
  facet normal 0 -1 0
    outer loop
      vertex 7.424999237060547 0 4.5999250411987305
      vertex 12.549999237060547 0 7.414507865905762
      vertex 7.424999237060547 0 7.400074005126953
    endloop
  endfacet
  facet normal 0 -1 0
    outer loop
      vertex 7.424999237060547 0 4.5999250411987305
      vertex 12.549999237060547 0 4.585491180419922
      vertex 12.549999237060547 0 7.414507865905762
    endloop
  endfacet
  facet normal 0 -1 0
    outer loop
      vertex 5 0 3.1998510360717773
      vertex 12.549999237060547 0 4.585491180419922
      vertex 7.424999237060547 0 4.5999250411987305
    endloop
  endfacet
  facet normal 0 -1 0
    outer loop
      vertex 12.549999237060547 0 4.585491180419922
      vertex 5 0 3.1998510360717773
      vertex 15 0 3.17098331451416
    endloop
  endfacet
  facet normal 0 -1 0
    outer loop
      vertex 138.5 0 5.818653106689453
      vertex 145.89999389648438 0 4.923760414123535
      vertex 147.5 0 5.84752082824707
    endloop
  endfacet
  facet normal 0 -1 0
    outer loop
      vertex 140.0749969482422 0 4.909326553344727
      vertex 145.89999389648438 0 4.923760414123535
      vertex 138.5 0 5.818653106689453
    endloop
  endfacet
  facet normal 0 -1 0
    outer loop
      vertex 140.0749969482422 0 3.090672492980957
      vertex 145.89999389648438 0 4.923760414123535
      vertex 140.0749969482422 0 4.909326553344727
    endloop
  endfacet
  facet normal 0 -1 0
    outer loop
      vertex 140.0749969482422 0 3.090672492980957
      vertex 145.89999389648438 0 3.0762386322021484
      vertex 145.89999389648438 0 4.923760414123535
    endloop
  endfacet
  facet normal 0 -1 0
    outer loop
      vertex 138.5 0 2.1813459396362305
      vertex 145.89999389648438 0 3.0762386322021484
      vertex 140.0749969482422 0 3.090672492980957
    endloop
  endfacet
  facet normal 0 -1 0
    outer loop
      vertex 145.89999389648438 0 3.0762386322021484
      vertex 138.5 0 2.1813459396362305
      vertex 147.5 0 2.1524782180786133
    endloop
  endfacet
  facet normal 0 -1 0
    outer loop
      vertex 129.5 0 5.789785385131836
      vertex 136.9250030517578 0 4.909326553344727
      vertex 138.5 0 5.818653106689453
    endloop
  endfacet
  facet normal 0 -1 0
    outer loop
      vertex 131.0500030517578 0 4.894892692565918
      vertex 136.9250030517578 0 4.909326553344727
      vertex 129.5 0 5.789785385131836
    endloop
  endfacet
  facet normal 0 -1 0
    outer loop
      vertex 131.0500030517578 0 3.1051063537597656
      vertex 136.9250030517578 0 4.909326553344727
      vertex 131.0500030517578 0 4.894892692565918
    endloop
  endfacet
  facet normal 0 -1 0
    outer loop
      vertex 131.0500030517578 0 3.1051063537597656
      vertex 136.9250030517578 0 3.090672492980957
      vertex 136.9250030517578 0 4.909326553344727
    endloop
  endfacet
  facet normal 0 -1 0
    outer loop
      vertex 129.5 0 2.2102136611938477
      vertex 136.9250030517578 0 3.090672492980957
      vertex 131.0500030517578 0 3.1051063537597656
    endloop
  endfacet
  facet normal 0 -1 0
    outer loop
      vertex 136.9250030517578 0 3.090672492980957
      vertex 129.5 0 2.2102136611938477
      vertex 138.5 0 2.1813459396362305
    endloop
  endfacet
  facet normal 0 -1 0
    outer loop
      vertex 120.5 0 5.760917663574219
      vertex 127.94999694824219 0 4.894892692565918
      vertex 129.5 0 5.789785385131836
    endloop
  endfacet
  facet normal 0 -1 0
    outer loop
      vertex 122.0250015258789 0 4.880458831787109
      vertex 127.94999694824219 0 4.894892692565918
      vertex 120.5 0 5.760917663574219
    endloop
  endfacet
  facet normal 0 -1 0
    outer loop
      vertex 122.0250015258789 0 3.119540214538574
      vertex 127.94999694824219 0 4.894892692565918
      vertex 122.0250015258789 0 4.880458831787109
    endloop
  endfacet
  facet normal 0 -1 0
    outer loop
      vertex 122.0250015258789 0 3.119540214538574
      vertex 127.94999694824219 0 3.1051063537597656
      vertex 127.94999694824219 0 4.894892692565918
    endloop
  endfacet
  facet normal 0 -1 0
    outer loop
      vertex 120.5 0 2.239081382751465
      vertex 127.94999694824219 0 3.1051063537597656
      vertex 122.0250015258789 0 3.119540214538574
    endloop
  endfacet
  facet normal 0 -1 0
    outer loop
      vertex 127.94999694824219 0 3.1051063537597656
      vertex 120.5 0 2.239081382751465
      vertex 129.5 0 2.2102136611938477
    endloop
  endfacet
  facet normal 0 -1 0
    outer loop
      vertex 111.5 0 5.732049942016602
      vertex 118.9749984741211 0 4.880458831787109
      vertex 120.5 0 5.760917663574219
    endloop
  endfacet
  facet normal 0 -1 0
    outer loop
      vertex 113 0 4.866024971008301
      vertex 118.9749984741211 0 4.880458831787109
      vertex 111.5 0 5.732049942016602
    endloop
  endfacet
  facet normal 0 -1 0
    outer loop
      vertex 113 0 3.133974075317383
      vertex 118.9749984741211 0 4.880458831787109
      vertex 113 0 4.866024971008301
    endloop
  endfacet
  facet normal 0 -1 0
    outer loop
      vertex 113 0 3.133974075317383
      vertex 118.9749984741211 0 3.119540214538574
      vertex 118.9749984741211 0 4.880458831787109
    endloop
  endfacet
  facet normal 0 -1 0
    outer loop
      vertex 111.5 0 2.267949104309082
      vertex 118.9749984741211 0 3.119540214538574
      vertex 113 0 3.133974075317383
    endloop
  endfacet
  facet normal 0 -1 0
    outer loop
      vertex 118.9749984741211 0 3.119540214538574
      vertex 111.5 0 2.267949104309082
      vertex 120.5 0 2.239081382751465
    endloop
  endfacet
  facet normal 0 -1 0
    outer loop
      vertex 102.5 0 5.703183174133301
      vertex 110 0 4.866024971008301
      vertex 111.5 0 5.732049942016602
    endloop
  endfacet
  facet normal 0 -1 0
    outer loop
      vertex 103.9749984741211 0 4.851591110229492
      vertex 110 0 4.866024971008301
      vertex 102.5 0 5.703183174133301
    endloop
  endfacet
  facet normal 0 -1 0
    outer loop
      vertex 103.9749984741211 0 3.1484079360961914
      vertex 110 0 4.866024971008301
      vertex 103.9749984741211 0 4.851591110229492
    endloop
  endfacet
  facet normal 0 -1 0
    outer loop
      vertex 103.9749984741211 0 3.1484079360961914
      vertex 110 0 3.133974075317383
      vertex 110 0 4.866024971008301
    endloop
  endfacet
  facet normal 0 -1 0
    outer loop
      vertex 102.5 0 2.296815872192383
      vertex 110 0 3.133974075317383
      vertex 103.9749984741211 0 3.1484079360961914
    endloop
  endfacet
  facet normal 0 -1 0
    outer loop
      vertex 110 0 3.133974075317383
      vertex 102.5 0 2.296815872192383
      vertex 111.5 0 2.267949104309082
    endloop
  endfacet
  facet normal 0 -1 0
    outer loop
      vertex 93.5 0 5.674315452575684
      vertex 101.0250015258789 0 4.851591110229492
      vertex 102.5 0 5.703183174133301
    endloop
  endfacet
  facet normal 0 -1 0
    outer loop
      vertex 94.94999694824219 0 4.837157249450684
      vertex 101.0250015258789 0 4.851591110229492
      vertex 93.5 0 5.674315452575684
    endloop
  endfacet
  facet normal 0 -1 0
    outer loop
      vertex 94.94999694824219 0 3.162841796875
      vertex 101.0250015258789 0 4.851591110229492
      vertex 94.94999694824219 0 4.837157249450684
    endloop
  endfacet
  facet normal 0 -1 0
    outer loop
      vertex 94.94999694824219 0 3.162841796875
      vertex 101.0250015258789 0 3.1484079360961914
      vertex 101.0250015258789 0 4.851591110229492
    endloop
  endfacet
  facet normal 0 -1 0
    outer loop
      vertex 93.5 0 2.32568359375
      vertex 101.0250015258789 0 3.1484079360961914
      vertex 94.94999694824219 0 3.162841796875
    endloop
  endfacet
  facet normal 0 -1 0
    outer loop
      vertex 101.0250015258789 0 3.1484079360961914
      vertex 93.5 0 2.32568359375
      vertex 102.5 0 2.296815872192383
    endloop
  endfacet
  facet normal 0 -1 0
    outer loop
      vertex 84.5 0 5.645447731018066
      vertex 92.05000305175781 0 4.837157249450684
      vertex 93.5 0 5.674315452575684
    endloop
  endfacet
  facet normal 0 -1 0
    outer loop
      vertex 85.92500305175781 0 4.822723388671875
      vertex 92.05000305175781 0 4.837157249450684
      vertex 84.5 0 5.645447731018066
    endloop
  endfacet
  facet normal 0 -1 0
    outer loop
      vertex 85.92500305175781 0 3.1772756576538086
      vertex 92.05000305175781 0 4.837157249450684
      vertex 85.92500305175781 0 4.822723388671875
    endloop
  endfacet
  facet normal 0 -1 0
    outer loop
      vertex 85.92500305175781 0 3.1772756576538086
      vertex 92.05000305175781 0 3.162841796875
      vertex 92.05000305175781 0 4.837157249450684
    endloop
  endfacet
  facet normal 0 -1 0
    outer loop
      vertex 84.5 0 2.354551315307617
      vertex 92.05000305175781 0 3.162841796875
      vertex 85.92500305175781 0 3.1772756576538086
    endloop
  endfacet
  facet normal 0 -1 0
    outer loop
      vertex 92.05000305175781 0 3.162841796875
      vertex 84.5 0 2.354551315307617
      vertex 93.5 0 2.32568359375
    endloop
  endfacet
  facet normal -0.49999929205614174 0 -0.8660258125156299
    outer loop
      vertex 84.5 0 5.645447731018066
      vertex 85.92500305175781 6 4.822723388671875
      vertex 85.92500305175781 0 4.822723388671875
    endloop
  endfacet
  facet normal -0.49999929205614174 0 -0.8660258125156299
    outer loop
      vertex 85.92500305175781 6 4.822723388671875
      vertex 84.5 0 5.645447731018066
      vertex 84.5 6 5.645447731018066
    endloop
  endfacet
  facet normal 0.49999929205614174 0 0.8660258125156299
    outer loop
      vertex 83.07499694824219 6 3.1772756576538086
      vertex 84.5 0 2.354551315307617
      vertex 84.5 6 2.354551315307617
    endloop
  endfacet
  facet normal 0.49999929205614174 0 0.8660258125156299
    outer loop
      vertex 84.5 0 2.354551315307617
      vertex 83.07499694824219 6 3.1772756576538086
      vertex 83.07499694824219 0 3.1772756576538086
    endloop
  endfacet
  facet normal 1 0 0
    outer loop
      vertex 83.07499694824219 0 4.822723388671875
      vertex 83.07499694824219 6 3.1772756576538086
      vertex 83.07499694824219 6 4.822723388671875
    endloop
  endfacet
  facet normal 1 0 0
    outer loop
      vertex 83.07499694824219 6 3.1772756576538086
      vertex 83.07499694824219 0 4.822723388671875
      vertex 83.07499694824219 0 3.1772756576538086
    endloop
  endfacet
  facet normal 0.49999929205614174 0 -0.8660258125156299
    outer loop
      vertex 83.07499694824219 0 4.822723388671875
      vertex 84.5 6 5.645447731018066
      vertex 84.5 0 5.645447731018066
    endloop
  endfacet
  facet normal 0.49999929205614174 0 -0.8660258125156299
    outer loop
      vertex 84.5 6 5.645447731018066
      vertex 83.07499694824219 0 4.822723388671875
      vertex 83.07499694824219 6 4.822723388671875
    endloop
  endfacet
  facet normal -1 0 0
    outer loop
      vertex 85.92500305175781 0 3.1772756576538086
      vertex 85.92500305175781 6 4.822723388671875
      vertex 85.92500305175781 6 3.1772756576538086
    endloop
  endfacet
  facet normal -1 0 0
    outer loop
      vertex 85.92500305175781 6 4.822723388671875
      vertex 85.92500305175781 0 3.1772756576538086
      vertex 85.92500305175781 0 4.822723388671875
    endloop
  endfacet
  facet normal -0.49999929205614174 0 0.8660258125156299
    outer loop
      vertex 84.5 6 2.354551315307617
      vertex 85.92500305175781 0 3.1772756576538086
      vertex 85.92500305175781 6 3.1772756576538086
    endloop
  endfacet
  facet normal -0.49999929205614174 0 0.8660258125156299
    outer loop
      vertex 85.92500305175781 0 3.1772756576538086
      vertex 84.5 6 2.354551315307617
      vertex 84.5 0 2.354551315307617
    endloop
  endfacet
  facet normal 0 -1 0
    outer loop
      vertex 81.44999694824219 1.7499990463256836 7.5
      vertex 82.80000305175781 1.7499990463256836 8
      vertex 81.44999694824219 1.7499990463256836 8
    endloop
  endfacet
  facet normal 0 -1 0
    outer loop
      vertex 82.80000305175781 1.7499990463256836 8
      vertex 81.44999694824219 1.7499990463256836 7.5
      vertex 82.80000305175781 1.7499990463256836 7.5
    endloop
  endfacet
  facet normal -1 0 0
    outer loop
      vertex 81.44999694824219 1.7499990463256836 7.5
      vertex 81.44999694824219 2.674999237060547 8
      vertex 81.44999694824219 2.674999237060547 7.5
    endloop
  endfacet
  facet normal -1 0 0
    outer loop
      vertex 81.44999694824219 2.674999237060547 8
      vertex 81.44999694824219 1.7499990463256836 7.5
      vertex 81.44999694824219 1.7499990463256836 8
    endloop
  endfacet
  facet normal 0 1 0
    outer loop
      vertex 82.80000305175781 2.674999237060547 7.5
      vertex 81.44999694824219 2.674999237060547 8
      vertex 82.80000305175781 2.674999237060547 8
    endloop
  endfacet
  facet normal 0 1 0
    outer loop
      vertex 81.44999694824219 2.674999237060547 8
      vertex 82.80000305175781 2.674999237060547 7.5
      vertex 81.44999694824219 2.674999237060547 7.5
    endloop
  endfacet
  facet normal -1 0 0
    outer loop
      vertex 82.80000305175781 2.674999237060547 7.5
      vertex 82.80000305175781 4.899999618530273 8
      vertex 82.80000305175781 4.899999618530273 7.5
    endloop
  endfacet
  facet normal -1 0 0
    outer loop
      vertex 82.80000305175781 4.899999618530273 8
      vertex 82.80000305175781 2.674999237060547 7.5
      vertex 82.80000305175781 2.674999237060547 8
    endloop
  endfacet
  facet normal 0 -1 0
    outer loop
      vertex 80.80000305175781 4.899999618530273 7.5
      vertex 82.80000305175781 4.899999618530273 8
      vertex 80.80000305175781 4.899999618530273 8
    endloop
  endfacet
  facet normal 0 -1 0
    outer loop
      vertex 82.80000305175781 4.899999618530273 8
      vertex 80.80000305175781 4.899999618530273 7.5
      vertex 82.80000305175781 4.899999618530273 7.5
    endloop
  endfacet
  facet normal 1 0 0
    outer loop
      vertex 80.80000305175781 4.249999046325684 8
      vertex 80.80000305175781 4.899999618530273 7.5
      vertex 80.80000305175781 4.899999618530273 8
    endloop
  endfacet
  facet normal 1 0 0
    outer loop
      vertex 80.80000305175781 4.899999618530273 7.5
      vertex 80.80000305175781 4.249999046325684 8
      vertex 80.80000305175781 4.249999046325684 7.5
    endloop
  endfacet
  facet normal 0 1 0
    outer loop
      vertex 82.1500015258789 4.249999046325684 7.5
      vertex 80.80000305175781 4.249999046325684 8
      vertex 82.1500015258789 4.249999046325684 8
    endloop
  endfacet
  facet normal 0 1 0
    outer loop
      vertex 80.80000305175781 4.249999046325684 8
      vertex 82.1500015258789 4.249999046325684 7.5
      vertex 80.80000305175781 4.249999046325684 7.5
    endloop
  endfacet
  facet normal 1 0 0
    outer loop
      vertex 82.1500015258789 3.3249998092651367 8
      vertex 82.1500015258789 4.249999046325684 7.5
      vertex 82.1500015258789 4.249999046325684 8
    endloop
  endfacet
  facet normal 1 0 0
    outer loop
      vertex 82.1500015258789 4.249999046325684 7.5
      vertex 82.1500015258789 3.3249998092651367 8
      vertex 82.1500015258789 3.3249998092651367 7.5
    endloop
  endfacet
  facet normal 0 -1 0
    outer loop
      vertex 80.80000305175781 3.3249998092651367 7.5
      vertex 82.1500015258789 3.3249998092651367 8
      vertex 80.80000305175781 3.3249998092651367 8
    endloop
  endfacet
  facet normal 0 -1 0
    outer loop
      vertex 82.1500015258789 3.3249998092651367 8
      vertex 80.80000305175781 3.3249998092651367 7.5
      vertex 82.1500015258789 3.3249998092651367 7.5
    endloop
  endfacet
  facet normal 1 0 0
    outer loop
      vertex 80.80000305175781 1.0999994277954102 8
      vertex 80.80000305175781 3.3249998092651367 7.5
      vertex 80.80000305175781 3.3249998092651367 8
    endloop
  endfacet
  facet normal 1 0 0
    outer loop
      vertex 80.80000305175781 3.3249998092651367 7.5
      vertex 80.80000305175781 1.0999994277954102 8
      vertex 80.80000305175781 1.0999994277954102 7.5
    endloop
  endfacet
  facet normal 0 1 0
    outer loop
      vertex 82.80000305175781 1.0999994277954102 7.5
      vertex 80.80000305175781 1.0999994277954102 8
      vertex 82.80000305175781 1.0999994277954102 8
    endloop
  endfacet
  facet normal 0 1 0
    outer loop
      vertex 80.80000305175781 1.0999994277954102 8
      vertex 82.80000305175781 1.0999994277954102 7.5
      vertex 80.80000305175781 1.0999994277954102 7.5
    endloop
  endfacet
  facet normal -1 0 0
    outer loop
      vertex 82.80000305175781 1.0999994277954102 7.5
      vertex 82.80000305175781 1.7499990463256836 8
      vertex 82.80000305175781 1.7499990463256836 7.5
    endloop
  endfacet
  facet normal -1 0 0
    outer loop
      vertex 82.80000305175781 1.7499990463256836 8
      vertex 82.80000305175781 1.0999994277954102 7.5
      vertex 82.80000305175781 1.0999994277954102 8
    endloop
  endfacet
  facet normal 0 -1 0
    outer loop
      vertex 83.5 4.899999618530273 7.5
      vertex 85.5 4.899999618530273 8
      vertex 83.5 4.899999618530273 8
    endloop
  endfacet
  facet normal 0 -1 0
    outer loop
      vertex 85.5 4.899999618530273 8
      vertex 83.5 4.899999618530273 7.5
      vertex 85.5 4.899999618530273 7.5
    endloop
  endfacet
  facet normal 1 0 0
    outer loop
      vertex 83.5 1.0999994277954102 8
      vertex 83.5 4.899999618530273 7.5
      vertex 83.5 4.899999618530273 8
    endloop
  endfacet
  facet normal 1 0 0
    outer loop
      vertex 83.5 4.899999618530273 7.5
      vertex 83.5 1.0999994277954102 8
      vertex 83.5 1.0999994277954102 7.5
    endloop
  endfacet
  facet normal 0 1 0
    outer loop
      vertex 85.5 1.0999994277954102 7.5
      vertex 83.5 1.0999994277954102 8
      vertex 85.5 1.0999994277954102 8
    endloop
  endfacet
  facet normal 0 1 0
    outer loop
      vertex 83.5 1.0999994277954102 8
      vertex 85.5 1.0999994277954102 7.5
      vertex 83.5 1.0999994277954102 7.5
    endloop
  endfacet
  facet normal -1 0 0
    outer loop
      vertex 85.5 1.0999994277954102 7.5
      vertex 85.5 4.899999618530273 8
      vertex 85.5 4.899999618530273 7.5
    endloop
  endfacet
  facet normal -1 0 0
    outer loop
      vertex 85.5 4.899999618530273 8
      vertex 85.5 1.0999994277954102 7.5
      vertex 85.5 1.0999994277954102 8
    endloop
  endfacet
  facet normal 0 1 0
    outer loop
      vertex 84.8499984741211 4.249999046325684 7.5
      vertex 84.1500015258789 4.249999046325684 8
      vertex 84.8499984741211 4.249999046325684 8
    endloop
  endfacet
  facet normal 0 1 0
    outer loop
      vertex 84.1500015258789 4.249999046325684 8
      vertex 84.8499984741211 4.249999046325684 7.5
      vertex 84.1500015258789 4.249999046325684 7.5
    endloop
  endfacet
  facet normal 1 0 0
    outer loop
      vertex 84.8499984741211 3.3249998092651367 8
      vertex 84.8499984741211 4.249999046325684 7.5
      vertex 84.8499984741211 4.249999046325684 8
    endloop
  endfacet
  facet normal 1 0 0
    outer loop
      vertex 84.8499984741211 4.249999046325684 7.5
      vertex 84.8499984741211 3.3249998092651367 8
      vertex 84.8499984741211 3.3249998092651367 7.5
    endloop
  endfacet
  facet normal 0 -1 0
    outer loop
      vertex 84.1500015258789 3.3249998092651367 7.5
      vertex 84.8499984741211 3.3249998092651367 8
      vertex 84.1500015258789 3.3249998092651367 8
    endloop
  endfacet
  facet normal 0 -1 0
    outer loop
      vertex 84.8499984741211 3.3249998092651367 8
      vertex 84.1500015258789 3.3249998092651367 7.5
      vertex 84.8499984741211 3.3249998092651367 7.5
    endloop
  endfacet
  facet normal -1 0 0
    outer loop
      vertex 84.1500015258789 3.3249998092651367 7.5
      vertex 84.1500015258789 4.249999046325684 8
      vertex 84.1500015258789 4.249999046325684 7.5
    endloop
  endfacet
  facet normal -1 0 0
    outer loop
      vertex 84.1500015258789 4.249999046325684 8
      vertex 84.1500015258789 3.3249998092651367 7.5
      vertex 84.1500015258789 3.3249998092651367 8
    endloop
  endfacet
  facet normal 0 1 0
    outer loop
      vertex 84.8499984741211 2.674999237060547 7.5
      vertex 84.1500015258789 2.674999237060547 8
      vertex 84.8499984741211 2.674999237060547 8
    endloop
  endfacet
  facet normal 0 1 0
    outer loop
      vertex 84.1500015258789 2.674999237060547 8
      vertex 84.8499984741211 2.674999237060547 7.5
      vertex 84.1500015258789 2.674999237060547 7.5
    endloop
  endfacet
  facet normal 1 0 0
    outer loop
      vertex 84.8499984741211 1.7499990463256836 8
      vertex 84.8499984741211 2.674999237060547 7.5
      vertex 84.8499984741211 2.674999237060547 8
    endloop
  endfacet
  facet normal 1 0 0
    outer loop
      vertex 84.8499984741211 2.674999237060547 7.5
      vertex 84.8499984741211 1.7499990463256836 8
      vertex 84.8499984741211 1.7499990463256836 7.5
    endloop
  endfacet
  facet normal 0 -1 0
    outer loop
      vertex 84.1500015258789 1.7499990463256836 7.5
      vertex 84.8499984741211 1.7499990463256836 8
      vertex 84.1500015258789 1.7499990463256836 8
    endloop
  endfacet
  facet normal 0 -1 0
    outer loop
      vertex 84.8499984741211 1.7499990463256836 8
      vertex 84.1500015258789 1.7499990463256836 7.5
      vertex 84.8499984741211 1.7499990463256836 7.5
    endloop
  endfacet
  facet normal -1 0 0
    outer loop
      vertex 84.1500015258789 1.7499990463256836 7.5
      vertex 84.1500015258789 2.674999237060547 8
      vertex 84.1500015258789 2.674999237060547 7.5
    endloop
  endfacet
  facet normal -1 0 0
    outer loop
      vertex 84.1500015258789 2.674999237060547 8
      vertex 84.1500015258789 1.7499990463256836 7.5
      vertex 84.1500015258789 1.7499990463256836 8
    endloop
  endfacet
  facet normal 0 -1 0
    outer loop
      vertex 86.8499984741211 3.3249998092651367 7.5
      vertex 88.19999694824219 3.3249998092651367 8
      vertex 86.8499984741211 3.3249998092651367 8
    endloop
  endfacet
  facet normal 0 -1 0
    outer loop
      vertex 88.19999694824219 3.3249998092651367 8
      vertex 86.8499984741211 3.3249998092651367 7.5
      vertex 88.19999694824219 3.3249998092651367 7.5
    endloop
  endfacet
  facet normal -1 0 0
    outer loop
      vertex 86.8499984741211 3.3249998092651367 7.5
      vertex 86.8499984741211 4.249999046325684 8
      vertex 86.8499984741211 4.249999046325684 7.5
    endloop
  endfacet
  facet normal -1 0 0
    outer loop
      vertex 86.8499984741211 4.249999046325684 8
      vertex 86.8499984741211 3.3249998092651367 7.5
      vertex 86.8499984741211 3.3249998092651367 8
    endloop
  endfacet
  facet normal 0 1 0
    outer loop
      vertex 88.19999694824219 4.249999046325684 7.5
      vertex 86.8499984741211 4.249999046325684 8
      vertex 88.19999694824219 4.249999046325684 8
    endloop
  endfacet
  facet normal 0 1 0
    outer loop
      vertex 86.8499984741211 4.249999046325684 8
      vertex 88.19999694824219 4.249999046325684 7.5
      vertex 86.8499984741211 4.249999046325684 7.5
    endloop
  endfacet
  facet normal -1 0 0
    outer loop
      vertex 88.19999694824219 4.249999046325684 7.5
      vertex 88.19999694824219 4.899999618530273 8
      vertex 88.19999694824219 4.899999618530273 7.5
    endloop
  endfacet
  facet normal -1 0 0
    outer loop
      vertex 88.19999694824219 4.899999618530273 8
      vertex 88.19999694824219 4.249999046325684 7.5
      vertex 88.19999694824219 4.249999046325684 8
    endloop
  endfacet
  facet normal 0 -1 0
    outer loop
      vertex 86.19999694824219 4.899999618530273 7.5
      vertex 88.19999694824219 4.899999618530273 8
      vertex 86.19999694824219 4.899999618530273 8
    endloop
  endfacet
  facet normal 0 -1 0
    outer loop
      vertex 88.19999694824219 4.899999618530273 8
      vertex 86.19999694824219 4.899999618530273 7.5
      vertex 88.19999694824219 4.899999618530273 7.5
    endloop
  endfacet
  facet normal 1 0 0
    outer loop
      vertex 86.19999694824219 2.674999237060547 8
      vertex 86.19999694824219 4.899999618530273 7.5
      vertex 86.19999694824219 4.899999618530273 8
    endloop
  endfacet
  facet normal 1 0 0
    outer loop
      vertex 86.19999694824219 4.899999618530273 7.5
      vertex 86.19999694824219 2.674999237060547 8
      vertex 86.19999694824219 2.674999237060547 7.5
    endloop
  endfacet
  facet normal 0 1 0
    outer loop
      vertex 87.55000305175781 2.674999237060547 7.5
      vertex 86.19999694824219 2.674999237060547 8
      vertex 87.55000305175781 2.674999237060547 8
    endloop
  endfacet
  facet normal 0 1 0
    outer loop
      vertex 86.19999694824219 2.674999237060547 8
      vertex 87.55000305175781 2.674999237060547 7.5
      vertex 86.19999694824219 2.674999237060547 7.5
    endloop
  endfacet
  facet normal 1 0 0
    outer loop
      vertex 87.55000305175781 1.7499990463256836 8
      vertex 87.55000305175781 2.674999237060547 7.5
      vertex 87.55000305175781 2.674999237060547 8
    endloop
  endfacet
  facet normal 1 0 0
    outer loop
      vertex 87.55000305175781 2.674999237060547 7.5
      vertex 87.55000305175781 1.7499990463256836 8
      vertex 87.55000305175781 1.7499990463256836 7.5
    endloop
  endfacet
  facet normal 0 -1 0
    outer loop
      vertex 86.19999694824219 1.7499990463256836 7.5
      vertex 87.55000305175781 1.7499990463256836 8
      vertex 86.19999694824219 1.7499990463256836 8
    endloop
  endfacet
  facet normal 0 -1 0
    outer loop
      vertex 87.55000305175781 1.7499990463256836 8
      vertex 86.19999694824219 1.7499990463256836 7.5
      vertex 87.55000305175781 1.7499990463256836 7.5
    endloop
  endfacet
  facet normal 1 0 0
    outer loop
      vertex 86.19999694824219 1.0999994277954102 8
      vertex 86.19999694824219 1.7499990463256836 7.5
      vertex 86.19999694824219 1.7499990463256836 8
    endloop
  endfacet
  facet normal 1 0 0
    outer loop
      vertex 86.19999694824219 1.7499990463256836 7.5
      vertex 86.19999694824219 1.0999994277954102 8
      vertex 86.19999694824219 1.0999994277954102 7.5
    endloop
  endfacet
  facet normal 0 1 0
    outer loop
      vertex 88.19999694824219 1.0999994277954102 7.5
      vertex 86.19999694824219 1.0999994277954102 8
      vertex 88.19999694824219 1.0999994277954102 8
    endloop
  endfacet
  facet normal 0 1 0
    outer loop
      vertex 86.19999694824219 1.0999994277954102 8
      vertex 88.19999694824219 1.0999994277954102 7.5
      vertex 86.19999694824219 1.0999994277954102 7.5
    endloop
  endfacet
  facet normal -1 0 0
    outer loop
      vertex 88.19999694824219 1.0999994277954102 7.5
      vertex 88.19999694824219 3.3249998092651367 8
      vertex 88.19999694824219 3.3249998092651367 7.5
    endloop
  endfacet
  facet normal -1 0 0
    outer loop
      vertex 88.19999694824219 3.3249998092651367 8
      vertex 88.19999694824219 1.0999994277954102 7.5
      vertex 88.19999694824219 1.0999994277954102 8
    endloop
  endfacet
  facet normal 0 0 1
    outer loop
      vertex 82.80000305175781 4.899999618530273 7.5
      vertex 82.1500015258789 4.249999046325684 7.5
      vertex 82.80000305175781 2.674999237060547 7.5
    endloop
  endfacet
  facet normal 0 0 1
    outer loop
      vertex 80.80000305175781 4.899999618530273 7.5
      vertex 82.1500015258789 4.249999046325684 7.5
      vertex 82.80000305175781 4.899999618530273 7.5
    endloop
  endfacet
  facet normal 0 0 1
    outer loop
      vertex 82.1500015258789 4.249999046325684 7.5
      vertex 80.80000305175781 4.899999618530273 7.5
      vertex 80.80000305175781 4.249999046325684 7.5
    endloop
  endfacet
  facet normal 0 0 1
    outer loop
      vertex 82.1500015258789 3.3249998092651367 7.5
      vertex 82.80000305175781 2.674999237060547 7.5
      vertex 82.1500015258789 4.249999046325684 7.5
    endloop
  endfacet
  facet normal 0 0 1
    outer loop
      vertex 82.1500015258789 3.3249998092651367 7.5
      vertex 81.44999694824219 2.674999237060547 7.5
      vertex 82.80000305175781 2.674999237060547 7.5
    endloop
  endfacet
  facet normal 0 0 1
    outer loop
      vertex 81.44999694824219 2.674999237060547 7.5
      vertex 80.80000305175781 3.3249998092651367 7.5
      vertex 81.44999694824219 1.7499990463256836 7.5
    endloop
  endfacet
  facet normal 0 0 1
    outer loop
      vertex 80.80000305175781 3.3249998092651367 7.5
      vertex 81.44999694824219 2.674999237060547 7.5
      vertex 82.1500015258789 3.3249998092651367 7.5
    endloop
  endfacet
  facet normal 0 0 1
    outer loop
      vertex 81.44999694824219 1.7499990463256836 7.5
      vertex 82.80000305175781 1.0999994277954102 7.5
      vertex 82.80000305175781 1.7499990463256836 7.5
    endloop
  endfacet
  facet normal 0 0 1
    outer loop
      vertex 81.44999694824219 1.7499990463256836 7.5
      vertex 80.80000305175781 1.0999994277954102 7.5
      vertex 82.80000305175781 1.0999994277954102 7.5
    endloop
  endfacet
  facet normal 0 0 1
    outer loop
      vertex 80.80000305175781 1.0999994277954102 7.5
      vertex 81.44999694824219 1.7499990463256836 7.5
      vertex 80.80000305175781 3.3249998092651367 7.5
    endloop
  endfacet
  facet normal 0 0 1
    outer loop
      vertex 84.1500015258789 3.3249998092651367 7.5
      vertex 84.8499984741211 2.674999237060547 7.5
      vertex 84.8499984741211 3.3249998092651367 7.5
    endloop
  endfacet
  facet normal 0 0 1
    outer loop
      vertex 84.8499984741211 2.674999237060547 7.5
      vertex 84.1500015258789 3.3249998092651367 7.5
      vertex 84.1500015258789 2.674999237060547 7.5
    endloop
  endfacet
  facet normal 0 0 1
    outer loop
      vertex 84.8499984741211 3.3249998092651367 7.5
      vertex 85.5 4.899999618530273 7.5
      vertex 84.8499984741211 4.249999046325684 7.5
    endloop
  endfacet
  facet normal 0 0 1
    outer loop
      vertex 85.5 4.899999618530273 7.5
      vertex 84.1500015258789 4.249999046325684 7.5
      vertex 84.8499984741211 4.249999046325684 7.5
    endloop
  endfacet
  facet normal 0 0 1
    outer loop
      vertex 83.5 4.899999618530273 7.5
      vertex 84.1500015258789 3.3249998092651367 7.5
      vertex 84.1500015258789 4.249999046325684 7.5
    endloop
  endfacet
  facet normal 0 0 1
    outer loop
      vertex 84.1500015258789 3.3249998092651367 7.5
      vertex 83.5 4.899999618530273 7.5
      vertex 84.1500015258789 2.674999237060547 7.5
    endloop
  endfacet
  facet normal 0 0 1
    outer loop
      vertex 83.5 1.0999994277954102 7.5
      vertex 84.1500015258789 2.674999237060547 7.5
      vertex 83.5 4.899999618530273 7.5
    endloop
  endfacet
  facet normal 0 0 1
    outer loop
      vertex 83.5 4.899999618530273 7.5
      vertex 84.1500015258789 4.249999046325684 7.5
      vertex 85.5 4.899999618530273 7.5
    endloop
  endfacet
  facet normal 0 0 1
    outer loop
      vertex 85.5 4.899999618530273 7.5
      vertex 84.8499984741211 3.3249998092651367 7.5
      vertex 85.5 1.0999994277954102 7.5
    endloop
  endfacet
  facet normal 0 0 1
    outer loop
      vertex 84.8499984741211 2.674999237060547 7.5
      vertex 85.5 1.0999994277954102 7.5
      vertex 84.8499984741211 3.3249998092651367 7.5
    endloop
  endfacet
  facet normal 0 0 1
    outer loop
      vertex 84.8499984741211 1.7499990463256836 7.5
      vertex 85.5 1.0999994277954102 7.5
      vertex 84.8499984741211 2.674999237060547 7.5
    endloop
  endfacet
  facet normal 0 0 1
    outer loop
      vertex 84.1500015258789 1.7499990463256836 7.5
      vertex 85.5 1.0999994277954102 7.5
      vertex 84.8499984741211 1.7499990463256836 7.5
    endloop
  endfacet
  facet normal 0 0 1
    outer loop
      vertex 84.1500015258789 1.7499990463256836 7.5
      vertex 83.5 1.0999994277954102 7.5
      vertex 85.5 1.0999994277954102 7.5
    endloop
  endfacet
  facet normal 0 0 1
    outer loop
      vertex 84.1500015258789 2.674999237060547 7.5
      vertex 83.5 1.0999994277954102 7.5
      vertex 84.1500015258789 1.7499990463256836 7.5
    endloop
  endfacet
  facet normal 0 0 1
    outer loop
      vertex 88.19999694824219 4.899999618530273 7.5
      vertex 86.8499984741211 4.249999046325684 7.5
      vertex 88.19999694824219 4.249999046325684 7.5
    endloop
  endfacet
  facet normal 0 0 1
    outer loop
      vertex 86.8499984741211 4.249999046325684 7.5
      vertex 86.19999694824219 4.899999618530273 7.5
      vertex 86.8499984741211 3.3249998092651367 7.5
    endloop
  endfacet
  facet normal 0 0 1
    outer loop
      vertex 86.19999694824219 4.899999618530273 7.5
      vertex 86.8499984741211 4.249999046325684 7.5
      vertex 88.19999694824219 4.899999618530273 7.5
    endloop
  endfacet
  facet normal 0 0 1
    outer loop
      vertex 88.19999694824219 3.3249998092651367 7.5
      vertex 87.55000305175781 2.674999237060547 7.5
      vertex 88.19999694824219 1.0999994277954102 7.5
    endloop
  endfacet
  facet normal 0 0 1
    outer loop
      vertex 86.8499984741211 3.3249998092651367 7.5
      vertex 87.55000305175781 2.674999237060547 7.5
      vertex 88.19999694824219 3.3249998092651367 7.5
    endloop
  endfacet
  facet normal 0 0 1
    outer loop
      vertex 86.8499984741211 3.3249998092651367 7.5
      vertex 86.19999694824219 2.674999237060547 7.5
      vertex 87.55000305175781 2.674999237060547 7.5
    endloop
  endfacet
  facet normal 0 0 1
    outer loop
      vertex 86.19999694824219 2.674999237060547 7.5
      vertex 86.8499984741211 3.3249998092651367 7.5
      vertex 86.19999694824219 4.899999618530273 7.5
    endloop
  endfacet
  facet normal 0 0 1
    outer loop
      vertex 87.55000305175781 1.7499990463256836 7.5
      vertex 88.19999694824219 1.0999994277954102 7.5
      vertex 87.55000305175781 2.674999237060547 7.5
    endloop
  endfacet
  facet normal 0 0 1
    outer loop
      vertex 86.19999694824219 1.0999994277954102 7.5
      vertex 87.55000305175781 1.7499990463256836 7.5
      vertex 86.19999694824219 1.7499990463256836 7.5
    endloop
  endfacet
  facet normal 0 0 1
    outer loop
      vertex 87.55000305175781 1.7499990463256836 7.5
      vertex 86.19999694824219 1.0999994277954102 7.5
      vertex 88.19999694824219 1.0999994277954102 7.5
    endloop
  endfacet
  facet normal -0.5000009293657592 0 -0.8660248672142025
    outer loop
      vertex 93.5 0 5.674315452575684
      vertex 94.94999694824219 6 4.837157249450684
      vertex 94.94999694824219 0 4.837157249450684
    endloop
  endfacet
  facet normal -0.5000009293657592 0 -0.8660248672142025
    outer loop
      vertex 94.94999694824219 6 4.837157249450684
      vertex 93.5 0 5.674315452575684
      vertex 93.5 6 5.674315452575684
    endloop
  endfacet
  facet normal 0.5000009293657592 0 0.8660248672142025
    outer loop
      vertex 92.05000305175781 6 3.162841796875
      vertex 93.5 0 2.32568359375
      vertex 93.5 6 2.32568359375
    endloop
  endfacet
  facet normal 0.5000009293657592 0 0.8660248672142025
    outer loop
      vertex 93.5 0 2.32568359375
      vertex 92.05000305175781 6 3.162841796875
      vertex 92.05000305175781 0 3.162841796875
    endloop
  endfacet
  facet normal 1 0 0
    outer loop
      vertex 92.05000305175781 0 4.837157249450684
      vertex 92.05000305175781 6 3.162841796875
      vertex 92.05000305175781 6 4.837157249450684
    endloop
  endfacet
  facet normal 1 0 0
    outer loop
      vertex 92.05000305175781 6 3.162841796875
      vertex 92.05000305175781 0 4.837157249450684
      vertex 92.05000305175781 0 3.162841796875
    endloop
  endfacet
  facet normal 0.5000009293657592 0 -0.8660248672142025
    outer loop
      vertex 92.05000305175781 0 4.837157249450684
      vertex 93.5 6 5.674315452575684
      vertex 93.5 0 5.674315452575684
    endloop
  endfacet
  facet normal 0.5000009293657592 0 -0.8660248672142025
    outer loop
      vertex 93.5 6 5.674315452575684
      vertex 92.05000305175781 0 4.837157249450684
      vertex 92.05000305175781 6 4.837157249450684
    endloop
  endfacet
  facet normal -0.5000009293657592 0 0.8660248672142025
    outer loop
      vertex 93.5 6 2.32568359375
      vertex 94.94999694824219 0 3.162841796875
      vertex 94.94999694824219 6 3.162841796875
    endloop
  endfacet
  facet normal -0.5000009293657592 0 0.8660248672142025
    outer loop
      vertex 94.94999694824219 0 3.162841796875
      vertex 93.5 6 2.32568359375
      vertex 93.5 0 2.32568359375
    endloop
  endfacet
  facet normal -1 0 0
    outer loop
      vertex 94.94999694824219 0 3.162841796875
      vertex 94.94999694824219 6 4.837157249450684
      vertex 94.94999694824219 6 3.162841796875
    endloop
  endfacet
  facet normal -1 0 0
    outer loop
      vertex 94.94999694824219 6 4.837157249450684
      vertex 94.94999694824219 0 3.162841796875
      vertex 94.94999694824219 0 4.837157249450684
    endloop
  endfacet
  facet normal 0 -1 0
    outer loop
      vertex 90.44999694824219 1.7499990463256836 7.5
      vertex 91.80000305175781 1.7499990463256836 8
      vertex 90.44999694824219 1.7499990463256836 8
    endloop
  endfacet
  facet normal 0 -1 0
    outer loop
      vertex 91.80000305175781 1.7499990463256836 8
      vertex 90.44999694824219 1.7499990463256836 7.5
      vertex 91.80000305175781 1.7499990463256836 7.5
    endloop
  endfacet
  facet normal -1 0 0
    outer loop
      vertex 90.44999694824219 1.7499990463256836 7.5
      vertex 90.44999694824219 2.674999237060547 8
      vertex 90.44999694824219 2.674999237060547 7.5
    endloop
  endfacet
  facet normal -1 0 0
    outer loop
      vertex 90.44999694824219 2.674999237060547 8
      vertex 90.44999694824219 1.7499990463256836 7.5
      vertex 90.44999694824219 1.7499990463256836 8
    endloop
  endfacet
  facet normal 0 1 0
    outer loop
      vertex 91.80000305175781 2.674999237060547 7.5
      vertex 90.44999694824219 2.674999237060547 8
      vertex 91.80000305175781 2.674999237060547 8
    endloop
  endfacet
  facet normal 0 1 0
    outer loop
      vertex 90.44999694824219 2.674999237060547 8
      vertex 91.80000305175781 2.674999237060547 7.5
      vertex 90.44999694824219 2.674999237060547 7.5
    endloop
  endfacet
  facet normal -1 0 0
    outer loop
      vertex 91.80000305175781 2.674999237060547 7.5
      vertex 91.80000305175781 4.899999618530273 8
      vertex 91.80000305175781 4.899999618530273 7.5
    endloop
  endfacet
  facet normal -1 0 0
    outer loop
      vertex 91.80000305175781 4.899999618530273 8
      vertex 91.80000305175781 2.674999237060547 7.5
      vertex 91.80000305175781 2.674999237060547 8
    endloop
  endfacet
  facet normal 0 -1 0
    outer loop
      vertex 89.80000305175781 4.899999618530273 7.5
      vertex 91.80000305175781 4.899999618530273 8
      vertex 89.80000305175781 4.899999618530273 8
    endloop
  endfacet
  facet normal 0 -1 0
    outer loop
      vertex 91.80000305175781 4.899999618530273 8
      vertex 89.80000305175781 4.899999618530273 7.5
      vertex 91.80000305175781 4.899999618530273 7.5
    endloop
  endfacet
  facet normal 1 0 0
    outer loop
      vertex 89.80000305175781 4.249999046325684 8
      vertex 89.80000305175781 4.899999618530273 7.5
      vertex 89.80000305175781 4.899999618530273 8
    endloop
  endfacet
  facet normal 1 0 0
    outer loop
      vertex 89.80000305175781 4.899999618530273 7.5
      vertex 89.80000305175781 4.249999046325684 8
      vertex 89.80000305175781 4.249999046325684 7.5
    endloop
  endfacet
  facet normal 0 1 0
    outer loop
      vertex 91.1500015258789 4.249999046325684 7.5
      vertex 89.80000305175781 4.249999046325684 8
      vertex 91.1500015258789 4.249999046325684 8
    endloop
  endfacet
  facet normal 0 1 0
    outer loop
      vertex 89.80000305175781 4.249999046325684 8
      vertex 91.1500015258789 4.249999046325684 7.5
      vertex 89.80000305175781 4.249999046325684 7.5
    endloop
  endfacet
  facet normal 1 0 0
    outer loop
      vertex 91.1500015258789 3.3249998092651367 8
      vertex 91.1500015258789 4.249999046325684 7.5
      vertex 91.1500015258789 4.249999046325684 8
    endloop
  endfacet
  facet normal 1 0 0
    outer loop
      vertex 91.1500015258789 4.249999046325684 7.5
      vertex 91.1500015258789 3.3249998092651367 8
      vertex 91.1500015258789 3.3249998092651367 7.5
    endloop
  endfacet
  facet normal 0 -1 0
    outer loop
      vertex 89.80000305175781 3.3249998092651367 7.5
      vertex 91.1500015258789 3.3249998092651367 8
      vertex 89.80000305175781 3.3249998092651367 8
    endloop
  endfacet
  facet normal 0 -1 0
    outer loop
      vertex 91.1500015258789 3.3249998092651367 8
      vertex 89.80000305175781 3.3249998092651367 7.5
      vertex 91.1500015258789 3.3249998092651367 7.5
    endloop
  endfacet
  facet normal 1 0 0
    outer loop
      vertex 89.80000305175781 1.0999994277954102 8
      vertex 89.80000305175781 3.3249998092651367 7.5
      vertex 89.80000305175781 3.3249998092651367 8
    endloop
  endfacet
  facet normal 1 0 0
    outer loop
      vertex 89.80000305175781 3.3249998092651367 7.5
      vertex 89.80000305175781 1.0999994277954102 8
      vertex 89.80000305175781 1.0999994277954102 7.5
    endloop
  endfacet
  facet normal 0 1 0
    outer loop
      vertex 91.80000305175781 1.0999994277954102 7.5
      vertex 89.80000305175781 1.0999994277954102 8
      vertex 91.80000305175781 1.0999994277954102 8
    endloop
  endfacet
  facet normal 0 1 0
    outer loop
      vertex 89.80000305175781 1.0999994277954102 8
      vertex 91.80000305175781 1.0999994277954102 7.5
      vertex 89.80000305175781 1.0999994277954102 7.5
    endloop
  endfacet
  facet normal -1 0 0
    outer loop
      vertex 91.80000305175781 1.0999994277954102 7.5
      vertex 91.80000305175781 1.7499990463256836 8
      vertex 91.80000305175781 1.7499990463256836 7.5
    endloop
  endfacet
  facet normal -1 0 0
    outer loop
      vertex 91.80000305175781 1.7499990463256836 8
      vertex 91.80000305175781 1.0999994277954102 7.5
      vertex 91.80000305175781 1.0999994277954102 8
    endloop
  endfacet
  facet normal 0 -1 0
    outer loop
      vertex 92.5 4.899999618530273 7.5
      vertex 94.5 4.899999618530273 8
      vertex 92.5 4.899999618530273 8
    endloop
  endfacet
  facet normal 0 -1 0
    outer loop
      vertex 94.5 4.899999618530273 8
      vertex 92.5 4.899999618530273 7.5
      vertex 94.5 4.899999618530273 7.5
    endloop
  endfacet
  facet normal 1 0 0
    outer loop
      vertex 92.5 2.674999237060547 8
      vertex 92.5 4.899999618530273 7.5
      vertex 92.5 4.899999618530273 8
    endloop
  endfacet
  facet normal 1 0 0
    outer loop
      vertex 92.5 4.899999618530273 7.5
      vertex 92.5 2.674999237060547 8
      vertex 92.5 2.674999237060547 7.5
    endloop
  endfacet
  facet normal 0 1 0
    outer loop
      vertex 93.8499984741211 2.674999237060547 7.5
      vertex 92.5 2.674999237060547 8
      vertex 93.8499984741211 2.674999237060547 8
    endloop
  endfacet
  facet normal 0 1 0
    outer loop
      vertex 92.5 2.674999237060547 8
      vertex 93.8499984741211 2.674999237060547 7.5
      vertex 92.5 2.674999237060547 7.5
    endloop
  endfacet
  facet normal 1 0 0
    outer loop
      vertex 93.8499984741211 1.7499990463256836 8
      vertex 93.8499984741211 2.674999237060547 7.5
      vertex 93.8499984741211 2.674999237060547 8
    endloop
  endfacet
  facet normal 1 0 0
    outer loop
      vertex 93.8499984741211 2.674999237060547 7.5
      vertex 93.8499984741211 1.7499990463256836 8
      vertex 93.8499984741211 1.7499990463256836 7.5
    endloop
  endfacet
  facet normal 0 -1 0
    outer loop
      vertex 92.5 1.7499990463256836 7.5
      vertex 93.8499984741211 1.7499990463256836 8
      vertex 92.5 1.7499990463256836 8
    endloop
  endfacet
  facet normal 0 -1 0
    outer loop
      vertex 93.8499984741211 1.7499990463256836 8
      vertex 92.5 1.7499990463256836 7.5
      vertex 93.8499984741211 1.7499990463256836 7.5
    endloop
  endfacet
  facet normal 1 0 0
    outer loop
      vertex 92.5 1.0999994277954102 8
      vertex 92.5 1.7499990463256836 7.5
      vertex 92.5 1.7499990463256836 8
    endloop
  endfacet
  facet normal 1 0 0
    outer loop
      vertex 92.5 1.7499990463256836 7.5
      vertex 92.5 1.0999994277954102 8
      vertex 92.5 1.0999994277954102 7.5
    endloop
  endfacet
  facet normal 0 1 0
    outer loop
      vertex 94.5 1.0999994277954102 7.5
      vertex 92.5 1.0999994277954102 8
      vertex 94.5 1.0999994277954102 8
    endloop
  endfacet
  facet normal 0 1 0
    outer loop
      vertex 92.5 1.0999994277954102 8
      vertex 94.5 1.0999994277954102 7.5
      vertex 92.5 1.0999994277954102 7.5
    endloop
  endfacet
  facet normal -1 0 0
    outer loop
      vertex 94.5 1.0999994277954102 7.5
      vertex 94.5 4.899999618530273 8
      vertex 94.5 4.899999618530273 7.5
    endloop
  endfacet
  facet normal -1 0 0
    outer loop
      vertex 94.5 4.899999618530273 8
      vertex 94.5 1.0999994277954102 7.5
      vertex 94.5 1.0999994277954102 8
    endloop
  endfacet
  facet normal 0 1 0
    outer loop
      vertex 93.8499984741211 4.249999046325684 7.5
      vertex 93.1500015258789 4.249999046325684 8
      vertex 93.8499984741211 4.249999046325684 8
    endloop
  endfacet
  facet normal 0 1 0
    outer loop
      vertex 93.1500015258789 4.249999046325684 8
      vertex 93.8499984741211 4.249999046325684 7.5
      vertex 93.1500015258789 4.249999046325684 7.5
    endloop
  endfacet
  facet normal 1 0 0
    outer loop
      vertex 93.8499984741211 3.3249998092651367 8
      vertex 93.8499984741211 4.249999046325684 7.5
      vertex 93.8499984741211 4.249999046325684 8
    endloop
  endfacet
  facet normal 1 0 0
    outer loop
      vertex 93.8499984741211 4.249999046325684 7.5
      vertex 93.8499984741211 3.3249998092651367 8
      vertex 93.8499984741211 3.3249998092651367 7.5
    endloop
  endfacet
  facet normal 0 -1 0
    outer loop
      vertex 93.1500015258789 3.3249998092651367 7.5
      vertex 93.8499984741211 3.3249998092651367 8
      vertex 93.1500015258789 3.3249998092651367 8
    endloop
  endfacet
  facet normal 0 -1 0
    outer loop
      vertex 93.8499984741211 3.3249998092651367 8
      vertex 93.1500015258789 3.3249998092651367 7.5
      vertex 93.8499984741211 3.3249998092651367 7.5
    endloop
  endfacet
  facet normal -1 0 0
    outer loop
      vertex 93.1500015258789 3.3249998092651367 7.5
      vertex 93.1500015258789 4.249999046325684 8
      vertex 93.1500015258789 4.249999046325684 7.5
    endloop
  endfacet
  facet normal -1 0 0
    outer loop
      vertex 93.1500015258789 4.249999046325684 8
      vertex 93.1500015258789 3.3249998092651367 7.5
      vertex 93.1500015258789 3.3249998092651367 8
    endloop
  endfacet
  facet normal 0 -1 0
    outer loop
      vertex 95.19999694824219 4.899999618530273 7.5
      vertex 97.19999694824219 4.899999618530273 8
      vertex 95.19999694824219 4.899999618530273 8
    endloop
  endfacet
  facet normal 0 -1 0
    outer loop
      vertex 97.19999694824219 4.899999618530273 8
      vertex 95.19999694824219 4.899999618530273 7.5
      vertex 97.19999694824219 4.899999618530273 7.5
    endloop
  endfacet
  facet normal 1 0 0
    outer loop
      vertex 95.19999694824219 1.0999994277954102 8
      vertex 95.19999694824219 4.899999618530273 7.5
      vertex 95.19999694824219 4.899999618530273 8
    endloop
  endfacet
  facet normal 1 0 0
    outer loop
      vertex 95.19999694824219 4.899999618530273 7.5
      vertex 95.19999694824219 1.0999994277954102 8
      vertex 95.19999694824219 1.0999994277954102 7.5
    endloop
  endfacet
  facet normal 0 1 0
    outer loop
      vertex 97.19999694824219 1.0999994277954102 7.5
      vertex 95.19999694824219 1.0999994277954102 8
      vertex 97.19999694824219 1.0999994277954102 8
    endloop
  endfacet
  facet normal 0 1 0
    outer loop
      vertex 95.19999694824219 1.0999994277954102 8
      vertex 97.19999694824219 1.0999994277954102 7.5
      vertex 95.19999694824219 1.0999994277954102 7.5
    endloop
  endfacet
  facet normal -1 0 0
    outer loop
      vertex 97.19999694824219 1.0999994277954102 7.5
      vertex 97.19999694824219 4.899999618530273 8
      vertex 97.19999694824219 4.899999618530273 7.5
    endloop
  endfacet
  facet normal -1 0 0
    outer loop
      vertex 97.19999694824219 4.899999618530273 8
      vertex 97.19999694824219 1.0999994277954102 7.5
      vertex 97.19999694824219 1.0999994277954102 8
    endloop
  endfacet
  facet normal 0 1 0
    outer loop
      vertex 96.55000305175781 4.249999046325684 7.5
      vertex 95.8499984741211 4.249999046325684 8
      vertex 96.55000305175781 4.249999046325684 8
    endloop
  endfacet
  facet normal 0 1 0
    outer loop
      vertex 95.8499984741211 4.249999046325684 8
      vertex 96.55000305175781 4.249999046325684 7.5
      vertex 95.8499984741211 4.249999046325684 7.5
    endloop
  endfacet
  facet normal 1 0 0
    outer loop
      vertex 96.55000305175781 1.7499990463256836 8
      vertex 96.55000305175781 4.249999046325684 7.5
      vertex 96.55000305175781 4.249999046325684 8
    endloop
  endfacet
  facet normal 1 0 0
    outer loop
      vertex 96.55000305175781 4.249999046325684 7.5
      vertex 96.55000305175781 1.7499990463256836 8
      vertex 96.55000305175781 1.7499990463256836 7.5
    endloop
  endfacet
  facet normal 0 -1 0
    outer loop
      vertex 95.8499984741211 1.7499990463256836 7.5
      vertex 96.55000305175781 1.7499990463256836 8
      vertex 95.8499984741211 1.7499990463256836 8
    endloop
  endfacet
  facet normal 0 -1 0
    outer loop
      vertex 96.55000305175781 1.7499990463256836 8
      vertex 95.8499984741211 1.7499990463256836 7.5
      vertex 96.55000305175781 1.7499990463256836 7.5
    endloop
  endfacet
  facet normal -1 0 0
    outer loop
      vertex 95.8499984741211 1.7499990463256836 7.5
      vertex 95.8499984741211 4.249999046325684 8
      vertex 95.8499984741211 4.249999046325684 7.5
    endloop
  endfacet
  facet normal -1 0 0
    outer loop
      vertex 95.8499984741211 4.249999046325684 8
      vertex 95.8499984741211 1.7499990463256836 7.5
      vertex 95.8499984741211 1.7499990463256836 8
    endloop
  endfacet
  facet normal 0 0 1
    outer loop
      vertex 91.80000305175781 4.899999618530273 7.5
      vertex 91.1500015258789 4.249999046325684 7.5
      vertex 91.80000305175781 2.674999237060547 7.5
    endloop
  endfacet
  facet normal 0 0 1
    outer loop
      vertex 89.80000305175781 4.899999618530273 7.5
      vertex 91.1500015258789 4.249999046325684 7.5
      vertex 91.80000305175781 4.899999618530273 7.5
    endloop
  endfacet
  facet normal 0 0 1
    outer loop
      vertex 91.1500015258789 4.249999046325684 7.5
      vertex 89.80000305175781 4.899999618530273 7.5
      vertex 89.80000305175781 4.249999046325684 7.5
    endloop
  endfacet
  facet normal 0 0 1
    outer loop
      vertex 91.1500015258789 3.3249998092651367 7.5
      vertex 91.80000305175781 2.674999237060547 7.5
      vertex 91.1500015258789 4.249999046325684 7.5
    endloop
  endfacet
  facet normal 0 0 1
    outer loop
      vertex 91.1500015258789 3.3249998092651367 7.5
      vertex 90.44999694824219 2.674999237060547 7.5
      vertex 91.80000305175781 2.674999237060547 7.5
    endloop
  endfacet
  facet normal 0 0 1
    outer loop
      vertex 90.44999694824219 2.674999237060547 7.5
      vertex 89.80000305175781 3.3249998092651367 7.5
      vertex 90.44999694824219 1.7499990463256836 7.5
    endloop
  endfacet
  facet normal 0 0 1
    outer loop
      vertex 89.80000305175781 3.3249998092651367 7.5
      vertex 90.44999694824219 2.674999237060547 7.5
      vertex 91.1500015258789 3.3249998092651367 7.5
    endloop
  endfacet
  facet normal 0 0 1
    outer loop
      vertex 90.44999694824219 1.7499990463256836 7.5
      vertex 91.80000305175781 1.0999994277954102 7.5
      vertex 91.80000305175781 1.7499990463256836 7.5
    endloop
  endfacet
  facet normal 0 0 1
    outer loop
      vertex 90.44999694824219 1.7499990463256836 7.5
      vertex 89.80000305175781 1.0999994277954102 7.5
      vertex 91.80000305175781 1.0999994277954102 7.5
    endloop
  endfacet
  facet normal 0 0 1
    outer loop
      vertex 89.80000305175781 1.0999994277954102 7.5
      vertex 90.44999694824219 1.7499990463256836 7.5
      vertex 89.80000305175781 3.3249998092651367 7.5
    endloop
  endfacet
  facet normal 0 0 1
    outer loop
      vertex 93.1500015258789 3.3249998092651367 7.5
      vertex 93.8499984741211 2.674999237060547 7.5
      vertex 93.8499984741211 3.3249998092651367 7.5
    endloop
  endfacet
  facet normal 0 0 1
    outer loop
      vertex 93.1500015258789 3.3249998092651367 7.5
      vertex 92.5 2.674999237060547 7.5
      vertex 93.8499984741211 2.674999237060547 7.5
    endloop
  endfacet
  facet normal 0 0 1
    outer loop
      vertex 92.5 2.674999237060547 7.5
      vertex 93.1500015258789 3.3249998092651367 7.5
      vertex 92.5 4.899999618530273 7.5
    endloop
  endfacet
  facet normal 0 0 1
    outer loop
      vertex 93.8499984741211 3.3249998092651367 7.5
      vertex 94.5 4.899999618530273 7.5
      vertex 93.8499984741211 4.249999046325684 7.5
    endloop
  endfacet
  facet normal 0 0 1
    outer loop
      vertex 94.5 4.899999618530273 7.5
      vertex 93.1500015258789 4.249999046325684 7.5
      vertex 93.8499984741211 4.249999046325684 7.5
    endloop
  endfacet
  facet normal 0 0 1
    outer loop
      vertex 93.1500015258789 4.249999046325684 7.5
      vertex 92.5 4.899999618530273 7.5
      vertex 93.1500015258789 3.3249998092651367 7.5
    endloop
  endfacet
  facet normal 0 0 1
    outer loop
      vertex 92.5 4.899999618530273 7.5
      vertex 93.1500015258789 4.249999046325684 7.5
      vertex 94.5 4.899999618530273 7.5
    endloop
  endfacet
  facet normal 0 0 1
    outer loop
      vertex 94.5 4.899999618530273 7.5
      vertex 93.8499984741211 3.3249998092651367 7.5
      vertex 94.5 1.0999994277954102 7.5
    endloop
  endfacet
  facet normal 0 0 1
    outer loop
      vertex 93.8499984741211 2.674999237060547 7.5
      vertex 94.5 1.0999994277954102 7.5
      vertex 93.8499984741211 3.3249998092651367 7.5
    endloop
  endfacet
  facet normal 0 0 1
    outer loop
      vertex 93.8499984741211 1.7499990463256836 7.5
      vertex 94.5 1.0999994277954102 7.5
      vertex 93.8499984741211 2.674999237060547 7.5
    endloop
  endfacet
  facet normal 0 0 1
    outer loop
      vertex 92.5 1.0999994277954102 7.5
      vertex 93.8499984741211 1.7499990463256836 7.5
      vertex 92.5 1.7499990463256836 7.5
    endloop
  endfacet
  facet normal 0 0 1
    outer loop
      vertex 93.8499984741211 1.7499990463256836 7.5
      vertex 92.5 1.0999994277954102 7.5
      vertex 94.5 1.0999994277954102 7.5
    endloop
  endfacet
  facet normal 0 0 1
    outer loop
      vertex 97.19999694824219 4.899999618530273 7.5
      vertex 96.55000305175781 4.249999046325684 7.5
      vertex 97.19999694824219 1.0999994277954102 7.5
    endloop
  endfacet
  facet normal 0 0 1
    outer loop
      vertex 97.19999694824219 4.899999618530273 7.5
      vertex 95.8499984741211 4.249999046325684 7.5
      vertex 96.55000305175781 4.249999046325684 7.5
    endloop
  endfacet
  facet normal 0 0 1
    outer loop
      vertex 95.8499984741211 4.249999046325684 7.5
      vertex 95.19999694824219 4.899999618530273 7.5
      vertex 95.8499984741211 1.7499990463256836 7.5
    endloop
  endfacet
  facet normal 0 0 1
    outer loop
      vertex 95.19999694824219 4.899999618530273 7.5
      vertex 95.8499984741211 4.249999046325684 7.5
      vertex 97.19999694824219 4.899999618530273 7.5
    endloop
  endfacet
  facet normal 0 0 1
    outer loop
      vertex 96.55000305175781 1.7499990463256836 7.5
      vertex 97.19999694824219 1.0999994277954102 7.5
      vertex 96.55000305175781 4.249999046325684 7.5
    endloop
  endfacet
  facet normal 0 0 1
    outer loop
      vertex 95.8499984741211 1.7499990463256836 7.5
      vertex 97.19999694824219 1.0999994277954102 7.5
      vertex 96.55000305175781 1.7499990463256836 7.5
    endloop
  endfacet
  facet normal 0 0 1
    outer loop
      vertex 95.8499984741211 1.7499990463256836 7.5
      vertex 95.19999694824219 1.0999994277954102 7.5
      vertex 97.19999694824219 1.0999994277954102 7.5
    endloop
  endfacet
  facet normal 0 0 1
    outer loop
      vertex 95.19999694824219 1.0999994277954102 7.5
      vertex 95.8499984741211 1.7499990463256836 7.5
      vertex 95.19999694824219 4.899999618530273 7.5
    endloop
  endfacet
  facet normal -0.5000005714958777 0 -0.8660250738308883
    outer loop
      vertex 102.5 0 5.703183174133301
      vertex 103.9749984741211 6 4.851591110229492
      vertex 103.9749984741211 0 4.851591110229492
    endloop
  endfacet
  facet normal -0.5000005714958777 0 -0.8660250738308883
    outer loop
      vertex 103.9749984741211 6 4.851591110229492
      vertex 102.5 0 5.703183174133301
      vertex 102.5 6 5.703183174133301
    endloop
  endfacet
  facet normal 0.5000005714958777 0 0.8660250738308883
    outer loop
      vertex 101.0250015258789 6 3.1484079360961914
      vertex 102.5 0 2.296815872192383
      vertex 102.5 6 2.296815872192383
    endloop
  endfacet
  facet normal 0.5000005714958777 0 0.8660250738308883
    outer loop
      vertex 102.5 0 2.296815872192383
      vertex 101.0250015258789 6 3.1484079360961914
      vertex 101.0250015258789 0 3.1484079360961914
    endloop
  endfacet
  facet normal 1 0 0
    outer loop
      vertex 101.0250015258789 0 4.851591110229492
      vertex 101.0250015258789 6 3.1484079360961914
      vertex 101.0250015258789 6 4.851591110229492
    endloop
  endfacet
  facet normal 1 0 0
    outer loop
      vertex 101.0250015258789 6 3.1484079360961914
      vertex 101.0250015258789 0 4.851591110229492
      vertex 101.0250015258789 0 3.1484079360961914
    endloop
  endfacet
  facet normal 0.5000005714958777 0 -0.8660250738308883
    outer loop
      vertex 101.0250015258789 0 4.851591110229492
      vertex 102.5 6 5.703183174133301
      vertex 102.5 0 5.703183174133301
    endloop
  endfacet
  facet normal 0.5000005714958777 0 -0.8660250738308883
    outer loop
      vertex 102.5 6 5.703183174133301
      vertex 101.0250015258789 0 4.851591110229492
      vertex 101.0250015258789 6 4.851591110229492
    endloop
  endfacet
  facet normal -1 0 0
    outer loop
      vertex 103.9749984741211 0 3.1484079360961914
      vertex 103.9749984741211 6 4.851591110229492
      vertex 103.9749984741211 6 3.1484079360961914
    endloop
  endfacet
  facet normal -1 0 0
    outer loop
      vertex 103.9749984741211 6 4.851591110229492
      vertex 103.9749984741211 0 3.1484079360961914
      vertex 103.9749984741211 0 4.851591110229492
    endloop
  endfacet
  facet normal -0.5000005714958777 0 0.8660250738308883
    outer loop
      vertex 102.5 6 2.296815872192383
      vertex 103.9749984741211 0 3.1484079360961914
      vertex 103.9749984741211 6 3.1484079360961914
    endloop
  endfacet
  facet normal -0.5000005714958777 0 0.8660250738308883
    outer loop
      vertex 103.9749984741211 0 3.1484079360961914
      vertex 102.5 6 2.296815872192383
      vertex 102.5 0 2.296815872192383
    endloop
  endfacet
  facet normal 0 -1 0
    outer loop
      vertex 99.44999694824219 1.7499990463256836 7.5
      vertex 100.80000305175781 1.7499990463256836 8
      vertex 99.44999694824219 1.7499990463256836 8
    endloop
  endfacet
  facet normal 0 -1 0
    outer loop
      vertex 100.80000305175781 1.7499990463256836 8
      vertex 99.44999694824219 1.7499990463256836 7.5
      vertex 100.80000305175781 1.7499990463256836 7.5
    endloop
  endfacet
  facet normal -1 0 0
    outer loop
      vertex 99.44999694824219 1.7499990463256836 7.5
      vertex 99.44999694824219 2.674999237060547 8
      vertex 99.44999694824219 2.674999237060547 7.5
    endloop
  endfacet
  facet normal -1 0 0
    outer loop
      vertex 99.44999694824219 2.674999237060547 8
      vertex 99.44999694824219 1.7499990463256836 7.5
      vertex 99.44999694824219 1.7499990463256836 8
    endloop
  endfacet
  facet normal 0 1 0
    outer loop
      vertex 100.80000305175781 2.674999237060547 7.5
      vertex 99.44999694824219 2.674999237060547 8
      vertex 100.80000305175781 2.674999237060547 8
    endloop
  endfacet
  facet normal 0 1 0
    outer loop
      vertex 99.44999694824219 2.674999237060547 8
      vertex 100.80000305175781 2.674999237060547 7.5
      vertex 99.44999694824219 2.674999237060547 7.5
    endloop
  endfacet
  facet normal -1 0 0
    outer loop
      vertex 100.80000305175781 2.674999237060547 7.5
      vertex 100.80000305175781 4.899999618530273 8
      vertex 100.80000305175781 4.899999618530273 7.5
    endloop
  endfacet
  facet normal -1 0 0
    outer loop
      vertex 100.80000305175781 4.899999618530273 8
      vertex 100.80000305175781 2.674999237060547 7.5
      vertex 100.80000305175781 2.674999237060547 8
    endloop
  endfacet
  facet normal 0 -1 0
    outer loop
      vertex 98.80000305175781 4.899999618530273 7.5
      vertex 100.80000305175781 4.899999618530273 8
      vertex 98.80000305175781 4.899999618530273 8
    endloop
  endfacet
  facet normal 0 -1 0
    outer loop
      vertex 100.80000305175781 4.899999618530273 8
      vertex 98.80000305175781 4.899999618530273 7.5
      vertex 100.80000305175781 4.899999618530273 7.5
    endloop
  endfacet
  facet normal 1 0 0
    outer loop
      vertex 98.80000305175781 4.249999046325684 8
      vertex 98.80000305175781 4.899999618530273 7.5
      vertex 98.80000305175781 4.899999618530273 8
    endloop
  endfacet
  facet normal 1 0 0
    outer loop
      vertex 98.80000305175781 4.899999618530273 7.5
      vertex 98.80000305175781 4.249999046325684 8
      vertex 98.80000305175781 4.249999046325684 7.5
    endloop
  endfacet
  facet normal 0 1 0
    outer loop
      vertex 100.1500015258789 4.249999046325684 7.5
      vertex 98.80000305175781 4.249999046325684 8
      vertex 100.1500015258789 4.249999046325684 8
    endloop
  endfacet
  facet normal 0 1 0
    outer loop
      vertex 98.80000305175781 4.249999046325684 8
      vertex 100.1500015258789 4.249999046325684 7.5
      vertex 98.80000305175781 4.249999046325684 7.5
    endloop
  endfacet
  facet normal 1 0 0
    outer loop
      vertex 100.1500015258789 3.3249998092651367 8
      vertex 100.1500015258789 4.249999046325684 7.5
      vertex 100.1500015258789 4.249999046325684 8
    endloop
  endfacet
  facet normal 1 0 0
    outer loop
      vertex 100.1500015258789 4.249999046325684 7.5
      vertex 100.1500015258789 3.3249998092651367 8
      vertex 100.1500015258789 3.3249998092651367 7.5
    endloop
  endfacet
  facet normal 0 -1 0
    outer loop
      vertex 98.80000305175781 3.3249998092651367 7.5
      vertex 100.1500015258789 3.3249998092651367 8
      vertex 98.80000305175781 3.3249998092651367 8
    endloop
  endfacet
  facet normal 0 -1 0
    outer loop
      vertex 100.1500015258789 3.3249998092651367 8
      vertex 98.80000305175781 3.3249998092651367 7.5
      vertex 100.1500015258789 3.3249998092651367 7.5
    endloop
  endfacet
  facet normal 1 0 0
    outer loop
      vertex 98.80000305175781 1.0999994277954102 8
      vertex 98.80000305175781 3.3249998092651367 7.5
      vertex 98.80000305175781 3.3249998092651367 8
    endloop
  endfacet
  facet normal 1 0 0
    outer loop
      vertex 98.80000305175781 3.3249998092651367 7.5
      vertex 98.80000305175781 1.0999994277954102 8
      vertex 98.80000305175781 1.0999994277954102 7.5
    endloop
  endfacet
  facet normal 0 1 0
    outer loop
      vertex 100.80000305175781 1.0999994277954102 7.5
      vertex 98.80000305175781 1.0999994277954102 8
      vertex 100.80000305175781 1.0999994277954102 8
    endloop
  endfacet
  facet normal 0 1 0
    outer loop
      vertex 98.80000305175781 1.0999994277954102 8
      vertex 100.80000305175781 1.0999994277954102 7.5
      vertex 98.80000305175781 1.0999994277954102 7.5
    endloop
  endfacet
  facet normal -1 0 0
    outer loop
      vertex 100.80000305175781 1.0999994277954102 7.5
      vertex 100.80000305175781 1.7499990463256836 8
      vertex 100.80000305175781 1.7499990463256836 7.5
    endloop
  endfacet
  facet normal -1 0 0
    outer loop
      vertex 100.80000305175781 1.7499990463256836 8
      vertex 100.80000305175781 1.0999994277954102 7.5
      vertex 100.80000305175781 1.0999994277954102 8
    endloop
  endfacet
  facet normal 0 -1 0
    outer loop
      vertex 101.5 4.899999618530273 7.5
      vertex 103.5 4.899999618530273 8
      vertex 101.5 4.899999618530273 8
    endloop
  endfacet
  facet normal 0 -1 0
    outer loop
      vertex 103.5 4.899999618530273 8
      vertex 101.5 4.899999618530273 7.5
      vertex 103.5 4.899999618530273 7.5
    endloop
  endfacet
  facet normal 1 0 0
    outer loop
      vertex 101.5 2.674999237060547 8
      vertex 101.5 4.899999618530273 7.5
      vertex 101.5 4.899999618530273 8
    endloop
  endfacet
  facet normal 1 0 0
    outer loop
      vertex 101.5 4.899999618530273 7.5
      vertex 101.5 2.674999237060547 8
      vertex 101.5 2.674999237060547 7.5
    endloop
  endfacet
  facet normal 0 1 0
    outer loop
      vertex 102.8499984741211 2.674999237060547 7.5
      vertex 101.5 2.674999237060547 8
      vertex 102.8499984741211 2.674999237060547 8
    endloop
  endfacet
  facet normal 0 1 0
    outer loop
      vertex 101.5 2.674999237060547 8
      vertex 102.8499984741211 2.674999237060547 7.5
      vertex 101.5 2.674999237060547 7.5
    endloop
  endfacet
  facet normal 1 0 0
    outer loop
      vertex 102.8499984741211 1.7499990463256836 8
      vertex 102.8499984741211 2.674999237060547 7.5
      vertex 102.8499984741211 2.674999237060547 8
    endloop
  endfacet
  facet normal 1 0 0
    outer loop
      vertex 102.8499984741211 2.674999237060547 7.5
      vertex 102.8499984741211 1.7499990463256836 8
      vertex 102.8499984741211 1.7499990463256836 7.5
    endloop
  endfacet
  facet normal 0 -1 0
    outer loop
      vertex 101.5 1.7499990463256836 7.5
      vertex 102.8499984741211 1.7499990463256836 8
      vertex 101.5 1.7499990463256836 8
    endloop
  endfacet
  facet normal 0 -1 0
    outer loop
      vertex 102.8499984741211 1.7499990463256836 8
      vertex 101.5 1.7499990463256836 7.5
      vertex 102.8499984741211 1.7499990463256836 7.5
    endloop
  endfacet
  facet normal 1 0 0
    outer loop
      vertex 101.5 1.0999994277954102 8
      vertex 101.5 1.7499990463256836 7.5
      vertex 101.5 1.7499990463256836 8
    endloop
  endfacet
  facet normal 1 0 0
    outer loop
      vertex 101.5 1.7499990463256836 7.5
      vertex 101.5 1.0999994277954102 8
      vertex 101.5 1.0999994277954102 7.5
    endloop
  endfacet
  facet normal 0 1 0
    outer loop
      vertex 103.5 1.0999994277954102 7.5
      vertex 101.5 1.0999994277954102 8
      vertex 103.5 1.0999994277954102 8
    endloop
  endfacet
  facet normal 0 1 0
    outer loop
      vertex 101.5 1.0999994277954102 8
      vertex 103.5 1.0999994277954102 7.5
      vertex 101.5 1.0999994277954102 7.5
    endloop
  endfacet
  facet normal -1 0 0
    outer loop
      vertex 103.5 1.0999994277954102 7.5
      vertex 103.5 4.899999618530273 8
      vertex 103.5 4.899999618530273 7.5
    endloop
  endfacet
  facet normal -1 0 0
    outer loop
      vertex 103.5 4.899999618530273 8
      vertex 103.5 1.0999994277954102 7.5
      vertex 103.5 1.0999994277954102 8
    endloop
  endfacet
  facet normal 0 1 0
    outer loop
      vertex 102.8499984741211 4.249999046325684 7.5
      vertex 102.1500015258789 4.249999046325684 8
      vertex 102.8499984741211 4.249999046325684 8
    endloop
  endfacet
  facet normal 0 1 0
    outer loop
      vertex 102.1500015258789 4.249999046325684 8
      vertex 102.8499984741211 4.249999046325684 7.5
      vertex 102.1500015258789 4.249999046325684 7.5
    endloop
  endfacet
  facet normal 1 0 0
    outer loop
      vertex 102.8499984741211 3.3249998092651367 8
      vertex 102.8499984741211 4.249999046325684 7.5
      vertex 102.8499984741211 4.249999046325684 8
    endloop
  endfacet
  facet normal 1 0 0
    outer loop
      vertex 102.8499984741211 4.249999046325684 7.5
      vertex 102.8499984741211 3.3249998092651367 8
      vertex 102.8499984741211 3.3249998092651367 7.5
    endloop
  endfacet
  facet normal 0 -1 0
    outer loop
      vertex 102.1500015258789 3.3249998092651367 7.5
      vertex 102.8499984741211 3.3249998092651367 8
      vertex 102.1500015258789 3.3249998092651367 8
    endloop
  endfacet
  facet normal 0 -1 0
    outer loop
      vertex 102.8499984741211 3.3249998092651367 8
      vertex 102.1500015258789 3.3249998092651367 7.5
      vertex 102.8499984741211 3.3249998092651367 7.5
    endloop
  endfacet
  facet normal -1 0 0
    outer loop
      vertex 102.1500015258789 3.3249998092651367 7.5
      vertex 102.1500015258789 4.249999046325684 8
      vertex 102.1500015258789 4.249999046325684 7.5
    endloop
  endfacet
  facet normal -1 0 0
    outer loop
      vertex 102.1500015258789 4.249999046325684 8
      vertex 102.1500015258789 3.3249998092651367 7.5
      vertex 102.1500015258789 3.3249998092651367 8
    endloop
  endfacet
  facet normal 0 -1 0
    outer loop
      vertex 104.8499984741211 3.3249998092651367 7.5
      vertex 106.19999694824219 3.3249998092651367 8
      vertex 104.8499984741211 3.3249998092651367 8
    endloop
  endfacet
  facet normal 0 -1 0
    outer loop
      vertex 106.19999694824219 3.3249998092651367 8
      vertex 104.8499984741211 3.3249998092651367 7.5
      vertex 106.19999694824219 3.3249998092651367 7.5
    endloop
  endfacet
  facet normal -1 0 0
    outer loop
      vertex 104.8499984741211 3.3249998092651367 7.5
      vertex 104.8499984741211 4.249999046325684 8
      vertex 104.8499984741211 4.249999046325684 7.5
    endloop
  endfacet
  facet normal -1 0 0
    outer loop
      vertex 104.8499984741211 4.249999046325684 8
      vertex 104.8499984741211 3.3249998092651367 7.5
      vertex 104.8499984741211 3.3249998092651367 8
    endloop
  endfacet
  facet normal 0 1 0
    outer loop
      vertex 106.19999694824219 4.249999046325684 7.5
      vertex 104.8499984741211 4.249999046325684 8
      vertex 106.19999694824219 4.249999046325684 8
    endloop
  endfacet
  facet normal 0 1 0
    outer loop
      vertex 104.8499984741211 4.249999046325684 8
      vertex 106.19999694824219 4.249999046325684 7.5
      vertex 104.8499984741211 4.249999046325684 7.5
    endloop
  endfacet
  facet normal -1 0 0
    outer loop
      vertex 106.19999694824219 4.249999046325684 7.5
      vertex 106.19999694824219 4.899999618530273 8
      vertex 106.19999694824219 4.899999618530273 7.5
    endloop
  endfacet
  facet normal -1 0 0
    outer loop
      vertex 106.19999694824219 4.899999618530273 8
      vertex 106.19999694824219 4.249999046325684 7.5
      vertex 106.19999694824219 4.249999046325684 8
    endloop
  endfacet
  facet normal 0 -1 0
    outer loop
      vertex 104.19999694824219 4.899999618530273 7.5
      vertex 106.19999694824219 4.899999618530273 8
      vertex 104.19999694824219 4.899999618530273 8
    endloop
  endfacet
  facet normal 0 -1 0
    outer loop
      vertex 106.19999694824219 4.899999618530273 8
      vertex 104.19999694824219 4.899999618530273 7.5
      vertex 106.19999694824219 4.899999618530273 7.5
    endloop
  endfacet
  facet normal 1 0 0
    outer loop
      vertex 104.19999694824219 2.674999237060547 8
      vertex 104.19999694824219 4.899999618530273 7.5
      vertex 104.19999694824219 4.899999618530273 8
    endloop
  endfacet
  facet normal 1 0 0
    outer loop
      vertex 104.19999694824219 4.899999618530273 7.5
      vertex 104.19999694824219 2.674999237060547 8
      vertex 104.19999694824219 2.674999237060547 7.5
    endloop
  endfacet
  facet normal 0 1 0
    outer loop
      vertex 105.55000305175781 2.674999237060547 7.5
      vertex 104.19999694824219 2.674999237060547 8
      vertex 105.55000305175781 2.674999237060547 8
    endloop
  endfacet
  facet normal 0 1 0
    outer loop
      vertex 104.19999694824219 2.674999237060547 8
      vertex 105.55000305175781 2.674999237060547 7.5
      vertex 104.19999694824219 2.674999237060547 7.5
    endloop
  endfacet
  facet normal 1 0 0
    outer loop
      vertex 105.55000305175781 1.7499990463256836 8
      vertex 105.55000305175781 2.674999237060547 7.5
      vertex 105.55000305175781 2.674999237060547 8
    endloop
  endfacet
  facet normal 1 0 0
    outer loop
      vertex 105.55000305175781 2.674999237060547 7.5
      vertex 105.55000305175781 1.7499990463256836 8
      vertex 105.55000305175781 1.7499990463256836 7.5
    endloop
  endfacet
  facet normal 0 -1 0
    outer loop
      vertex 104.19999694824219 1.7499990463256836 7.5
      vertex 105.55000305175781 1.7499990463256836 8
      vertex 104.19999694824219 1.7499990463256836 8
    endloop
  endfacet
  facet normal 0 -1 0
    outer loop
      vertex 105.55000305175781 1.7499990463256836 8
      vertex 104.19999694824219 1.7499990463256836 7.5
      vertex 105.55000305175781 1.7499990463256836 7.5
    endloop
  endfacet
  facet normal 1 0 0
    outer loop
      vertex 104.19999694824219 1.0999994277954102 8
      vertex 104.19999694824219 1.7499990463256836 7.5
      vertex 104.19999694824219 1.7499990463256836 8
    endloop
  endfacet
  facet normal 1 0 0
    outer loop
      vertex 104.19999694824219 1.7499990463256836 7.5
      vertex 104.19999694824219 1.0999994277954102 8
      vertex 104.19999694824219 1.0999994277954102 7.5
    endloop
  endfacet
  facet normal 0 1 0
    outer loop
      vertex 106.19999694824219 1.0999994277954102 7.5
      vertex 104.19999694824219 1.0999994277954102 8
      vertex 106.19999694824219 1.0999994277954102 8
    endloop
  endfacet
  facet normal 0 1 0
    outer loop
      vertex 104.19999694824219 1.0999994277954102 8
      vertex 106.19999694824219 1.0999994277954102 7.5
      vertex 104.19999694824219 1.0999994277954102 7.5
    endloop
  endfacet
  facet normal -1 0 0
    outer loop
      vertex 106.19999694824219 1.0999994277954102 7.5
      vertex 106.19999694824219 3.3249998092651367 8
      vertex 106.19999694824219 3.3249998092651367 7.5
    endloop
  endfacet
  facet normal -1 0 0
    outer loop
      vertex 106.19999694824219 3.3249998092651367 8
      vertex 106.19999694824219 1.0999994277954102 7.5
      vertex 106.19999694824219 1.0999994277954102 8
    endloop
  endfacet
  facet normal 0 0 1
    outer loop
      vertex 100.80000305175781 4.899999618530273 7.5
      vertex 100.1500015258789 4.249999046325684 7.5
      vertex 100.80000305175781 2.674999237060547 7.5
    endloop
  endfacet
  facet normal 0 0 1
    outer loop
      vertex 98.80000305175781 4.899999618530273 7.5
      vertex 100.1500015258789 4.249999046325684 7.5
      vertex 100.80000305175781 4.899999618530273 7.5
    endloop
  endfacet
  facet normal 0 0 1
    outer loop
      vertex 100.1500015258789 4.249999046325684 7.5
      vertex 98.80000305175781 4.899999618530273 7.5
      vertex 98.80000305175781 4.249999046325684 7.5
    endloop
  endfacet
  facet normal 0 0 1
    outer loop
      vertex 100.1500015258789 3.3249998092651367 7.5
      vertex 100.80000305175781 2.674999237060547 7.5
      vertex 100.1500015258789 4.249999046325684 7.5
    endloop
  endfacet
  facet normal 0 0 1
    outer loop
      vertex 100.1500015258789 3.3249998092651367 7.5
      vertex 99.44999694824219 2.674999237060547 7.5
      vertex 100.80000305175781 2.674999237060547 7.5
    endloop
  endfacet
  facet normal 0 0 1
    outer loop
      vertex 99.44999694824219 2.674999237060547 7.5
      vertex 98.80000305175781 3.3249998092651367 7.5
      vertex 99.44999694824219 1.7499990463256836 7.5
    endloop
  endfacet
  facet normal 0 0 1
    outer loop
      vertex 98.80000305175781 3.3249998092651367 7.5
      vertex 99.44999694824219 2.674999237060547 7.5
      vertex 100.1500015258789 3.3249998092651367 7.5
    endloop
  endfacet
  facet normal 0 0 1
    outer loop
      vertex 99.44999694824219 1.7499990463256836 7.5
      vertex 100.80000305175781 1.0999994277954102 7.5
      vertex 100.80000305175781 1.7499990463256836 7.5
    endloop
  endfacet
  facet normal 0 0 1
    outer loop
      vertex 99.44999694824219 1.7499990463256836 7.5
      vertex 98.80000305175781 1.0999994277954102 7.5
      vertex 100.80000305175781 1.0999994277954102 7.5
    endloop
  endfacet
  facet normal 0 0 1
    outer loop
      vertex 98.80000305175781 1.0999994277954102 7.5
      vertex 99.44999694824219 1.7499990463256836 7.5
      vertex 98.80000305175781 3.3249998092651367 7.5
    endloop
  endfacet
  facet normal 0 0 1
    outer loop
      vertex 102.1500015258789 3.3249998092651367 7.5
      vertex 102.8499984741211 2.674999237060547 7.5
      vertex 102.8499984741211 3.3249998092651367 7.5
    endloop
  endfacet
  facet normal 0 0 1
    outer loop
      vertex 102.1500015258789 3.3249998092651367 7.5
      vertex 101.5 2.674999237060547 7.5
      vertex 102.8499984741211 2.674999237060547 7.5
    endloop
  endfacet
  facet normal 0 0 1
    outer loop
      vertex 101.5 2.674999237060547 7.5
      vertex 102.1500015258789 3.3249998092651367 7.5
      vertex 101.5 4.899999618530273 7.5
    endloop
  endfacet
  facet normal 0 0 1
    outer loop
      vertex 102.8499984741211 3.3249998092651367 7.5
      vertex 103.5 4.899999618530273 7.5
      vertex 102.8499984741211 4.249999046325684 7.5
    endloop
  endfacet
  facet normal 0 0 1
    outer loop
      vertex 103.5 4.899999618530273 7.5
      vertex 102.1500015258789 4.249999046325684 7.5
      vertex 102.8499984741211 4.249999046325684 7.5
    endloop
  endfacet
  facet normal 0 0 1
    outer loop
      vertex 102.1500015258789 4.249999046325684 7.5
      vertex 101.5 4.899999618530273 7.5
      vertex 102.1500015258789 3.3249998092651367 7.5
    endloop
  endfacet
  facet normal 0 0 1
    outer loop
      vertex 101.5 4.899999618530273 7.5
      vertex 102.1500015258789 4.249999046325684 7.5
      vertex 103.5 4.899999618530273 7.5
    endloop
  endfacet
  facet normal 0 0 1
    outer loop
      vertex 103.5 4.899999618530273 7.5
      vertex 102.8499984741211 3.3249998092651367 7.5
      vertex 103.5 1.0999994277954102 7.5
    endloop
  endfacet
  facet normal 0 0 1
    outer loop
      vertex 102.8499984741211 2.674999237060547 7.5
      vertex 103.5 1.0999994277954102 7.5
      vertex 102.8499984741211 3.3249998092651367 7.5
    endloop
  endfacet
  facet normal 0 0 1
    outer loop
      vertex 102.8499984741211 1.7499990463256836 7.5
      vertex 103.5 1.0999994277954102 7.5
      vertex 102.8499984741211 2.674999237060547 7.5
    endloop
  endfacet
  facet normal 0 0 1
    outer loop
      vertex 101.5 1.0999994277954102 7.5
      vertex 102.8499984741211 1.7499990463256836 7.5
      vertex 101.5 1.7499990463256836 7.5
    endloop
  endfacet
  facet normal 0 0 1
    outer loop
      vertex 102.8499984741211 1.7499990463256836 7.5
      vertex 101.5 1.0999994277954102 7.5
      vertex 103.5 1.0999994277954102 7.5
    endloop
  endfacet
  facet normal 0 0 1
    outer loop
      vertex 106.19999694824219 4.899999618530273 7.5
      vertex 104.8499984741211 4.249999046325684 7.5
      vertex 106.19999694824219 4.249999046325684 7.5
    endloop
  endfacet
  facet normal 0 0 1
    outer loop
      vertex 104.8499984741211 4.249999046325684 7.5
      vertex 104.19999694824219 4.899999618530273 7.5
      vertex 104.8499984741211 3.3249998092651367 7.5
    endloop
  endfacet
  facet normal 0 0 1
    outer loop
      vertex 104.19999694824219 4.899999618530273 7.5
      vertex 104.8499984741211 4.249999046325684 7.5
      vertex 106.19999694824219 4.899999618530273 7.5
    endloop
  endfacet
  facet normal 0 0 1
    outer loop
      vertex 106.19999694824219 3.3249998092651367 7.5
      vertex 105.55000305175781 2.674999237060547 7.5
      vertex 106.19999694824219 1.0999994277954102 7.5
    endloop
  endfacet
  facet normal 0 0 1
    outer loop
      vertex 104.8499984741211 3.3249998092651367 7.5
      vertex 105.55000305175781 2.674999237060547 7.5
      vertex 106.19999694824219 3.3249998092651367 7.5
    endloop
  endfacet
  facet normal 0 0 1
    outer loop
      vertex 104.8499984741211 3.3249998092651367 7.5
      vertex 104.19999694824219 2.674999237060547 7.5
      vertex 105.55000305175781 2.674999237060547 7.5
    endloop
  endfacet
  facet normal 0 0 1
    outer loop
      vertex 104.19999694824219 2.674999237060547 7.5
      vertex 104.8499984741211 3.3249998092651367 7.5
      vertex 104.19999694824219 4.899999618530273 7.5
    endloop
  endfacet
  facet normal 0 0 1
    outer loop
      vertex 105.55000305175781 1.7499990463256836 7.5
      vertex 106.19999694824219 1.0999994277954102 7.5
      vertex 105.55000305175781 2.674999237060547 7.5
    endloop
  endfacet
  facet normal 0 0 1
    outer loop
      vertex 104.19999694824219 1.0999994277954102 7.5
      vertex 105.55000305175781 1.7499990463256836 7.5
      vertex 104.19999694824219 1.7499990463256836 7.5
    endloop
  endfacet
  facet normal 0 0 1
    outer loop
      vertex 105.55000305175781 1.7499990463256836 7.5
      vertex 104.19999694824219 1.0999994277954102 7.5
      vertex 106.19999694824219 1.0999994277954102 7.5
    endloop
  endfacet
  facet normal 1 0 0
    outer loop
      vertex 110 0 4.866024971008301
      vertex 110 6 3.133974075317383
      vertex 110 6 4.866024971008301
    endloop
  endfacet
  facet normal 1 0 0
    outer loop
      vertex 110 6 3.133974075317383
      vertex 110 0 4.866024971008301
      vertex 110 0 3.133974075317383
    endloop
  endfacet
  facet normal 0.4999998126024001 0 0.8660255119784663
    outer loop
      vertex 110 6 3.133974075317383
      vertex 111.5 0 2.267949104309082
      vertex 111.5 6 2.267949104309082
    endloop
  endfacet
  facet normal 0.4999998126024001 0 0.8660255119784663
    outer loop
      vertex 111.5 0 2.267949104309082
      vertex 110 6 3.133974075317383
      vertex 110 0 3.133974075317383
    endloop
  endfacet
  facet normal 0.4999998126024001 0 -0.8660255119784663
    outer loop
      vertex 110 0 4.866024971008301
      vertex 111.5 6 5.732049942016602
      vertex 111.5 0 5.732049942016602
    endloop
  endfacet
  facet normal 0.4999998126024001 0 -0.8660255119784663
    outer loop
      vertex 111.5 6 5.732049942016602
      vertex 110 0 4.866024971008301
      vertex 110 6 4.866024971008301
    endloop
  endfacet
  facet normal -1 0 0
    outer loop
      vertex 113 0 3.133974075317383
      vertex 113 6 4.866024971008301
      vertex 113 6 3.133974075317383
    endloop
  endfacet
  facet normal -1 0 0
    outer loop
      vertex 113 6 4.866024971008301
      vertex 113 0 3.133974075317383
      vertex 113 0 4.866024971008301
    endloop
  endfacet
  facet normal -0.4999998126024001 0 0.8660255119784663
    outer loop
      vertex 111.5 6 2.267949104309082
      vertex 113 0 3.133974075317383
      vertex 113 6 3.133974075317383
    endloop
  endfacet
  facet normal -0.4999998126024001 0 0.8660255119784663
    outer loop
      vertex 113 0 3.133974075317383
      vertex 111.5 6 2.267949104309082
      vertex 111.5 0 2.267949104309082
    endloop
  endfacet
  facet normal -0.4999998126024001 0 -0.8660255119784663
    outer loop
      vertex 111.5 0 5.732049942016602
      vertex 113 6 4.866024971008301
      vertex 113 0 4.866024971008301
    endloop
  endfacet
  facet normal -0.4999998126024001 0 -0.8660255119784663
    outer loop
      vertex 113 6 4.866024971008301
      vertex 111.5 0 5.732049942016602
      vertex 111.5 6 5.732049942016602
    endloop
  endfacet
  facet normal 0 -1 0
    outer loop
      vertex 107.80000305175781 4.899999618530273 7.5
      vertex 109.80000305175781 4.899999618530273 8
      vertex 107.80000305175781 4.899999618530273 8
    endloop
  endfacet
  facet normal 0 -1 0
    outer loop
      vertex 109.80000305175781 4.899999618530273 8
      vertex 107.80000305175781 4.899999618530273 7.5
      vertex 109.80000305175781 4.899999618530273 7.5
    endloop
  endfacet
  facet normal 1 0 0
    outer loop
      vertex 107.80000305175781 4.249999046325684 8
      vertex 107.80000305175781 4.899999618530273 7.5
      vertex 107.80000305175781 4.899999618530273 8
    endloop
  endfacet
  facet normal 1 0 0
    outer loop
      vertex 107.80000305175781 4.899999618530273 7.5
      vertex 107.80000305175781 4.249999046325684 8
      vertex 107.80000305175781 4.249999046325684 7.5
    endloop
  endfacet
  facet normal 0 1 0
    outer loop
      vertex 109.1500015258789 4.249999046325684 7.5
      vertex 107.80000305175781 4.249999046325684 8
      vertex 109.1500015258789 4.249999046325684 8
    endloop
  endfacet
  facet normal 0 1 0
    outer loop
      vertex 107.80000305175781 4.249999046325684 8
      vertex 109.1500015258789 4.249999046325684 7.5
      vertex 107.80000305175781 4.249999046325684 7.5
    endloop
  endfacet
  facet normal 1 0 0
    outer loop
      vertex 109.1500015258789 3.3249998092651367 8
      vertex 109.1500015258789 4.249999046325684 7.5
      vertex 109.1500015258789 4.249999046325684 8
    endloop
  endfacet
  facet normal 1 0 0
    outer loop
      vertex 109.1500015258789 4.249999046325684 7.5
      vertex 109.1500015258789 3.3249998092651367 8
      vertex 109.1500015258789 3.3249998092651367 7.5
    endloop
  endfacet
  facet normal 0 -1 0
    outer loop
      vertex 107.80000305175781 3.3249998092651367 7.5
      vertex 109.1500015258789 3.3249998092651367 8
      vertex 107.80000305175781 3.3249998092651367 8
    endloop
  endfacet
  facet normal 0 -1 0
    outer loop
      vertex 109.1500015258789 3.3249998092651367 8
      vertex 107.80000305175781 3.3249998092651367 7.5
      vertex 109.1500015258789 3.3249998092651367 7.5
    endloop
  endfacet
  facet normal 1 0 0
    outer loop
      vertex 107.80000305175781 2.674999237060547 8
      vertex 107.80000305175781 3.3249998092651367 7.5
      vertex 107.80000305175781 3.3249998092651367 8
    endloop
  endfacet
  facet normal 1 0 0
    outer loop
      vertex 107.80000305175781 3.3249998092651367 7.5
      vertex 107.80000305175781 2.674999237060547 8
      vertex 107.80000305175781 2.674999237060547 7.5
    endloop
  endfacet
  facet normal 0 1 0
    outer loop
      vertex 109.1500015258789 2.674999237060547 7.5
      vertex 107.80000305175781 2.674999237060547 8
      vertex 109.1500015258789 2.674999237060547 8
    endloop
  endfacet
  facet normal 0 1 0
    outer loop
      vertex 107.80000305175781 2.674999237060547 8
      vertex 109.1500015258789 2.674999237060547 7.5
      vertex 107.80000305175781 2.674999237060547 7.5
    endloop
  endfacet
  facet normal 1 0 0
    outer loop
      vertex 109.1500015258789 1.7499990463256836 8
      vertex 109.1500015258789 2.674999237060547 7.5
      vertex 109.1500015258789 2.674999237060547 8
    endloop
  endfacet
  facet normal 1 0 0
    outer loop
      vertex 109.1500015258789 2.674999237060547 7.5
      vertex 109.1500015258789 1.7499990463256836 8
      vertex 109.1500015258789 1.7499990463256836 7.5
    endloop
  endfacet
  facet normal 0 -1 0
    outer loop
      vertex 107.80000305175781 1.7499990463256836 7.5
      vertex 109.1500015258789 1.7499990463256836 8
      vertex 107.80000305175781 1.7499990463256836 8
    endloop
  endfacet
  facet normal 0 -1 0
    outer loop
      vertex 109.1500015258789 1.7499990463256836 8
      vertex 107.80000305175781 1.7499990463256836 7.5
      vertex 109.1500015258789 1.7499990463256836 7.5
    endloop
  endfacet
  facet normal 1 0 0
    outer loop
      vertex 107.80000305175781 1.0999994277954102 8
      vertex 107.80000305175781 1.7499990463256836 7.5
      vertex 107.80000305175781 1.7499990463256836 8
    endloop
  endfacet
  facet normal 1 0 0
    outer loop
      vertex 107.80000305175781 1.7499990463256836 7.5
      vertex 107.80000305175781 1.0999994277954102 8
      vertex 107.80000305175781 1.0999994277954102 7.5
    endloop
  endfacet
  facet normal 0 1 0
    outer loop
      vertex 109.80000305175781 1.0999994277954102 7.5
      vertex 107.80000305175781 1.0999994277954102 8
      vertex 109.80000305175781 1.0999994277954102 8
    endloop
  endfacet
  facet normal 0 1 0
    outer loop
      vertex 107.80000305175781 1.0999994277954102 8
      vertex 109.80000305175781 1.0999994277954102 7.5
      vertex 107.80000305175781 1.0999994277954102 7.5
    endloop
  endfacet
  facet normal -1 0 0
    outer loop
      vertex 109.80000305175781 1.0999994277954102 7.5
      vertex 109.80000305175781 4.899999618530273 8
      vertex 109.80000305175781 4.899999618530273 7.5
    endloop
  endfacet
  facet normal -1 0 0
    outer loop
      vertex 109.80000305175781 4.899999618530273 8
      vertex 109.80000305175781 1.0999994277954102 7.5
      vertex 109.80000305175781 1.0999994277954102 8
    endloop
  endfacet
  facet normal 0 -1 0
    outer loop
      vertex 110.5 4.899999618530273 7.5
      vertex 112.5 4.899999618530273 8
      vertex 110.5 4.899999618530273 8
    endloop
  endfacet
  facet normal 0 -1 0
    outer loop
      vertex 112.5 4.899999618530273 8
      vertex 110.5 4.899999618530273 7.5
      vertex 112.5 4.899999618530273 7.5
    endloop
  endfacet
  facet normal 1 0 0
    outer loop
      vertex 110.5 1.0999994277954102 8
      vertex 110.5 4.899999618530273 7.5
      vertex 110.5 4.899999618530273 8
    endloop
  endfacet
  facet normal 1 0 0
    outer loop
      vertex 110.5 4.899999618530273 7.5
      vertex 110.5 1.0999994277954102 8
      vertex 110.5 1.0999994277954102 7.5
    endloop
  endfacet
  facet normal 0 1 0
    outer loop
      vertex 112.5 1.0999994277954102 7.5
      vertex 110.5 1.0999994277954102 8
      vertex 112.5 1.0999994277954102 8
    endloop
  endfacet
  facet normal 0 1 0
    outer loop
      vertex 110.5 1.0999994277954102 8
      vertex 112.5 1.0999994277954102 7.5
      vertex 110.5 1.0999994277954102 7.5
    endloop
  endfacet
  facet normal -1 0 0
    outer loop
      vertex 112.5 1.0999994277954102 7.5
      vertex 112.5 4.899999618530273 8
      vertex 112.5 4.899999618530273 7.5
    endloop
  endfacet
  facet normal -1 0 0
    outer loop
      vertex 112.5 4.899999618530273 8
      vertex 112.5 1.0999994277954102 7.5
      vertex 112.5 1.0999994277954102 8
    endloop
  endfacet
  facet normal 0 1 0
    outer loop
      vertex 111.8499984741211 4.249999046325684 7.5
      vertex 111.1500015258789 4.249999046325684 8
      vertex 111.8499984741211 4.249999046325684 8
    endloop
  endfacet
  facet normal 0 1 0
    outer loop
      vertex 111.1500015258789 4.249999046325684 8
      vertex 111.8499984741211 4.249999046325684 7.5
      vertex 111.1500015258789 4.249999046325684 7.5
    endloop
  endfacet
  facet normal 1 0 0
    outer loop
      vertex 111.8499984741211 1.7499990463256836 8
      vertex 111.8499984741211 4.249999046325684 7.5
      vertex 111.8499984741211 4.249999046325684 8
    endloop
  endfacet
  facet normal 1 0 0
    outer loop
      vertex 111.8499984741211 4.249999046325684 7.5
      vertex 111.8499984741211 1.7499990463256836 8
      vertex 111.8499984741211 1.7499990463256836 7.5
    endloop
  endfacet
  facet normal 0 -1 0
    outer loop
      vertex 111.1500015258789 1.7499990463256836 7.5
      vertex 111.8499984741211 1.7499990463256836 8
      vertex 111.1500015258789 1.7499990463256836 8
    endloop
  endfacet
  facet normal 0 -1 0
    outer loop
      vertex 111.8499984741211 1.7499990463256836 8
      vertex 111.1500015258789 1.7499990463256836 7.5
      vertex 111.8499984741211 1.7499990463256836 7.5
    endloop
  endfacet
  facet normal -1 0 0
    outer loop
      vertex 111.1500015258789 1.7499990463256836 7.5
      vertex 111.1500015258789 4.249999046325684 8
      vertex 111.1500015258789 4.249999046325684 7.5
    endloop
  endfacet
  facet normal -1 0 0
    outer loop
      vertex 111.1500015258789 4.249999046325684 8
      vertex 111.1500015258789 1.7499990463256836 7.5
      vertex 111.1500015258789 1.7499990463256836 8
    endloop
  endfacet
  facet normal 0 -1 0
    outer loop
      vertex 113.19999694824219 4.899999618530273 7.5
      vertex 115.19999694824219 4.899999618530273 8
      vertex 113.19999694824219 4.899999618530273 8
    endloop
  endfacet
  facet normal 0 -1 0
    outer loop
      vertex 115.19999694824219 4.899999618530273 8
      vertex 113.19999694824219 4.899999618530273 7.5
      vertex 115.19999694824219 4.899999618530273 7.5
    endloop
  endfacet
  facet normal 1 0 0
    outer loop
      vertex 113.19999694824219 1.0999994277954102 8
      vertex 113.19999694824219 4.899999618530273 7.5
      vertex 113.19999694824219 4.899999618530273 8
    endloop
  endfacet
  facet normal 1 0 0
    outer loop
      vertex 113.19999694824219 4.899999618530273 7.5
      vertex 113.19999694824219 1.0999994277954102 8
      vertex 113.19999694824219 1.0999994277954102 7.5
    endloop
  endfacet
  facet normal 0 1 0
    outer loop
      vertex 115.19999694824219 1.0999994277954102 7.5
      vertex 113.19999694824219 1.0999994277954102 8
      vertex 115.19999694824219 1.0999994277954102 8
    endloop
  endfacet
  facet normal 0 1 0
    outer loop
      vertex 113.19999694824219 1.0999994277954102 8
      vertex 115.19999694824219 1.0999994277954102 7.5
      vertex 113.19999694824219 1.0999994277954102 7.5
    endloop
  endfacet
  facet normal -1 0 0
    outer loop
      vertex 115.19999694824219 1.0999994277954102 7.5
      vertex 115.19999694824219 4.899999618530273 8
      vertex 115.19999694824219 4.899999618530273 7.5
    endloop
  endfacet
  facet normal -1 0 0
    outer loop
      vertex 115.19999694824219 4.899999618530273 8
      vertex 115.19999694824219 1.0999994277954102 7.5
      vertex 115.19999694824219 1.0999994277954102 8
    endloop
  endfacet
  facet normal 0 1 0
    outer loop
      vertex 114.55000305175781 4.249999046325684 7.5
      vertex 113.8499984741211 4.249999046325684 8
      vertex 114.55000305175781 4.249999046325684 8
    endloop
  endfacet
  facet normal 0 1 0
    outer loop
      vertex 113.8499984741211 4.249999046325684 8
      vertex 114.55000305175781 4.249999046325684 7.5
      vertex 113.8499984741211 4.249999046325684 7.5
    endloop
  endfacet
  facet normal 1 0 0
    outer loop
      vertex 114.55000305175781 1.7499990463256836 8
      vertex 114.55000305175781 4.249999046325684 7.5
      vertex 114.55000305175781 4.249999046325684 8
    endloop
  endfacet
  facet normal 1 0 0
    outer loop
      vertex 114.55000305175781 4.249999046325684 7.5
      vertex 114.55000305175781 1.7499990463256836 8
      vertex 114.55000305175781 1.7499990463256836 7.5
    endloop
  endfacet
  facet normal 0 -1 0
    outer loop
      vertex 113.8499984741211 1.7499990463256836 7.5
      vertex 114.55000305175781 1.7499990463256836 8
      vertex 113.8499984741211 1.7499990463256836 8
    endloop
  endfacet
  facet normal 0 -1 0
    outer loop
      vertex 114.55000305175781 1.7499990463256836 8
      vertex 113.8499984741211 1.7499990463256836 7.5
      vertex 114.55000305175781 1.7499990463256836 7.5
    endloop
  endfacet
  facet normal -1 0 0
    outer loop
      vertex 113.8499984741211 1.7499990463256836 7.5
      vertex 113.8499984741211 4.249999046325684 8
      vertex 113.8499984741211 4.249999046325684 7.5
    endloop
  endfacet
  facet normal -1 0 0
    outer loop
      vertex 113.8499984741211 4.249999046325684 8
      vertex 113.8499984741211 1.7499990463256836 7.5
      vertex 113.8499984741211 1.7499990463256836 8
    endloop
  endfacet
  facet normal 0 0 1
    outer loop
      vertex 107.80000305175781 3.3249998092651367 7.5
      vertex 109.1500015258789 2.674999237060547 7.5
      vertex 109.1500015258789 3.3249998092651367 7.5
    endloop
  endfacet
  facet normal 0 0 1
    outer loop
      vertex 109.1500015258789 2.674999237060547 7.5
      vertex 107.80000305175781 3.3249998092651367 7.5
      vertex 107.80000305175781 2.674999237060547 7.5
    endloop
  endfacet
  facet normal 0 0 1
    outer loop
      vertex 109.1500015258789 3.3249998092651367 7.5
      vertex 109.80000305175781 4.899999618530273 7.5
      vertex 109.1500015258789 4.249999046325684 7.5
    endloop
  endfacet
  facet normal 0 0 1
    outer loop
      vertex 107.80000305175781 4.899999618530273 7.5
      vertex 109.1500015258789 4.249999046325684 7.5
      vertex 109.80000305175781 4.899999618530273 7.5
    endloop
  endfacet
  facet normal 0 0 1
    outer loop
      vertex 109.1500015258789 4.249999046325684 7.5
      vertex 107.80000305175781 4.899999618530273 7.5
      vertex 107.80000305175781 4.249999046325684 7.5
    endloop
  endfacet
  facet normal 0 0 1
    outer loop
      vertex 109.80000305175781 4.899999618530273 7.5
      vertex 109.1500015258789 3.3249998092651367 7.5
      vertex 109.80000305175781 1.0999994277954102 7.5
    endloop
  endfacet
  facet normal 0 0 1
    outer loop
      vertex 109.1500015258789 2.674999237060547 7.5
      vertex 109.80000305175781 1.0999994277954102 7.5
      vertex 109.1500015258789 3.3249998092651367 7.5
    endloop
  endfacet
  facet normal 0 0 1
    outer loop
      vertex 109.1500015258789 1.7499990463256836 7.5
      vertex 109.80000305175781 1.0999994277954102 7.5
      vertex 109.1500015258789 2.674999237060547 7.5
    endloop
  endfacet
  facet normal 0 0 1
    outer loop
      vertex 107.80000305175781 1.0999994277954102 7.5
      vertex 109.1500015258789 1.7499990463256836 7.5
      vertex 107.80000305175781 1.7499990463256836 7.5
    endloop
  endfacet
  facet normal 0 0 1
    outer loop
      vertex 109.1500015258789 1.7499990463256836 7.5
      vertex 107.80000305175781 1.0999994277954102 7.5
      vertex 109.80000305175781 1.0999994277954102 7.5
    endloop
  endfacet
  facet normal 0 0 1
    outer loop
      vertex 112.5 4.899999618530273 7.5
      vertex 111.8499984741211 4.249999046325684 7.5
      vertex 112.5 1.0999994277954102 7.5
    endloop
  endfacet
  facet normal 0 0 1
    outer loop
      vertex 112.5 4.899999618530273 7.5
      vertex 111.1500015258789 4.249999046325684 7.5
      vertex 111.8499984741211 4.249999046325684 7.5
    endloop
  endfacet
  facet normal 0 0 1
    outer loop
      vertex 111.1500015258789 4.249999046325684 7.5
      vertex 110.5 4.899999618530273 7.5
      vertex 111.1500015258789 1.7499990463256836 7.5
    endloop
  endfacet
  facet normal 0 0 1
    outer loop
      vertex 110.5 4.899999618530273 7.5
      vertex 111.1500015258789 4.249999046325684 7.5
      vertex 112.5 4.899999618530273 7.5
    endloop
  endfacet
  facet normal 0 0 1
    outer loop
      vertex 111.8499984741211 1.7499990463256836 7.5
      vertex 112.5 1.0999994277954102 7.5
      vertex 111.8499984741211 4.249999046325684 7.5
    endloop
  endfacet
  facet normal 0 0 1
    outer loop
      vertex 111.1500015258789 1.7499990463256836 7.5
      vertex 112.5 1.0999994277954102 7.5
      vertex 111.8499984741211 1.7499990463256836 7.5
    endloop
  endfacet
  facet normal 0 0 1
    outer loop
      vertex 111.1500015258789 1.7499990463256836 7.5
      vertex 110.5 1.0999994277954102 7.5
      vertex 112.5 1.0999994277954102 7.5
    endloop
  endfacet
  facet normal 0 0 1
    outer loop
      vertex 110.5 1.0999994277954102 7.5
      vertex 111.1500015258789 1.7499990463256836 7.5
      vertex 110.5 4.899999618530273 7.5
    endloop
  endfacet
  facet normal 0 0 1
    outer loop
      vertex 115.19999694824219 4.899999618530273 7.5
      vertex 114.55000305175781 4.249999046325684 7.5
      vertex 115.19999694824219 1.0999994277954102 7.5
    endloop
  endfacet
  facet normal 0 0 1
    outer loop
      vertex 115.19999694824219 4.899999618530273 7.5
      vertex 113.8499984741211 4.249999046325684 7.5
      vertex 114.55000305175781 4.249999046325684 7.5
    endloop
  endfacet
  facet normal 0 0 1
    outer loop
      vertex 113.8499984741211 4.249999046325684 7.5
      vertex 113.19999694824219 4.899999618530273 7.5
      vertex 113.8499984741211 1.7499990463256836 7.5
    endloop
  endfacet
  facet normal 0 0 1
    outer loop
      vertex 113.19999694824219 4.899999618530273 7.5
      vertex 113.8499984741211 4.249999046325684 7.5
      vertex 115.19999694824219 4.899999618530273 7.5
    endloop
  endfacet
  facet normal 0 0 1
    outer loop
      vertex 114.55000305175781 1.7499990463256836 7.5
      vertex 115.19999694824219 1.0999994277954102 7.5
      vertex 114.55000305175781 4.249999046325684 7.5
    endloop
  endfacet
  facet normal 0 0 1
    outer loop
      vertex 113.8499984741211 1.7499990463256836 7.5
      vertex 115.19999694824219 1.0999994277954102 7.5
      vertex 114.55000305175781 1.7499990463256836 7.5
    endloop
  endfacet
  facet normal 0 0 1
    outer loop
      vertex 113.8499984741211 1.7499990463256836 7.5
      vertex 113.19999694824219 1.0999994277954102 7.5
      vertex 115.19999694824219 1.0999994277954102 7.5
    endloop
  endfacet
  facet normal 0 0 1
    outer loop
      vertex 113.19999694824219 1.0999994277954102 7.5
      vertex 113.8499984741211 1.7499990463256836 7.5
      vertex 113.19999694824219 4.899999618530273 7.5
    endloop
  endfacet
  facet normal 1 0 0
    outer loop
      vertex 118.9749984741211 0 4.880458831787109
      vertex 118.9749984741211 6 3.119540214538574
      vertex 118.9749984741211 6 4.880458831787109
    endloop
  endfacet
  facet normal 1 0 0
    outer loop
      vertex 118.9749984741211 6 3.119540214538574
      vertex 118.9749984741211 0 4.880458831787109
      vertex 118.9749984741211 0 3.119540214538574
    endloop
  endfacet
  facet normal 0.4999994847746206 0 0.8660257012497458
    outer loop
      vertex 118.9749984741211 6 3.119540214538574
      vertex 120.5 0 2.239081382751465
      vertex 120.5 6 2.239081382751465
    endloop
  endfacet
  facet normal 0.4999994847746206 0 0.8660257012497458
    outer loop
      vertex 120.5 0 2.239081382751465
      vertex 118.9749984741211 6 3.119540214538574
      vertex 118.9749984741211 0 3.119540214538574
    endloop
  endfacet
  facet normal 0.4999994847746206 0 -0.8660257012497458
    outer loop
      vertex 118.9749984741211 0 4.880458831787109
      vertex 120.5 6 5.760917663574219
      vertex 120.5 0 5.760917663574219
    endloop
  endfacet
  facet normal 0.4999994847746206 0 -0.8660257012497458
    outer loop
      vertex 120.5 6 5.760917663574219
      vertex 118.9749984741211 0 4.880458831787109
      vertex 118.9749984741211 6 4.880458831787109
    endloop
  endfacet
  facet normal -1 0 0
    outer loop
      vertex 122.0250015258789 0 3.119540214538574
      vertex 122.0250015258789 6 4.880458831787109
      vertex 122.0250015258789 6 3.119540214538574
    endloop
  endfacet
  facet normal -1 0 0
    outer loop
      vertex 122.0250015258789 6 4.880458831787109
      vertex 122.0250015258789 0 3.119540214538574
      vertex 122.0250015258789 0 4.880458831787109
    endloop
  endfacet
  facet normal -0.4999994847746206 0 0.8660257012497458
    outer loop
      vertex 120.5 6 2.239081382751465
      vertex 122.0250015258789 0 3.119540214538574
      vertex 122.0250015258789 6 3.119540214538574
    endloop
  endfacet
  facet normal -0.4999994847746206 0 0.8660257012497458
    outer loop
      vertex 122.0250015258789 0 3.119540214538574
      vertex 120.5 6 2.239081382751465
      vertex 120.5 0 2.239081382751465
    endloop
  endfacet
  facet normal -0.4999994847746206 0 -0.8660257012497458
    outer loop
      vertex 120.5 0 5.760917663574219
      vertex 122.0250015258789 6 4.880458831787109
      vertex 122.0250015258789 0 4.880458831787109
    endloop
  endfacet
  facet normal -0.4999994847746206 0 -0.8660257012497458
    outer loop
      vertex 122.0250015258789 6 4.880458831787109
      vertex 120.5 0 5.760917663574219
      vertex 120.5 6 5.760917663574219
    endloop
  endfacet
  facet normal 0 -1 0
    outer loop
      vertex 116.80000305175781 4.899999618530273 7.5
      vertex 118.80000305175781 4.899999618530273 8
      vertex 116.80000305175781 4.899999618530273 8
    endloop
  endfacet
  facet normal 0 -1 0
    outer loop
      vertex 118.80000305175781 4.899999618530273 8
      vertex 116.80000305175781 4.899999618530273 7.5
      vertex 118.80000305175781 4.899999618530273 7.5
    endloop
  endfacet
  facet normal 1 0 0
    outer loop
      vertex 116.80000305175781 4.249999046325684 8
      vertex 116.80000305175781 4.899999618530273 7.5
      vertex 116.80000305175781 4.899999618530273 8
    endloop
  endfacet
  facet normal 1 0 0
    outer loop
      vertex 116.80000305175781 4.899999618530273 7.5
      vertex 116.80000305175781 4.249999046325684 8
      vertex 116.80000305175781 4.249999046325684 7.5
    endloop
  endfacet
  facet normal 0 1 0
    outer loop
      vertex 118.1500015258789 4.249999046325684 7.5
      vertex 116.80000305175781 4.249999046325684 8
      vertex 118.1500015258789 4.249999046325684 8
    endloop
  endfacet
  facet normal 0 1 0
    outer loop
      vertex 116.80000305175781 4.249999046325684 8
      vertex 118.1500015258789 4.249999046325684 7.5
      vertex 116.80000305175781 4.249999046325684 7.5
    endloop
  endfacet
  facet normal 1 0 0
    outer loop
      vertex 118.1500015258789 3.3249998092651367 8
      vertex 118.1500015258789 4.249999046325684 7.5
      vertex 118.1500015258789 4.249999046325684 8
    endloop
  endfacet
  facet normal 1 0 0
    outer loop
      vertex 118.1500015258789 4.249999046325684 7.5
      vertex 118.1500015258789 3.3249998092651367 8
      vertex 118.1500015258789 3.3249998092651367 7.5
    endloop
  endfacet
  facet normal 0 -1 0
    outer loop
      vertex 116.80000305175781 3.3249998092651367 7.5
      vertex 118.1500015258789 3.3249998092651367 8
      vertex 116.80000305175781 3.3249998092651367 8
    endloop
  endfacet
  facet normal 0 -1 0
    outer loop
      vertex 118.1500015258789 3.3249998092651367 8
      vertex 116.80000305175781 3.3249998092651367 7.5
      vertex 118.1500015258789 3.3249998092651367 7.5
    endloop
  endfacet
  facet normal 1 0 0
    outer loop
      vertex 116.80000305175781 2.674999237060547 8
      vertex 116.80000305175781 3.3249998092651367 7.5
      vertex 116.80000305175781 3.3249998092651367 8
    endloop
  endfacet
  facet normal 1 0 0
    outer loop
      vertex 116.80000305175781 3.3249998092651367 7.5
      vertex 116.80000305175781 2.674999237060547 8
      vertex 116.80000305175781 2.674999237060547 7.5
    endloop
  endfacet
  facet normal 0 1 0
    outer loop
      vertex 118.1500015258789 2.674999237060547 7.5
      vertex 116.80000305175781 2.674999237060547 8
      vertex 118.1500015258789 2.674999237060547 8
    endloop
  endfacet
  facet normal 0 1 0
    outer loop
      vertex 116.80000305175781 2.674999237060547 8
      vertex 118.1500015258789 2.674999237060547 7.5
      vertex 116.80000305175781 2.674999237060547 7.5
    endloop
  endfacet
  facet normal 1 0 0
    outer loop
      vertex 118.1500015258789 1.7499990463256836 8
      vertex 118.1500015258789 2.674999237060547 7.5
      vertex 118.1500015258789 2.674999237060547 8
    endloop
  endfacet
  facet normal 1 0 0
    outer loop
      vertex 118.1500015258789 2.674999237060547 7.5
      vertex 118.1500015258789 1.7499990463256836 8
      vertex 118.1500015258789 1.7499990463256836 7.5
    endloop
  endfacet
  facet normal 0 -1 0
    outer loop
      vertex 116.80000305175781 1.7499990463256836 7.5
      vertex 118.1500015258789 1.7499990463256836 8
      vertex 116.80000305175781 1.7499990463256836 8
    endloop
  endfacet
  facet normal 0 -1 0
    outer loop
      vertex 118.1500015258789 1.7499990463256836 8
      vertex 116.80000305175781 1.7499990463256836 7.5
      vertex 118.1500015258789 1.7499990463256836 7.5
    endloop
  endfacet
  facet normal 1 0 0
    outer loop
      vertex 116.80000305175781 1.0999994277954102 8
      vertex 116.80000305175781 1.7499990463256836 7.5
      vertex 116.80000305175781 1.7499990463256836 8
    endloop
  endfacet
  facet normal 1 0 0
    outer loop
      vertex 116.80000305175781 1.7499990463256836 7.5
      vertex 116.80000305175781 1.0999994277954102 8
      vertex 116.80000305175781 1.0999994277954102 7.5
    endloop
  endfacet
  facet normal 0 1 0
    outer loop
      vertex 118.80000305175781 1.0999994277954102 7.5
      vertex 116.80000305175781 1.0999994277954102 8
      vertex 118.80000305175781 1.0999994277954102 8
    endloop
  endfacet
  facet normal 0 1 0
    outer loop
      vertex 116.80000305175781 1.0999994277954102 8
      vertex 118.80000305175781 1.0999994277954102 7.5
      vertex 116.80000305175781 1.0999994277954102 7.5
    endloop
  endfacet
  facet normal -1 0 0
    outer loop
      vertex 118.80000305175781 1.0999994277954102 7.5
      vertex 118.80000305175781 4.899999618530273 8
      vertex 118.80000305175781 4.899999618530273 7.5
    endloop
  endfacet
  facet normal -1 0 0
    outer loop
      vertex 118.80000305175781 4.899999618530273 8
      vertex 118.80000305175781 1.0999994277954102 7.5
      vertex 118.80000305175781 1.0999994277954102 8
    endloop
  endfacet
  facet normal 0 -1 0
    outer loop
      vertex 119.5 4.899999618530273 7.5
      vertex 121.5 4.899999618530273 8
      vertex 119.5 4.899999618530273 8
    endloop
  endfacet
  facet normal 0 -1 0
    outer loop
      vertex 121.5 4.899999618530273 8
      vertex 119.5 4.899999618530273 7.5
      vertex 121.5 4.899999618530273 7.5
    endloop
  endfacet
  facet normal 1 0 0
    outer loop
      vertex 119.5 1.0999994277954102 8
      vertex 119.5 4.899999618530273 7.5
      vertex 119.5 4.899999618530273 8
    endloop
  endfacet
  facet normal 1 0 0
    outer loop
      vertex 119.5 4.899999618530273 7.5
      vertex 119.5 1.0999994277954102 8
      vertex 119.5 1.0999994277954102 7.5
    endloop
  endfacet
  facet normal 0 1 0
    outer loop
      vertex 121.5 1.0999994277954102 7.5
      vertex 119.5 1.0999994277954102 8
      vertex 121.5 1.0999994277954102 8
    endloop
  endfacet
  facet normal 0 1 0
    outer loop
      vertex 119.5 1.0999994277954102 8
      vertex 121.5 1.0999994277954102 7.5
      vertex 119.5 1.0999994277954102 7.5
    endloop
  endfacet
  facet normal -1 0 0
    outer loop
      vertex 121.5 1.0999994277954102 7.5
      vertex 121.5 4.899999618530273 8
      vertex 121.5 4.899999618530273 7.5
    endloop
  endfacet
  facet normal -1 0 0
    outer loop
      vertex 121.5 4.899999618530273 8
      vertex 121.5 1.0999994277954102 7.5
      vertex 121.5 1.0999994277954102 8
    endloop
  endfacet
  facet normal 0 1 0
    outer loop
      vertex 120.8499984741211 4.249999046325684 7.5
      vertex 120.1500015258789 4.249999046325684 8
      vertex 120.8499984741211 4.249999046325684 8
    endloop
  endfacet
  facet normal 0 1 0
    outer loop
      vertex 120.1500015258789 4.249999046325684 8
      vertex 120.8499984741211 4.249999046325684 7.5
      vertex 120.1500015258789 4.249999046325684 7.5
    endloop
  endfacet
  facet normal 1 0 0
    outer loop
      vertex 120.8499984741211 1.7499990463256836 8
      vertex 120.8499984741211 4.249999046325684 7.5
      vertex 120.8499984741211 4.249999046325684 8
    endloop
  endfacet
  facet normal 1 0 0
    outer loop
      vertex 120.8499984741211 4.249999046325684 7.5
      vertex 120.8499984741211 1.7499990463256836 8
      vertex 120.8499984741211 1.7499990463256836 7.5
    endloop
  endfacet
  facet normal 0 -1 0
    outer loop
      vertex 120.1500015258789 1.7499990463256836 7.5
      vertex 120.8499984741211 1.7499990463256836 8
      vertex 120.1500015258789 1.7499990463256836 8
    endloop
  endfacet
  facet normal 0 -1 0
    outer loop
      vertex 120.8499984741211 1.7499990463256836 8
      vertex 120.1500015258789 1.7499990463256836 7.5
      vertex 120.8499984741211 1.7499990463256836 7.5
    endloop
  endfacet
  facet normal -1 0 0
    outer loop
      vertex 120.1500015258789 1.7499990463256836 7.5
      vertex 120.1500015258789 4.249999046325684 8
      vertex 120.1500015258789 4.249999046325684 7.5
    endloop
  endfacet
  facet normal -1 0 0
    outer loop
      vertex 120.1500015258789 4.249999046325684 8
      vertex 120.1500015258789 1.7499990463256836 7.5
      vertex 120.1500015258789 1.7499990463256836 8
    endloop
  endfacet
  facet normal 0 -1 0
    outer loop
      vertex 122.8499984741211 3.3249998092651367 7.5
      vertex 124.19999694824219 3.3249998092651367 8
      vertex 122.8499984741211 3.3249998092651367 8
    endloop
  endfacet
  facet normal 0 -1 0
    outer loop
      vertex 124.19999694824219 3.3249998092651367 8
      vertex 122.8499984741211 3.3249998092651367 7.5
      vertex 124.19999694824219 3.3249998092651367 7.5
    endloop
  endfacet
  facet normal -1 0 0
    outer loop
      vertex 122.8499984741211 3.3249998092651367 7.5
      vertex 122.8499984741211 4.249999046325684 8
      vertex 122.8499984741211 4.249999046325684 7.5
    endloop
  endfacet
  facet normal -1 0 0
    outer loop
      vertex 122.8499984741211 4.249999046325684 8
      vertex 122.8499984741211 3.3249998092651367 7.5
      vertex 122.8499984741211 3.3249998092651367 8
    endloop
  endfacet
  facet normal 0 1 0
    outer loop
      vertex 124.19999694824219 4.249999046325684 7.5
      vertex 122.8499984741211 4.249999046325684 8
      vertex 124.19999694824219 4.249999046325684 8
    endloop
  endfacet
  facet normal 0 1 0
    outer loop
      vertex 122.8499984741211 4.249999046325684 8
      vertex 124.19999694824219 4.249999046325684 7.5
      vertex 122.8499984741211 4.249999046325684 7.5
    endloop
  endfacet
  facet normal -1 0 0
    outer loop
      vertex 124.19999694824219 4.249999046325684 7.5
      vertex 124.19999694824219 4.899999618530273 8
      vertex 124.19999694824219 4.899999618530273 7.5
    endloop
  endfacet
  facet normal -1 0 0
    outer loop
      vertex 124.19999694824219 4.899999618530273 8
      vertex 124.19999694824219 4.249999046325684 7.5
      vertex 124.19999694824219 4.249999046325684 8
    endloop
  endfacet
  facet normal 0 -1 0
    outer loop
      vertex 122.19999694824219 4.899999618530273 7.5
      vertex 124.19999694824219 4.899999618530273 8
      vertex 122.19999694824219 4.899999618530273 8
    endloop
  endfacet
  facet normal 0 -1 0
    outer loop
      vertex 124.19999694824219 4.899999618530273 8
      vertex 122.19999694824219 4.899999618530273 7.5
      vertex 124.19999694824219 4.899999618530273 7.5
    endloop
  endfacet
  facet normal 1 0 0
    outer loop
      vertex 122.19999694824219 2.674999237060547 8
      vertex 122.19999694824219 4.899999618530273 7.5
      vertex 122.19999694824219 4.899999618530273 8
    endloop
  endfacet
  facet normal 1 0 0
    outer loop
      vertex 122.19999694824219 4.899999618530273 7.5
      vertex 122.19999694824219 2.674999237060547 8
      vertex 122.19999694824219 2.674999237060547 7.5
    endloop
  endfacet
  facet normal 0 1 0
    outer loop
      vertex 123.55000305175781 2.674999237060547 7.5
      vertex 122.19999694824219 2.674999237060547 8
      vertex 123.55000305175781 2.674999237060547 8
    endloop
  endfacet
  facet normal 0 1 0
    outer loop
      vertex 122.19999694824219 2.674999237060547 8
      vertex 123.55000305175781 2.674999237060547 7.5
      vertex 122.19999694824219 2.674999237060547 7.5
    endloop
  endfacet
  facet normal 1 0 0
    outer loop
      vertex 123.55000305175781 1.7499990463256836 8
      vertex 123.55000305175781 2.674999237060547 7.5
      vertex 123.55000305175781 2.674999237060547 8
    endloop
  endfacet
  facet normal 1 0 0
    outer loop
      vertex 123.55000305175781 2.674999237060547 7.5
      vertex 123.55000305175781 1.7499990463256836 8
      vertex 123.55000305175781 1.7499990463256836 7.5
    endloop
  endfacet
  facet normal 0 -1 0
    outer loop
      vertex 122.19999694824219 1.7499990463256836 7.5
      vertex 123.55000305175781 1.7499990463256836 8
      vertex 122.19999694824219 1.7499990463256836 8
    endloop
  endfacet
  facet normal 0 -1 0
    outer loop
      vertex 123.55000305175781 1.7499990463256836 8
      vertex 122.19999694824219 1.7499990463256836 7.5
      vertex 123.55000305175781 1.7499990463256836 7.5
    endloop
  endfacet
  facet normal 1 0 0
    outer loop
      vertex 122.19999694824219 1.0999994277954102 8
      vertex 122.19999694824219 1.7499990463256836 7.5
      vertex 122.19999694824219 1.7499990463256836 8
    endloop
  endfacet
  facet normal 1 0 0
    outer loop
      vertex 122.19999694824219 1.7499990463256836 7.5
      vertex 122.19999694824219 1.0999994277954102 8
      vertex 122.19999694824219 1.0999994277954102 7.5
    endloop
  endfacet
  facet normal 0 1 0
    outer loop
      vertex 124.19999694824219 1.0999994277954102 7.5
      vertex 122.19999694824219 1.0999994277954102 8
      vertex 124.19999694824219 1.0999994277954102 8
    endloop
  endfacet
  facet normal 0 1 0
    outer loop
      vertex 122.19999694824219 1.0999994277954102 8
      vertex 124.19999694824219 1.0999994277954102 7.5
      vertex 122.19999694824219 1.0999994277954102 7.5
    endloop
  endfacet
  facet normal -1 0 0
    outer loop
      vertex 124.19999694824219 1.0999994277954102 7.5
      vertex 124.19999694824219 3.3249998092651367 8
      vertex 124.19999694824219 3.3249998092651367 7.5
    endloop
  endfacet
  facet normal -1 0 0
    outer loop
      vertex 124.19999694824219 3.3249998092651367 8
      vertex 124.19999694824219 1.0999994277954102 7.5
      vertex 124.19999694824219 1.0999994277954102 8
    endloop
  endfacet
  facet normal 0 0 1
    outer loop
      vertex 116.80000305175781 3.3249998092651367 7.5
      vertex 118.1500015258789 2.674999237060547 7.5
      vertex 118.1500015258789 3.3249998092651367 7.5
    endloop
  endfacet
  facet normal 0 0 1
    outer loop
      vertex 118.1500015258789 2.674999237060547 7.5
      vertex 116.80000305175781 3.3249998092651367 7.5
      vertex 116.80000305175781 2.674999237060547 7.5
    endloop
  endfacet
  facet normal 0 0 1
    outer loop
      vertex 118.1500015258789 3.3249998092651367 7.5
      vertex 118.80000305175781 4.899999618530273 7.5
      vertex 118.1500015258789 4.249999046325684 7.5
    endloop
  endfacet
  facet normal 0 0 1
    outer loop
      vertex 116.80000305175781 4.899999618530273 7.5
      vertex 118.1500015258789 4.249999046325684 7.5
      vertex 118.80000305175781 4.899999618530273 7.5
    endloop
  endfacet
  facet normal 0 0 1
    outer loop
      vertex 118.1500015258789 4.249999046325684 7.5
      vertex 116.80000305175781 4.899999618530273 7.5
      vertex 116.80000305175781 4.249999046325684 7.5
    endloop
  endfacet
  facet normal 0 0 1
    outer loop
      vertex 118.80000305175781 4.899999618530273 7.5
      vertex 118.1500015258789 3.3249998092651367 7.5
      vertex 118.80000305175781 1.0999994277954102 7.5
    endloop
  endfacet
  facet normal 0 0 1
    outer loop
      vertex 118.1500015258789 2.674999237060547 7.5
      vertex 118.80000305175781 1.0999994277954102 7.5
      vertex 118.1500015258789 3.3249998092651367 7.5
    endloop
  endfacet
  facet normal 0 0 1
    outer loop
      vertex 118.1500015258789 1.7499990463256836 7.5
      vertex 118.80000305175781 1.0999994277954102 7.5
      vertex 118.1500015258789 2.674999237060547 7.5
    endloop
  endfacet
  facet normal 0 0 1
    outer loop
      vertex 116.80000305175781 1.0999994277954102 7.5
      vertex 118.1500015258789 1.7499990463256836 7.5
      vertex 116.80000305175781 1.7499990463256836 7.5
    endloop
  endfacet
  facet normal 0 0 1
    outer loop
      vertex 118.1500015258789 1.7499990463256836 7.5
      vertex 116.80000305175781 1.0999994277954102 7.5
      vertex 118.80000305175781 1.0999994277954102 7.5
    endloop
  endfacet
  facet normal 0 0 1
    outer loop
      vertex 121.5 4.899999618530273 7.5
      vertex 120.8499984741211 4.249999046325684 7.5
      vertex 121.5 1.0999994277954102 7.5
    endloop
  endfacet
  facet normal 0 0 1
    outer loop
      vertex 121.5 4.899999618530273 7.5
      vertex 120.1500015258789 4.249999046325684 7.5
      vertex 120.8499984741211 4.249999046325684 7.5
    endloop
  endfacet
  facet normal 0 0 1
    outer loop
      vertex 120.1500015258789 4.249999046325684 7.5
      vertex 119.5 4.899999618530273 7.5
      vertex 120.1500015258789 1.7499990463256836 7.5
    endloop
  endfacet
  facet normal 0 0 1
    outer loop
      vertex 119.5 4.899999618530273 7.5
      vertex 120.1500015258789 4.249999046325684 7.5
      vertex 121.5 4.899999618530273 7.5
    endloop
  endfacet
  facet normal 0 0 1
    outer loop
      vertex 120.8499984741211 1.7499990463256836 7.5
      vertex 121.5 1.0999994277954102 7.5
      vertex 120.8499984741211 4.249999046325684 7.5
    endloop
  endfacet
  facet normal 0 0 1
    outer loop
      vertex 120.1500015258789 1.7499990463256836 7.5
      vertex 121.5 1.0999994277954102 7.5
      vertex 120.8499984741211 1.7499990463256836 7.5
    endloop
  endfacet
  facet normal 0 0 1
    outer loop
      vertex 120.1500015258789 1.7499990463256836 7.5
      vertex 119.5 1.0999994277954102 7.5
      vertex 121.5 1.0999994277954102 7.5
    endloop
  endfacet
  facet normal 0 0 1
    outer loop
      vertex 119.5 1.0999994277954102 7.5
      vertex 120.1500015258789 1.7499990463256836 7.5
      vertex 119.5 4.899999618530273 7.5
    endloop
  endfacet
  facet normal 0 0 1
    outer loop
      vertex 124.19999694824219 4.899999618530273 7.5
      vertex 122.8499984741211 4.249999046325684 7.5
      vertex 124.19999694824219 4.249999046325684 7.5
    endloop
  endfacet
  facet normal 0 0 1
    outer loop
      vertex 122.8499984741211 4.249999046325684 7.5
      vertex 122.19999694824219 4.899999618530273 7.5
      vertex 122.8499984741211 3.3249998092651367 7.5
    endloop
  endfacet
  facet normal 0 0 1
    outer loop
      vertex 122.19999694824219 4.899999618530273 7.5
      vertex 122.8499984741211 4.249999046325684 7.5
      vertex 124.19999694824219 4.899999618530273 7.5
    endloop
  endfacet
  facet normal 0 0 1
    outer loop
      vertex 124.19999694824219 3.3249998092651367 7.5
      vertex 123.55000305175781 2.674999237060547 7.5
      vertex 124.19999694824219 1.0999994277954102 7.5
    endloop
  endfacet
  facet normal 0 0 1
    outer loop
      vertex 122.8499984741211 3.3249998092651367 7.5
      vertex 123.55000305175781 2.674999237060547 7.5
      vertex 124.19999694824219 3.3249998092651367 7.5
    endloop
  endfacet
  facet normal 0 0 1
    outer loop
      vertex 122.8499984741211 3.3249998092651367 7.5
      vertex 122.19999694824219 2.674999237060547 7.5
      vertex 123.55000305175781 2.674999237060547 7.5
    endloop
  endfacet
  facet normal 0 0 1
    outer loop
      vertex 122.19999694824219 2.674999237060547 7.5
      vertex 122.8499984741211 3.3249998092651367 7.5
      vertex 122.19999694824219 4.899999618530273 7.5
    endloop
  endfacet
  facet normal 0 0 1
    outer loop
      vertex 123.55000305175781 1.7499990463256836 7.5
      vertex 124.19999694824219 1.0999994277954102 7.5
      vertex 123.55000305175781 2.674999237060547 7.5
    endloop
  endfacet
  facet normal 0 0 1
    outer loop
      vertex 122.19999694824219 1.0999994277954102 7.5
      vertex 123.55000305175781 1.7499990463256836 7.5
      vertex 122.19999694824219 1.7499990463256836 7.5
    endloop
  endfacet
  facet normal 0 0 1
    outer loop
      vertex 123.55000305175781 1.7499990463256836 7.5
      vertex 122.19999694824219 1.0999994277954102 7.5
      vertex 124.19999694824219 1.0999994277954102 7.5
    endloop
  endfacet
  facet normal 1 0 0
    outer loop
      vertex 127.94999694824219 0 4.894892692565918
      vertex 127.94999694824219 6 3.1051063537597656
      vertex 127.94999694824219 6 4.894892692565918
    endloop
  endfacet
  facet normal 1 0 0
    outer loop
      vertex 127.94999694824219 6 3.1051063537597656
      vertex 127.94999694824219 0 4.894892692565918
      vertex 127.94999694824219 0 3.1051063537597656
    endloop
  endfacet
  facet normal 0.49999916752235074 0 0.8660258844151001
    outer loop
      vertex 127.94999694824219 6 3.1051063537597656
      vertex 129.5 0 2.2102136611938477
      vertex 129.5 6 2.2102136611938477
    endloop
  endfacet
  facet normal 0.49999916752235074 0 0.8660258844151001
    outer loop
      vertex 129.5 0 2.2102136611938477
      vertex 127.94999694824219 6 3.1051063537597656
      vertex 127.94999694824219 0 3.1051063537597656
    endloop
  endfacet
  facet normal 0.49999916752235074 0 -0.8660258844151001
    outer loop
      vertex 127.94999694824219 0 4.894892692565918
      vertex 129.5 6 5.789785385131836
      vertex 129.5 0 5.789785385131836
    endloop
  endfacet
  facet normal 0.49999916752235074 0 -0.8660258844151001
    outer loop
      vertex 129.5 6 5.789785385131836
      vertex 127.94999694824219 0 4.894892692565918
      vertex 127.94999694824219 6 4.894892692565918
    endloop
  endfacet
  facet normal -1 0 0
    outer loop
      vertex 131.0500030517578 0 3.1051063537597656
      vertex 131.0500030517578 6 4.894892692565918
      vertex 131.0500030517578 6 3.1051063537597656
    endloop
  endfacet
  facet normal -1 0 0
    outer loop
      vertex 131.0500030517578 6 4.894892692565918
      vertex 131.0500030517578 0 3.1051063537597656
      vertex 131.0500030517578 0 4.894892692565918
    endloop
  endfacet
  facet normal -0.49999916752235074 0 0.8660258844151001
    outer loop
      vertex 129.5 6 2.2102136611938477
      vertex 131.0500030517578 0 3.1051063537597656
      vertex 131.0500030517578 6 3.1051063537597656
    endloop
  endfacet
  facet normal -0.49999916752235074 0 0.8660258844151001
    outer loop
      vertex 131.0500030517578 0 3.1051063537597656
      vertex 129.5 6 2.2102136611938477
      vertex 129.5 0 2.2102136611938477
    endloop
  endfacet
  facet normal -0.49999916752235074 0 -0.8660258844151001
    outer loop
      vertex 129.5 0 5.789785385131836
      vertex 131.0500030517578 6 4.894892692565918
      vertex 131.0500030517578 0 4.894892692565918
    endloop
  endfacet
  facet normal -0.49999916752235074 0 -0.8660258844151001
    outer loop
      vertex 131.0500030517578 6 4.894892692565918
      vertex 129.5 0 5.789785385131836
      vertex 129.5 6 5.789785385131836
    endloop
  endfacet
  facet normal 0 -1 0
    outer loop
      vertex 125.80000305175781 4.899999618530273 7.5
      vertex 127.80000305175781 4.899999618530273 8
      vertex 125.80000305175781 4.899999618530273 8
    endloop
  endfacet
  facet normal 0 -1 0
    outer loop
      vertex 127.80000305175781 4.899999618530273 8
      vertex 125.80000305175781 4.899999618530273 7.5
      vertex 127.80000305175781 4.899999618530273 7.5
    endloop
  endfacet
  facet normal 1 0 0
    outer loop
      vertex 125.80000305175781 4.249999046325684 8
      vertex 125.80000305175781 4.899999618530273 7.5
      vertex 125.80000305175781 4.899999618530273 8
    endloop
  endfacet
  facet normal 1 0 0
    outer loop
      vertex 125.80000305175781 4.899999618530273 7.5
      vertex 125.80000305175781 4.249999046325684 8
      vertex 125.80000305175781 4.249999046325684 7.5
    endloop
  endfacet
  facet normal 0 1 0
    outer loop
      vertex 127.1500015258789 4.249999046325684 7.5
      vertex 125.80000305175781 4.249999046325684 8
      vertex 127.1500015258789 4.249999046325684 8
    endloop
  endfacet
  facet normal 0 1 0
    outer loop
      vertex 125.80000305175781 4.249999046325684 8
      vertex 127.1500015258789 4.249999046325684 7.5
      vertex 125.80000305175781 4.249999046325684 7.5
    endloop
  endfacet
  facet normal 1 0 0
    outer loop
      vertex 127.1500015258789 3.3249998092651367 8
      vertex 127.1500015258789 4.249999046325684 7.5
      vertex 127.1500015258789 4.249999046325684 8
    endloop
  endfacet
  facet normal 1 0 0
    outer loop
      vertex 127.1500015258789 4.249999046325684 7.5
      vertex 127.1500015258789 3.3249998092651367 8
      vertex 127.1500015258789 3.3249998092651367 7.5
    endloop
  endfacet
  facet normal 0 -1 0
    outer loop
      vertex 125.80000305175781 3.3249998092651367 7.5
      vertex 127.1500015258789 3.3249998092651367 8
      vertex 125.80000305175781 3.3249998092651367 8
    endloop
  endfacet
  facet normal 0 -1 0
    outer loop
      vertex 127.1500015258789 3.3249998092651367 8
      vertex 125.80000305175781 3.3249998092651367 7.5
      vertex 127.1500015258789 3.3249998092651367 7.5
    endloop
  endfacet
  facet normal 1 0 0
    outer loop
      vertex 125.80000305175781 2.674999237060547 8
      vertex 125.80000305175781 3.3249998092651367 7.5
      vertex 125.80000305175781 3.3249998092651367 8
    endloop
  endfacet
  facet normal 1 0 0
    outer loop
      vertex 125.80000305175781 3.3249998092651367 7.5
      vertex 125.80000305175781 2.674999237060547 8
      vertex 125.80000305175781 2.674999237060547 7.5
    endloop
  endfacet
  facet normal 0 1 0
    outer loop
      vertex 127.1500015258789 2.674999237060547 7.5
      vertex 125.80000305175781 2.674999237060547 8
      vertex 127.1500015258789 2.674999237060547 8
    endloop
  endfacet
  facet normal 0 1 0
    outer loop
      vertex 125.80000305175781 2.674999237060547 8
      vertex 127.1500015258789 2.674999237060547 7.5
      vertex 125.80000305175781 2.674999237060547 7.5
    endloop
  endfacet
  facet normal 1 0 0
    outer loop
      vertex 127.1500015258789 1.7499990463256836 8
      vertex 127.1500015258789 2.674999237060547 7.5
      vertex 127.1500015258789 2.674999237060547 8
    endloop
  endfacet
  facet normal 1 0 0
    outer loop
      vertex 127.1500015258789 2.674999237060547 7.5
      vertex 127.1500015258789 1.7499990463256836 8
      vertex 127.1500015258789 1.7499990463256836 7.5
    endloop
  endfacet
  facet normal 0 -1 0
    outer loop
      vertex 125.80000305175781 1.7499990463256836 7.5
      vertex 127.1500015258789 1.7499990463256836 8
      vertex 125.80000305175781 1.7499990463256836 8
    endloop
  endfacet
  facet normal 0 -1 0
    outer loop
      vertex 127.1500015258789 1.7499990463256836 8
      vertex 125.80000305175781 1.7499990463256836 7.5
      vertex 127.1500015258789 1.7499990463256836 7.5
    endloop
  endfacet
  facet normal 1 0 0
    outer loop
      vertex 125.80000305175781 1.0999994277954102 8
      vertex 125.80000305175781 1.7499990463256836 7.5
      vertex 125.80000305175781 1.7499990463256836 8
    endloop
  endfacet
  facet normal 1 0 0
    outer loop
      vertex 125.80000305175781 1.7499990463256836 7.5
      vertex 125.80000305175781 1.0999994277954102 8
      vertex 125.80000305175781 1.0999994277954102 7.5
    endloop
  endfacet
  facet normal 0 1 0
    outer loop
      vertex 127.80000305175781 1.0999994277954102 7.5
      vertex 125.80000305175781 1.0999994277954102 8
      vertex 127.80000305175781 1.0999994277954102 8
    endloop
  endfacet
  facet normal 0 1 0
    outer loop
      vertex 125.80000305175781 1.0999994277954102 8
      vertex 127.80000305175781 1.0999994277954102 7.5
      vertex 125.80000305175781 1.0999994277954102 7.5
    endloop
  endfacet
  facet normal -1 0 0
    outer loop
      vertex 127.80000305175781 1.0999994277954102 7.5
      vertex 127.80000305175781 4.899999618530273 8
      vertex 127.80000305175781 4.899999618530273 7.5
    endloop
  endfacet
  facet normal -1 0 0
    outer loop
      vertex 127.80000305175781 4.899999618530273 8
      vertex 127.80000305175781 1.0999994277954102 7.5
      vertex 127.80000305175781 1.0999994277954102 8
    endloop
  endfacet
  facet normal 0 -1 0
    outer loop
      vertex 129.85000610351562 4.899999618530273 7.5
      vertex 130.5 4.899999618530273 8
      vertex 129.85000610351562 4.899999618530273 8
    endloop
  endfacet
  facet normal 0 -1 0
    outer loop
      vertex 130.5 4.899999618530273 8
      vertex 129.85000610351562 4.899999618530273 7.5
      vertex 130.5 4.899999618530273 7.5
    endloop
  endfacet
  facet normal 1 0 0
    outer loop
      vertex 129.85000610351562 1.0999994277954102 8
      vertex 129.85000610351562 4.899999618530273 7.5
      vertex 129.85000610351562 4.899999618530273 8
    endloop
  endfacet
  facet normal 1 0 0
    outer loop
      vertex 129.85000610351562 4.899999618530273 7.5
      vertex 129.85000610351562 1.0999994277954102 8
      vertex 129.85000610351562 1.0999994277954102 7.5
    endloop
  endfacet
  facet normal 0 1 0
    outer loop
      vertex 130.5 1.0999994277954102 7.5
      vertex 129.85000610351562 1.0999994277954102 8
      vertex 130.5 1.0999994277954102 8
    endloop
  endfacet
  facet normal 0 1 0
    outer loop
      vertex 129.85000610351562 1.0999994277954102 8
      vertex 130.5 1.0999994277954102 7.5
      vertex 129.85000610351562 1.0999994277954102 7.5
    endloop
  endfacet
  facet normal -1 0 0
    outer loop
      vertex 130.5 1.0999994277954102 7.5
      vertex 130.5 4.899999618530273 8
      vertex 130.5 4.899999618530273 7.5
    endloop
  endfacet
  facet normal -1 0 0
    outer loop
      vertex 130.5 4.899999618530273 8
      vertex 130.5 1.0999994277954102 7.5
      vertex 130.5 1.0999994277954102 8
    endloop
  endfacet
  facet normal 0 -1 0
    outer loop
      vertex 131.1999969482422 4.899999618530273 7.5
      vertex 133.1999969482422 4.899999618530273 8
      vertex 131.1999969482422 4.899999618530273 8
    endloop
  endfacet
  facet normal 0 -1 0
    outer loop
      vertex 133.1999969482422 4.899999618530273 8
      vertex 131.1999969482422 4.899999618530273 7.5
      vertex 133.1999969482422 4.899999618530273 7.5
    endloop
  endfacet
  facet normal 1 0 0
    outer loop
      vertex 131.1999969482422 1.0999994277954102 8
      vertex 131.1999969482422 4.899999618530273 7.5
      vertex 131.1999969482422 4.899999618530273 8
    endloop
  endfacet
  facet normal 1 0 0
    outer loop
      vertex 131.1999969482422 4.899999618530273 7.5
      vertex 131.1999969482422 1.0999994277954102 8
      vertex 131.1999969482422 1.0999994277954102 7.5
    endloop
  endfacet
  facet normal 0 1 0
    outer loop
      vertex 133.1999969482422 1.0999994277954102 7.5
      vertex 131.1999969482422 1.0999994277954102 8
      vertex 133.1999969482422 1.0999994277954102 8
    endloop
  endfacet
  facet normal 0 1 0
    outer loop
      vertex 131.1999969482422 1.0999994277954102 8
      vertex 133.1999969482422 1.0999994277954102 7.5
      vertex 131.1999969482422 1.0999994277954102 7.5
    endloop
  endfacet
  facet normal -1 0 0
    outer loop
      vertex 133.1999969482422 1.0999994277954102 7.5
      vertex 133.1999969482422 4.899999618530273 8
      vertex 133.1999969482422 4.899999618530273 7.5
    endloop
  endfacet
  facet normal -1 0 0
    outer loop
      vertex 133.1999969482422 4.899999618530273 8
      vertex 133.1999969482422 1.0999994277954102 7.5
      vertex 133.1999969482422 1.0999994277954102 8
    endloop
  endfacet
  facet normal 0 1 0
    outer loop
      vertex 132.5500030517578 4.249999046325684 7.5
      vertex 131.85000610351562 4.249999046325684 8
      vertex 132.5500030517578 4.249999046325684 8
    endloop
  endfacet
  facet normal 0 1 0
    outer loop
      vertex 131.85000610351562 4.249999046325684 8
      vertex 132.5500030517578 4.249999046325684 7.5
      vertex 131.85000610351562 4.249999046325684 7.5
    endloop
  endfacet
  facet normal 1 0 0
    outer loop
      vertex 132.5500030517578 1.7499990463256836 8
      vertex 132.5500030517578 4.249999046325684 7.5
      vertex 132.5500030517578 4.249999046325684 8
    endloop
  endfacet
  facet normal 1 0 0
    outer loop
      vertex 132.5500030517578 4.249999046325684 7.5
      vertex 132.5500030517578 1.7499990463256836 8
      vertex 132.5500030517578 1.7499990463256836 7.5
    endloop
  endfacet
  facet normal 0 -1 0
    outer loop
      vertex 131.85000610351562 1.7499990463256836 7.5
      vertex 132.5500030517578 1.7499990463256836 8
      vertex 131.85000610351562 1.7499990463256836 8
    endloop
  endfacet
  facet normal 0 -1 0
    outer loop
      vertex 132.5500030517578 1.7499990463256836 8
      vertex 131.85000610351562 1.7499990463256836 7.5
      vertex 132.5500030517578 1.7499990463256836 7.5
    endloop
  endfacet
  facet normal -1 0 0
    outer loop
      vertex 131.85000610351562 1.7499990463256836 7.5
      vertex 131.85000610351562 4.249999046325684 8
      vertex 131.85000610351562 4.249999046325684 7.5
    endloop
  endfacet
  facet normal -1 0 0
    outer loop
      vertex 131.85000610351562 4.249999046325684 8
      vertex 131.85000610351562 1.7499990463256836 7.5
      vertex 131.85000610351562 1.7499990463256836 8
    endloop
  endfacet
  facet normal 0 0 1
    outer loop
      vertex 125.80000305175781 3.3249998092651367 7.5
      vertex 127.1500015258789 2.674999237060547 7.5
      vertex 127.1500015258789 3.3249998092651367 7.5
    endloop
  endfacet
  facet normal 0 0 1
    outer loop
      vertex 127.1500015258789 2.674999237060547 7.5
      vertex 125.80000305175781 3.3249998092651367 7.5
      vertex 125.80000305175781 2.674999237060547 7.5
    endloop
  endfacet
  facet normal 0 0 1
    outer loop
      vertex 127.1500015258789 3.3249998092651367 7.5
      vertex 127.80000305175781 4.899999618530273 7.5
      vertex 127.1500015258789 4.249999046325684 7.5
    endloop
  endfacet
  facet normal 0 0 1
    outer loop
      vertex 125.80000305175781 4.899999618530273 7.5
      vertex 127.1500015258789 4.249999046325684 7.5
      vertex 127.80000305175781 4.899999618530273 7.5
    endloop
  endfacet
  facet normal 0 0 1
    outer loop
      vertex 127.1500015258789 4.249999046325684 7.5
      vertex 125.80000305175781 4.899999618530273 7.5
      vertex 125.80000305175781 4.249999046325684 7.5
    endloop
  endfacet
  facet normal 0 0 1
    outer loop
      vertex 127.80000305175781 4.899999618530273 7.5
      vertex 127.1500015258789 3.3249998092651367 7.5
      vertex 127.80000305175781 1.0999994277954102 7.5
    endloop
  endfacet
  facet normal 0 0 1
    outer loop
      vertex 127.1500015258789 2.674999237060547 7.5
      vertex 127.80000305175781 1.0999994277954102 7.5
      vertex 127.1500015258789 3.3249998092651367 7.5
    endloop
  endfacet
  facet normal 0 0 1
    outer loop
      vertex 127.1500015258789 1.7499990463256836 7.5
      vertex 127.80000305175781 1.0999994277954102 7.5
      vertex 127.1500015258789 2.674999237060547 7.5
    endloop
  endfacet
  facet normal 0 0 1
    outer loop
      vertex 125.80000305175781 1.0999994277954102 7.5
      vertex 127.1500015258789 1.7499990463256836 7.5
      vertex 125.80000305175781 1.7499990463256836 7.5
    endloop
  endfacet
  facet normal 0 0 1
    outer loop
      vertex 127.1500015258789 1.7499990463256836 7.5
      vertex 125.80000305175781 1.0999994277954102 7.5
      vertex 127.80000305175781 1.0999994277954102 7.5
    endloop
  endfacet
  facet normal 0 0 1
    outer loop
      vertex 129.85000610351562 4.899999618530273 7.5
      vertex 130.5 1.0999994277954102 7.5
      vertex 130.5 4.899999618530273 7.5
    endloop
  endfacet
  facet normal 0 0 1
    outer loop
      vertex 130.5 1.0999994277954102 7.5
      vertex 129.85000610351562 4.899999618530273 7.5
      vertex 129.85000610351562 1.0999994277954102 7.5
    endloop
  endfacet
  facet normal 0 0 1
    outer loop
      vertex 133.1999969482422 4.899999618530273 7.5
      vertex 132.5500030517578 4.249999046325684 7.5
      vertex 133.1999969482422 1.0999994277954102 7.5
    endloop
  endfacet
  facet normal 0 0 1
    outer loop
      vertex 133.1999969482422 4.899999618530273 7.5
      vertex 131.85000610351562 4.249999046325684 7.5
      vertex 132.5500030517578 4.249999046325684 7.5
    endloop
  endfacet
  facet normal 0 0 1
    outer loop
      vertex 131.85000610351562 4.249999046325684 7.5
      vertex 131.1999969482422 4.899999618530273 7.5
      vertex 131.85000610351562 1.7499990463256836 7.5
    endloop
  endfacet
  facet normal 0 0 1
    outer loop
      vertex 131.1999969482422 4.899999618530273 7.5
      vertex 131.85000610351562 4.249999046325684 7.5
      vertex 133.1999969482422 4.899999618530273 7.5
    endloop
  endfacet
  facet normal 0 0 1
    outer loop
      vertex 132.5500030517578 1.7499990463256836 7.5
      vertex 133.1999969482422 1.0999994277954102 7.5
      vertex 132.5500030517578 4.249999046325684 7.5
    endloop
  endfacet
  facet normal 0 0 1
    outer loop
      vertex 131.85000610351562 1.7499990463256836 7.5
      vertex 133.1999969482422 1.0999994277954102 7.5
      vertex 132.5500030517578 1.7499990463256836 7.5
    endloop
  endfacet
  facet normal 0 0 1
    outer loop
      vertex 131.85000610351562 1.7499990463256836 7.5
      vertex 131.1999969482422 1.0999994277954102 7.5
      vertex 133.1999969482422 1.0999994277954102 7.5
    endloop
  endfacet
  facet normal 0 0 1
    outer loop
      vertex 131.1999969482422 1.0999994277954102 7.5
      vertex 131.85000610351562 1.7499990463256836 7.5
      vertex 131.1999969482422 4.899999618530273 7.5
    endloop
  endfacet
  facet normal 1 0 0
    outer loop
      vertex 136.9250030517578 0 4.909326553344727
      vertex 136.9250030517578 6 3.090672492980957
      vertex 136.9250030517578 6 4.909326553344727
    endloop
  endfacet
  facet normal 1 0 0
    outer loop
      vertex 136.9250030517578 6 3.090672492980957
      vertex 136.9250030517578 0 4.909326553344727
      vertex 136.9250030517578 0 3.090672492980957
    endloop
  endfacet
  facet normal 0.5000006768633224 0 0.8660250129968646
    outer loop
      vertex 136.9250030517578 6 3.090672492980957
      vertex 138.5 0 2.1813459396362305
      vertex 138.5 6 2.1813459396362305
    endloop
  endfacet
  facet normal 0.5000006768633224 0 0.8660250129968646
    outer loop
      vertex 138.5 0 2.1813459396362305
      vertex 136.9250030517578 6 3.090672492980957
      vertex 136.9250030517578 0 3.090672492980957
    endloop
  endfacet
  facet normal 0.5000006768633224 0 -0.8660250129968646
    outer loop
      vertex 136.9250030517578 0 4.909326553344727
      vertex 138.5 6 5.818653106689453
      vertex 138.5 0 5.818653106689453
    endloop
  endfacet
  facet normal 0.5000006768633224 0 -0.8660250129968646
    outer loop
      vertex 138.5 6 5.818653106689453
      vertex 136.9250030517578 0 4.909326553344727
      vertex 136.9250030517578 6 4.909326553344727
    endloop
  endfacet
  facet normal -1 0 0
    outer loop
      vertex 140.0749969482422 0 3.090672492980957
      vertex 140.0749969482422 6 4.909326553344727
      vertex 140.0749969482422 6 3.090672492980957
    endloop
  endfacet
  facet normal -1 0 0
    outer loop
      vertex 140.0749969482422 6 4.909326553344727
      vertex 140.0749969482422 0 3.090672492980957
      vertex 140.0749969482422 0 4.909326553344727
    endloop
  endfacet
  facet normal -0.5000006768633224 0 0.8660250129968646
    outer loop
      vertex 138.5 6 2.1813459396362305
      vertex 140.0749969482422 0 3.090672492980957
      vertex 140.0749969482422 6 3.090672492980957
    endloop
  endfacet
  facet normal -0.5000006768633224 0 0.8660250129968646
    outer loop
      vertex 140.0749969482422 0 3.090672492980957
      vertex 138.5 6 2.1813459396362305
      vertex 138.5 0 2.1813459396362305
    endloop
  endfacet
  facet normal -0.5000006768633224 0 -0.8660250129968646
    outer loop
      vertex 138.5 0 5.818653106689453
      vertex 140.0749969482422 6 4.909326553344727
      vertex 140.0749969482422 0 4.909326553344727
    endloop
  endfacet
  facet normal -0.5000006768633224 0 -0.8660250129968646
    outer loop
      vertex 140.0749969482422 6 4.909326553344727
      vertex 138.5 0 5.818653106689453
      vertex 138.5 6 5.818653106689453
    endloop
  endfacet
  facet normal 0 -1 0
    outer loop
      vertex 134.8000030517578 4.899999618530273 7.5
      vertex 136.8000030517578 4.899999618530273 8
      vertex 134.8000030517578 4.899999618530273 8
    endloop
  endfacet
  facet normal 0 -1 0
    outer loop
      vertex 136.8000030517578 4.899999618530273 8
      vertex 134.8000030517578 4.899999618530273 7.5
      vertex 136.8000030517578 4.899999618530273 7.5
    endloop
  endfacet
  facet normal 1 0 0
    outer loop
      vertex 134.8000030517578 4.249999046325684 8
      vertex 134.8000030517578 4.899999618530273 7.5
      vertex 134.8000030517578 4.899999618530273 8
    endloop
  endfacet
  facet normal 1 0 0
    outer loop
      vertex 134.8000030517578 4.899999618530273 7.5
      vertex 134.8000030517578 4.249999046325684 8
      vertex 134.8000030517578 4.249999046325684 7.5
    endloop
  endfacet
  facet normal 0 1 0
    outer loop
      vertex 136.14999389648438 4.249999046325684 7.5
      vertex 134.8000030517578 4.249999046325684 8
      vertex 136.14999389648438 4.249999046325684 8
    endloop
  endfacet
  facet normal 0 1 0
    outer loop
      vertex 134.8000030517578 4.249999046325684 8
      vertex 136.14999389648438 4.249999046325684 7.5
      vertex 134.8000030517578 4.249999046325684 7.5
    endloop
  endfacet
  facet normal 1 0 0
    outer loop
      vertex 136.14999389648438 3.3249998092651367 8
      vertex 136.14999389648438 4.249999046325684 7.5
      vertex 136.14999389648438 4.249999046325684 8
    endloop
  endfacet
  facet normal 1 0 0
    outer loop
      vertex 136.14999389648438 4.249999046325684 7.5
      vertex 136.14999389648438 3.3249998092651367 8
      vertex 136.14999389648438 3.3249998092651367 7.5
    endloop
  endfacet
  facet normal 0 -1 0
    outer loop
      vertex 134.8000030517578 3.3249998092651367 7.5
      vertex 136.14999389648438 3.3249998092651367 8
      vertex 134.8000030517578 3.3249998092651367 8
    endloop
  endfacet
  facet normal 0 -1 0
    outer loop
      vertex 136.14999389648438 3.3249998092651367 8
      vertex 134.8000030517578 3.3249998092651367 7.5
      vertex 136.14999389648438 3.3249998092651367 7.5
    endloop
  endfacet
  facet normal 1 0 0
    outer loop
      vertex 134.8000030517578 2.674999237060547 8
      vertex 134.8000030517578 3.3249998092651367 7.5
      vertex 134.8000030517578 3.3249998092651367 8
    endloop
  endfacet
  facet normal 1 0 0
    outer loop
      vertex 134.8000030517578 3.3249998092651367 7.5
      vertex 134.8000030517578 2.674999237060547 8
      vertex 134.8000030517578 2.674999237060547 7.5
    endloop
  endfacet
  facet normal 0 1 0
    outer loop
      vertex 136.14999389648438 2.674999237060547 7.5
      vertex 134.8000030517578 2.674999237060547 8
      vertex 136.14999389648438 2.674999237060547 8
    endloop
  endfacet
  facet normal 0 1 0
    outer loop
      vertex 134.8000030517578 2.674999237060547 8
      vertex 136.14999389648438 2.674999237060547 7.5
      vertex 134.8000030517578 2.674999237060547 7.5
    endloop
  endfacet
  facet normal 1 0 0
    outer loop
      vertex 136.14999389648438 1.7499990463256836 8
      vertex 136.14999389648438 2.674999237060547 7.5
      vertex 136.14999389648438 2.674999237060547 8
    endloop
  endfacet
  facet normal 1 0 0
    outer loop
      vertex 136.14999389648438 2.674999237060547 7.5
      vertex 136.14999389648438 1.7499990463256836 8
      vertex 136.14999389648438 1.7499990463256836 7.5
    endloop
  endfacet
  facet normal 0 -1 0
    outer loop
      vertex 134.8000030517578 1.7499990463256836 7.5
      vertex 136.14999389648438 1.7499990463256836 8
      vertex 134.8000030517578 1.7499990463256836 8
    endloop
  endfacet
  facet normal 0 -1 0
    outer loop
      vertex 136.14999389648438 1.7499990463256836 8
      vertex 134.8000030517578 1.7499990463256836 7.5
      vertex 136.14999389648438 1.7499990463256836 7.5
    endloop
  endfacet
  facet normal 1 0 0
    outer loop
      vertex 134.8000030517578 1.0999994277954102 8
      vertex 134.8000030517578 1.7499990463256836 7.5
      vertex 134.8000030517578 1.7499990463256836 8
    endloop
  endfacet
  facet normal 1 0 0
    outer loop
      vertex 134.8000030517578 1.7499990463256836 7.5
      vertex 134.8000030517578 1.0999994277954102 8
      vertex 134.8000030517578 1.0999994277954102 7.5
    endloop
  endfacet
  facet normal 0 1 0
    outer loop
      vertex 136.8000030517578 1.0999994277954102 7.5
      vertex 134.8000030517578 1.0999994277954102 8
      vertex 136.8000030517578 1.0999994277954102 8
    endloop
  endfacet
  facet normal 0 1 0
    outer loop
      vertex 134.8000030517578 1.0999994277954102 8
      vertex 136.8000030517578 1.0999994277954102 7.5
      vertex 134.8000030517578 1.0999994277954102 7.5
    endloop
  endfacet
  facet normal -1 0 0
    outer loop
      vertex 136.8000030517578 1.0999994277954102 7.5
      vertex 136.8000030517578 4.899999618530273 8
      vertex 136.8000030517578 4.899999618530273 7.5
    endloop
  endfacet
  facet normal -1 0 0
    outer loop
      vertex 136.8000030517578 4.899999618530273 8
      vertex 136.8000030517578 1.0999994277954102 7.5
      vertex 136.8000030517578 1.0999994277954102 8
    endloop
  endfacet
  facet normal 0 -1 0
    outer loop
      vertex 138.85000610351562 4.899999618530273 7.5
      vertex 139.5 4.899999618530273 8
      vertex 138.85000610351562 4.899999618530273 8
    endloop
  endfacet
  facet normal 0 -1 0
    outer loop
      vertex 139.5 4.899999618530273 8
      vertex 138.85000610351562 4.899999618530273 7.5
      vertex 139.5 4.899999618530273 7.5
    endloop
  endfacet
  facet normal 1 0 0
    outer loop
      vertex 138.85000610351562 1.0999994277954102 8
      vertex 138.85000610351562 4.899999618530273 7.5
      vertex 138.85000610351562 4.899999618530273 8
    endloop
  endfacet
  facet normal 1 0 0
    outer loop
      vertex 138.85000610351562 4.899999618530273 7.5
      vertex 138.85000610351562 1.0999994277954102 8
      vertex 138.85000610351562 1.0999994277954102 7.5
    endloop
  endfacet
  facet normal 0 1 0
    outer loop
      vertex 139.5 1.0999994277954102 7.5
      vertex 138.85000610351562 1.0999994277954102 8
      vertex 139.5 1.0999994277954102 8
    endloop
  endfacet
  facet normal 0 1 0
    outer loop
      vertex 138.85000610351562 1.0999994277954102 8
      vertex 139.5 1.0999994277954102 7.5
      vertex 138.85000610351562 1.0999994277954102 7.5
    endloop
  endfacet
  facet normal -1 0 0
    outer loop
      vertex 139.5 1.0999994277954102 7.5
      vertex 139.5 4.899999618530273 8
      vertex 139.5 4.899999618530273 7.5
    endloop
  endfacet
  facet normal -1 0 0
    outer loop
      vertex 139.5 4.899999618530273 8
      vertex 139.5 1.0999994277954102 7.5
      vertex 139.5 1.0999994277954102 8
    endloop
  endfacet
  facet normal 0 -1 0
    outer loop
      vertex 140.85000610351562 3.3249998092651367 7.5
      vertex 142.1999969482422 3.3249998092651367 8
      vertex 140.85000610351562 3.3249998092651367 8
    endloop
  endfacet
  facet normal 0 -1 0
    outer loop
      vertex 142.1999969482422 3.3249998092651367 8
      vertex 140.85000610351562 3.3249998092651367 7.5
      vertex 142.1999969482422 3.3249998092651367 7.5
    endloop
  endfacet
  facet normal -1 0 0
    outer loop
      vertex 140.85000610351562 3.3249998092651367 7.5
      vertex 140.85000610351562 4.249999046325684 8
      vertex 140.85000610351562 4.249999046325684 7.5
    endloop
  endfacet
  facet normal -1 0 0
    outer loop
      vertex 140.85000610351562 4.249999046325684 8
      vertex 140.85000610351562 3.3249998092651367 7.5
      vertex 140.85000610351562 3.3249998092651367 8
    endloop
  endfacet
  facet normal 0 1 0
    outer loop
      vertex 142.1999969482422 4.249999046325684 7.5
      vertex 140.85000610351562 4.249999046325684 8
      vertex 142.1999969482422 4.249999046325684 8
    endloop
  endfacet
  facet normal 0 1 0
    outer loop
      vertex 140.85000610351562 4.249999046325684 8
      vertex 142.1999969482422 4.249999046325684 7.5
      vertex 140.85000610351562 4.249999046325684 7.5
    endloop
  endfacet
  facet normal -1 0 0
    outer loop
      vertex 142.1999969482422 4.249999046325684 7.5
      vertex 142.1999969482422 4.899999618530273 8
      vertex 142.1999969482422 4.899999618530273 7.5
    endloop
  endfacet
  facet normal -1 0 0
    outer loop
      vertex 142.1999969482422 4.899999618530273 8
      vertex 142.1999969482422 4.249999046325684 7.5
      vertex 142.1999969482422 4.249999046325684 8
    endloop
  endfacet
  facet normal 0 -1 0
    outer loop
      vertex 140.1999969482422 4.899999618530273 7.5
      vertex 142.1999969482422 4.899999618530273 8
      vertex 140.1999969482422 4.899999618530273 8
    endloop
  endfacet
  facet normal 0 -1 0
    outer loop
      vertex 142.1999969482422 4.899999618530273 8
      vertex 140.1999969482422 4.899999618530273 7.5
      vertex 142.1999969482422 4.899999618530273 7.5
    endloop
  endfacet
  facet normal 1 0 0
    outer loop
      vertex 140.1999969482422 2.674999237060547 8
      vertex 140.1999969482422 4.899999618530273 7.5
      vertex 140.1999969482422 4.899999618530273 8
    endloop
  endfacet
  facet normal 1 0 0
    outer loop
      vertex 140.1999969482422 4.899999618530273 7.5
      vertex 140.1999969482422 2.674999237060547 8
      vertex 140.1999969482422 2.674999237060547 7.5
    endloop
  endfacet
  facet normal 0 1 0
    outer loop
      vertex 141.5500030517578 2.674999237060547 7.5
      vertex 140.1999969482422 2.674999237060547 8
      vertex 141.5500030517578 2.674999237060547 8
    endloop
  endfacet
  facet normal 0 1 0
    outer loop
      vertex 140.1999969482422 2.674999237060547 8
      vertex 141.5500030517578 2.674999237060547 7.5
      vertex 140.1999969482422 2.674999237060547 7.5
    endloop
  endfacet
  facet normal 1 0 0
    outer loop
      vertex 141.5500030517578 1.7499990463256836 8
      vertex 141.5500030517578 2.674999237060547 7.5
      vertex 141.5500030517578 2.674999237060547 8
    endloop
  endfacet
  facet normal 1 0 0
    outer loop
      vertex 141.5500030517578 2.674999237060547 7.5
      vertex 141.5500030517578 1.7499990463256836 8
      vertex 141.5500030517578 1.7499990463256836 7.5
    endloop
  endfacet
  facet normal 0 -1 0
    outer loop
      vertex 140.1999969482422 1.7499990463256836 7.5
      vertex 141.5500030517578 1.7499990463256836 8
      vertex 140.1999969482422 1.7499990463256836 8
    endloop
  endfacet
  facet normal 0 -1 0
    outer loop
      vertex 141.5500030517578 1.7499990463256836 8
      vertex 140.1999969482422 1.7499990463256836 7.5
      vertex 141.5500030517578 1.7499990463256836 7.5
    endloop
  endfacet
  facet normal 1 0 0
    outer loop
      vertex 140.1999969482422 1.0999994277954102 8
      vertex 140.1999969482422 1.7499990463256836 7.5
      vertex 140.1999969482422 1.7499990463256836 8
    endloop
  endfacet
  facet normal 1 0 0
    outer loop
      vertex 140.1999969482422 1.7499990463256836 7.5
      vertex 140.1999969482422 1.0999994277954102 8
      vertex 140.1999969482422 1.0999994277954102 7.5
    endloop
  endfacet
  facet normal 0 1 0
    outer loop
      vertex 142.1999969482422 1.0999994277954102 7.5
      vertex 140.1999969482422 1.0999994277954102 8
      vertex 142.1999969482422 1.0999994277954102 8
    endloop
  endfacet
  facet normal 0 1 0
    outer loop
      vertex 140.1999969482422 1.0999994277954102 8
      vertex 142.1999969482422 1.0999994277954102 7.5
      vertex 140.1999969482422 1.0999994277954102 7.5
    endloop
  endfacet
  facet normal -1 0 0
    outer loop
      vertex 142.1999969482422 1.0999994277954102 7.5
      vertex 142.1999969482422 3.3249998092651367 8
      vertex 142.1999969482422 3.3249998092651367 7.5
    endloop
  endfacet
  facet normal -1 0 0
    outer loop
      vertex 142.1999969482422 3.3249998092651367 8
      vertex 142.1999969482422 1.0999994277954102 7.5
      vertex 142.1999969482422 1.0999994277954102 8
    endloop
  endfacet
  facet normal 0 0 1
    outer loop
      vertex 134.8000030517578 3.3249998092651367 7.5
      vertex 136.14999389648438 2.674999237060547 7.5
      vertex 136.14999389648438 3.3249998092651367 7.5
    endloop
  endfacet
  facet normal 0 0 1
    outer loop
      vertex 136.14999389648438 2.674999237060547 7.5
      vertex 134.8000030517578 3.3249998092651367 7.5
      vertex 134.8000030517578 2.674999237060547 7.5
    endloop
  endfacet
  facet normal 0 0 1
    outer loop
      vertex 136.14999389648438 3.3249998092651367 7.5
      vertex 136.8000030517578 4.899999618530273 7.5
      vertex 136.14999389648438 4.249999046325684 7.5
    endloop
  endfacet
  facet normal 0 0 1
    outer loop
      vertex 134.8000030517578 4.899999618530273 7.5
      vertex 136.14999389648438 4.249999046325684 7.5
      vertex 136.8000030517578 4.899999618530273 7.5
    endloop
  endfacet
  facet normal 0 0 1
    outer loop
      vertex 136.14999389648438 4.249999046325684 7.5
      vertex 134.8000030517578 4.899999618530273 7.5
      vertex 134.8000030517578 4.249999046325684 7.5
    endloop
  endfacet
  facet normal 0 0 1
    outer loop
      vertex 136.8000030517578 4.899999618530273 7.5
      vertex 136.14999389648438 3.3249998092651367 7.5
      vertex 136.8000030517578 1.0999994277954102 7.5
    endloop
  endfacet
  facet normal 0 0 1
    outer loop
      vertex 136.14999389648438 2.674999237060547 7.5
      vertex 136.8000030517578 1.0999994277954102 7.5
      vertex 136.14999389648438 3.3249998092651367 7.5
    endloop
  endfacet
  facet normal 0 0 1
    outer loop
      vertex 136.14999389648438 1.7499990463256836 7.5
      vertex 136.8000030517578 1.0999994277954102 7.5
      vertex 136.14999389648438 2.674999237060547 7.5
    endloop
  endfacet
  facet normal 0 0 1
    outer loop
      vertex 134.8000030517578 1.0999994277954102 7.5
      vertex 136.14999389648438 1.7499990463256836 7.5
      vertex 134.8000030517578 1.7499990463256836 7.5
    endloop
  endfacet
  facet normal 0 0 1
    outer loop
      vertex 136.14999389648438 1.7499990463256836 7.5
      vertex 134.8000030517578 1.0999994277954102 7.5
      vertex 136.8000030517578 1.0999994277954102 7.5
    endloop
  endfacet
  facet normal 0 0 1
    outer loop
      vertex 138.85000610351562 4.899999618530273 7.5
      vertex 139.5 1.0999994277954102 7.5
      vertex 139.5 4.899999618530273 7.5
    endloop
  endfacet
  facet normal 0 0 1
    outer loop
      vertex 139.5 1.0999994277954102 7.5
      vertex 138.85000610351562 4.899999618530273 7.5
      vertex 138.85000610351562 1.0999994277954102 7.5
    endloop
  endfacet
  facet normal 0 0 1
    outer loop
      vertex 142.1999969482422 4.899999618530273 7.5
      vertex 140.85000610351562 4.249999046325684 7.5
      vertex 142.1999969482422 4.249999046325684 7.5
    endloop
  endfacet
  facet normal 0 0 1
    outer loop
      vertex 140.85000610351562 4.249999046325684 7.5
      vertex 140.1999969482422 4.899999618530273 7.5
      vertex 140.85000610351562 3.3249998092651367 7.5
    endloop
  endfacet
  facet normal 0 0 1
    outer loop
      vertex 140.1999969482422 4.899999618530273 7.5
      vertex 140.85000610351562 4.249999046325684 7.5
      vertex 142.1999969482422 4.899999618530273 7.5
    endloop
  endfacet
  facet normal 0 0 1
    outer loop
      vertex 142.1999969482422 3.3249998092651367 7.5
      vertex 141.5500030517578 2.674999237060547 7.5
      vertex 142.1999969482422 1.0999994277954102 7.5
    endloop
  endfacet
  facet normal 0 0 1
    outer loop
      vertex 140.85000610351562 3.3249998092651367 7.5
      vertex 141.5500030517578 2.674999237060547 7.5
      vertex 142.1999969482422 3.3249998092651367 7.5
    endloop
  endfacet
  facet normal 0 0 1
    outer loop
      vertex 140.85000610351562 3.3249998092651367 7.5
      vertex 140.1999969482422 2.674999237060547 7.5
      vertex 141.5500030517578 2.674999237060547 7.5
    endloop
  endfacet
  facet normal 0 0 1
    outer loop
      vertex 140.1999969482422 2.674999237060547 7.5
      vertex 140.85000610351562 3.3249998092651367 7.5
      vertex 140.1999969482422 4.899999618530273 7.5
    endloop
  endfacet
  facet normal 0 0 1
    outer loop
      vertex 141.5500030517578 1.7499990463256836 7.5
      vertex 142.1999969482422 1.0999994277954102 7.5
      vertex 141.5500030517578 2.674999237060547 7.5
    endloop
  endfacet
  facet normal 0 0 1
    outer loop
      vertex 140.1999969482422 1.0999994277954102 7.5
      vertex 141.5500030517578 1.7499990463256836 7.5
      vertex 140.1999969482422 1.7499990463256836 7.5
    endloop
  endfacet
  facet normal 0 0 1
    outer loop
      vertex 141.5500030517578 1.7499990463256836 7.5
      vertex 140.1999969482422 1.0999994277954102 7.5
      vertex 142.1999969482422 1.0999994277954102 7.5
    endloop
  endfacet
  facet normal 0.4999985627613555 0 0.8660262335729667
    outer loop
      vertex 145.89999389648438 6 3.0762386322021484
      vertex 147.5 0 2.1524782180786133
      vertex 147.5 6 2.1524782180786133
    endloop
  endfacet
  facet normal 0.4999985627613555 0 0.8660262335729667
    outer loop
      vertex 147.5 0 2.1524782180786133
      vertex 145.89999389648438 6 3.0762386322021484
      vertex 145.89999389648438 0 3.0762386322021484
    endloop
  endfacet
  facet normal 0.4999985627613555 0 -0.8660262335729667
    outer loop
      vertex 145.89999389648438 0 4.923760414123535
      vertex 147.5 6 5.84752082824707
      vertex 147.5 0 5.84752082824707
    endloop
  endfacet
  facet normal 0.4999985627613555 0 -0.8660262335729667
    outer loop
      vertex 147.5 6 5.84752082824707
      vertex 145.89999389648438 0 4.923760414123535
      vertex 145.89999389648438 6 4.923760414123535
    endloop
  endfacet
  facet normal -1 0 0
    outer loop
      vertex 149.10000610351562 0 3.0762386322021484
      vertex 149.10000610351562 6 4.923760414123535
      vertex 149.10000610351562 6 3.0762386322021484
    endloop
  endfacet
  facet normal -1 0 0
    outer loop
      vertex 149.10000610351562 6 4.923760414123535
      vertex 149.10000610351562 0 3.0762386322021484
      vertex 149.10000610351562 0 4.923760414123535
    endloop
  endfacet
  facet normal -0.4999985627613555 0 0.8660262335729667
    outer loop
      vertex 147.5 6 2.1524782180786133
      vertex 149.10000610351562 0 3.0762386322021484
      vertex 149.10000610351562 6 3.0762386322021484
    endloop
  endfacet
  facet normal -0.4999985627613555 0 0.8660262335729667
    outer loop
      vertex 149.10000610351562 0 3.0762386322021484
      vertex 147.5 6 2.1524782180786133
      vertex 147.5 0 2.1524782180786133
    endloop
  endfacet
  facet normal 1 0 0
    outer loop
      vertex 145.89999389648438 0 4.923760414123535
      vertex 145.89999389648438 6 3.0762386322021484
      vertex 145.89999389648438 6 4.923760414123535
    endloop
  endfacet
  facet normal 1 0 0
    outer loop
      vertex 145.89999389648438 6 3.0762386322021484
      vertex 145.89999389648438 0 4.923760414123535
      vertex 145.89999389648438 0 3.0762386322021484
    endloop
  endfacet
  facet normal -0.4999985627613555 0 -0.8660262335729667
    outer loop
      vertex 147.5 0 5.84752082824707
      vertex 149.10000610351562 6 4.923760414123535
      vertex 149.10000610351562 0 4.923760414123535
    endloop
  endfacet
  facet normal -0.4999985627613555 0 -0.8660262335729667
    outer loop
      vertex 149.10000610351562 6 4.923760414123535
      vertex 147.5 0 5.84752082824707
      vertex 147.5 6 5.84752082824707
    endloop
  endfacet
  facet normal 0 -1 0
    outer loop
      vertex 143.8000030517578 4.899999618530273 7.5
      vertex 145.8000030517578 4.899999618530273 8
      vertex 143.8000030517578 4.899999618530273 8
    endloop
  endfacet
  facet normal 0 -1 0
    outer loop
      vertex 145.8000030517578 4.899999618530273 8
      vertex 143.8000030517578 4.899999618530273 7.5
      vertex 145.8000030517578 4.899999618530273 7.5
    endloop
  endfacet
  facet normal 1 0 0
    outer loop
      vertex 143.8000030517578 4.249999046325684 8
      vertex 143.8000030517578 4.899999618530273 7.5
      vertex 143.8000030517578 4.899999618530273 8
    endloop
  endfacet
  facet normal 1 0 0
    outer loop
      vertex 143.8000030517578 4.899999618530273 7.5
      vertex 143.8000030517578 4.249999046325684 8
      vertex 143.8000030517578 4.249999046325684 7.5
    endloop
  endfacet
  facet normal 0 1 0
    outer loop
      vertex 145.14999389648438 4.249999046325684 7.5
      vertex 143.8000030517578 4.249999046325684 8
      vertex 145.14999389648438 4.249999046325684 8
    endloop
  endfacet
  facet normal 0 1 0
    outer loop
      vertex 143.8000030517578 4.249999046325684 8
      vertex 145.14999389648438 4.249999046325684 7.5
      vertex 143.8000030517578 4.249999046325684 7.5
    endloop
  endfacet
  facet normal 1 0 0
    outer loop
      vertex 145.14999389648438 3.3249998092651367 8
      vertex 145.14999389648438 4.249999046325684 7.5
      vertex 145.14999389648438 4.249999046325684 8
    endloop
  endfacet
  facet normal 1 0 0
    outer loop
      vertex 145.14999389648438 4.249999046325684 7.5
      vertex 145.14999389648438 3.3249998092651367 8
      vertex 145.14999389648438 3.3249998092651367 7.5
    endloop
  endfacet
  facet normal 0 -1 0
    outer loop
      vertex 143.8000030517578 3.3249998092651367 7.5
      vertex 145.14999389648438 3.3249998092651367 8
      vertex 143.8000030517578 3.3249998092651367 8
    endloop
  endfacet
  facet normal 0 -1 0
    outer loop
      vertex 145.14999389648438 3.3249998092651367 8
      vertex 143.8000030517578 3.3249998092651367 7.5
      vertex 145.14999389648438 3.3249998092651367 7.5
    endloop
  endfacet
  facet normal 1 0 0
    outer loop
      vertex 143.8000030517578 2.674999237060547 8
      vertex 143.8000030517578 3.3249998092651367 7.5
      vertex 143.8000030517578 3.3249998092651367 8
    endloop
  endfacet
  facet normal 1 0 0
    outer loop
      vertex 143.8000030517578 3.3249998092651367 7.5
      vertex 143.8000030517578 2.674999237060547 8
      vertex 143.8000030517578 2.674999237060547 7.5
    endloop
  endfacet
  facet normal 0 1 0
    outer loop
      vertex 145.14999389648438 2.674999237060547 7.5
      vertex 143.8000030517578 2.674999237060547 8
      vertex 145.14999389648438 2.674999237060547 8
    endloop
  endfacet
  facet normal 0 1 0
    outer loop
      vertex 143.8000030517578 2.674999237060547 8
      vertex 145.14999389648438 2.674999237060547 7.5
      vertex 143.8000030517578 2.674999237060547 7.5
    endloop
  endfacet
  facet normal 1 0 0
    outer loop
      vertex 145.14999389648438 1.7499990463256836 8
      vertex 145.14999389648438 2.674999237060547 7.5
      vertex 145.14999389648438 2.674999237060547 8
    endloop
  endfacet
  facet normal 1 0 0
    outer loop
      vertex 145.14999389648438 2.674999237060547 7.5
      vertex 145.14999389648438 1.7499990463256836 8
      vertex 145.14999389648438 1.7499990463256836 7.5
    endloop
  endfacet
  facet normal 0 -1 0
    outer loop
      vertex 143.8000030517578 1.7499990463256836 7.5
      vertex 145.14999389648438 1.7499990463256836 8
      vertex 143.8000030517578 1.7499990463256836 8
    endloop
  endfacet
  facet normal 0 -1 0
    outer loop
      vertex 145.14999389648438 1.7499990463256836 8
      vertex 143.8000030517578 1.7499990463256836 7.5
      vertex 145.14999389648438 1.7499990463256836 7.5
    endloop
  endfacet
  facet normal 1 0 0
    outer loop
      vertex 143.8000030517578 1.0999994277954102 8
      vertex 143.8000030517578 1.7499990463256836 7.5
      vertex 143.8000030517578 1.7499990463256836 8
    endloop
  endfacet
  facet normal 1 0 0
    outer loop
      vertex 143.8000030517578 1.7499990463256836 7.5
      vertex 143.8000030517578 1.0999994277954102 8
      vertex 143.8000030517578 1.0999994277954102 7.5
    endloop
  endfacet
  facet normal 0 1 0
    outer loop
      vertex 145.8000030517578 1.0999994277954102 7.5
      vertex 143.8000030517578 1.0999994277954102 8
      vertex 145.8000030517578 1.0999994277954102 8
    endloop
  endfacet
  facet normal 0 1 0
    outer loop
      vertex 143.8000030517578 1.0999994277954102 8
      vertex 145.8000030517578 1.0999994277954102 7.5
      vertex 143.8000030517578 1.0999994277954102 7.5
    endloop
  endfacet
  facet normal -1 0 0
    outer loop
      vertex 145.8000030517578 1.0999994277954102 7.5
      vertex 145.8000030517578 4.899999618530273 8
      vertex 145.8000030517578 4.899999618530273 7.5
    endloop
  endfacet
  facet normal -1 0 0
    outer loop
      vertex 145.8000030517578 4.899999618530273 8
      vertex 145.8000030517578 1.0999994277954102 7.5
      vertex 145.8000030517578 1.0999994277954102 8
    endloop
  endfacet
  facet normal 0 -1 0
    outer loop
      vertex 147.14999389648438 1.7499990463256836 7.5
      vertex 148.5 1.7499990463256836 8
      vertex 147.14999389648438 1.7499990463256836 8
    endloop
  endfacet
  facet normal 0 -1 0
    outer loop
      vertex 148.5 1.7499990463256836 8
      vertex 147.14999389648438 1.7499990463256836 7.5
      vertex 148.5 1.7499990463256836 7.5
    endloop
  endfacet
  facet normal -1 0 0
    outer loop
      vertex 147.14999389648438 1.7499990463256836 7.5
      vertex 147.14999389648438 2.674999237060547 8
      vertex 147.14999389648438 2.674999237060547 7.5
    endloop
  endfacet
  facet normal -1 0 0
    outer loop
      vertex 147.14999389648438 2.674999237060547 8
      vertex 147.14999389648438 1.7499990463256836 7.5
      vertex 147.14999389648438 1.7499990463256836 8
    endloop
  endfacet
  facet normal 0 1 0
    outer loop
      vertex 148.5 2.674999237060547 7.5
      vertex 147.14999389648438 2.674999237060547 8
      vertex 148.5 2.674999237060547 8
    endloop
  endfacet
  facet normal 0 1 0
    outer loop
      vertex 147.14999389648438 2.674999237060547 8
      vertex 148.5 2.674999237060547 7.5
      vertex 147.14999389648438 2.674999237060547 7.5
    endloop
  endfacet
  facet normal -1 0 0
    outer loop
      vertex 148.5 2.674999237060547 7.5
      vertex 148.5 4.899999618530273 8
      vertex 148.5 4.899999618530273 7.5
    endloop
  endfacet
  facet normal -1 0 0
    outer loop
      vertex 148.5 4.899999618530273 8
      vertex 148.5 2.674999237060547 7.5
      vertex 148.5 2.674999237060547 8
    endloop
  endfacet
  facet normal 0 -1 0
    outer loop
      vertex 146.5 4.899999618530273 7.5
      vertex 148.5 4.899999618530273 8
      vertex 146.5 4.899999618530273 8
    endloop
  endfacet
  facet normal 0 -1 0
    outer loop
      vertex 148.5 4.899999618530273 8
      vertex 146.5 4.899999618530273 7.5
      vertex 148.5 4.899999618530273 7.5
    endloop
  endfacet
  facet normal 1 0 0
    outer loop
      vertex 146.5 4.249999046325684 8
      vertex 146.5 4.899999618530273 7.5
      vertex 146.5 4.899999618530273 8
    endloop
  endfacet
  facet normal 1 0 0
    outer loop
      vertex 146.5 4.899999618530273 7.5
      vertex 146.5 4.249999046325684 8
      vertex 146.5 4.249999046325684 7.5
    endloop
  endfacet
  facet normal 0 1 0
    outer loop
      vertex 147.85000610351562 4.249999046325684 7.5
      vertex 146.5 4.249999046325684 8
      vertex 147.85000610351562 4.249999046325684 8
    endloop
  endfacet
  facet normal 0 1 0
    outer loop
      vertex 146.5 4.249999046325684 8
      vertex 147.85000610351562 4.249999046325684 7.5
      vertex 146.5 4.249999046325684 7.5
    endloop
  endfacet
  facet normal 1 0 0
    outer loop
      vertex 147.85000610351562 3.3249998092651367 8
      vertex 147.85000610351562 4.249999046325684 7.5
      vertex 147.85000610351562 4.249999046325684 8
    endloop
  endfacet
  facet normal 1 0 0
    outer loop
      vertex 147.85000610351562 4.249999046325684 7.5
      vertex 147.85000610351562 3.3249998092651367 8
      vertex 147.85000610351562 3.3249998092651367 7.5
    endloop
  endfacet
  facet normal 0 -1 0
    outer loop
      vertex 146.5 3.3249998092651367 7.5
      vertex 147.85000610351562 3.3249998092651367 8
      vertex 146.5 3.3249998092651367 8
    endloop
  endfacet
  facet normal 0 -1 0
    outer loop
      vertex 147.85000610351562 3.3249998092651367 8
      vertex 146.5 3.3249998092651367 7.5
      vertex 147.85000610351562 3.3249998092651367 7.5
    endloop
  endfacet
  facet normal 1 0 0
    outer loop
      vertex 146.5 1.0999994277954102 8
      vertex 146.5 3.3249998092651367 7.5
      vertex 146.5 3.3249998092651367 8
    endloop
  endfacet
  facet normal 1 0 0
    outer loop
      vertex 146.5 3.3249998092651367 7.5
      vertex 146.5 1.0999994277954102 8
      vertex 146.5 1.0999994277954102 7.5
    endloop
  endfacet
  facet normal 0 1 0
    outer loop
      vertex 148.5 1.0999994277954102 7.5
      vertex 146.5 1.0999994277954102 8
      vertex 148.5 1.0999994277954102 8
    endloop
  endfacet
  facet normal 0 1 0
    outer loop
      vertex 146.5 1.0999994277954102 8
      vertex 148.5 1.0999994277954102 7.5
      vertex 146.5 1.0999994277954102 7.5
    endloop
  endfacet
  facet normal -1 0 0
    outer loop
      vertex 148.5 1.0999994277954102 7.5
      vertex 148.5 1.7499990463256836 8
      vertex 148.5 1.7499990463256836 7.5
    endloop
  endfacet
  facet normal -1 0 0
    outer loop
      vertex 148.5 1.7499990463256836 8
      vertex 148.5 1.0999994277954102 7.5
      vertex 148.5 1.0999994277954102 8
    endloop
  endfacet
  facet normal 0 -1 0
    outer loop
      vertex 149.1999969482422 4.899999618530273 7.5
      vertex 151.1999969482422 4.899999618530273 8
      vertex 149.1999969482422 4.899999618530273 8
    endloop
  endfacet
  facet normal 0 -1 0
    outer loop
      vertex 151.1999969482422 4.899999618530273 8
      vertex 149.1999969482422 4.899999618530273 7.5
      vertex 151.1999969482422 4.899999618530273 7.5
    endloop
  endfacet
  facet normal 1 0 0
    outer loop
      vertex 149.1999969482422 1.0999994277954102 8
      vertex 149.1999969482422 4.899999618530273 7.5
      vertex 149.1999969482422 4.899999618530273 8
    endloop
  endfacet
  facet normal 1 0 0
    outer loop
      vertex 149.1999969482422 4.899999618530273 7.5
      vertex 149.1999969482422 1.0999994277954102 8
      vertex 149.1999969482422 1.0999994277954102 7.5
    endloop
  endfacet
  facet normal 0 1 0
    outer loop
      vertex 151.1999969482422 1.0999994277954102 7.5
      vertex 149.1999969482422 1.0999994277954102 8
      vertex 151.1999969482422 1.0999994277954102 8
    endloop
  endfacet
  facet normal 0 1 0
    outer loop
      vertex 149.1999969482422 1.0999994277954102 8
      vertex 151.1999969482422 1.0999994277954102 7.5
      vertex 149.1999969482422 1.0999994277954102 7.5
    endloop
  endfacet
  facet normal -1 0 0
    outer loop
      vertex 151.1999969482422 1.0999994277954102 7.5
      vertex 151.1999969482422 4.899999618530273 8
      vertex 151.1999969482422 4.899999618530273 7.5
    endloop
  endfacet
  facet normal -1 0 0
    outer loop
      vertex 151.1999969482422 4.899999618530273 8
      vertex 151.1999969482422 1.0999994277954102 7.5
      vertex 151.1999969482422 1.0999994277954102 8
    endloop
  endfacet
  facet normal 0 1 0
    outer loop
      vertex 150.5500030517578 4.249999046325684 7.5
      vertex 149.85000610351562 4.249999046325684 8
      vertex 150.5500030517578 4.249999046325684 8
    endloop
  endfacet
  facet normal 0 1 0
    outer loop
      vertex 149.85000610351562 4.249999046325684 8
      vertex 150.5500030517578 4.249999046325684 7.5
      vertex 149.85000610351562 4.249999046325684 7.5
    endloop
  endfacet
  facet normal 1 0 0
    outer loop
      vertex 150.5500030517578 1.7499990463256836 8
      vertex 150.5500030517578 4.249999046325684 7.5
      vertex 150.5500030517578 4.249999046325684 8
    endloop
  endfacet
  facet normal 1 0 0
    outer loop
      vertex 150.5500030517578 4.249999046325684 7.5
      vertex 150.5500030517578 1.7499990463256836 8
      vertex 150.5500030517578 1.7499990463256836 7.5
    endloop
  endfacet
  facet normal 0 -1 0
    outer loop
      vertex 149.85000610351562 1.7499990463256836 7.5
      vertex 150.5500030517578 1.7499990463256836 8
      vertex 149.85000610351562 1.7499990463256836 8
    endloop
  endfacet
  facet normal 0 -1 0
    outer loop
      vertex 150.5500030517578 1.7499990463256836 8
      vertex 149.85000610351562 1.7499990463256836 7.5
      vertex 150.5500030517578 1.7499990463256836 7.5
    endloop
  endfacet
  facet normal -1 0 0
    outer loop
      vertex 149.85000610351562 1.7499990463256836 7.5
      vertex 149.85000610351562 4.249999046325684 8
      vertex 149.85000610351562 4.249999046325684 7.5
    endloop
  endfacet
  facet normal -1 0 0
    outer loop
      vertex 149.85000610351562 4.249999046325684 8
      vertex 149.85000610351562 1.7499990463256836 7.5
      vertex 149.85000610351562 1.7499990463256836 8
    endloop
  endfacet
  facet normal 0 0 1
    outer loop
      vertex 143.8000030517578 3.3249998092651367 7.5
      vertex 145.14999389648438 2.674999237060547 7.5
      vertex 145.14999389648438 3.3249998092651367 7.5
    endloop
  endfacet
  facet normal 0 0 1
    outer loop
      vertex 145.14999389648438 2.674999237060547 7.5
      vertex 143.8000030517578 3.3249998092651367 7.5
      vertex 143.8000030517578 2.674999237060547 7.5
    endloop
  endfacet
  facet normal 0 0 1
    outer loop
      vertex 145.14999389648438 3.3249998092651367 7.5
      vertex 145.8000030517578 4.899999618530273 7.5
      vertex 145.14999389648438 4.249999046325684 7.5
    endloop
  endfacet
  facet normal 0 0 1
    outer loop
      vertex 143.8000030517578 4.899999618530273 7.5
      vertex 145.14999389648438 4.249999046325684 7.5
      vertex 145.8000030517578 4.899999618530273 7.5
    endloop
  endfacet
  facet normal 0 0 1
    outer loop
      vertex 145.14999389648438 4.249999046325684 7.5
      vertex 143.8000030517578 4.899999618530273 7.5
      vertex 143.8000030517578 4.249999046325684 7.5
    endloop
  endfacet
  facet normal 0 0 1
    outer loop
      vertex 145.8000030517578 4.899999618530273 7.5
      vertex 145.14999389648438 3.3249998092651367 7.5
      vertex 145.8000030517578 1.0999994277954102 7.5
    endloop
  endfacet
  facet normal 0 0 1
    outer loop
      vertex 145.14999389648438 2.674999237060547 7.5
      vertex 145.8000030517578 1.0999994277954102 7.5
      vertex 145.14999389648438 3.3249998092651367 7.5
    endloop
  endfacet
  facet normal 0 0 1
    outer loop
      vertex 145.14999389648438 1.7499990463256836 7.5
      vertex 145.8000030517578 1.0999994277954102 7.5
      vertex 145.14999389648438 2.674999237060547 7.5
    endloop
  endfacet
  facet normal 0 0 1
    outer loop
      vertex 143.8000030517578 1.0999994277954102 7.5
      vertex 145.14999389648438 1.7499990463256836 7.5
      vertex 143.8000030517578 1.7499990463256836 7.5
    endloop
  endfacet
  facet normal 0 0 1
    outer loop
      vertex 145.14999389648438 1.7499990463256836 7.5
      vertex 143.8000030517578 1.0999994277954102 7.5
      vertex 145.8000030517578 1.0999994277954102 7.5
    endloop
  endfacet
  facet normal 0 0 1
    outer loop
      vertex 148.5 4.899999618530273 7.5
      vertex 147.85000610351562 4.249999046325684 7.5
      vertex 148.5 2.674999237060547 7.5
    endloop
  endfacet
  facet normal 0 0 1
    outer loop
      vertex 146.5 4.899999618530273 7.5
      vertex 147.85000610351562 4.249999046325684 7.5
      vertex 148.5 4.899999618530273 7.5
    endloop
  endfacet
  facet normal 0 0 1
    outer loop
      vertex 147.85000610351562 4.249999046325684 7.5
      vertex 146.5 4.899999618530273 7.5
      vertex 146.5 4.249999046325684 7.5
    endloop
  endfacet
  facet normal 0 0 1
    outer loop
      vertex 147.85000610351562 3.3249998092651367 7.5
      vertex 148.5 2.674999237060547 7.5
      vertex 147.85000610351562 4.249999046325684 7.5
    endloop
  endfacet
  facet normal 0 0 1
    outer loop
      vertex 147.85000610351562 3.3249998092651367 7.5
      vertex 147.14999389648438 2.674999237060547 7.5
      vertex 148.5 2.674999237060547 7.5
    endloop
  endfacet
  facet normal 0 0 1
    outer loop
      vertex 147.14999389648438 2.674999237060547 7.5
      vertex 146.5 3.3249998092651367 7.5
      vertex 147.14999389648438 1.7499990463256836 7.5
    endloop
  endfacet
  facet normal 0 0 1
    outer loop
      vertex 146.5 3.3249998092651367 7.5
      vertex 147.14999389648438 2.674999237060547 7.5
      vertex 147.85000610351562 3.3249998092651367 7.5
    endloop
  endfacet
  facet normal 0 0 1
    outer loop
      vertex 147.14999389648438 1.7499990463256836 7.5
      vertex 148.5 1.0999994277954102 7.5
      vertex 148.5 1.7499990463256836 7.5
    endloop
  endfacet
  facet normal 0 0 1
    outer loop
      vertex 147.14999389648438 1.7499990463256836 7.5
      vertex 146.5 1.0999994277954102 7.5
      vertex 148.5 1.0999994277954102 7.5
    endloop
  endfacet
  facet normal 0 0 1
    outer loop
      vertex 146.5 1.0999994277954102 7.5
      vertex 147.14999389648438 1.7499990463256836 7.5
      vertex 146.5 3.3249998092651367 7.5
    endloop
  endfacet
  facet normal 0 0 1
    outer loop
      vertex 151.1999969482422 4.899999618530273 7.5
      vertex 150.5500030517578 4.249999046325684 7.5
      vertex 151.1999969482422 1.0999994277954102 7.5
    endloop
  endfacet
  facet normal 0 0 1
    outer loop
      vertex 151.1999969482422 4.899999618530273 7.5
      vertex 149.85000610351562 4.249999046325684 7.5
      vertex 150.5500030517578 4.249999046325684 7.5
    endloop
  endfacet
  facet normal 0 0 1
    outer loop
      vertex 149.85000610351562 4.249999046325684 7.5
      vertex 149.1999969482422 4.899999618530273 7.5
      vertex 149.85000610351562 1.7499990463256836 7.5
    endloop
  endfacet
  facet normal 0 0 1
    outer loop
      vertex 149.1999969482422 4.899999618530273 7.5
      vertex 149.85000610351562 4.249999046325684 7.5
      vertex 151.1999969482422 4.899999618530273 7.5
    endloop
  endfacet
  facet normal 0 0 1
    outer loop
      vertex 150.5500030517578 1.7499990463256836 7.5
      vertex 151.1999969482422 1.0999994277954102 7.5
      vertex 150.5500030517578 4.249999046325684 7.5
    endloop
  endfacet
  facet normal 0 0 1
    outer loop
      vertex 149.85000610351562 1.7499990463256836 7.5
      vertex 151.1999969482422 1.0999994277954102 7.5
      vertex 150.5500030517578 1.7499990463256836 7.5
    endloop
  endfacet
  facet normal 0 0 1
    outer loop
      vertex 149.85000610351562 1.7499990463256836 7.5
      vertex 149.1999969482422 1.0999994277954102 7.5
      vertex 151.1999969482422 1.0999994277954102 7.5
    endloop
  endfacet
  facet normal 0 0 1
    outer loop
      vertex 149.1999969482422 1.0999994277954102 7.5
      vertex 149.85000610351562 1.7499990463256836 7.5
      vertex 149.1999969482422 4.899999618530273 7.5
    endloop
  endfacet
  facet normal 1 0 0
    outer loop
      vertex 152 0 8
      vertex 152 6 0
      vertex 152 6 8
    endloop
  endfacet
  facet normal 1 0 0
    outer loop
      vertex 152 6 0
      vertex 152 0 8
      vertex 152 0 0
    endloop
  endfacet
  facet normal 0 0 1
    outer loop
      vertex 81.44999694824219 2.674999237060547 8
      vertex 82.80000305175781 1.7499990463256836 8
      vertex 82.80000305175781 2.674999237060547 8
    endloop
  endfacet
  facet normal 0 0 1
    outer loop
      vertex 82.80000305175781 1.7499990463256836 8
      vertex 81.44999694824219 2.674999237060547 8
      vertex 81.44999694824219 1.7499990463256836 8
    endloop
  endfacet
  facet normal 0 0 1
    outer loop
      vertex 86.8499984741211 4.249999046325684 8
      vertex 88.19999694824219 3.3249998092651367 8
      vertex 88.19999694824219 4.249999046325684 8
    endloop
  endfacet
  facet normal 0 0 1
    outer loop
      vertex 88.19999694824219 3.3249998092651367 8
      vertex 86.8499984741211 4.249999046325684 8
      vertex 86.8499984741211 3.3249998092651367 8
    endloop
  endfacet
  facet normal 0 0 1
    outer loop
      vertex 90.44999694824219 2.674999237060547 8
      vertex 91.80000305175781 1.7499990463256836 8
      vertex 91.80000305175781 2.674999237060547 8
    endloop
  endfacet
  facet normal 0 0 1
    outer loop
      vertex 91.80000305175781 1.7499990463256836 8
      vertex 90.44999694824219 2.674999237060547 8
      vertex 90.44999694824219 1.7499990463256836 8
    endloop
  endfacet
  facet normal 0 0 1
    outer loop
      vertex 99.44999694824219 2.674999237060547 8
      vertex 100.80000305175781 1.7499990463256836 8
      vertex 100.80000305175781 2.674999237060547 8
    endloop
  endfacet
  facet normal 0 0 1
    outer loop
      vertex 100.80000305175781 1.7499990463256836 8
      vertex 99.44999694824219 2.674999237060547 8
      vertex 99.44999694824219 1.7499990463256836 8
    endloop
  endfacet
  facet normal 0 0 1
    outer loop
      vertex 104.8499984741211 4.249999046325684 8
      vertex 106.19999694824219 3.3249998092651367 8
      vertex 106.19999694824219 4.249999046325684 8
    endloop
  endfacet
  facet normal 0 0 1
    outer loop
      vertex 106.19999694824219 3.3249998092651367 8
      vertex 104.8499984741211 4.249999046325684 8
      vertex 104.8499984741211 3.3249998092651367 8
    endloop
  endfacet
  facet normal 0 0 1
    outer loop
      vertex 122.8499984741211 4.249999046325684 8
      vertex 124.19999694824219 3.3249998092651367 8
      vertex 124.19999694824219 4.249999046325684 8
    endloop
  endfacet
  facet normal 0 0 1
    outer loop
      vertex 124.19999694824219 3.3249998092651367 8
      vertex 122.8499984741211 4.249999046325684 8
      vertex 122.8499984741211 3.3249998092651367 8
    endloop
  endfacet
  facet normal 0 0 1
    outer loop
      vertex 140.85000610351562 4.249999046325684 8
      vertex 142.1999969482422 3.3249998092651367 8
      vertex 142.1999969482422 4.249999046325684 8
    endloop
  endfacet
  facet normal 0 0 1
    outer loop
      vertex 142.1999969482422 3.3249998092651367 8
      vertex 140.85000610351562 4.249999046325684 8
      vertex 140.85000610351562 3.3249998092651367 8
    endloop
  endfacet
  facet normal 0 0 1
    outer loop
      vertex 147.14999389648438 2.674999237060547 8
      vertex 148.5 1.7499990463256836 8
      vertex 148.5 2.674999237060547 8
    endloop
  endfacet
  facet normal 0 0 1
    outer loop
      vertex 148.5 1.7499990463256836 8
      vertex 147.14999389648438 2.674999237060547 8
      vertex 147.14999389648438 1.7499990463256836 8
    endloop
  endfacet
  facet normal 0 0 1
    outer loop
      vertex 152 6 8
      vertex 151.1999969482422 4.899999618530273 8
      vertex 152 0 8
    endloop
  endfacet
  facet normal 0 0 1
    outer loop
      vertex 152 6 8
      vertex 149.1999969482422 4.899999618530273 8
      vertex 151.1999969482422 4.899999618530273 8
    endloop
  endfacet
  facet normal 0 0 1
    outer loop
      vertex 148.5 2.674999237060547 8
      vertex 149.1999969482422 4.899999618530273 8
      vertex 148.5 4.899999618530273 8
    endloop
  endfacet
  facet normal 0 0 1
    outer loop
      vertex 152 6 8
      vertex 148.5 4.899999618530273 8
      vertex 149.1999969482422 4.899999618530273 8
    endloop
  endfacet
  facet normal 0 0 1
    outer loop
      vertex 152 6 8
      vertex 146.5 4.899999618530273 8
      vertex 148.5 4.899999618530273 8
    endloop
  endfacet
  facet normal 0 0 1
    outer loop
      vertex 145.8000030517578 4.899999618530273 8
      vertex 146.5 4.249999046325684 8
      vertex 146.5 4.899999618530273 8
    endloop
  endfacet
  facet normal 0 0 1
    outer loop
      vertex 146.5 4.249999046325684 8
      vertex 145.8000030517578 4.899999618530273 8
      vertex 146.5 3.3249998092651367 8
    endloop
  endfacet
  facet normal 0 0 1
    outer loop
      vertex 145.8000030517578 1.0999994277954102 8
      vertex 146.5 3.3249998092651367 8
      vertex 145.8000030517578 4.899999618530273 8
    endloop
  endfacet
  facet normal 0 0 1
    outer loop
      vertex 152 6 8
      vertex 145.8000030517578 4.899999618530273 8
      vertex 146.5 4.899999618530273 8
    endloop
  endfacet
  facet normal 0 0 1
    outer loop
      vertex 152 6 8
      vertex 143.8000030517578 4.899999618530273 8
      vertex 145.8000030517578 4.899999618530273 8
    endloop
  endfacet
  facet normal 0 0 1
    outer loop
      vertex 142.1999969482422 4.249999046325684 8
      vertex 143.8000030517578 4.249999046325684 8
      vertex 143.8000030517578 4.899999618530273 8
    endloop
  endfacet
  facet normal 0 0 1
    outer loop
      vertex 143.8000030517578 4.249999046325684 8
      vertex 142.1999969482422 4.249999046325684 8
      vertex 143.8000030517578 3.3249998092651367 8
    endloop
  endfacet
  facet normal 0 0 1
    outer loop
      vertex 143.8000030517578 3.3249998092651367 8
      vertex 142.1999969482422 3.3249998092651367 8
      vertex 143.8000030517578 2.674999237060547 8
    endloop
  endfacet
  facet normal 0 0 1
    outer loop
      vertex 143.8000030517578 2.674999237060547 8
      vertex 142.1999969482422 3.3249998092651367 8
      vertex 143.8000030517578 1.7499990463256836 8
    endloop
  endfacet
  facet normal 0 0 1
    outer loop
      vertex 142.1999969482422 4.249999046325684 8
      vertex 143.8000030517578 4.899999618530273 8
      vertex 142.1999969482422 4.899999618530273 8
    endloop
  endfacet
  facet normal 0 0 1
    outer loop
      vertex 152 6 8
      vertex 142.1999969482422 4.899999618530273 8
      vertex 143.8000030517578 4.899999618530273 8
    endloop
  endfacet
  facet normal 0 0 1
    outer loop
      vertex 152 6 8
      vertex 140.1999969482422 4.899999618530273 8
      vertex 142.1999969482422 4.899999618530273 8
    endloop
  endfacet
  facet normal 0 0 1
    outer loop
      vertex 139.5 4.899999618530273 8
      vertex 140.1999969482422 2.674999237060547 8
      vertex 140.1999969482422 4.899999618530273 8
    endloop
  endfacet
  facet normal 0 0 1
    outer loop
      vertex 139.5 1.0999994277954102 8
      vertex 140.1999969482422 2.674999237060547 8
      vertex 139.5 4.899999618530273 8
    endloop
  endfacet
  facet normal 0 0 1
    outer loop
      vertex 140.1999969482422 2.674999237060547 8
      vertex 139.5 1.0999994277954102 8
      vertex 140.1999969482422 1.7499990463256836 8
    endloop
  endfacet
  facet normal 0 0 1
    outer loop
      vertex 152 6 8
      vertex 139.5 4.899999618530273 8
      vertex 140.1999969482422 4.899999618530273 8
    endloop
  endfacet
  facet normal 0 0 1
    outer loop
      vertex 152 6 8
      vertex 138.85000610351562 4.899999618530273 8
      vertex 139.5 4.899999618530273 8
    endloop
  endfacet
  facet normal 0 0 1
    outer loop
      vertex 138.85000610351562 4.899999618530273 8
      vertex 136.8000030517578 4.899999618530273 8
      vertex 138.85000610351562 1.0999994277954102 8
    endloop
  endfacet
  facet normal 0 0 1
    outer loop
      vertex 152 6 8
      vertex 136.8000030517578 4.899999618530273 8
      vertex 138.85000610351562 4.899999618530273 8
    endloop
  endfacet
  facet normal 0 0 1
    outer loop
      vertex 152 6 8
      vertex 134.8000030517578 4.899999618530273 8
      vertex 136.8000030517578 4.899999618530273 8
    endloop
  endfacet
  facet normal 0 0 1
    outer loop
      vertex 133.1999969482422 4.899999618530273 8
      vertex 134.8000030517578 4.249999046325684 8
      vertex 134.8000030517578 4.899999618530273 8
    endloop
  endfacet
  facet normal 0 0 1
    outer loop
      vertex 134.8000030517578 4.249999046325684 8
      vertex 133.1999969482422 4.899999618530273 8
      vertex 134.8000030517578 3.3249998092651367 8
    endloop
  endfacet
  facet normal 0 0 1
    outer loop
      vertex 134.8000030517578 3.3249998092651367 8
      vertex 133.1999969482422 4.899999618530273 8
      vertex 134.8000030517578 2.674999237060547 8
    endloop
  endfacet
  facet normal 0 0 1
    outer loop
      vertex 133.1999969482422 1.0999994277954102 8
      vertex 134.8000030517578 2.674999237060547 8
      vertex 133.1999969482422 4.899999618530273 8
    endloop
  endfacet
  facet normal 0 0 1
    outer loop
      vertex 134.8000030517578 2.674999237060547 8
      vertex 133.1999969482422 1.0999994277954102 8
      vertex 134.8000030517578 1.7499990463256836 8
    endloop
  endfacet
  facet normal 0 0 1
    outer loop
      vertex 152 6 8
      vertex 133.1999969482422 4.899999618530273 8
      vertex 134.8000030517578 4.899999618530273 8
    endloop
  endfacet
  facet normal 0 0 1
    outer loop
      vertex 152 6 8
      vertex 131.1999969482422 4.899999618530273 8
      vertex 133.1999969482422 4.899999618530273 8
    endloop
  endfacet
  facet normal 0 0 1
    outer loop
      vertex 131.1999969482422 4.899999618530273 8
      vertex 130.5 4.899999618530273 8
      vertex 131.1999969482422 1.0999994277954102 8
    endloop
  endfacet
  facet normal 0 0 1
    outer loop
      vertex 152 6 8
      vertex 130.5 4.899999618530273 8
      vertex 131.1999969482422 4.899999618530273 8
    endloop
  endfacet
  facet normal 0 0 1
    outer loop
      vertex 152 6 8
      vertex 129.85000610351562 4.899999618530273 8
      vertex 130.5 4.899999618530273 8
    endloop
  endfacet
  facet normal 0 0 1
    outer loop
      vertex 129.85000610351562 4.899999618530273 8
      vertex 127.80000305175781 4.899999618530273 8
      vertex 129.85000610351562 1.0999994277954102 8
    endloop
  endfacet
  facet normal 0 0 1
    outer loop
      vertex 152 6 8
      vertex 127.80000305175781 4.899999618530273 8
      vertex 129.85000610351562 4.899999618530273 8
    endloop
  endfacet
  facet normal 0 0 1
    outer loop
      vertex 152 6 8
      vertex 125.80000305175781 4.899999618530273 8
      vertex 127.80000305175781 4.899999618530273 8
    endloop
  endfacet
  facet normal 0 0 1
    outer loop
      vertex 124.19999694824219 4.249999046325684 8
      vertex 125.80000305175781 4.249999046325684 8
      vertex 125.80000305175781 4.899999618530273 8
    endloop
  endfacet
  facet normal 0 0 1
    outer loop
      vertex 125.80000305175781 4.249999046325684 8
      vertex 124.19999694824219 4.249999046325684 8
      vertex 125.80000305175781 3.3249998092651367 8
    endloop
  endfacet
  facet normal 0 0 1
    outer loop
      vertex 125.80000305175781 3.3249998092651367 8
      vertex 124.19999694824219 3.3249998092651367 8
      vertex 125.80000305175781 2.674999237060547 8
    endloop
  endfacet
  facet normal 0 0 1
    outer loop
      vertex 125.80000305175781 2.674999237060547 8
      vertex 124.19999694824219 3.3249998092651367 8
      vertex 125.80000305175781 1.7499990463256836 8
    endloop
  endfacet
  facet normal 0 0 1
    outer loop
      vertex 124.19999694824219 4.249999046325684 8
      vertex 125.80000305175781 4.899999618530273 8
      vertex 124.19999694824219 4.899999618530273 8
    endloop
  endfacet
  facet normal 0 0 1
    outer loop
      vertex 152 6 8
      vertex 124.19999694824219 4.899999618530273 8
      vertex 125.80000305175781 4.899999618530273 8
    endloop
  endfacet
  facet normal 0 0 1
    outer loop
      vertex 152 6 8
      vertex 122.19999694824219 4.899999618530273 8
      vertex 124.19999694824219 4.899999618530273 8
    endloop
  endfacet
  facet normal 0 0 1
    outer loop
      vertex 121.5 4.899999618530273 8
      vertex 122.19999694824219 2.674999237060547 8
      vertex 122.19999694824219 4.899999618530273 8
    endloop
  endfacet
  facet normal 0 0 1
    outer loop
      vertex 121.5 1.0999994277954102 8
      vertex 122.19999694824219 2.674999237060547 8
      vertex 121.5 4.899999618530273 8
    endloop
  endfacet
  facet normal 0 0 1
    outer loop
      vertex 122.19999694824219 2.674999237060547 8
      vertex 121.5 1.0999994277954102 8
      vertex 122.19999694824219 1.7499990463256836 8
    endloop
  endfacet
  facet normal 0 0 1
    outer loop
      vertex 152 6 8
      vertex 121.5 4.899999618530273 8
      vertex 122.19999694824219 4.899999618530273 8
    endloop
  endfacet
  facet normal 0 0 1
    outer loop
      vertex 152 6 8
      vertex 119.5 4.899999618530273 8
      vertex 121.5 4.899999618530273 8
    endloop
  endfacet
  facet normal 0 0 1
    outer loop
      vertex 119.5 4.899999618530273 8
      vertex 118.80000305175781 4.899999618530273 8
      vertex 119.5 1.0999994277954102 8
    endloop
  endfacet
  facet normal 0 0 1
    outer loop
      vertex 152 6 8
      vertex 118.80000305175781 4.899999618530273 8
      vertex 119.5 4.899999618530273 8
    endloop
  endfacet
  facet normal 0 0 1
    outer loop
      vertex 152 6 8
      vertex 116.80000305175781 4.899999618530273 8
      vertex 118.80000305175781 4.899999618530273 8
    endloop
  endfacet
  facet normal 0 0 1
    outer loop
      vertex 115.19999694824219 4.899999618530273 8
      vertex 116.80000305175781 4.249999046325684 8
      vertex 116.80000305175781 4.899999618530273 8
    endloop
  endfacet
  facet normal 0 0 1
    outer loop
      vertex 116.80000305175781 4.249999046325684 8
      vertex 115.19999694824219 4.899999618530273 8
      vertex 116.80000305175781 3.3249998092651367 8
    endloop
  endfacet
  facet normal 0 0 1
    outer loop
      vertex 116.80000305175781 3.3249998092651367 8
      vertex 115.19999694824219 4.899999618530273 8
      vertex 116.80000305175781 2.674999237060547 8
    endloop
  endfacet
  facet normal 0 0 1
    outer loop
      vertex 115.19999694824219 1.0999994277954102 8
      vertex 116.80000305175781 2.674999237060547 8
      vertex 115.19999694824219 4.899999618530273 8
    endloop
  endfacet
  facet normal 0 0 1
    outer loop
      vertex 116.80000305175781 2.674999237060547 8
      vertex 115.19999694824219 1.0999994277954102 8
      vertex 116.80000305175781 1.7499990463256836 8
    endloop
  endfacet
  facet normal 0 0 1
    outer loop
      vertex 152 6 8
      vertex 115.19999694824219 4.899999618530273 8
      vertex 116.80000305175781 4.899999618530273 8
    endloop
  endfacet
  facet normal 0 0 1
    outer loop
      vertex 152 6 8
      vertex 113.19999694824219 4.899999618530273 8
      vertex 115.19999694824219 4.899999618530273 8
    endloop
  endfacet
  facet normal 0 0 1
    outer loop
      vertex 113.19999694824219 4.899999618530273 8
      vertex 112.5 4.899999618530273 8
      vertex 113.19999694824219 1.0999994277954102 8
    endloop
  endfacet
  facet normal 0 0 1
    outer loop
      vertex 152 6 8
      vertex 112.5 4.899999618530273 8
      vertex 113.19999694824219 4.899999618530273 8
    endloop
  endfacet
  facet normal 0 0 1
    outer loop
      vertex 152 6 8
      vertex 110.5 4.899999618530273 8
      vertex 112.5 4.899999618530273 8
    endloop
  endfacet
  facet normal 0 0 1
    outer loop
      vertex 110.5 4.899999618530273 8
      vertex 109.80000305175781 4.899999618530273 8
      vertex 110.5 1.0999994277954102 8
    endloop
  endfacet
  facet normal 0 0 1
    outer loop
      vertex 80 6 8
      vertex 110.5 4.899999618530273 8
      vertex 152 6 8
    endloop
  endfacet
  facet normal 0 0 1
    outer loop
      vertex 110.5 4.899999618530273 8
      vertex 80 6 8
      vertex 109.80000305175781 4.899999618530273 8
    endloop
  endfacet
  facet normal 0 0 1
    outer loop
      vertex 106.19999694824219 4.249999046325684 8
      vertex 107.80000305175781 4.249999046325684 8
      vertex 107.80000305175781 4.899999618530273 8
    endloop
  endfacet
  facet normal 0 0 1
    outer loop
      vertex 107.80000305175781 4.249999046325684 8
      vertex 106.19999694824219 4.249999046325684 8
      vertex 107.80000305175781 3.3249998092651367 8
    endloop
  endfacet
  facet normal 0 0 1
    outer loop
      vertex 107.80000305175781 3.3249998092651367 8
      vertex 106.19999694824219 3.3249998092651367 8
      vertex 107.80000305175781 2.674999237060547 8
    endloop
  endfacet
  facet normal 0 0 1
    outer loop
      vertex 107.80000305175781 2.674999237060547 8
      vertex 106.19999694824219 3.3249998092651367 8
      vertex 107.80000305175781 1.7499990463256836 8
    endloop
  endfacet
  facet normal 0 0 1
    outer loop
      vertex 106.19999694824219 4.249999046325684 8
      vertex 107.80000305175781 4.899999618530273 8
      vertex 106.19999694824219 4.899999618530273 8
    endloop
  endfacet
  facet normal 0 0 1
    outer loop
      vertex 109.80000305175781 4.899999618530273 8
      vertex 80 6 8
      vertex 107.80000305175781 4.899999618530273 8
    endloop
  endfacet
  facet normal 0 0 1
    outer loop
      vertex 107.80000305175781 4.899999618530273 8
      vertex 80 6 8
      vertex 106.19999694824219 4.899999618530273 8
    endloop
  endfacet
  facet normal 0 0 1
    outer loop
      vertex 103.5 4.899999618530273 8
      vertex 104.19999694824219 2.674999237060547 8
      vertex 104.19999694824219 4.899999618530273 8
    endloop
  endfacet
  facet normal 0 0 1
    outer loop
      vertex 103.5 1.0999994277954102 8
      vertex 104.19999694824219 2.674999237060547 8
      vertex 103.5 4.899999618530273 8
    endloop
  endfacet
  facet normal 0 0 1
    outer loop
      vertex 104.19999694824219 2.674999237060547 8
      vertex 103.5 1.0999994277954102 8
      vertex 104.19999694824219 1.7499990463256836 8
    endloop
  endfacet
  facet normal 0 0 1
    outer loop
      vertex 106.19999694824219 4.899999618530273 8
      vertex 80 6 8
      vertex 104.19999694824219 4.899999618530273 8
    endloop
  endfacet
  facet normal 0 0 1
    outer loop
      vertex 104.19999694824219 4.899999618530273 8
      vertex 80 6 8
      vertex 103.5 4.899999618530273 8
    endloop
  endfacet
  facet normal 0 0 1
    outer loop
      vertex 100.80000305175781 2.674999237060547 8
      vertex 101.5 2.674999237060547 8
      vertex 101.5 4.899999618530273 8
    endloop
  endfacet
  facet normal 0 0 1
    outer loop
      vertex 101.5 2.674999237060547 8
      vertex 100.80000305175781 2.674999237060547 8
      vertex 101.5 1.7499990463256836 8
    endloop
  endfacet
  facet normal 0 0 1
    outer loop
      vertex 100.80000305175781 2.674999237060547 8
      vertex 101.5 4.899999618530273 8
      vertex 100.80000305175781 4.899999618530273 8
    endloop
  endfacet
  facet normal 0 0 1
    outer loop
      vertex 103.5 4.899999618530273 8
      vertex 80 6 8
      vertex 101.5 4.899999618530273 8
    endloop
  endfacet
  facet normal 0 0 1
    outer loop
      vertex 101.5 4.899999618530273 8
      vertex 80 6 8
      vertex 100.80000305175781 4.899999618530273 8
    endloop
  endfacet
  facet normal 0 0 1
    outer loop
      vertex 97.19999694824219 4.899999618530273 8
      vertex 98.80000305175781 4.249999046325684 8
      vertex 98.80000305175781 4.899999618530273 8
    endloop
  endfacet
  facet normal 0 0 1
    outer loop
      vertex 98.80000305175781 4.249999046325684 8
      vertex 97.19999694824219 4.899999618530273 8
      vertex 98.80000305175781 3.3249998092651367 8
    endloop
  endfacet
  facet normal 0 0 1
    outer loop
      vertex 97.19999694824219 1.0999994277954102 8
      vertex 98.80000305175781 3.3249998092651367 8
      vertex 97.19999694824219 4.899999618530273 8
    endloop
  endfacet
  facet normal 0 0 1
    outer loop
      vertex 100.80000305175781 4.899999618530273 8
      vertex 80 6 8
      vertex 98.80000305175781 4.899999618530273 8
    endloop
  endfacet
  facet normal 0 0 1
    outer loop
      vertex 98.80000305175781 4.899999618530273 8
      vertex 80 6 8
      vertex 97.19999694824219 4.899999618530273 8
    endloop
  endfacet
  facet normal 0 0 1
    outer loop
      vertex 95.19999694824219 4.899999618530273 8
      vertex 94.5 4.899999618530273 8
      vertex 95.19999694824219 1.0999994277954102 8
    endloop
  endfacet
  facet normal 0 0 1
    outer loop
      vertex 97.19999694824219 4.899999618530273 8
      vertex 80 6 8
      vertex 95.19999694824219 4.899999618530273 8
    endloop
  endfacet
  facet normal 0 0 1
    outer loop
      vertex 95.19999694824219 4.899999618530273 8
      vertex 80 6 8
      vertex 94.5 4.899999618530273 8
    endloop
  endfacet
  facet normal 0 0 1
    outer loop
      vertex 91.80000305175781 2.674999237060547 8
      vertex 92.5 2.674999237060547 8
      vertex 92.5 4.899999618530273 8
    endloop
  endfacet
  facet normal 0 0 1
    outer loop
      vertex 92.5 2.674999237060547 8
      vertex 91.80000305175781 2.674999237060547 8
      vertex 92.5 1.7499990463256836 8
    endloop
  endfacet
  facet normal 0 0 1
    outer loop
      vertex 91.80000305175781 2.674999237060547 8
      vertex 92.5 4.899999618530273 8
      vertex 91.80000305175781 4.899999618530273 8
    endloop
  endfacet
  facet normal 0 0 1
    outer loop
      vertex 94.5 4.899999618530273 8
      vertex 80 6 8
      vertex 92.5 4.899999618530273 8
    endloop
  endfacet
  facet normal 0 0 1
    outer loop
      vertex 92.5 4.899999618530273 8
      vertex 80 6 8
      vertex 91.80000305175781 4.899999618530273 8
    endloop
  endfacet
  facet normal 0 0 1
    outer loop
      vertex 88.19999694824219 4.249999046325684 8
      vertex 89.80000305175781 4.249999046325684 8
      vertex 89.80000305175781 4.899999618530273 8
    endloop
  endfacet
  facet normal 0 0 1
    outer loop
      vertex 89.80000305175781 4.249999046325684 8
      vertex 88.19999694824219 4.249999046325684 8
      vertex 89.80000305175781 3.3249998092651367 8
    endloop
  endfacet
  facet normal 0 0 1
    outer loop
      vertex 88.19999694824219 4.249999046325684 8
      vertex 89.80000305175781 4.899999618530273 8
      vertex 88.19999694824219 4.899999618530273 8
    endloop
  endfacet
  facet normal 0 0 1
    outer loop
      vertex 91.80000305175781 4.899999618530273 8
      vertex 80 6 8
      vertex 89.80000305175781 4.899999618530273 8
    endloop
  endfacet
  facet normal 0 0 1
    outer loop
      vertex 89.80000305175781 4.899999618530273 8
      vertex 80 6 8
      vertex 88.19999694824219 4.899999618530273 8
    endloop
  endfacet
  facet normal 0 0 1
    outer loop
      vertex 85.5 4.899999618530273 8
      vertex 86.19999694824219 2.674999237060547 8
      vertex 86.19999694824219 4.899999618530273 8
    endloop
  endfacet
  facet normal 0 0 1
    outer loop
      vertex 85.5 1.0999994277954102 8
      vertex 86.19999694824219 2.674999237060547 8
      vertex 85.5 4.899999618530273 8
    endloop
  endfacet
  facet normal 0 0 1
    outer loop
      vertex 86.19999694824219 2.674999237060547 8
      vertex 85.5 1.0999994277954102 8
      vertex 86.19999694824219 1.7499990463256836 8
    endloop
  endfacet
  facet normal 0 0 1
    outer loop
      vertex 88.19999694824219 4.899999618530273 8
      vertex 80 6 8
      vertex 86.19999694824219 4.899999618530273 8
    endloop
  endfacet
  facet normal 0 0 1
    outer loop
      vertex 86.19999694824219 4.899999618530273 8
      vertex 80 6 8
      vertex 85.5 4.899999618530273 8
    endloop
  endfacet
  facet normal 0 0 1
    outer loop
      vertex 82.80000305175781 2.674999237060547 8
      vertex 83.5 4.899999618530273 8
      vertex 82.80000305175781 4.899999618530273 8
    endloop
  endfacet
  facet normal 0 0 1
    outer loop
      vertex 85.5 4.899999618530273 8
      vertex 80 6 8
      vertex 83.5 4.899999618530273 8
    endloop
  endfacet
  facet normal 0 0 1
    outer loop
      vertex 83.5 4.899999618530273 8
      vertex 80 6 8
      vertex 82.80000305175781 4.899999618530273 8
    endloop
  endfacet
  facet normal 0 0 1
    outer loop
      vertex 80 6 8
      vertex 80.80000305175781 4.249999046325684 8
      vertex 80.80000305175781 4.899999618530273 8
    endloop
  endfacet
  facet normal 0 0 1
    outer loop
      vertex 80.80000305175781 4.249999046325684 8
      vertex 80 6 8
      vertex 80.80000305175781 3.3249998092651367 8
    endloop
  endfacet
  facet normal 0 0 1
    outer loop
      vertex 80 0 8
      vertex 80.80000305175781 3.3249998092651367 8
      vertex 80 6 8
    endloop
  endfacet
  facet normal 0 0 1
    outer loop
      vertex 82.80000305175781 4.899999618530273 8
      vertex 80 6 8
      vertex 80.80000305175781 4.899999618530273 8
    endloop
  endfacet
  facet normal 0 0 1
    outer loop
      vertex 151.1999969482422 1.0999994277954102 8
      vertex 152 0 8
      vertex 151.1999969482422 4.899999618530273 8
    endloop
  endfacet
  facet normal 0 0 1
    outer loop
      vertex 149.1999969482422 1.0999994277954102 8
      vertex 152 0 8
      vertex 151.1999969482422 1.0999994277954102 8
    endloop
  endfacet
  facet normal 0 0 1
    outer loop
      vertex 149.1999969482422 4.899999618530273 8
      vertex 148.5 2.674999237060547 8
      vertex 149.1999969482422 1.0999994277954102 8
    endloop
  endfacet
  facet normal 0 0 1
    outer loop
      vertex 148.5 1.7499990463256836 8
      vertex 149.1999969482422 1.0999994277954102 8
      vertex 148.5 2.674999237060547 8
    endloop
  endfacet
  facet normal 0 0 1
    outer loop
      vertex 148.5 1.0999994277954102 8
      vertex 149.1999969482422 1.0999994277954102 8
      vertex 148.5 1.7499990463256836 8
    endloop
  endfacet
  facet normal 0 0 1
    outer loop
      vertex 148.5 1.0999994277954102 8
      vertex 152 0 8
      vertex 149.1999969482422 1.0999994277954102 8
    endloop
  endfacet
  facet normal 0 0 1
    outer loop
      vertex 146.5 1.0999994277954102 8
      vertex 152 0 8
      vertex 148.5 1.0999994277954102 8
    endloop
  endfacet
  facet normal 0 0 1
    outer loop
      vertex 146.5 3.3249998092651367 8
      vertex 145.8000030517578 1.0999994277954102 8
      vertex 146.5 1.0999994277954102 8
    endloop
  endfacet
  facet normal 0 0 1
    outer loop
      vertex 145.8000030517578 1.0999994277954102 8
      vertex 152 0 8
      vertex 146.5 1.0999994277954102 8
    endloop
  endfacet
  facet normal 0 0 1
    outer loop
      vertex 143.8000030517578 1.0999994277954102 8
      vertex 152 0 8
      vertex 145.8000030517578 1.0999994277954102 8
    endloop
  endfacet
  facet normal 0 0 1
    outer loop
      vertex 143.8000030517578 3.3249998092651367 8
      vertex 142.1999969482422 4.249999046325684 8
      vertex 142.1999969482422 3.3249998092651367 8
    endloop
  endfacet
  facet normal 0 0 1
    outer loop
      vertex 142.1999969482422 1.0999994277954102 8
      vertex 143.8000030517578 1.7499990463256836 8
      vertex 142.1999969482422 3.3249998092651367 8
    endloop
  endfacet
  facet normal 0 0 1
    outer loop
      vertex 143.8000030517578 1.7499990463256836 8
      vertex 142.1999969482422 1.0999994277954102 8
      vertex 143.8000030517578 1.0999994277954102 8
    endloop
  endfacet
  facet normal 0 0 1
    outer loop
      vertex 142.1999969482422 1.0999994277954102 8
      vertex 152 0 8
      vertex 143.8000030517578 1.0999994277954102 8
    endloop
  endfacet
  facet normal 0 0 1
    outer loop
      vertex 140.1999969482422 1.0999994277954102 8
      vertex 152 0 8
      vertex 142.1999969482422 1.0999994277954102 8
    endloop
  endfacet
  facet normal 0 0 1
    outer loop
      vertex 140.1999969482422 1.7499990463256836 8
      vertex 139.5 1.0999994277954102 8
      vertex 140.1999969482422 1.0999994277954102 8
    endloop
  endfacet
  facet normal 0 0 1
    outer loop
      vertex 139.5 1.0999994277954102 8
      vertex 152 0 8
      vertex 140.1999969482422 1.0999994277954102 8
    endloop
  endfacet
  facet normal 0 0 1
    outer loop
      vertex 138.85000610351562 1.0999994277954102 8
      vertex 152 0 8
      vertex 139.5 1.0999994277954102 8
    endloop
  endfacet
  facet normal 0 0 1
    outer loop
      vertex 136.8000030517578 1.0999994277954102 8
      vertex 138.85000610351562 1.0999994277954102 8
      vertex 136.8000030517578 4.899999618530273 8
    endloop
  endfacet
  facet normal 0 0 1
    outer loop
      vertex 136.8000030517578 1.0999994277954102 8
      vertex 152 0 8
      vertex 138.85000610351562 1.0999994277954102 8
    endloop
  endfacet
  facet normal 0 0 1
    outer loop
      vertex 134.8000030517578 1.0999994277954102 8
      vertex 152 0 8
      vertex 136.8000030517578 1.0999994277954102 8
    endloop
  endfacet
  facet normal 0 0 1
    outer loop
      vertex 134.8000030517578 1.7499990463256836 8
      vertex 133.1999969482422 1.0999994277954102 8
      vertex 134.8000030517578 1.0999994277954102 8
    endloop
  endfacet
  facet normal 0 0 1
    outer loop
      vertex 133.1999969482422 1.0999994277954102 8
      vertex 152 0 8
      vertex 134.8000030517578 1.0999994277954102 8
    endloop
  endfacet
  facet normal 0 0 1
    outer loop
      vertex 131.1999969482422 1.0999994277954102 8
      vertex 152 0 8
      vertex 133.1999969482422 1.0999994277954102 8
    endloop
  endfacet
  facet normal 0 0 1
    outer loop
      vertex 130.5 1.0999994277954102 8
      vertex 131.1999969482422 1.0999994277954102 8
      vertex 130.5 4.899999618530273 8
    endloop
  endfacet
  facet normal 0 0 1
    outer loop
      vertex 130.5 1.0999994277954102 8
      vertex 152 0 8
      vertex 131.1999969482422 1.0999994277954102 8
    endloop
  endfacet
  facet normal 0 0 1
    outer loop
      vertex 129.85000610351562 1.0999994277954102 8
      vertex 152 0 8
      vertex 130.5 1.0999994277954102 8
    endloop
  endfacet
  facet normal 0 0 1
    outer loop
      vertex 127.80000305175781 1.0999994277954102 8
      vertex 129.85000610351562 1.0999994277954102 8
      vertex 127.80000305175781 4.899999618530273 8
    endloop
  endfacet
  facet normal 0 0 1
    outer loop
      vertex 127.80000305175781 1.0999994277954102 8
      vertex 152 0 8
      vertex 129.85000610351562 1.0999994277954102 8
    endloop
  endfacet
  facet normal 0 0 1
    outer loop
      vertex 125.80000305175781 1.0999994277954102 8
      vertex 152 0 8
      vertex 127.80000305175781 1.0999994277954102 8
    endloop
  endfacet
  facet normal 0 0 1
    outer loop
      vertex 125.80000305175781 3.3249998092651367 8
      vertex 124.19999694824219 4.249999046325684 8
      vertex 124.19999694824219 3.3249998092651367 8
    endloop
  endfacet
  facet normal 0 0 1
    outer loop
      vertex 124.19999694824219 1.0999994277954102 8
      vertex 125.80000305175781 1.7499990463256836 8
      vertex 124.19999694824219 3.3249998092651367 8
    endloop
  endfacet
  facet normal 0 0 1
    outer loop
      vertex 125.80000305175781 1.7499990463256836 8
      vertex 124.19999694824219 1.0999994277954102 8
      vertex 125.80000305175781 1.0999994277954102 8
    endloop
  endfacet
  facet normal 0 0 1
    outer loop
      vertex 124.19999694824219 1.0999994277954102 8
      vertex 152 0 8
      vertex 125.80000305175781 1.0999994277954102 8
    endloop
  endfacet
  facet normal 0 0 1
    outer loop
      vertex 122.19999694824219 1.0999994277954102 8
      vertex 152 0 8
      vertex 124.19999694824219 1.0999994277954102 8
    endloop
  endfacet
  facet normal 0 0 1
    outer loop
      vertex 122.19999694824219 1.7499990463256836 8
      vertex 121.5 1.0999994277954102 8
      vertex 122.19999694824219 1.0999994277954102 8
    endloop
  endfacet
  facet normal 0 0 1
    outer loop
      vertex 121.5 1.0999994277954102 8
      vertex 152 0 8
      vertex 122.19999694824219 1.0999994277954102 8
    endloop
  endfacet
  facet normal 0 0 1
    outer loop
      vertex 119.5 1.0999994277954102 8
      vertex 152 0 8
      vertex 121.5 1.0999994277954102 8
    endloop
  endfacet
  facet normal 0 0 1
    outer loop
      vertex 118.80000305175781 1.0999994277954102 8
      vertex 119.5 1.0999994277954102 8
      vertex 118.80000305175781 4.899999618530273 8
    endloop
  endfacet
  facet normal 0 0 1
    outer loop
      vertex 118.80000305175781 1.0999994277954102 8
      vertex 152 0 8
      vertex 119.5 1.0999994277954102 8
    endloop
  endfacet
  facet normal 0 0 1
    outer loop
      vertex 116.80000305175781 1.0999994277954102 8
      vertex 152 0 8
      vertex 118.80000305175781 1.0999994277954102 8
    endloop
  endfacet
  facet normal 0 0 1
    outer loop
      vertex 116.80000305175781 1.7499990463256836 8
      vertex 115.19999694824219 1.0999994277954102 8
      vertex 116.80000305175781 1.0999994277954102 8
    endloop
  endfacet
  facet normal 0 0 1
    outer loop
      vertex 115.19999694824219 1.0999994277954102 8
      vertex 152 0 8
      vertex 116.80000305175781 1.0999994277954102 8
    endloop
  endfacet
  facet normal 0 0 1
    outer loop
      vertex 113.19999694824219 1.0999994277954102 8
      vertex 152 0 8
      vertex 115.19999694824219 1.0999994277954102 8
    endloop
  endfacet
  facet normal 0 0 1
    outer loop
      vertex 112.5 1.0999994277954102 8
      vertex 113.19999694824219 1.0999994277954102 8
      vertex 112.5 4.899999618530273 8
    endloop
  endfacet
  facet normal 0 0 1
    outer loop
      vertex 112.5 1.0999994277954102 8
      vertex 152 0 8
      vertex 113.19999694824219 1.0999994277954102 8
    endloop
  endfacet
  facet normal 0 0 1
    outer loop
      vertex 110.5 1.0999994277954102 8
      vertex 152 0 8
      vertex 112.5 1.0999994277954102 8
    endloop
  endfacet
  facet normal 0 0 1
    outer loop
      vertex 109.80000305175781 1.0999994277954102 8
      vertex 110.5 1.0999994277954102 8
      vertex 109.80000305175781 4.899999618530273 8
    endloop
  endfacet
  facet normal 0 0 1
    outer loop
      vertex 80 0 8
      vertex 110.5 1.0999994277954102 8
      vertex 109.80000305175781 1.0999994277954102 8
    endloop
  endfacet
  facet normal 0 0 1
    outer loop
      vertex 80 0 8
      vertex 109.80000305175781 1.0999994277954102 8
      vertex 107.80000305175781 1.0999994277954102 8
    endloop
  endfacet
  facet normal 0 0 1
    outer loop
      vertex 107.80000305175781 3.3249998092651367 8
      vertex 106.19999694824219 4.249999046325684 8
      vertex 106.19999694824219 3.3249998092651367 8
    endloop
  endfacet
  facet normal 0 0 1
    outer loop
      vertex 106.19999694824219 1.0999994277954102 8
      vertex 107.80000305175781 1.7499990463256836 8
      vertex 106.19999694824219 3.3249998092651367 8
    endloop
  endfacet
  facet normal 0 0 1
    outer loop
      vertex 107.80000305175781 1.7499990463256836 8
      vertex 106.19999694824219 1.0999994277954102 8
      vertex 107.80000305175781 1.0999994277954102 8
    endloop
  endfacet
  facet normal 0 0 1
    outer loop
      vertex 80 0 8
      vertex 107.80000305175781 1.0999994277954102 8
      vertex 106.19999694824219 1.0999994277954102 8
    endloop
  endfacet
  facet normal 0 0 1
    outer loop
      vertex 80 0 8
      vertex 106.19999694824219 1.0999994277954102 8
      vertex 104.19999694824219 1.0999994277954102 8
    endloop
  endfacet
  facet normal 0 0 1
    outer loop
      vertex 104.19999694824219 1.7499990463256836 8
      vertex 103.5 1.0999994277954102 8
      vertex 104.19999694824219 1.0999994277954102 8
    endloop
  endfacet
  facet normal 0 0 1
    outer loop
      vertex 80 0 8
      vertex 104.19999694824219 1.0999994277954102 8
      vertex 103.5 1.0999994277954102 8
    endloop
  endfacet
  facet normal 0 0 1
    outer loop
      vertex 80 0 8
      vertex 103.5 1.0999994277954102 8
      vertex 101.5 1.0999994277954102 8
    endloop
  endfacet
  facet normal 0 0 1
    outer loop
      vertex 100.80000305175781 1.7499990463256836 8
      vertex 101.5 1.7499990463256836 8
      vertex 100.80000305175781 2.674999237060547 8
    endloop
  endfacet
  facet normal 0 0 1
    outer loop
      vertex 101.5 1.7499990463256836 8
      vertex 100.80000305175781 1.7499990463256836 8
      vertex 101.5 1.0999994277954102 8
    endloop
  endfacet
  facet normal 0 0 1
    outer loop
      vertex 100.80000305175781 1.0999994277954102 8
      vertex 101.5 1.0999994277954102 8
      vertex 100.80000305175781 1.7499990463256836 8
    endloop
  endfacet
  facet normal 0 0 1
    outer loop
      vertex 80 0 8
      vertex 101.5 1.0999994277954102 8
      vertex 100.80000305175781 1.0999994277954102 8
    endloop
  endfacet
  facet normal 0 0 1
    outer loop
      vertex 80 0 8
      vertex 100.80000305175781 1.0999994277954102 8
      vertex 98.80000305175781 1.0999994277954102 8
    endloop
  endfacet
  facet normal 0 0 1
    outer loop
      vertex 98.80000305175781 3.3249998092651367 8
      vertex 97.19999694824219 1.0999994277954102 8
      vertex 98.80000305175781 1.0999994277954102 8
    endloop
  endfacet
  facet normal 0 0 1
    outer loop
      vertex 80 0 8
      vertex 98.80000305175781 1.0999994277954102 8
      vertex 97.19999694824219 1.0999994277954102 8
    endloop
  endfacet
  facet normal 0 0 1
    outer loop
      vertex 80 0 8
      vertex 97.19999694824219 1.0999994277954102 8
      vertex 95.19999694824219 1.0999994277954102 8
    endloop
  endfacet
  facet normal 0 0 1
    outer loop
      vertex 94.5 1.0999994277954102 8
      vertex 95.19999694824219 1.0999994277954102 8
      vertex 94.5 4.899999618530273 8
    endloop
  endfacet
  facet normal 0 0 1
    outer loop
      vertex 80 0 8
      vertex 95.19999694824219 1.0999994277954102 8
      vertex 94.5 1.0999994277954102 8
    endloop
  endfacet
  facet normal 0 0 1
    outer loop
      vertex 80 0 8
      vertex 94.5 1.0999994277954102 8
      vertex 92.5 1.0999994277954102 8
    endloop
  endfacet
  facet normal 0 0 1
    outer loop
      vertex 91.80000305175781 1.7499990463256836 8
      vertex 92.5 1.7499990463256836 8
      vertex 91.80000305175781 2.674999237060547 8
    endloop
  endfacet
  facet normal 0 0 1
    outer loop
      vertex 92.5 1.7499990463256836 8
      vertex 91.80000305175781 1.7499990463256836 8
      vertex 92.5 1.0999994277954102 8
    endloop
  endfacet
  facet normal 0 0 1
    outer loop
      vertex 91.80000305175781 1.0999994277954102 8
      vertex 92.5 1.0999994277954102 8
      vertex 91.80000305175781 1.7499990463256836 8
    endloop
  endfacet
  facet normal 0 0 1
    outer loop
      vertex 80 0 8
      vertex 92.5 1.0999994277954102 8
      vertex 91.80000305175781 1.0999994277954102 8
    endloop
  endfacet
  facet normal 0 0 1
    outer loop
      vertex 80 0 8
      vertex 91.80000305175781 1.0999994277954102 8
      vertex 89.80000305175781 1.0999994277954102 8
    endloop
  endfacet
  facet normal 0 0 1
    outer loop
      vertex 89.80000305175781 3.3249998092651367 8
      vertex 88.19999694824219 4.249999046325684 8
      vertex 88.19999694824219 3.3249998092651367 8
    endloop
  endfacet
  facet normal 0 0 1
    outer loop
      vertex 89.80000305175781 3.3249998092651367 8
      vertex 88.19999694824219 3.3249998092651367 8
      vertex 89.80000305175781 1.0999994277954102 8
    endloop
  endfacet
  facet normal 0 0 1
    outer loop
      vertex 88.19999694824219 1.0999994277954102 8
      vertex 89.80000305175781 1.0999994277954102 8
      vertex 88.19999694824219 3.3249998092651367 8
    endloop
  endfacet
  facet normal 0 0 1
    outer loop
      vertex 80 0 8
      vertex 89.80000305175781 1.0999994277954102 8
      vertex 88.19999694824219 1.0999994277954102 8
    endloop
  endfacet
  facet normal 0 0 1
    outer loop
      vertex 80 0 8
      vertex 88.19999694824219 1.0999994277954102 8
      vertex 86.19999694824219 1.0999994277954102 8
    endloop
  endfacet
  facet normal 0 0 1
    outer loop
      vertex 86.19999694824219 1.7499990463256836 8
      vertex 85.5 1.0999994277954102 8
      vertex 86.19999694824219 1.0999994277954102 8
    endloop
  endfacet
  facet normal 0 0 1
    outer loop
      vertex 80 0 8
      vertex 86.19999694824219 1.0999994277954102 8
      vertex 85.5 1.0999994277954102 8
    endloop
  endfacet
  facet normal 0 0 1
    outer loop
      vertex 80 0 8
      vertex 85.5 1.0999994277954102 8
      vertex 83.5 1.0999994277954102 8
    endloop
  endfacet
  facet normal 0 0 1
    outer loop
      vertex 83.5 4.899999618530273 8
      vertex 82.80000305175781 2.674999237060547 8
      vertex 83.5 1.0999994277954102 8
    endloop
  endfacet
  facet normal 0 0 1
    outer loop
      vertex 82.80000305175781 1.7499990463256836 8
      vertex 83.5 1.0999994277954102 8
      vertex 82.80000305175781 2.674999237060547 8
    endloop
  endfacet
  facet normal 0 0 1
    outer loop
      vertex 82.80000305175781 1.0999994277954102 8
      vertex 83.5 1.0999994277954102 8
      vertex 82.80000305175781 1.7499990463256836 8
    endloop
  endfacet
  facet normal 0 0 1
    outer loop
      vertex 80 0 8
      vertex 83.5 1.0999994277954102 8
      vertex 82.80000305175781 1.0999994277954102 8
    endloop
  endfacet
  facet normal 0 0 1
    outer loop
      vertex 80 0 8
      vertex 82.80000305175781 1.0999994277954102 8
      vertex 80.80000305175781 1.0999994277954102 8
    endloop
  endfacet
  facet normal 0 0 1
    outer loop
      vertex 110.5 1.0999994277954102 8
      vertex 80 0 8
      vertex 152 0 8
    endloop
  endfacet
  facet normal 0 0 1
    outer loop
      vertex 80.80000305175781 3.3249998092651367 8
      vertex 80 0 8
      vertex 80.80000305175781 1.0999994277954102 8
    endloop
  endfacet
  facet normal 0 0 1
    outer loop
      vertex 146.5 4.249999046325684 8
      vertex 147.85000610351562 3.3249998092651367 8
      vertex 147.85000610351562 4.249999046325684 8
    endloop
  endfacet
  facet normal 0 0 1
    outer loop
      vertex 147.85000610351562 3.3249998092651367 8
      vertex 146.5 4.249999046325684 8
      vertex 146.5 3.3249998092651367 8
    endloop
  endfacet
  facet normal 0 0 1
    outer loop
      vertex 143.8000030517578 4.249999046325684 8
      vertex 145.14999389648438 3.3249998092651367 8
      vertex 145.14999389648438 4.249999046325684 8
    endloop
  endfacet
  facet normal 0 0 1
    outer loop
      vertex 145.14999389648438 3.3249998092651367 8
      vertex 143.8000030517578 4.249999046325684 8
      vertex 143.8000030517578 3.3249998092651367 8
    endloop
  endfacet
  facet normal 0 0 1
    outer loop
      vertex 143.8000030517578 2.674999237060547 8
      vertex 145.14999389648438 1.7499990463256836 8
      vertex 145.14999389648438 2.674999237060547 8
    endloop
  endfacet
  facet normal 0 0 1
    outer loop
      vertex 145.14999389648438 1.7499990463256836 8
      vertex 143.8000030517578 2.674999237060547 8
      vertex 143.8000030517578 1.7499990463256836 8
    endloop
  endfacet
  facet normal 0 0 1
    outer loop
      vertex 140.1999969482422 2.674999237060547 8
      vertex 141.5500030517578 1.7499990463256836 8
      vertex 141.5500030517578 2.674999237060547 8
    endloop
  endfacet
  facet normal 0 0 1
    outer loop
      vertex 141.5500030517578 1.7499990463256836 8
      vertex 140.1999969482422 2.674999237060547 8
      vertex 140.1999969482422 1.7499990463256836 8
    endloop
  endfacet
  facet normal 0 0 1
    outer loop
      vertex 134.8000030517578 4.249999046325684 8
      vertex 136.14999389648438 3.3249998092651367 8
      vertex 136.14999389648438 4.249999046325684 8
    endloop
  endfacet
  facet normal 0 0 1
    outer loop
      vertex 136.14999389648438 3.3249998092651367 8
      vertex 134.8000030517578 4.249999046325684 8
      vertex 134.8000030517578 3.3249998092651367 8
    endloop
  endfacet
  facet normal 0 0 1
    outer loop
      vertex 134.8000030517578 2.674999237060547 8
      vertex 136.14999389648438 1.7499990463256836 8
      vertex 136.14999389648438 2.674999237060547 8
    endloop
  endfacet
  facet normal 0 0 1
    outer loop
      vertex 136.14999389648438 1.7499990463256836 8
      vertex 134.8000030517578 2.674999237060547 8
      vertex 134.8000030517578 1.7499990463256836 8
    endloop
  endfacet
  facet normal 0 0 1
    outer loop
      vertex 125.80000305175781 4.249999046325684 8
      vertex 127.1500015258789 3.3249998092651367 8
      vertex 127.1500015258789 4.249999046325684 8
    endloop
  endfacet
  facet normal 0 0 1
    outer loop
      vertex 127.1500015258789 3.3249998092651367 8
      vertex 125.80000305175781 4.249999046325684 8
      vertex 125.80000305175781 3.3249998092651367 8
    endloop
  endfacet
  facet normal 0 0 1
    outer loop
      vertex 125.80000305175781 2.674999237060547 8
      vertex 127.1500015258789 1.7499990463256836 8
      vertex 127.1500015258789 2.674999237060547 8
    endloop
  endfacet
  facet normal 0 0 1
    outer loop
      vertex 127.1500015258789 1.7499990463256836 8
      vertex 125.80000305175781 2.674999237060547 8
      vertex 125.80000305175781 1.7499990463256836 8
    endloop
  endfacet
  facet normal 0 0 1
    outer loop
      vertex 122.19999694824219 2.674999237060547 8
      vertex 123.55000305175781 1.7499990463256836 8
      vertex 123.55000305175781 2.674999237060547 8
    endloop
  endfacet
  facet normal 0 0 1
    outer loop
      vertex 123.55000305175781 1.7499990463256836 8
      vertex 122.19999694824219 2.674999237060547 8
      vertex 122.19999694824219 1.7499990463256836 8
    endloop
  endfacet
  facet normal 0 0 1
    outer loop
      vertex 116.80000305175781 4.249999046325684 8
      vertex 118.1500015258789 3.3249998092651367 8
      vertex 118.1500015258789 4.249999046325684 8
    endloop
  endfacet
  facet normal 0 0 1
    outer loop
      vertex 118.1500015258789 3.3249998092651367 8
      vertex 116.80000305175781 4.249999046325684 8
      vertex 116.80000305175781 3.3249998092651367 8
    endloop
  endfacet
  facet normal 0 0 1
    outer loop
      vertex 116.80000305175781 2.674999237060547 8
      vertex 118.1500015258789 1.7499990463256836 8
      vertex 118.1500015258789 2.674999237060547 8
    endloop
  endfacet
  facet normal 0 0 1
    outer loop
      vertex 118.1500015258789 1.7499990463256836 8
      vertex 116.80000305175781 2.674999237060547 8
      vertex 116.80000305175781 1.7499990463256836 8
    endloop
  endfacet
  facet normal 0 0 1
    outer loop
      vertex 107.80000305175781 4.249999046325684 8
      vertex 109.1500015258789 3.3249998092651367 8
      vertex 109.1500015258789 4.249999046325684 8
    endloop
  endfacet
  facet normal 0 0 1
    outer loop
      vertex 109.1500015258789 3.3249998092651367 8
      vertex 107.80000305175781 4.249999046325684 8
      vertex 107.80000305175781 3.3249998092651367 8
    endloop
  endfacet
  facet normal 0 0 1
    outer loop
      vertex 107.80000305175781 2.674999237060547 8
      vertex 109.1500015258789 1.7499990463256836 8
      vertex 109.1500015258789 2.674999237060547 8
    endloop
  endfacet
  facet normal 0 0 1
    outer loop
      vertex 109.1500015258789 1.7499990463256836 8
      vertex 107.80000305175781 2.674999237060547 8
      vertex 107.80000305175781 1.7499990463256836 8
    endloop
  endfacet
  facet normal 0 0 1
    outer loop
      vertex 104.19999694824219 2.674999237060547 8
      vertex 105.55000305175781 1.7499990463256836 8
      vertex 105.55000305175781 2.674999237060547 8
    endloop
  endfacet
  facet normal 0 0 1
    outer loop
      vertex 105.55000305175781 1.7499990463256836 8
      vertex 104.19999694824219 2.674999237060547 8
      vertex 104.19999694824219 1.7499990463256836 8
    endloop
  endfacet
  facet normal 0 0 1
    outer loop
      vertex 101.5 2.674999237060547 8
      vertex 102.8499984741211 1.7499990463256836 8
      vertex 102.8499984741211 2.674999237060547 8
    endloop
  endfacet
  facet normal 0 0 1
    outer loop
      vertex 102.8499984741211 1.7499990463256836 8
      vertex 101.5 2.674999237060547 8
      vertex 101.5 1.7499990463256836 8
    endloop
  endfacet
  facet normal 0 0 1
    outer loop
      vertex 98.80000305175781 4.249999046325684 8
      vertex 100.1500015258789 3.3249998092651367 8
      vertex 100.1500015258789 4.249999046325684 8
    endloop
  endfacet
  facet normal 0 0 1
    outer loop
      vertex 100.1500015258789 3.3249998092651367 8
      vertex 98.80000305175781 4.249999046325684 8
      vertex 98.80000305175781 3.3249998092651367 8
    endloop
  endfacet
  facet normal 0 0 1
    outer loop
      vertex 92.5 2.674999237060547 8
      vertex 93.8499984741211 1.7499990463256836 8
      vertex 93.8499984741211 2.674999237060547 8
    endloop
  endfacet
  facet normal 0 0 1
    outer loop
      vertex 93.8499984741211 1.7499990463256836 8
      vertex 92.5 2.674999237060547 8
      vertex 92.5 1.7499990463256836 8
    endloop
  endfacet
  facet normal 0 0 1
    outer loop
      vertex 89.80000305175781 4.249999046325684 8
      vertex 91.1500015258789 3.3249998092651367 8
      vertex 91.1500015258789 4.249999046325684 8
    endloop
  endfacet
  facet normal 0 0 1
    outer loop
      vertex 91.1500015258789 3.3249998092651367 8
      vertex 89.80000305175781 4.249999046325684 8
      vertex 89.80000305175781 3.3249998092651367 8
    endloop
  endfacet
  facet normal 0 0 1
    outer loop
      vertex 86.19999694824219 2.674999237060547 8
      vertex 87.55000305175781 1.7499990463256836 8
      vertex 87.55000305175781 2.674999237060547 8
    endloop
  endfacet
  facet normal 0 0 1
    outer loop
      vertex 87.55000305175781 1.7499990463256836 8
      vertex 86.19999694824219 2.674999237060547 8
      vertex 86.19999694824219 1.7499990463256836 8
    endloop
  endfacet
  facet normal 0 0 1
    outer loop
      vertex 80.80000305175781 4.249999046325684 8
      vertex 82.1500015258789 3.3249998092651367 8
      vertex 82.1500015258789 4.249999046325684 8
    endloop
  endfacet
  facet normal 0 0 1
    outer loop
      vertex 82.1500015258789 3.3249998092651367 8
      vertex 80.80000305175781 4.249999046325684 8
      vertex 80.80000305175781 3.3249998092651367 8
    endloop
  endfacet
  facet normal 0 0 1
    outer loop
      vertex 84.1500015258789 4.249999046325684 8
      vertex 84.8499984741211 3.3249998092651367 8
      vertex 84.8499984741211 4.249999046325684 8
    endloop
  endfacet
  facet normal 0 0 1
    outer loop
      vertex 84.8499984741211 3.3249998092651367 8
      vertex 84.1500015258789 4.249999046325684 8
      vertex 84.1500015258789 3.3249998092651367 8
    endloop
  endfacet
  facet normal 0 0 1
    outer loop
      vertex 84.1500015258789 2.674999237060547 8
      vertex 84.8499984741211 1.7499990463256836 8
      vertex 84.8499984741211 2.674999237060547 8
    endloop
  endfacet
  facet normal 0 0 1
    outer loop
      vertex 84.8499984741211 1.7499990463256836 8
      vertex 84.1500015258789 2.674999237060547 8
      vertex 84.1500015258789 1.7499990463256836 8
    endloop
  endfacet
  facet normal 0 0 1
    outer loop
      vertex 93.1500015258789 4.249999046325684 8
      vertex 93.8499984741211 3.3249998092651367 8
      vertex 93.8499984741211 4.249999046325684 8
    endloop
  endfacet
  facet normal 0 0 1
    outer loop
      vertex 93.8499984741211 3.3249998092651367 8
      vertex 93.1500015258789 4.249999046325684 8
      vertex 93.1500015258789 3.3249998092651367 8
    endloop
  endfacet
  facet normal 0 0 1
    outer loop
      vertex 95.8499984741211 4.249999046325684 8
      vertex 96.55000305175781 1.7499990463256836 8
      vertex 96.55000305175781 4.249999046325684 8
    endloop
  endfacet
  facet normal 0 0 1
    outer loop
      vertex 96.55000305175781 1.7499990463256836 8
      vertex 95.8499984741211 4.249999046325684 8
      vertex 95.8499984741211 1.7499990463256836 8
    endloop
  endfacet
  facet normal 0 0 1
    outer loop
      vertex 102.1500015258789 4.249999046325684 8
      vertex 102.8499984741211 3.3249998092651367 8
      vertex 102.8499984741211 4.249999046325684 8
    endloop
  endfacet
  facet normal 0 0 1
    outer loop
      vertex 102.8499984741211 3.3249998092651367 8
      vertex 102.1500015258789 4.249999046325684 8
      vertex 102.1500015258789 3.3249998092651367 8
    endloop
  endfacet
  facet normal 0 0 1
    outer loop
      vertex 111.1500015258789 4.249999046325684 8
      vertex 111.8499984741211 1.7499990463256836 8
      vertex 111.8499984741211 4.249999046325684 8
    endloop
  endfacet
  facet normal 0 0 1
    outer loop
      vertex 111.8499984741211 1.7499990463256836 8
      vertex 111.1500015258789 4.249999046325684 8
      vertex 111.1500015258789 1.7499990463256836 8
    endloop
  endfacet
  facet normal 0 0 1
    outer loop
      vertex 113.8499984741211 4.249999046325684 8
      vertex 114.55000305175781 1.7499990463256836 8
      vertex 114.55000305175781 4.249999046325684 8
    endloop
  endfacet
  facet normal 0 0 1
    outer loop
      vertex 114.55000305175781 1.7499990463256836 8
      vertex 113.8499984741211 4.249999046325684 8
      vertex 113.8499984741211 1.7499990463256836 8
    endloop
  endfacet
  facet normal 0 0 1
    outer loop
      vertex 120.1500015258789 4.249999046325684 8
      vertex 120.8499984741211 1.7499990463256836 8
      vertex 120.8499984741211 4.249999046325684 8
    endloop
  endfacet
  facet normal 0 0 1
    outer loop
      vertex 120.8499984741211 1.7499990463256836 8
      vertex 120.1500015258789 4.249999046325684 8
      vertex 120.1500015258789 1.7499990463256836 8
    endloop
  endfacet
  facet normal 0 0 1
    outer loop
      vertex 131.85000610351562 4.249999046325684 8
      vertex 132.5500030517578 1.7499990463256836 8
      vertex 132.5500030517578 4.249999046325684 8
    endloop
  endfacet
  facet normal 0 0 1
    outer loop
      vertex 132.5500030517578 1.7499990463256836 8
      vertex 131.85000610351562 4.249999046325684 8
      vertex 131.85000610351562 1.7499990463256836 8
    endloop
  endfacet
  facet normal 0 0 1
    outer loop
      vertex 149.85000610351562 4.249999046325684 8
      vertex 150.5500030517578 1.7499990463256836 8
      vertex 150.5500030517578 4.249999046325684 8
    endloop
  endfacet
  facet normal 0 0 1
    outer loop
      vertex 150.5500030517578 1.7499990463256836 8
      vertex 149.85000610351562 4.249999046325684 8
      vertex 149.85000610351562 1.7499990463256836 8
    endloop
  endfacet
  facet normal 0 1 0
    outer loop
      vertex 92.05000305175781 6 4.837157249450684
      vertex 84.5 6 5.645447731018066
      vertex 93.5 6 5.674315452575684
    endloop
  endfacet
  facet normal 0 1 0
    outer loop
      vertex 92.05000305175781 6 4.837157249450684
      vertex 85.92500305175781 6 4.822723388671875
      vertex 84.5 6 5.645447731018066
    endloop
  endfacet
  facet normal 0 1 0
    outer loop
      vertex 92.05000305175781 6 4.837157249450684
      vertex 85.92500305175781 6 3.1772756576538086
      vertex 85.92500305175781 6 4.822723388671875
    endloop
  endfacet
  facet normal 0 1 0
    outer loop
      vertex 92.05000305175781 6 3.162841796875
      vertex 85.92500305175781 6 3.1772756576538086
      vertex 92.05000305175781 6 4.837157249450684
    endloop
  endfacet
  facet normal 0 1 0
    outer loop
      vertex 92.05000305175781 6 3.162841796875
      vertex 84.5 6 2.354551315307617
      vertex 85.92500305175781 6 3.1772756576538086
    endloop
  endfacet
  facet normal 0 1 0
    outer loop
      vertex 84.5 6 2.354551315307617
      vertex 92.05000305175781 6 3.162841796875
      vertex 93.5 6 2.32568359375
    endloop
  endfacet
  facet normal 0 1 0
    outer loop
      vertex 101.0250015258789 6 4.851591110229492
      vertex 93.5 6 5.674315452575684
      vertex 102.5 6 5.703183174133301
    endloop
  endfacet
  facet normal 0 1 0
    outer loop
      vertex 101.0250015258789 6 4.851591110229492
      vertex 94.94999694824219 6 4.837157249450684
      vertex 93.5 6 5.674315452575684
    endloop
  endfacet
  facet normal 0 1 0
    outer loop
      vertex 101.0250015258789 6 4.851591110229492
      vertex 94.94999694824219 6 3.162841796875
      vertex 94.94999694824219 6 4.837157249450684
    endloop
  endfacet
  facet normal 0 1 0
    outer loop
      vertex 101.0250015258789 6 3.1484079360961914
      vertex 94.94999694824219 6 3.162841796875
      vertex 101.0250015258789 6 4.851591110229492
    endloop
  endfacet
  facet normal 0 1 0
    outer loop
      vertex 101.0250015258789 6 3.1484079360961914
      vertex 93.5 6 2.32568359375
      vertex 94.94999694824219 6 3.162841796875
    endloop
  endfacet
  facet normal 0 1 0
    outer loop
      vertex 93.5 6 2.32568359375
      vertex 101.0250015258789 6 3.1484079360961914
      vertex 102.5 6 2.296815872192383
    endloop
  endfacet
  facet normal 0 1 0
    outer loop
      vertex 110 6 4.866024971008301
      vertex 102.5 6 5.703183174133301
      vertex 111.5 6 5.732049942016602
    endloop
  endfacet
  facet normal 0 1 0
    outer loop
      vertex 110 6 4.866024971008301
      vertex 103.9749984741211 6 4.851591110229492
      vertex 102.5 6 5.703183174133301
    endloop
  endfacet
  facet normal 0 1 0
    outer loop
      vertex 110 6 4.866024971008301
      vertex 103.9749984741211 6 3.1484079360961914
      vertex 103.9749984741211 6 4.851591110229492
    endloop
  endfacet
  facet normal 0 1 0
    outer loop
      vertex 110 6 3.133974075317383
      vertex 103.9749984741211 6 3.1484079360961914
      vertex 110 6 4.866024971008301
    endloop
  endfacet
  facet normal 0 1 0
    outer loop
      vertex 110 6 3.133974075317383
      vertex 102.5 6 2.296815872192383
      vertex 103.9749984741211 6 3.1484079360961914
    endloop
  endfacet
  facet normal 0 1 0
    outer loop
      vertex 102.5 6 2.296815872192383
      vertex 110 6 3.133974075317383
      vertex 111.5 6 2.267949104309082
    endloop
  endfacet
  facet normal 0 1 0
    outer loop
      vertex 118.9749984741211 6 4.880458831787109
      vertex 111.5 6 5.732049942016602
      vertex 120.5 6 5.760917663574219
    endloop
  endfacet
  facet normal 0 1 0
    outer loop
      vertex 118.9749984741211 6 4.880458831787109
      vertex 113 6 4.866024971008301
      vertex 111.5 6 5.732049942016602
    endloop
  endfacet
  facet normal 0 1 0
    outer loop
      vertex 118.9749984741211 6 4.880458831787109
      vertex 113 6 3.133974075317383
      vertex 113 6 4.866024971008301
    endloop
  endfacet
  facet normal 0 1 0
    outer loop
      vertex 118.9749984741211 6 3.119540214538574
      vertex 113 6 3.133974075317383
      vertex 118.9749984741211 6 4.880458831787109
    endloop
  endfacet
  facet normal 0 1 0
    outer loop
      vertex 118.9749984741211 6 3.119540214538574
      vertex 111.5 6 2.267949104309082
      vertex 113 6 3.133974075317383
    endloop
  endfacet
  facet normal 0 1 0
    outer loop
      vertex 111.5 6 2.267949104309082
      vertex 118.9749984741211 6 3.119540214538574
      vertex 120.5 6 2.239081382751465
    endloop
  endfacet
  facet normal 0 1 0
    outer loop
      vertex 127.94999694824219 6 4.894892692565918
      vertex 120.5 6 5.760917663574219
      vertex 129.5 6 5.789785385131836
    endloop
  endfacet
  facet normal 0 1 0
    outer loop
      vertex 127.94999694824219 6 4.894892692565918
      vertex 122.0250015258789 6 4.880458831787109
      vertex 120.5 6 5.760917663574219
    endloop
  endfacet
  facet normal 0 1 0
    outer loop
      vertex 127.94999694824219 6 4.894892692565918
      vertex 122.0250015258789 6 3.119540214538574
      vertex 122.0250015258789 6 4.880458831787109
    endloop
  endfacet
  facet normal 0 1 0
    outer loop
      vertex 127.94999694824219 6 3.1051063537597656
      vertex 122.0250015258789 6 3.119540214538574
      vertex 127.94999694824219 6 4.894892692565918
    endloop
  endfacet
  facet normal 0 1 0
    outer loop
      vertex 127.94999694824219 6 3.1051063537597656
      vertex 120.5 6 2.239081382751465
      vertex 122.0250015258789 6 3.119540214538574
    endloop
  endfacet
  facet normal 0 1 0
    outer loop
      vertex 120.5 6 2.239081382751465
      vertex 127.94999694824219 6 3.1051063537597656
      vertex 129.5 6 2.2102136611938477
    endloop
  endfacet
  facet normal 0 1 0
    outer loop
      vertex 136.9250030517578 6 4.909326553344727
      vertex 129.5 6 5.789785385131836
      vertex 138.5 6 5.818653106689453
    endloop
  endfacet
  facet normal 0 1 0
    outer loop
      vertex 136.9250030517578 6 4.909326553344727
      vertex 131.0500030517578 6 4.894892692565918
      vertex 129.5 6 5.789785385131836
    endloop
  endfacet
  facet normal 0 1 0
    outer loop
      vertex 136.9250030517578 6 4.909326553344727
      vertex 131.0500030517578 6 3.1051063537597656
      vertex 131.0500030517578 6 4.894892692565918
    endloop
  endfacet
  facet normal 0 1 0
    outer loop
      vertex 136.9250030517578 6 3.090672492980957
      vertex 131.0500030517578 6 3.1051063537597656
      vertex 136.9250030517578 6 4.909326553344727
    endloop
  endfacet
  facet normal 0 1 0
    outer loop
      vertex 136.9250030517578 6 3.090672492980957
      vertex 129.5 6 2.2102136611938477
      vertex 131.0500030517578 6 3.1051063537597656
    endloop
  endfacet
  facet normal 0 1 0
    outer loop
      vertex 129.5 6 2.2102136611938477
      vertex 136.9250030517578 6 3.090672492980957
      vertex 138.5 6 2.1813459396362305
    endloop
  endfacet
  facet normal 0 1 0
    outer loop
      vertex 145.89999389648438 6 4.923760414123535
      vertex 138.5 6 5.818653106689453
      vertex 147.5 6 5.84752082824707
    endloop
  endfacet
  facet normal 0 1 0
    outer loop
      vertex 145.89999389648438 6 4.923760414123535
      vertex 140.0749969482422 6 4.909326553344727
      vertex 138.5 6 5.818653106689453
    endloop
  endfacet
  facet normal 0 1 0
    outer loop
      vertex 145.89999389648438 6 4.923760414123535
      vertex 140.0749969482422 6 3.090672492980957
      vertex 140.0749969482422 6 4.909326553344727
    endloop
  endfacet
  facet normal 0 1 0
    outer loop
      vertex 145.89999389648438 6 3.0762386322021484
      vertex 140.0749969482422 6 3.090672492980957
      vertex 145.89999389648438 6 4.923760414123535
    endloop
  endfacet
  facet normal 0 1 0
    outer loop
      vertex 145.89999389648438 6 3.0762386322021484
      vertex 138.5 6 2.1813459396362305
      vertex 140.0749969482422 6 3.090672492980957
    endloop
  endfacet
  facet normal 0 1 0
    outer loop
      vertex 138.5 6 2.1813459396362305
      vertex 145.89999389648438 6 3.0762386322021484
      vertex 147.5 6 2.1524782180786133
    endloop
  endfacet
  facet normal 0 1 0
    outer loop
      vertex 138.5 6 5.818653106689453
      vertex 152 6 8
      vertex 147.5 6 5.84752082824707
    endloop
  endfacet
  facet normal 0 1 0
    outer loop
      vertex 152 6 8
      vertex 149.10000610351562 6 4.923760414123535
      vertex 147.5 6 5.84752082824707
    endloop
  endfacet
  facet normal 0 1 0
    outer loop
      vertex 152 6 8
      vertex 149.10000610351562 6 3.0762386322021484
      vertex 149.10000610351562 6 4.923760414123535
    endloop
  endfacet
  facet normal 0 1 0
    outer loop
      vertex 149.10000610351562 6 3.0762386322021484
      vertex 152 6 0
      vertex 147.5 6 2.1524782180786133
    endloop
  endfacet
  facet normal 0 1 0
    outer loop
      vertex 152 6 0
      vertex 149.10000610351562 6 3.0762386322021484
      vertex 152 6 8
    endloop
  endfacet
  facet normal 0 1 0
    outer loop
      vertex 129.5 6 5.789785385131836
      vertex 152 6 8
      vertex 138.5 6 5.818653106689453
    endloop
  endfacet
  facet normal 0 1 0
    outer loop
      vertex 120.5 6 5.760917663574219
      vertex 152 6 8
      vertex 129.5 6 5.789785385131836
    endloop
  endfacet
  facet normal 0 1 0
    outer loop
      vertex 152 6 8
      vertex 120.5 6 5.760917663574219
      vertex 80 6 8
    endloop
  endfacet
  facet normal 0 1 0
    outer loop
      vertex 111.5 6 5.732049942016602
      vertex 80 6 8
      vertex 120.5 6 5.760917663574219
    endloop
  endfacet
  facet normal 0 1 0
    outer loop
      vertex 102.5 6 5.703183174133301
      vertex 80 6 8
      vertex 111.5 6 5.732049942016602
    endloop
  endfacet
  facet normal 0 1 0
    outer loop
      vertex 93.5 6 5.674315452575684
      vertex 80 6 8
      vertex 102.5 6 5.703183174133301
    endloop
  endfacet
  facet normal 0 1 0
    outer loop
      vertex 84.5 6 5.645447731018066
      vertex 80 6 8
      vertex 93.5 6 5.674315452575684
    endloop
  endfacet
  facet normal 0 1 0
    outer loop
      vertex 83.07499694824219 6 4.822723388671875
      vertex 80 6 8
      vertex 84.5 6 5.645447731018066
    endloop
  endfacet
  facet normal 0 1 0
    outer loop
      vertex 83.07499694824219 6 3.1772756576538086
      vertex 80 6 8
      vertex 83.07499694824219 6 4.822723388671875
    endloop
  endfacet
  facet normal 0 1 0
    outer loop
      vertex 80 6 0
      vertex 93.5 6 2.32568359375
      vertex 102.5 6 2.296815872192383
    endloop
  endfacet
  facet normal 0 1 0
    outer loop
      vertex 80 6 0
      vertex 111.5 6 2.267949104309082
      vertex 120.5 6 2.239081382751465
    endloop
  endfacet
  facet normal 0 1 0
    outer loop
      vertex 152 6 0
      vertex 120.5 6 2.239081382751465
      vertex 129.5 6 2.2102136611938477
    endloop
  endfacet
  facet normal 0 1 0
    outer loop
      vertex 152 6 0
      vertex 129.5 6 2.2102136611938477
      vertex 138.5 6 2.1813459396362305
    endloop
  endfacet
  facet normal 0 1 0
    outer loop
      vertex 152 6 0
      vertex 138.5 6 2.1813459396362305
      vertex 147.5 6 2.1524782180786133
    endloop
  endfacet
  facet normal 0 1 0
    outer loop
      vertex 80 6 0
      vertex 120.5 6 2.239081382751465
      vertex 152 6 0
    endloop
  endfacet
  facet normal 0 1 0
    outer loop
      vertex 111.5 6 2.267949104309082
      vertex 80 6 0
      vertex 102.5 6 2.296815872192383
    endloop
  endfacet
  facet normal 0 1 0
    outer loop
      vertex 83.07499694824219 6 3.1772756576538086
      vertex 80 6 0
      vertex 80 6 8
    endloop
  endfacet
  facet normal 0 1 0
    outer loop
      vertex 84.5 6 2.354551315307617
      vertex 80 6 0
      vertex 83.07499694824219 6 3.1772756576538086
    endloop
  endfacet
  facet normal 0 1 0
    outer loop
      vertex 93.5 6 2.32568359375
      vertex 80 6 0
      vertex 84.5 6 2.354551315307617
    endloop
  endfacet
endsolid OpenSCAD_Model
