solid OpenSCAD_Model
  facet normal 0 0 -1
    outer loop
      vertex -92 -42 0
      vertex -11 -36 0
      vertex -11 -42 0
    endloop
  endfacet
  facet normal 0 0 -1
    outer loop
      vertex -11 -36 0
      vertex -92 -42 0
      vertex -11 36 0
    endloop
  endfacet
  facet normal 0 0 -1
    outer loop
      vertex -92 42 0
      vertex -11 36 0
      vertex -92 -42 0
    endloop
  endfacet
  facet normal 0 0 -1
    outer loop
      vertex -11 36 0
      vertex -92 42 0
      vertex -11 42 0
    endloop
  endfacet
  facet normal 0 0 -1
    outer loop
      vertex 9 -36 0
      vertex -0.5 -8.5 0
      vertex 9 -8.5 0
    endloop
  endfacet
  facet normal 0 0 -1
    outer loop
      vertex -0.5 -8.5 0
      vertex -11 -36 0
      vertex -0.5 8.5 0
    endloop
  endfacet
  facet normal 0 0 -1
    outer loop
      vertex -11 -36 0
      vertex -0.5 -8.5 0
      vertex 9 -36 0
    endloop
  endfacet
  facet normal 0 0 -1
    outer loop
      vertex -0.5 8.5 0
      vertex 9 36 0
      vertex 9 8.5 0
    endloop
  endfacet
  facet normal 0 0 -1
    outer loop
      vertex -0.5 8.5 0
      vertex -11 36 0
      vertex 9 36 0
    endloop
  endfacet
  facet normal 0 0 -1
    outer loop
      vertex -11 36 0
      vertex -0.5 8.5 0
      vertex -11 -36 0
    endloop
  endfacet
  facet normal 0 1 0
    outer loop
      vertex 9 36 0
      vertex 5 36 3
      vertex 9 36 3
    endloop
  endfacet
  facet normal 0 1 0
    outer loop
      vertex 5 36 3
      vertex 3.0407228469848633 36 2.781548500061035
      vertex 3.0974769592285156 36 2.9185657501220703
    endloop
  endfacet
  facet normal 0 1 0
    outer loop
      vertex 2.592738151550293 36 2.1977243423461914
      vertex 5 36 3
      vertex 9 36 0
    endloop
  endfacet
  facet normal 0 1 0
    outer loop
      vertex 5 36 3
      vertex 2.9722423553466797 36 2.6499996185302734
      vertex 3.0407228469848633 36 2.781548500061035
    endloop
  endfacet
  facet normal 0 1 0
    outer loop
      vertex 5 36 3
      vertex 2.8925580978393555 36 2.5249195098876953
      vertex 2.9722423553466797 36 2.6499996185302734
    endloop
  endfacet
  facet normal 0 1 0
    outer loop
      vertex 5 36 3
      vertex 2.802274703979492 36 2.4072608947753906
      vertex 2.8925580978393555 36 2.5249195098876953
    endloop
  endfacet
  facet normal 0 1 0
    outer loop
      vertex 5 36 3
      vertex 2.702080726623535 36 2.2979183197021484
      vertex 2.802274703979492 36 2.4072608947753906
    endloop
  endfacet
  facet normal 0 1 0
    outer loop
      vertex 5 36 3
      vertex 2.592738151550293 36 2.1977243423461914
      vertex 2.702080726623535 36 2.2979183197021484
    endloop
  endfacet
  facet normal 0 1 0
    outer loop
      vertex 2.592738151550293 36 2.1977243423461914
      vertex 9 36 0
      vertex 2.4750795364379883 36 2.107440948486328
    endloop
  endfacet
  facet normal 0 1 0
    outer loop
      vertex 2.4750795364379883 36 2.107440948486328
      vertex 9 36 0
      vertex 2.34999942779541 36 2.027756690979004
    endloop
  endfacet
  facet normal 0 1 0
    outer loop
      vertex 2.34999942779541 36 2.027756690979004
      vertex 9 36 0
      vertex 2.2184505462646484 36 1.9592761993408203
    endloop
  endfacet
  facet normal 0 1 0
    outer loop
      vertex 2.2184505462646484 36 1.9592761993408203
      vertex 9 36 0
      vertex 2.0814332962036133 36 1.902522087097168
    endloop
  endfacet
  facet normal 0 1 0
    outer loop
      vertex 2.0814332962036133 36 1.902522087097168
      vertex 9 36 0
      vertex 1.9399919509887695 36 1.8579254150390625
    endloop
  endfacet
  facet normal 0 1 0
    outer loop
      vertex -11 36 0
      vertex 1.5 36 1.7999992370605469
      vertex 9 36 0
    endloop
  endfacet
  facet normal 0 1 0
    outer loop
      vertex 1.6481647491455078 36 1.8064689636230469
      vertex 9 36 0
      vertex 1.5 36 1.7999992370605469
    endloop
  endfacet
  facet normal 0 1 0
    outer loop
      vertex 1.795201301574707 36 1.825826644897461
      vertex 9 36 0
      vertex 1.6481647491455078 36 1.8064689636230469
    endloop
  endfacet
  facet normal 0 1 0
    outer loop
      vertex 1.9399919509887695 36 1.8579254150390625
      vertex 9 36 0
      vertex 1.795201301574707 36 1.825826644897461
    endloop
  endfacet
  facet normal 0 1 0
    outer loop
      vertex 1.5 36 5.199999809265137
      vertex 1.5 36 7
      vertex 1.805044174194336 36 6.98668098449707
    endloop
  endfacet
  facet normal 0 1 0
    outer loop
      vertex 1.5 36 7
      vertex 1.5 36 5.199999809265137
      vertex -4.59999942779541 36 7
    endloop
  endfacet
  facet normal 0 1 0
    outer loop
      vertex 1.6481647491455078 36 5.193530082702637
      vertex 1.805044174194336 36 6.98668098449707
      vertex 2.1077680587768555 36 6.946826934814453
    endloop
  endfacet
  facet normal 0 1 0
    outer loop
      vertex -4.59999942779541 36 5.199999809265137
      vertex -4.59999942779541 36 7
      vertex 1.5 36 5.199999809265137
    endloop
  endfacet
  facet normal 0 1 0
    outer loop
      vertex 1.795201301574707 36 5.174172401428223
      vertex 2.1077680587768555 36 6.946826934814453
      vertex 2.4058666229248047 36 6.880740165710449
    endloop
  endfacet
  facet normal 0 1 0
    outer loop
      vertex -4.59999942779541 36 7
      vertex -4.59999942779541 36 5.199999809265137
      vertex -4.9050445556640625 36 6.98668098449707
    endloop
  endfacet
  facet normal 0 1 0
    outer loop
      vertex 1.9399919509887695 36 5.142073631286621
      vertex 2.4058666229248047 36 6.880740165710449
      vertex 2.6970701217651367 36 6.788923263549805
    endloop
  endfacet
  facet normal 0 1 0
    outer loop
      vertex -4.748164176940918 36 5.193530082702637
      vertex -4.9050445556640625 36 6.98668098449707
      vertex -4.59999942779541 36 5.199999809265137
    endloop
  endfacet
  facet normal 0 1 0
    outer loop
      vertex 2.0814332962036133 36 5.097476959228516
      vertex 2.6970701217651367 36 6.788923263549805
      vertex 2.97916316986084 36 6.672077178955078
    endloop
  endfacet
  facet normal 0 1 0
    outer loop
      vertex -4.9050445556640625 36 6.98668098449707
      vertex -4.748164176940918 36 5.193530082702637
      vertex -5.207768440246582 36 6.946826934814453
    endloop
  endfacet
  facet normal 0 1 0
    outer loop
      vertex 2.2184505462646484 36 5.040722846984863
      vertex 2.97916316986084 36 6.672077178955078
      vertex 3.25 36 6.531088829040527
    endloop
  endfacet
  facet normal 0 1 0
    outer loop
      vertex -4.895201683044434 36 5.174172401428223
      vertex -5.207768440246582 36 6.946826934814453
      vertex -4.748164176940918 36 5.193530082702637
    endloop
  endfacet
  facet normal 0 1 0
    outer loop
      vertex 2.34999942779541 36 4.97224235534668
      vertex 3.25 36 6.531088829040527
      vertex 3.507516860961914 36 6.367032051086426
    endloop
  endfacet
  facet normal 0 1 0
    outer loop
      vertex -5.207768440246582 36 6.946826934814453
      vertex -4.895201683044434 36 5.174172401428223
      vertex -5.505866050720215 36 6.880740165710449
    endloop
  endfacet
  facet normal 0 1 0
    outer loop
      vertex 2.4750795364379883 36 4.8925580978393555
      vertex 3.507516860961914 36 6.367032051086426
      vertex 3.749755859375 36 6.181155204772949
    endloop
  endfacet
  facet normal 0 1 0
    outer loop
      vertex -5.039992332458496 36 5.142073631286621
      vertex -5.505866050720215 36 6.880740165710449
      vertex -4.895201683044434 36 5.174172401428223
    endloop
  endfacet
  facet normal 0 1 0
    outer loop
      vertex 2.592738151550293 36 4.802274703979492
      vertex 3.749755859375 36 6.181155204772949
      vertex 3.9748735427856445 36 5.9748735427856445
    endloop
  endfacet
  facet normal 0 1 0
    outer loop
      vertex -5.505866050720215 36 6.880740165710449
      vertex -5.039992332458496 36 5.142073631286621
      vertex -5.797069549560547 36 6.788923263549805
    endloop
  endfacet
  facet normal 0 1 0
    outer loop
      vertex 2.702080726623535 36 4.702080726623535
      vertex 3.9748735427856445 36 5.9748735427856445
      vertex 4.181155204772949 36 5.749755859375
    endloop
  endfacet
  facet normal 0 1 0
    outer loop
      vertex -5.18143367767334 36 5.097476959228516
      vertex -5.797069549560547 36 6.788923263549805
      vertex -5.039992332458496 36 5.142073631286621
    endloop
  endfacet
  facet normal 0 1 0
    outer loop
      vertex 2.802274703979492 36 4.592738151550293
      vertex 4.181155204772949 36 5.749755859375
      vertex 4.367032051086426 36 5.507516860961914
    endloop
  endfacet
  facet normal 0 1 0
    outer loop
      vertex -5.797069549560547 36 6.788923263549805
      vertex -5.18143367767334 36 5.097476959228516
      vertex -6.079163551330566 36 6.672077178955078
    endloop
  endfacet
  facet normal 0 1 0
    outer loop
      vertex 2.8925580978393555 36 4.475079536437988
      vertex 4.367032051086426 36 5.507516860961914
      vertex 4.531088829040527 36 5.25
    endloop
  endfacet
  facet normal 0 1 0
    outer loop
      vertex -5.318450927734375 36 5.040722846984863
      vertex -6.079163551330566 36 6.672077178955078
      vertex -5.18143367767334 36 5.097476959228516
    endloop
  endfacet
  facet normal 0 1 0
    outer loop
      vertex -6.079163551330566 36 6.672077178955078
      vertex -5.318450927734375 36 5.040722846984863
      vertex -6.34999942779541 36 6.531088829040527
    endloop
  endfacet
  facet normal 0 1 0
    outer loop
      vertex 1.805044174194336 36 6.98668098449707
      vertex 1.6481647491455078 36 5.193530082702637
      vertex 1.5 36 5.199999809265137
    endloop
  endfacet
  facet normal 0 1 0
    outer loop
      vertex 2.1077680587768555 36 6.946826934814453
      vertex 1.795201301574707 36 5.174172401428223
      vertex 1.6481647491455078 36 5.193530082702637
    endloop
  endfacet
  facet normal 0 1 0
    outer loop
      vertex 2.4058666229248047 36 6.880740165710449
      vertex 1.9399919509887695 36 5.142073631286621
      vertex 1.795201301574707 36 5.174172401428223
    endloop
  endfacet
  facet normal 0 1 0
    outer loop
      vertex 2.6970701217651367 36 6.788923263549805
      vertex 2.0814332962036133 36 5.097476959228516
      vertex 1.9399919509887695 36 5.142073631286621
    endloop
  endfacet
  facet normal 0 1 0
    outer loop
      vertex 2.97916316986084 36 6.672077178955078
      vertex 2.2184505462646484 36 5.040722846984863
      vertex 2.0814332962036133 36 5.097476959228516
    endloop
  endfacet
  facet normal 0 1 0
    outer loop
      vertex 2.9722423553466797 36 4.34999942779541
      vertex 4.531088829040527 36 5.25
      vertex 4.672077178955078 36 4.97916316986084
    endloop
  endfacet
  facet normal 0 1 0
    outer loop
      vertex 3.25 36 6.531088829040527
      vertex 2.34999942779541 36 4.97224235534668
      vertex 2.2184505462646484 36 5.040722846984863
    endloop
  endfacet
  facet normal 0 1 0
    outer loop
      vertex 3.507516860961914 36 6.367032051086426
      vertex 2.4750795364379883 36 4.8925580978393555
      vertex 2.34999942779541 36 4.97224235534668
    endloop
  endfacet
  facet normal 0 1 0
    outer loop
      vertex 3.749755859375 36 6.181155204772949
      vertex 2.592738151550293 36 4.802274703979492
      vertex 2.4750795364379883 36 4.8925580978393555
    endloop
  endfacet
  facet normal 0 1 0
    outer loop
      vertex 3.9748735427856445 36 5.9748735427856445
      vertex 2.702080726623535 36 4.702080726623535
      vertex 2.592738151550293 36 4.802274703979492
    endloop
  endfacet
  facet normal 0 1 0
    outer loop
      vertex 3.0407228469848633 36 4.218450546264648
      vertex 4.672077178955078 36 4.97916316986084
      vertex 4.788923263549805 36 4.697070121765137
    endloop
  endfacet
  facet normal 0 1 0
    outer loop
      vertex 4.181155204772949 36 5.749755859375
      vertex 2.802274703979492 36 4.592738151550293
      vertex 2.702080726623535 36 4.702080726623535
    endloop
  endfacet
  facet normal 0 1 0
    outer loop
      vertex 4.367032051086426 36 5.507516860961914
      vertex 2.8925580978393555 36 4.475079536437988
      vertex 2.802274703979492 36 4.592738151550293
    endloop
  endfacet
  facet normal 0 1 0
    outer loop
      vertex 3.0974769592285156 36 4.081433296203613
      vertex 4.788923263549805 36 4.697070121765137
      vertex 4.880740165710449 36 4.405866622924805
    endloop
  endfacet
  facet normal 0 1 0
    outer loop
      vertex 4.531088829040527 36 5.25
      vertex 2.9722423553466797 36 4.34999942779541
      vertex 2.8925580978393555 36 4.475079536437988
    endloop
  endfacet
  facet normal 0 1 0
    outer loop
      vertex 4.672077178955078 36 4.97916316986084
      vertex 3.0407228469848633 36 4.218450546264648
      vertex 2.9722423553466797 36 4.34999942779541
    endloop
  endfacet
  facet normal 0 1 0
    outer loop
      vertex 3.142073631286621 36 3.9399919509887695
      vertex 4.880740165710449 36 4.405866622924805
      vertex 4.946826934814453 36 4.1077680587768555
    endloop
  endfacet
  facet normal 0 1 0
    outer loop
      vertex 4.788923263549805 36 4.697070121765137
      vertex 3.0974769592285156 36 4.081433296203613
      vertex 3.0407228469848633 36 4.218450546264648
    endloop
  endfacet
  facet normal 0 1 0
    outer loop
      vertex 4.880740165710449 36 4.405866622924805
      vertex 3.142073631286621 36 3.9399919509887695
      vertex 3.0974769592285156 36 4.081433296203613
    endloop
  endfacet
  facet normal 0 1 0
    outer loop
      vertex 3.1741724014282227 36 3.795201301574707
      vertex 4.946826934814453 36 4.1077680587768555
      vertex 4.98668098449707 36 3.805044174194336
    endloop
  endfacet
  facet normal 0 1 0
    outer loop
      vertex 4.946826934814453 36 4.1077680587768555
      vertex 3.1741724014282227 36 3.795201301574707
      vertex 3.142073631286621 36 3.9399919509887695
    endloop
  endfacet
  facet normal 0 1 0
    outer loop
      vertex 4.98668098449707 36 3.805044174194336
      vertex 3.1935300827026367 36 3.648164749145508
      vertex 3.1741724014282227 36 3.795201301574707
    endloop
  endfacet
  facet normal 0 1 0
    outer loop
      vertex 5 36 3.5
      vertex 3.1935300827026367 36 3.648164749145508
      vertex 4.98668098449707 36 3.805044174194336
    endloop
  endfacet
  facet normal 0 1 0
    outer loop
      vertex 5 36 3.5
      vertex 3.1999998092651367 36 3.5
      vertex 3.1935300827026367 36 3.648164749145508
    endloop
  endfacet
  facet normal 0 1 0
    outer loop
      vertex 5 36 3.5
      vertex 3.1935300827026367 36 3.351834297180176
      vertex 3.1999998092651367 36 3.5
    endloop
  endfacet
  facet normal 0 1 0
    outer loop
      vertex 5 36 3
      vertex 3.1935300827026367 36 3.351834297180176
      vertex 5 36 3.5
    endloop
  endfacet
  facet normal 0 1 0
    outer loop
      vertex 3.1935300827026367 36 3.351834297180176
      vertex 5 36 3
      vertex 3.1741724014282227 36 3.2047977447509766
    endloop
  endfacet
  facet normal 0 1 0
    outer loop
      vertex 3.1741724014282227 36 3.2047977447509766
      vertex 5 36 3
      vertex 3.142073631286621 36 3.060007095336914
    endloop
  endfacet
  facet normal 0 1 0
    outer loop
      vertex 3.142073631286621 36 3.060007095336914
      vertex 5 36 3
      vertex 3.0974769592285156 36 2.9185657501220703
    endloop
  endfacet
  facet normal 0 1 0
    outer loop
      vertex -5.449999809265137 36 4.97224235534668
      vertex -6.34999942779541 36 6.531088829040527
      vertex -5.318450927734375 36 5.040722846984863
    endloop
  endfacet
  facet normal 0 1 0
    outer loop
      vertex -6.34999942779541 36 6.531088829040527
      vertex -5.449999809265137 36 4.97224235534668
      vertex -6.607517242431641 36 6.367032051086426
    endloop
  endfacet
  facet normal 0 1 0
    outer loop
      vertex -5.575079917907715 36 4.8925580978393555
      vertex -6.607517242431641 36 6.367032051086426
      vertex -5.449999809265137 36 4.97224235534668
    endloop
  endfacet
  facet normal 0 1 0
    outer loop
      vertex -6.607517242431641 36 6.367032051086426
      vertex -5.575079917907715 36 4.8925580978393555
      vertex -6.849756240844727 36 6.181155204772949
    endloop
  endfacet
  facet normal 0 1 0
    outer loop
      vertex -5.6927385330200195 36 4.802274703979492
      vertex -6.849756240844727 36 6.181155204772949
      vertex -5.575079917907715 36 4.8925580978393555
    endloop
  endfacet
  facet normal 0 1 0
    outer loop
      vertex -6.849756240844727 36 6.181155204772949
      vertex -5.6927385330200195 36 4.802274703979492
      vertex -7.074872970581055 36 5.9748735427856445
    endloop
  endfacet
  facet normal 0 1 0
    outer loop
      vertex -5.802081108093262 36 4.702080726623535
      vertex -7.074872970581055 36 5.9748735427856445
      vertex -5.6927385330200195 36 4.802274703979492
    endloop
  endfacet
  facet normal 0 1 0
    outer loop
      vertex -7.074872970581055 36 5.9748735427856445
      vertex -5.802081108093262 36 4.702080726623535
      vertex -7.281154632568359 36 5.749755859375
    endloop
  endfacet
  facet normal 0 1 0
    outer loop
      vertex -5.902275085449219 36 4.592738151550293
      vertex -7.281154632568359 36 5.749755859375
      vertex -5.802081108093262 36 4.702080726623535
    endloop
  endfacet
  facet normal 0 1 0
    outer loop
      vertex -7.281154632568359 36 5.749755859375
      vertex -5.902275085449219 36 4.592738151550293
      vertex -7.467031478881836 36 5.507516860961914
    endloop
  endfacet
  facet normal 0 1 0
    outer loop
      vertex -5.992557525634766 36 4.475079536437988
      vertex -7.467031478881836 36 5.507516860961914
      vertex -5.902275085449219 36 4.592738151550293
    endloop
  endfacet
  facet normal 0 1 0
    outer loop
      vertex -7.467031478881836 36 5.507516860961914
      vertex -5.992557525634766 36 4.475079536437988
      vertex -7.6310882568359375 36 5.25
    endloop
  endfacet
  facet normal 0 1 0
    outer loop
      vertex -6.072242736816406 36 4.34999942779541
      vertex -7.6310882568359375 36 5.25
      vertex -5.992557525634766 36 4.475079536437988
    endloop
  endfacet
  facet normal 0 1 0
    outer loop
      vertex -7.6310882568359375 36 5.25
      vertex -6.072242736816406 36 4.34999942779541
      vertex -7.772076606750488 36 4.97916316986084
    endloop
  endfacet
  facet normal 0 1 0
    outer loop
      vertex -6.14072322845459 36 4.218450546264648
      vertex -7.772076606750488 36 4.97916316986084
      vertex -6.072242736816406 36 4.34999942779541
    endloop
  endfacet
  facet normal 0 1 0
    outer loop
      vertex -7.772076606750488 36 4.97916316986084
      vertex -6.14072322845459 36 4.218450546264648
      vertex -7.888923645019531 36 4.697070121765137
    endloop
  endfacet
  facet normal 0 1 0
    outer loop
      vertex -6.197477340698242 36 4.081433296203613
      vertex -7.888923645019531 36 4.697070121765137
      vertex -6.14072322845459 36 4.218450546264648
    endloop
  endfacet
  facet normal 0 1 0
    outer loop
      vertex -7.888923645019531 36 4.697070121765137
      vertex -6.197477340698242 36 4.081433296203613
      vertex -7.980739593505859 36 4.405866622924805
    endloop
  endfacet
  facet normal 0 1 0
    outer loop
      vertex -6.242073059082031 36 3.9399919509887695
      vertex -7.980739593505859 36 4.405866622924805
      vertex -6.197477340698242 36 4.081433296203613
    endloop
  endfacet
  facet normal 0 1 0
    outer loop
      vertex -7.980739593505859 36 4.405866622924805
      vertex -6.242073059082031 36 3.9399919509887695
      vertex -8.046826362609863 36 4.1077680587768555
    endloop
  endfacet
  facet normal 0 1 0
    outer loop
      vertex -6.274172782897949 36 3.795201301574707
      vertex -8.046826362609863 36 4.1077680587768555
      vertex -6.242073059082031 36 3.9399919509887695
    endloop
  endfacet
  facet normal 0 1 0
    outer loop
      vertex -8.046826362609863 36 4.1077680587768555
      vertex -6.274172782897949 36 3.795201301574707
      vertex -8.086681365966797 36 3.805044174194336
    endloop
  endfacet
  facet normal 0 1 0
    outer loop
      vertex -6.293530464172363 36 3.648164749145508
      vertex -8.086681365966797 36 3.805044174194336
      vertex -6.274172782897949 36 3.795201301574707
    endloop
  endfacet
  facet normal 0 1 0
    outer loop
      vertex -6.299999237060547 36 3.5
      vertex -8.086681365966797 36 3.805044174194336
      vertex -6.293530464172363 36 3.648164749145508
    endloop
  endfacet
  facet normal 0 1 0
    outer loop
      vertex -6.299999237060547 36 3.5
      vertex -8.09999942779541 36 3.5
      vertex -8.086681365966797 36 3.805044174194336
    endloop
  endfacet
  facet normal 0 1 0
    outer loop
      vertex -6.293530464172363 36 3.351834297180176
      vertex -8.09999942779541 36 3.5
      vertex -6.299999237060547 36 3.5
    endloop
  endfacet
  facet normal 0 1 0
    outer loop
      vertex -8.09999942779541 36 3
      vertex -6.293530464172363 36 3.351834297180176
      vertex -6.274172782897949 36 3.2047977447509766
    endloop
  endfacet
  facet normal 0 1 0
    outer loop
      vertex -8.09999942779541 36 3
      vertex -6.274172782897949 36 3.2047977447509766
      vertex -6.242073059082031 36 3.060007095336914
    endloop
  endfacet
  facet normal 0 1 0
    outer loop
      vertex -6.293530464172363 36 3.351834297180176
      vertex -8.09999942779541 36 3
      vertex -8.09999942779541 36 3.5
    endloop
  endfacet
  facet normal 0 1 0
    outer loop
      vertex -6.197477340698242 36 2.9185657501220703
      vertex -8.09999942779541 36 3
      vertex -6.242073059082031 36 3.060007095336914
    endloop
  endfacet
  facet normal 0 1 0
    outer loop
      vertex -6.14072322845459 36 2.781548500061035
      vertex -8.09999942779541 36 3
      vertex -6.197477340698242 36 2.9185657501220703
    endloop
  endfacet
  facet normal 0 1 0
    outer loop
      vertex -6.072242736816406 36 2.6499996185302734
      vertex -8.09999942779541 36 3
      vertex -6.14072322845459 36 2.781548500061035
    endloop
  endfacet
  facet normal 0 1 0
    outer loop
      vertex -5.992557525634766 36 2.5249195098876953
      vertex -8.09999942779541 36 3
      vertex -6.072242736816406 36 2.6499996185302734
    endloop
  endfacet
  facet normal 0 1 0
    outer loop
      vertex -5.902275085449219 36 2.4072608947753906
      vertex -8.09999942779541 36 3
      vertex -5.992557525634766 36 2.5249195098876953
    endloop
  endfacet
  facet normal 0 1 0
    outer loop
      vertex -5.802081108093262 36 2.2979183197021484
      vertex -8.09999942779541 36 3
      vertex -5.902275085449219 36 2.4072608947753906
    endloop
  endfacet
  facet normal 0 1 0
    outer loop
      vertex -5.6927385330200195 36 2.1977243423461914
      vertex -8.09999942779541 36 3
      vertex -5.802081108093262 36 2.2979183197021484
    endloop
  endfacet
  facet normal 0 1 0
    outer loop
      vertex -8.09999942779541 36 3
      vertex -5.6927385330200195 36 2.1977243423461914
      vertex -11 36 0
    endloop
  endfacet
  facet normal 0 1 0
    outer loop
      vertex -11 36 0
      vertex -5.6927385330200195 36 2.1977243423461914
      vertex -5.575079917907715 36 2.107440948486328
    endloop
  endfacet
  facet normal 0 1 0
    outer loop
      vertex -11 36 0
      vertex -5.575079917907715 36 2.107440948486328
      vertex -5.449999809265137 36 2.027756690979004
    endloop
  endfacet
  facet normal 0 1 0
    outer loop
      vertex -11 36 0
      vertex -5.449999809265137 36 2.027756690979004
      vertex -5.318450927734375 36 1.9592761993408203
    endloop
  endfacet
  facet normal 0 1 0
    outer loop
      vertex -11 36 0
      vertex -5.318450927734375 36 1.9592761993408203
      vertex -5.18143367767334 36 1.902522087097168
    endloop
  endfacet
  facet normal 0 1 0
    outer loop
      vertex -11 36 0
      vertex -5.18143367767334 36 1.902522087097168
      vertex -5.039992332458496 36 1.8579254150390625
    endloop
  endfacet
  facet normal 0 1 0
    outer loop
      vertex -11 36 0
      vertex -5.039992332458496 36 1.8579254150390625
      vertex -4.895201683044434 36 1.825826644897461
    endloop
  endfacet
  facet normal 0 1 0
    outer loop
      vertex 1.5 36 1.7999992370605469
      vertex -11 36 0
      vertex -4.59999942779541 36 1.7999992370605469
    endloop
  endfacet
  facet normal 0 1 0
    outer loop
      vertex -8.09999942779541 36 3
      vertex -11 36 0
      vertex -11 36 3
    endloop
  endfacet
  facet normal 0 1 0
    outer loop
      vertex -4.748164176940918 36 1.8064689636230469
      vertex -11 36 0
      vertex -4.895201683044434 36 1.825826644897461
    endloop
  endfacet
  facet normal 0 1 0
    outer loop
      vertex -4.59999942779541 36 1.7999992370605469
      vertex -11 36 0
      vertex -4.748164176940918 36 1.8064689636230469
    endloop
  endfacet
  facet normal 0 -1 0
    outer loop
      vertex -8.09999942779541 29 3.5
      vertex -4.59999942779541 29 7
      vertex -4.9050445556640625 29 6.98668098449707
    endloop
  endfacet
  facet normal 0 -1 0
    outer loop
      vertex -4.59999942779541 29 7
      vertex -8.09999942779541 29 3
      vertex 1.5 29 7
    endloop
  endfacet
  facet normal 0 -1 0
    outer loop
      vertex -8.09999942779541 29 3.5
      vertex -4.9050445556640625 29 6.98668098449707
      vertex -5.207768440246582 29 6.946826934814453
    endloop
  endfacet
  facet normal 0 -1 0
    outer loop
      vertex 5 29 3
      vertex 1.5 29 7
      vertex -8.09999942779541 29 3
    endloop
  endfacet
  facet normal 0 -1 0
    outer loop
      vertex -8.09999942779541 29 3.5
      vertex -5.207768440246582 29 6.946826934814453
      vertex -5.505866050720215 29 6.880740165710449
    endloop
  endfacet
  facet normal 0 -1 0
    outer loop
      vertex 5 29 3.5
      vertex 1.5 29 7
      vertex 5 29 3
    endloop
  endfacet
  facet normal 0 -1 0
    outer loop
      vertex -8.09999942779541 29 3.5
      vertex -5.505866050720215 29 6.880740165710449
      vertex -5.797069549560547 29 6.788923263549805
    endloop
  endfacet
  facet normal 0 -1 0
    outer loop
      vertex 1.5 29 7
      vertex 5 29 3.5
      vertex 1.805044174194336 29 6.98668098449707
    endloop
  endfacet
  facet normal 0 -1 0
    outer loop
      vertex -8.09999942779541 29 3.5
      vertex -5.797069549560547 29 6.788923263549805
      vertex -6.079163551330566 29 6.672077178955078
    endloop
  endfacet
  facet normal 0 -1 0
    outer loop
      vertex 1.805044174194336 29 6.98668098449707
      vertex 5 29 3.5
      vertex 2.1077680587768555 29 6.946826934814453
    endloop
  endfacet
  facet normal 0 -1 0
    outer loop
      vertex -8.09999942779541 29 3.5
      vertex -6.079163551330566 29 6.672077178955078
      vertex -6.34999942779541 29 6.531088829040527
    endloop
  endfacet
  facet normal 0 -1 0
    outer loop
      vertex 2.1077680587768555 29 6.946826934814453
      vertex 5 29 3.5
      vertex 2.4058666229248047 29 6.880740165710449
    endloop
  endfacet
  facet normal 0 -1 0
    outer loop
      vertex -8.09999942779541 29 3.5
      vertex -6.34999942779541 29 6.531088829040527
      vertex -6.607517242431641 29 6.367032051086426
    endloop
  endfacet
  facet normal 0 -1 0
    outer loop
      vertex 2.4058666229248047 29 6.880740165710449
      vertex 5 29 3.5
      vertex 2.6970701217651367 29 6.788923263549805
    endloop
  endfacet
  facet normal 0 -1 0
    outer loop
      vertex -8.09999942779541 29 3.5
      vertex -6.607517242431641 29 6.367032051086426
      vertex -6.849756240844727 29 6.181155204772949
    endloop
  endfacet
  facet normal 0 -1 0
    outer loop
      vertex 2.6970701217651367 29 6.788923263549805
      vertex 5 29 3.5
      vertex 2.97916316986084 29 6.672077178955078
    endloop
  endfacet
  facet normal 0 -1 0
    outer loop
      vertex -8.09999942779541 29 3.5
      vertex -6.849756240844727 29 6.181155204772949
      vertex -7.074872970581055 29 5.9748735427856445
    endloop
  endfacet
  facet normal 0 -1 0
    outer loop
      vertex 2.97916316986084 29 6.672077178955078
      vertex 5 29 3.5
      vertex 3.25 29 6.531088829040527
    endloop
  endfacet
  facet normal 0 -1 0
    outer loop
      vertex -8.09999942779541 29 3.5
      vertex -7.074872970581055 29 5.9748735427856445
      vertex -7.281154632568359 29 5.749755859375
    endloop
  endfacet
  facet normal 0 -1 0
    outer loop
      vertex 3.25 29 6.531088829040527
      vertex 5 29 3.5
      vertex 3.507516860961914 29 6.367032051086426
    endloop
  endfacet
  facet normal 0 -1 0
    outer loop
      vertex -8.09999942779541 29 3.5
      vertex -7.281154632568359 29 5.749755859375
      vertex -7.467031478881836 29 5.507516860961914
    endloop
  endfacet
  facet normal 0 -1 0
    outer loop
      vertex 3.507516860961914 29 6.367032051086426
      vertex 5 29 3.5
      vertex 3.749755859375 29 6.181155204772949
    endloop
  endfacet
  facet normal 0 -1 0
    outer loop
      vertex -8.09999942779541 29 3.5
      vertex -7.467031478881836 29 5.507516860961914
      vertex -7.6310882568359375 29 5.25
    endloop
  endfacet
  facet normal 0 -1 0
    outer loop
      vertex 3.749755859375 29 6.181155204772949
      vertex 5 29 3.5
      vertex 3.9748735427856445 29 5.9748735427856445
    endloop
  endfacet
  facet normal 0 -1 0
    outer loop
      vertex -8.09999942779541 29 3.5
      vertex -7.6310882568359375 29 5.25
      vertex -7.772076606750488 29 4.97916316986084
    endloop
  endfacet
  facet normal 0 -1 0
    outer loop
      vertex 3.9748735427856445 29 5.9748735427856445
      vertex 5 29 3.5
      vertex 4.181155204772949 29 5.749755859375
    endloop
  endfacet
  facet normal 0 -1 0
    outer loop
      vertex -8.09999942779541 29 3.5
      vertex -7.772076606750488 29 4.97916316986084
      vertex -7.888923645019531 29 4.697070121765137
    endloop
  endfacet
  facet normal 0 -1 0
    outer loop
      vertex 4.181155204772949 29 5.749755859375
      vertex 5 29 3.5
      vertex 4.367032051086426 29 5.507516860961914
    endloop
  endfacet
  facet normal 0 -1 0
    outer loop
      vertex -8.09999942779541 29 3.5
      vertex -7.888923645019531 29 4.697070121765137
      vertex -7.980739593505859 29 4.405866622924805
    endloop
  endfacet
  facet normal 0 -1 0
    outer loop
      vertex 4.367032051086426 29 5.507516860961914
      vertex 5 29 3.5
      vertex 4.531088829040527 29 5.25
    endloop
  endfacet
  facet normal 0 -1 0
    outer loop
      vertex -8.09999942779541 29 3.5
      vertex -7.980739593505859 29 4.405866622924805
      vertex -8.046826362609863 29 4.1077680587768555
    endloop
  endfacet
  facet normal 0 -1 0
    outer loop
      vertex -4.59999942779541 29 7
      vertex -8.09999942779541 29 3.5
      vertex -8.09999942779541 29 3
    endloop
  endfacet
  facet normal 0 -1 0
    outer loop
      vertex -8.09999942779541 29 3.5
      vertex -8.046826362609863 29 4.1077680587768555
      vertex -8.086681365966797 29 3.805044174194336
    endloop
  endfacet
  facet normal 0 -1 0
    outer loop
      vertex 4.531088829040527 29 5.25
      vertex 5 29 3.5
      vertex 4.672077178955078 29 4.97916316986084
    endloop
  endfacet
  facet normal 0 -1 0
    outer loop
      vertex 4.880740165710449 29 4.405866622924805
      vertex 5 29 3.5
      vertex 4.946826934814453 29 4.1077680587768555
    endloop
  endfacet
  facet normal 0 -1 0
    outer loop
      vertex 4.946826934814453 29 4.1077680587768555
      vertex 5 29 3.5
      vertex 4.98668098449707 29 3.805044174194336
    endloop
  endfacet
  facet normal 0 -1 0
    outer loop
      vertex 4.672077178955078 29 4.97916316986084
      vertex 5 29 3.5
      vertex 4.788923263549805 29 4.697070121765137
    endloop
  endfacet
  facet normal 0 -1 0
    outer loop
      vertex 4.788923263549805 29 4.697070121765137
      vertex 5 29 3.5
      vertex 4.880740165710449 29 4.405866622924805
    endloop
  endfacet
  facet normal 0.953716207175046 0 0.30070815780694193
    outer loop
      vertex 4.788923263549805 29 4.697070121765137
      vertex 4.880740165710449 36 4.405866622924805
      vertex 4.788923263549805 36 4.697070121765137
    endloop
  endfacet
  facet normal 0.953716207175046 0 0.30070815780694193
    outer loop
      vertex 4.880740165710449 36 4.405866622924805
      vertex 4.788923263549805 29 4.697070121765137
      vertex 4.880740165710449 29 4.405866622924805
    endloop
  endfacet
  facet normal -0.04362088316093819 0 0.9990481562728893
    outer loop
      vertex -4.9050445556640625 36 6.98668098449707
      vertex -4.59999942779541 29 7
      vertex -4.59999942779541 36 7
    endloop
  endfacet
  facet normal -0.04362088316093819 0 0.9990481562728893
    outer loop
      vertex -4.59999942779541 29 7
      vertex -4.9050445556640625 36 6.98668098449707
      vertex -4.9050445556640625 29 6.98668098449707
    endloop
  endfacet
  facet normal -0.9762960704491354 0 0.2164393282783352
    outer loop
      vertex -8.046826362609863 29 4.1077680587768555
      vertex -7.980739593505859 36 4.405866622924805
      vertex -8.046826362609863 36 4.1077680587768555
    endloop
  endfacet
  facet normal -0.9762960704491354 0 0.2164393282783352
    outer loop
      vertex -7.980739593505859 36 4.405866622924805
      vertex -8.046826362609863 29 4.1077680587768555
      vertex -7.980739593505859 29 4.405866622924805
    endloop
  endfacet
  facet normal -0.9537171029221039 0 0.30070531686997004
    outer loop
      vertex -7.980739593505859 29 4.405866622924805
      vertex -7.888923645019531 36 4.697070121765137
      vertex -7.980739593505859 36 4.405866622924805
    endloop
  endfacet
  facet normal -0.9537171029221039 0 0.30070531686997004
    outer loop
      vertex -7.888923645019531 36 4.697070121765137
      vertex -7.980739593505859 29 4.405866622924805
      vertex -7.888923645019531 29 4.697070121765137
    endloop
  endfacet
  facet normal -0.7372784610164815 0 0.675588980757656
    outer loop
      vertex -7.281154632568359 29 5.749755859375
      vertex -7.074872970581055 36 5.9748735427856445
      vertex -7.281154632568359 36 5.749755859375
    endloop
  endfacet
  facet normal -0.7372784610164815 0 0.675588980757656
    outer loop
      vertex -7.074872970581055 36 5.9748735427856445
      vertex -7.281154632568359 29 5.749755859375
      vertex -7.074872970581055 29 5.9748735427856445
    endloop
  endfacet
  facet normal -0.3826804222082353 0 0.9238807793533356
    outer loop
      vertex -6.079163551330566 36 6.672077178955078
      vertex -5.797069549560547 29 6.788923263549805
      vertex -5.797069549560547 36 6.788923263549805
    endloop
  endfacet
  facet normal -0.3826804222082353 0 0.9238807793533356
    outer loop
      vertex -5.797069549560547 29 6.788923263549805
      vertex -6.079163551330566 36 6.672077178955078
      vertex -6.079163551330566 29 6.672077178955078
    endloop
  endfacet
  facet normal -0.9914445867862455 0 0.13052827790272467
    outer loop
      vertex -8.086681365966797 29 3.805044174194336
      vertex -8.046826362609863 36 4.1077680587768555
      vertex -8.086681365966797 36 3.805044174194336
    endloop
  endfacet
  facet normal -0.9914445867862455 0 0.13052827790272467
    outer loop
      vertex -8.046826362609863 36 4.1077680587768555
      vertex -8.086681365966797 29 3.805044174194336
      vertex -8.046826362609863 29 4.1077680587768555
    endloop
  endfacet
  facet normal -0.8870113428154353 0 0.4617476342297363
    outer loop
      vertex -7.772076606750488 29 4.97916316986084
      vertex -7.6310882568359375 36 5.25
      vertex -7.772076606750488 36 4.97916316986084
    endloop
  endfacet
  facet normal -0.8870113428154353 0 0.4617476342297363
    outer loop
      vertex -7.6310882568359375 36 5.25
      vertex -7.772076606750488 29 4.97916316986084
      vertex -7.6310882568359375 29 5.25
    endloop
  endfacet
  facet normal 1 0 0
    outer loop
      vertex 5 29 3.5
      vertex 5 36 3
      vertex 5 36 3.5
    endloop
  endfacet
  facet normal 1 0 0
    outer loop
      vertex 5 36 3
      vertex 5 29 3.5
      vertex 5 29 3
    endloop
  endfacet
  facet normal -0.1305252077569113 0 0.9914449909803443
    outer loop
      vertex -5.207768440246582 36 6.946826934814453
      vertex -4.9050445556640625 29 6.98668098449707
      vertex -4.9050445556640625 36 6.98668098449707
    endloop
  endfacet
  facet normal -0.1305252077569113 0 0.9914449909803443
    outer loop
      vertex -4.9050445556640625 29 6.98668098449707
      vertex -5.207768440246582 36 6.946826934814453
      vertex -5.207768440246582 29 6.946826934814453
    endloop
  endfacet
  facet normal 0 0 1
    outer loop
      vertex -4.59999942779541 36 7
      vertex 1.5 29 7
      vertex 1.5 36 7
    endloop
  endfacet
  facet normal 0 0 1
    outer loop
      vertex 1.5 29 7
      vertex -4.59999942779541 36 7
      vertex -4.59999942779541 29 7
    endloop
  endfacet
  facet normal -0.30070815780694193 0 0.953716207175046
    outer loop
      vertex -5.797069549560547 36 6.788923263549805
      vertex -5.505866050720215 29 6.880740165710449
      vertex -5.505866050720215 36 6.880740165710449
    endloop
  endfacet
  facet normal -0.30070815780694193 0 0.953716207175046
    outer loop
      vertex -5.505866050720215 29 6.880740165710449
      vertex -5.797069549560547 36 6.788923263549805
      vertex -5.797069549560547 29 6.788923263549805
    endloop
  endfacet
  facet normal 0.7933528257653726 0 0.6087620995512929
    outer loop
      vertex 4.181155204772949 29 5.749755859375
      vertex 4.367032051086426 36 5.507516860961914
      vertex 4.181155204772949 36 5.749755859375
    endloop
  endfacet
  facet normal 0.7933528257653726 0 0.6087620995512929
    outer loop
      vertex 4.367032051086426 36 5.507516860961914
      vertex 4.181155204772949 29 5.749755859375
      vertex 4.367032051086426 29 5.507516860961914
    endloop
  endfacet
  facet normal 0.4617476342297363 0 0.8870113428154353
    outer loop
      vertex 2.97916316986084 36 6.672077178955078
      vertex 3.25 29 6.531088829040527
      vertex 3.25 36 6.531088829040527
    endloop
  endfacet
  facet normal 0.4617476342297363 0 0.8870113428154353
    outer loop
      vertex 3.25 29 6.531088829040527
      vertex 2.97916316986084 36 6.672077178955078
      vertex 2.97916316986084 29 6.672077178955078
    endloop
  endfacet
  facet normal 0.1305252077569113 0 0.9914449909803443
    outer loop
      vertex 1.805044174194336 36 6.98668098449707
      vertex 2.1077680587768555 29 6.946826934814453
      vertex 2.1077680587768555 36 6.946826934814453
    endloop
  endfacet
  facet normal 0.1305252077569113 0 0.9914449909803443
    outer loop
      vertex 2.1077680587768555 29 6.946826934814453
      vertex 1.805044174194336 36 6.98668098449707
      vertex 1.805044174194336 29 6.98668098449707
    endloop
  endfacet
  facet normal 0.9762960704491354 0 0.2164393282783352
    outer loop
      vertex 4.880740165710449 29 4.405866622924805
      vertex 4.946826934814453 36 4.1077680587768555
      vertex 4.880740165710449 36 4.405866622924805
    endloop
  endfacet
  facet normal 0.9762960704491354 0 0.2164393282783352
    outer loop
      vertex 4.946826934814453 36 4.1077680587768555
      vertex 4.880740165710449 29 4.405866622924805
      vertex 4.946826934814453 29 4.1077680587768555
    endloop
  endfacet
  facet normal -0.9990482864399441 0 0.0436179018455891
    outer loop
      vertex -8.09999942779541 29 3.5
      vertex -8.086681365966797 36 3.805044174194336
      vertex -8.09999942779541 36 3.5
    endloop
  endfacet
  facet normal -0.9990482864399441 0 0.0436179018455891
    outer loop
      vertex -8.086681365966797 36 3.805044174194336
      vertex -8.09999942779541 29 3.5
      vertex -8.086681365966797 29 3.805044174194336
    endloop
  endfacet
  facet normal -1 0 0
    outer loop
      vertex -8.09999942779541 29 3
      vertex -8.09999942779541 36 3.5
      vertex -8.09999942779541 36 3
    endloop
  endfacet
  facet normal -1 0 0
    outer loop
      vertex -8.09999942779541 36 3.5
      vertex -8.09999942779541 29 3
      vertex -8.09999942779541 29 3.5
    endloop
  endfacet
  facet normal -0.6087620995512929 0 0.7933528257653726
    outer loop
      vertex -6.849756240844727 36 6.181155204772949
      vertex -6.607517242431641 29 6.367032051086426
      vertex -6.607517242431641 36 6.367032051086426
    endloop
  endfacet
  facet normal -0.6087620995512929 0 0.7933528257653726
    outer loop
      vertex -6.607517242431641 29 6.367032051086426
      vertex -6.849756240844727 36 6.181155204772949
      vertex -6.849756240844727 29 6.181155204772949
    endloop
  endfacet
  facet normal 0.675588980757656 0 0.7372784610164815
    outer loop
      vertex 3.749755859375 36 6.181155204772949
      vertex 3.9748735427856445 29 5.9748735427856445
      vertex 3.9748735427856445 36 5.9748735427856445
    endloop
  endfacet
  facet normal 0.675588980757656 0 0.7372784610164815
    outer loop
      vertex 3.9748735427856445 29 5.9748735427856445
      vertex 3.749755859375 36 6.181155204772949
      vertex 3.749755859375 29 6.181155204772949
    endloop
  endfacet
  facet normal -0.6755905364965394 0 0.737277035446187
    outer loop
      vertex -7.074872970581055 36 5.9748735427856445
      vertex -6.849756240844727 29 6.181155204772949
      vertex -6.849756240844727 36 6.181155204772949
    endloop
  endfacet
  facet normal -0.6755905364965394 0 0.737277035446187
    outer loop
      vertex -6.849756240844727 29 6.181155204772949
      vertex -7.074872970581055 36 5.9748735427856445
      vertex -7.074872970581055 29 5.9748735427856445
    endloop
  endfacet
  facet normal -0.2164399882735007 0 0.9762959241316983
    outer loop
      vertex -5.505866050720215 36 6.880740165710449
      vertex -5.207768440246582 29 6.946826934814453
      vertex -5.207768440246582 36 6.946826934814453
    endloop
  endfacet
  facet normal -0.2164399882735007 0 0.9762959241316983
    outer loop
      vertex -5.207768440246582 29 6.946826934814453
      vertex -5.505866050720215 36 6.880740165710449
      vertex -5.505866050720215 29 6.880740165710449
    endloop
  endfacet
  facet normal 0.8433907865978388 0 0.5373006431057743
    outer loop
      vertex 4.367032051086426 29 5.507516860961914
      vertex 4.531088829040527 36 5.25
      vertex 4.367032051086426 36 5.507516860961914
    endloop
  endfacet
  facet normal 0.8433907865978388 0 0.5373006431057743
    outer loop
      vertex 4.531088829040527 36 5.25
      vertex 4.367032051086426 29 5.507516860961914
      vertex 4.531088829040527 29 5.25
    endloop
  endfacet
  facet normal 0.7372784610164815 0 0.675588980757656
    outer loop
      vertex 3.9748735427856445 29 5.9748735427856445
      vertex 4.181155204772949 36 5.749755859375
      vertex 3.9748735427856445 36 5.9748735427856445
    endloop
  endfacet
  facet normal 0.7372784610164815 0 0.675588980757656
    outer loop
      vertex 4.181155204772949 36 5.749755859375
      vertex 3.9748735427856445 29 5.9748735427856445
      vertex 4.181155204772949 29 5.749755859375
    endloop
  endfacet
  facet normal 0.9990481503297851 0 0.043621019275518126
    outer loop
      vertex 4.98668098449707 29 3.805044174194336
      vertex 5 36 3.5
      vertex 4.98668098449707 36 3.805044174194336
    endloop
  endfacet
  facet normal 0.9990481503297851 0 0.043621019275518126
    outer loop
      vertex 5 36 3.5
      vertex 4.98668098449707 29 3.805044174194336
      vertex 5 29 3.5
    endloop
  endfacet
  facet normal 0.6087620995512929 0 0.7933528257653726
    outer loop
      vertex 3.507516860961914 36 6.367032051086426
      vertex 3.749755859375 29 6.181155204772949
      vertex 3.749755859375 36 6.181155204772949
    endloop
  endfacet
  facet normal 0.6087620995512929 0 0.7933528257653726
    outer loop
      vertex 3.749755859375 29 6.181155204772949
      vertex 3.507516860961914 36 6.367032051086426
      vertex 3.507516860961914 29 6.367032051086426
    endloop
  endfacet
  facet normal 0.9914449909803443 0 0.1305252077569113
    outer loop
      vertex 4.946826934814453 29 4.1077680587768555
      vertex 4.98668098449707 36 3.805044174194336
      vertex 4.946826934814453 36 4.1077680587768555
    endloop
  endfacet
  facet normal 0.9914449909803443 0 0.1305252077569113
    outer loop
      vertex 4.98668098449707 36 3.805044174194336
      vertex 4.946826934814453 29 4.1077680587768555
      vertex 4.98668098449707 29 3.805044174194336
    endloop
  endfacet
  facet normal 0.8870113428154353 0 0.4617476342297363
    outer loop
      vertex 4.531088829040527 29 5.25
      vertex 4.672077178955078 36 4.97916316986084
      vertex 4.531088829040527 36 5.25
    endloop
  endfacet
  facet normal 0.8870113428154353 0 0.4617476342297363
    outer loop
      vertex 4.672077178955078 36 4.97916316986084
      vertex 4.531088829040527 29 5.25
      vertex 4.672077178955078 29 4.97916316986084
    endloop
  endfacet
  facet normal -0.8433907865978388 0 0.5373006431057743
    outer loop
      vertex -7.6310882568359375 29 5.25
      vertex -7.467031478881836 36 5.507516860961914
      vertex -7.6310882568359375 36 5.25
    endloop
  endfacet
  facet normal -0.8433907865978388 0 0.5373006431057743
    outer loop
      vertex -7.467031478881836 36 5.507516860961914
      vertex -7.6310882568359375 29 5.25
      vertex -7.467031478881836 29 5.507516860961914
    endloop
  endfacet
  facet normal -0.4617489134826967 0 0.8870106768791168
    outer loop
      vertex -6.34999942779541 36 6.531088829040527
      vertex -6.079163551330566 29 6.672077178955078
      vertex -6.079163551330566 36 6.672077178955078
    endloop
  endfacet
  facet normal -0.4617489134826967 0 0.8870106768791168
    outer loop
      vertex -6.079163551330566 29 6.672077178955078
      vertex -6.34999942779541 36 6.531088829040527
      vertex -6.34999942779541 29 6.531088829040527
    endloop
  endfacet
  facet normal 0.043621019275518126 0 0.9990481503297851
    outer loop
      vertex 1.5 36 7
      vertex 1.805044174194336 29 6.98668098449707
      vertex 1.805044174194336 36 6.98668098449707
    endloop
  endfacet
  facet normal 0.043621019275518126 0 0.9990481503297851
    outer loop
      vertex 1.805044174194336 29 6.98668098449707
      vertex 1.5 36 7
      vertex 1.5 29 7
    endloop
  endfacet
  facet normal 0.30070815780694193 0 0.953716207175046
    outer loop
      vertex 2.4058666229248047 36 6.880740165710449
      vertex 2.6970701217651367 29 6.788923263549805
      vertex 2.6970701217651367 36 6.788923263549805
    endloop
  endfacet
  facet normal 0.30070815780694193 0 0.953716207175046
    outer loop
      vertex 2.6970701217651367 29 6.788923263549805
      vertex 2.4058666229248047 36 6.880740165710449
      vertex 2.4058666229248047 29 6.880740165710449
    endloop
  endfacet
  facet normal -0.537299227740389 0 0.8433916882858057
    outer loop
      vertex -6.607517242431641 36 6.367032051086426
      vertex -6.34999942779541 29 6.531088829040527
      vertex -6.34999942779541 36 6.531088829040527
    endloop
  endfacet
  facet normal -0.537299227740389 0 0.8433916882858057
    outer loop
      vertex -6.34999942779541 29 6.531088829040527
      vertex -6.607517242431641 36 6.367032051086426
      vertex -6.607517242431641 29 6.367032051086426
    endloop
  endfacet
  facet normal 0.9238803219529402 0 0.3826815264787831
    outer loop
      vertex 4.672077178955078 29 4.97916316986084
      vertex 4.788923263549805 36 4.697070121765137
      vertex 4.672077178955078 36 4.97916316986084
    endloop
  endfacet
  facet normal 0.9238803219529402 0 0.3826815264787831
    outer loop
      vertex 4.788923263549805 36 4.697070121765137
      vertex 4.672077178955078 29 4.97916316986084
      vertex 4.788923263549805 29 4.697070121765137
    endloop
  endfacet
  facet normal -0.9238792176769527 0 0.38268419244152485
    outer loop
      vertex -7.888923645019531 29 4.697070121765137
      vertex -7.772076606750488 36 4.97916316986084
      vertex -7.888923645019531 36 4.697070121765137
    endloop
  endfacet
  facet normal -0.9238792176769527 0 0.38268419244152485
    outer loop
      vertex -7.772076606750488 36 4.97916316986084
      vertex -7.888923645019531 29 4.697070121765137
      vertex -7.772076606750488 29 4.97916316986084
    endloop
  endfacet
  facet normal 0.3826815264787831 0 0.9238803219529402
    outer loop
      vertex 2.6970701217651367 36 6.788923263549805
      vertex 2.97916316986084 29 6.672077178955078
      vertex 2.97916316986084 36 6.672077178955078
    endloop
  endfacet
  facet normal 0.3826815264787831 0 0.9238803219529402
    outer loop
      vertex 2.97916316986084 29 6.672077178955078
      vertex 2.6970701217651367 36 6.788923263549805
      vertex 2.6970701217651367 29 6.788923263549805
    endloop
  endfacet
  facet normal -0.7933528257653726 0 0.6087620995512929
    outer loop
      vertex -7.467031478881836 29 5.507516860961914
      vertex -7.281154632568359 36 5.749755859375
      vertex -7.467031478881836 36 5.507516860961914
    endloop
  endfacet
  facet normal -0.7933528257653726 0 0.6087620995512929
    outer loop
      vertex -7.281154632568359 36 5.749755859375
      vertex -7.467031478881836 29 5.507516860961914
      vertex -7.281154632568359 29 5.749755859375
    endloop
  endfacet
  facet normal 0.2164393282783352 0 0.9762960704491354
    outer loop
      vertex 2.1077680587768555 36 6.946826934814453
      vertex 2.4058666229248047 29 6.880740165710449
      vertex 2.4058666229248047 36 6.880740165710449
    endloop
  endfacet
  facet normal 0.2164393282783352 0 0.9762960704491354
    outer loop
      vertex 2.4058666229248047 29 6.880740165710449
      vertex 2.1077680587768555 36 6.946826934814453
      vertex 2.1077680587768555 29 6.946826934814453
    endloop
  endfacet
  facet normal 0.5373006431057743 0 0.8433907865978388
    outer loop
      vertex 3.25 36 6.531088829040527
      vertex 3.507516860961914 29 6.367032051086426
      vertex 3.507516860961914 36 6.367032051086426
    endloop
  endfacet
  facet normal 0.5373006431057743 0 0.8433907865978388
    outer loop
      vertex 3.507516860961914 29 6.367032051086426
      vertex 3.25 36 6.531088829040527
      vertex 3.25 29 6.531088829040527
    endloop
  endfacet
  facet normal 0 1 0
    outer loop
      vertex 5 -29 3.5
      vertex 1.5 -29 7
      vertex 1.805044174194336 -29 6.98668098449707
    endloop
  endfacet
  facet normal 0 1 0
    outer loop
      vertex 1.5 -29 7
      vertex 5 -29 3
      vertex -4.59999942779541 -29 7
    endloop
  endfacet
  facet normal 0 1 0
    outer loop
      vertex 5 -29 3.5
      vertex 1.805044174194336 -29 6.98668098449707
      vertex 2.1077680587768555 -29 6.946826934814453
    endloop
  endfacet
  facet normal 0 1 0
    outer loop
      vertex -8.09999942779541 -29 3
      vertex -4.59999942779541 -29 7
      vertex 5 -29 3
    endloop
  endfacet
  facet normal 0 1 0
    outer loop
      vertex 5 -29 3.5
      vertex 2.1077680587768555 -29 6.946826934814453
      vertex 2.4058666229248047 -29 6.880740165710449
    endloop
  endfacet
  facet normal 0 1 0
    outer loop
      vertex -8.09999942779541 -29 3.5
      vertex -4.59999942779541 -29 7
      vertex -8.09999942779541 -29 3
    endloop
  endfacet
  facet normal 0 1 0
    outer loop
      vertex 5 -29 3.5
      vertex 2.4058666229248047 -29 6.880740165710449
      vertex 2.6970701217651367 -29 6.788923263549805
    endloop
  endfacet
  facet normal 0 1 0
    outer loop
      vertex -4.59999942779541 -29 7
      vertex -8.09999942779541 -29 3.5
      vertex -4.9050445556640625 -29 6.98668098449707
    endloop
  endfacet
  facet normal 0 1 0
    outer loop
      vertex 5 -29 3.5
      vertex 2.6970701217651367 -29 6.788923263549805
      vertex 2.97916316986084 -29 6.672077178955078
    endloop
  endfacet
  facet normal 0 1 0
    outer loop
      vertex -4.9050445556640625 -29 6.98668098449707
      vertex -8.09999942779541 -29 3.5
      vertex -5.207768440246582 -29 6.946826934814453
    endloop
  endfacet
  facet normal 0 1 0
    outer loop
      vertex 5 -29 3.5
      vertex 2.97916316986084 -29 6.672077178955078
      vertex 3.25 -29 6.531088829040527
    endloop
  endfacet
  facet normal 0 1 0
    outer loop
      vertex -5.207768440246582 -29 6.946826934814453
      vertex -8.09999942779541 -29 3.5
      vertex -5.505866050720215 -29 6.880740165710449
    endloop
  endfacet
  facet normal 0 1 0
    outer loop
      vertex 5 -29 3.5
      vertex 3.25 -29 6.531088829040527
      vertex 3.507516860961914 -29 6.367032051086426
    endloop
  endfacet
  facet normal 0 1 0
    outer loop
      vertex -5.505866050720215 -29 6.880740165710449
      vertex -8.09999942779541 -29 3.5
      vertex -5.797069549560547 -29 6.788923263549805
    endloop
  endfacet
  facet normal 0 1 0
    outer loop
      vertex 5 -29 3.5
      vertex 3.507516860961914 -29 6.367032051086426
      vertex 3.749755859375 -29 6.181155204772949
    endloop
  endfacet
  facet normal 0 1 0
    outer loop
      vertex -5.797069549560547 -29 6.788923263549805
      vertex -8.09999942779541 -29 3.5
      vertex -6.079163551330566 -29 6.672077178955078
    endloop
  endfacet
  facet normal 0 1 0
    outer loop
      vertex 5 -29 3.5
      vertex 3.749755859375 -29 6.181155204772949
      vertex 3.9748735427856445 -29 5.9748735427856445
    endloop
  endfacet
  facet normal 0 1 0
    outer loop
      vertex -6.079163551330566 -29 6.672077178955078
      vertex -8.09999942779541 -29 3.5
      vertex -6.34999942779541 -29 6.531088829040527
    endloop
  endfacet
  facet normal 0 1 0
    outer loop
      vertex 5 -29 3.5
      vertex 3.9748735427856445 -29 5.9748735427856445
      vertex 4.181155204772949 -29 5.749755859375
    endloop
  endfacet
  facet normal 0 1 0
    outer loop
      vertex -6.34999942779541 -29 6.531088829040527
      vertex -8.09999942779541 -29 3.5
      vertex -6.607517242431641 -29 6.367032051086426
    endloop
  endfacet
  facet normal 0 1 0
    outer loop
      vertex 5 -29 3.5
      vertex 4.181155204772949 -29 5.749755859375
      vertex 4.367032051086426 -29 5.507516860961914
    endloop
  endfacet
  facet normal 0 1 0
    outer loop
      vertex -6.607517242431641 -29 6.367032051086426
      vertex -8.09999942779541 -29 3.5
      vertex -6.849756240844727 -29 6.181155204772949
    endloop
  endfacet
  facet normal 0 1 0
    outer loop
      vertex 5 -29 3.5
      vertex 4.367032051086426 -29 5.507516860961914
      vertex 4.531088829040527 -29 5.25
    endloop
  endfacet
  facet normal 0 1 0
    outer loop
      vertex -6.849756240844727 -29 6.181155204772949
      vertex -8.09999942779541 -29 3.5
      vertex -7.074872970581055 -29 5.9748735427856445
    endloop
  endfacet
  facet normal 0 1 0
    outer loop
      vertex 5 -29 3.5
      vertex 4.531088829040527 -29 5.25
      vertex 4.672077178955078 -29 4.97916316986084
    endloop
  endfacet
  facet normal 0 1 0
    outer loop
      vertex -7.074872970581055 -29 5.9748735427856445
      vertex -8.09999942779541 -29 3.5
      vertex -7.281154632568359 -29 5.749755859375
    endloop
  endfacet
  facet normal 0 1 0
    outer loop
      vertex 5 -29 3.5
      vertex 4.672077178955078 -29 4.97916316986084
      vertex 4.788923263549805 -29 4.697070121765137
    endloop
  endfacet
  facet normal 0 1 0
    outer loop
      vertex -7.281154632568359 -29 5.749755859375
      vertex -8.09999942779541 -29 3.5
      vertex -7.467031478881836 -29 5.507516860961914
    endloop
  endfacet
  facet normal 0 1 0
    outer loop
      vertex 5 -29 3.5
      vertex 4.788923263549805 -29 4.697070121765137
      vertex 4.880740165710449 -29 4.405866622924805
    endloop
  endfacet
  facet normal 0 1 0
    outer loop
      vertex -7.467031478881836 -29 5.507516860961914
      vertex -8.09999942779541 -29 3.5
      vertex -7.6310882568359375 -29 5.25
    endloop
  endfacet
  facet normal 0 1 0
    outer loop
      vertex 5 -29 3.5
      vertex 4.880740165710449 -29 4.405866622924805
      vertex 4.946826934814453 -29 4.1077680587768555
    endloop
  endfacet
  facet normal 0 1 0
    outer loop
      vertex 1.5 -29 7
      vertex 5 -29 3.5
      vertex 5 -29 3
    endloop
  endfacet
  facet normal 0 1 0
    outer loop
      vertex 5 -29 3.5
      vertex 4.946826934814453 -29 4.1077680587768555
      vertex 4.98668098449707 -29 3.805044174194336
    endloop
  endfacet
  facet normal 0 1 0
    outer loop
      vertex -7.6310882568359375 -29 5.25
      vertex -8.09999942779541 -29 3.5
      vertex -7.772076606750488 -29 4.97916316986084
    endloop
  endfacet
  facet normal 0 1 0
    outer loop
      vertex -7.980739593505859 -29 4.405866622924805
      vertex -8.09999942779541 -29 3.5
      vertex -8.046826362609863 -29 4.1077680587768555
    endloop
  endfacet
  facet normal 0 1 0
    outer loop
      vertex -8.046826362609863 -29 4.1077680587768555
      vertex -8.09999942779541 -29 3.5
      vertex -8.086681365966797 -29 3.805044174194336
    endloop
  endfacet
  facet normal 0 1 0
    outer loop
      vertex -7.772076606750488 -29 4.97916316986084
      vertex -8.09999942779541 -29 3.5
      vertex -7.888923645019531 -29 4.697070121765137
    endloop
  endfacet
  facet normal 0 1 0
    outer loop
      vertex -7.888923645019531 -29 4.697070121765137
      vertex -8.09999942779541 -29 3.5
      vertex -7.980739593505859 -29 4.405866622924805
    endloop
  endfacet
  facet normal 0 -1 0
    outer loop
      vertex -11 -36 0
      vertex -8.09999942779541 -36 3
      vertex -11 -36 3
    endloop
  endfacet
  facet normal 0 -1 0
    outer loop
      vertex -8.09999942779541 -36 3
      vertex -6.14072322845459 -36 2.781548500061035
      vertex -6.197477340698242 -36 2.9185657501220703
    endloop
  endfacet
  facet normal 0 -1 0
    outer loop
      vertex -5.6927385330200195 -36 2.1977243423461914
      vertex -8.09999942779541 -36 3
      vertex -11 -36 0
    endloop
  endfacet
  facet normal 0 -1 0
    outer loop
      vertex -8.09999942779541 -36 3
      vertex -6.072242736816406 -36 2.6499996185302734
      vertex -6.14072322845459 -36 2.781548500061035
    endloop
  endfacet
  facet normal 0 -1 0
    outer loop
      vertex -8.09999942779541 -36 3
      vertex -5.992557525634766 -36 2.5249195098876953
      vertex -6.072242736816406 -36 2.6499996185302734
    endloop
  endfacet
  facet normal 0 -1 0
    outer loop
      vertex -8.09999942779541 -36 3
      vertex -5.902275085449219 -36 2.4072608947753906
      vertex -5.992557525634766 -36 2.5249195098876953
    endloop
  endfacet
  facet normal 0 -1 0
    outer loop
      vertex -8.09999942779541 -36 3
      vertex -5.802081108093262 -36 2.2979183197021484
      vertex -5.902275085449219 -36 2.4072608947753906
    endloop
  endfacet
  facet normal 0 -1 0
    outer loop
      vertex -8.09999942779541 -36 3
      vertex -5.6927385330200195 -36 2.1977243423461914
      vertex -5.802081108093262 -36 2.2979183197021484
    endloop
  endfacet
  facet normal 0 -1 0
    outer loop
      vertex -5.6927385330200195 -36 2.1977243423461914
      vertex -11 -36 0
      vertex -5.575079917907715 -36 2.107440948486328
    endloop
  endfacet
  facet normal 0 -1 0
    outer loop
      vertex -5.575079917907715 -36 2.107440948486328
      vertex -11 -36 0
      vertex -5.449999809265137 -36 2.027756690979004
    endloop
  endfacet
  facet normal 0 -1 0
    outer loop
      vertex -5.449999809265137 -36 2.027756690979004
      vertex -11 -36 0
      vertex -5.318450927734375 -36 1.9592761993408203
    endloop
  endfacet
  facet normal 0 -1 0
    outer loop
      vertex -5.318450927734375 -36 1.9592761993408203
      vertex -11 -36 0
      vertex -5.18143367767334 -36 1.902522087097168
    endloop
  endfacet
  facet normal 0 -1 0
    outer loop
      vertex -5.18143367767334 -36 1.902522087097168
      vertex -11 -36 0
      vertex -5.039992332458496 -36 1.8579254150390625
    endloop
  endfacet
  facet normal 0 -1 0
    outer loop
      vertex -4.59999942779541 -36 1.7999992370605469
      vertex -11 -36 0
      vertex 1.5 -36 1.7999992370605469
    endloop
  endfacet
  facet normal 0 -1 0
    outer loop
      vertex -4.748164176940918 -36 1.8064689636230469
      vertex -11 -36 0
      vertex -4.59999942779541 -36 1.7999992370605469
    endloop
  endfacet
  facet normal 0 -1 0
    outer loop
      vertex -4.895201683044434 -36 1.825826644897461
      vertex -11 -36 0
      vertex -4.748164176940918 -36 1.8064689636230469
    endloop
  endfacet
  facet normal 0 -1 0
    outer loop
      vertex -5.039992332458496 -36 1.8579254150390625
      vertex -11 -36 0
      vertex -4.895201683044434 -36 1.825826644897461
    endloop
  endfacet
  facet normal 0 -1 0
    outer loop
      vertex -4.59999942779541 -36 5.199999809265137
      vertex -4.59999942779541 -36 7
      vertex -4.9050445556640625 -36 6.98668098449707
    endloop
  endfacet
  facet normal 0 -1 0
    outer loop
      vertex -4.59999942779541 -36 7
      vertex -4.59999942779541 -36 5.199999809265137
      vertex 1.5 -36 7
    endloop
  endfacet
  facet normal 0 -1 0
    outer loop
      vertex -4.748164176940918 -36 5.193530082702637
      vertex -4.9050445556640625 -36 6.98668098449707
      vertex -5.207768440246582 -36 6.946826934814453
    endloop
  endfacet
  facet normal 0 -1 0
    outer loop
      vertex 1.5 -36 5.199999809265137
      vertex 1.5 -36 7
      vertex -4.59999942779541 -36 5.199999809265137
    endloop
  endfacet
  facet normal 0 -1 0
    outer loop
      vertex -4.895201683044434 -36 5.174172401428223
      vertex -5.207768440246582 -36 6.946826934814453
      vertex -5.505866050720215 -36 6.880740165710449
    endloop
  endfacet
  facet normal 0 -1 0
    outer loop
      vertex 1.5 -36 7
      vertex 1.5 -36 5.199999809265137
      vertex 1.805044174194336 -36 6.98668098449707
    endloop
  endfacet
  facet normal 0 -1 0
    outer loop
      vertex -5.039992332458496 -36 5.142073631286621
      vertex -5.505866050720215 -36 6.880740165710449
      vertex -5.797069549560547 -36 6.788923263549805
    endloop
  endfacet
  facet normal 0 -1 0
    outer loop
      vertex 1.6481647491455078 -36 5.193530082702637
      vertex 1.805044174194336 -36 6.98668098449707
      vertex 1.5 -36 5.199999809265137
    endloop
  endfacet
  facet normal 0 -1 0
    outer loop
      vertex -5.18143367767334 -36 5.097476959228516
      vertex -5.797069549560547 -36 6.788923263549805
      vertex -6.079163551330566 -36 6.672077178955078
    endloop
  endfacet
  facet normal 0 -1 0
    outer loop
      vertex 1.805044174194336 -36 6.98668098449707
      vertex 1.6481647491455078 -36 5.193530082702637
      vertex 2.1077680587768555 -36 6.946826934814453
    endloop
  endfacet
  facet normal 0 -1 0
    outer loop
      vertex -5.318450927734375 -36 5.040722846984863
      vertex -6.079163551330566 -36 6.672077178955078
      vertex -6.34999942779541 -36 6.531088829040527
    endloop
  endfacet
  facet normal 0 -1 0
    outer loop
      vertex 1.795201301574707 -36 5.174172401428223
      vertex 2.1077680587768555 -36 6.946826934814453
      vertex 1.6481647491455078 -36 5.193530082702637
    endloop
  endfacet
  facet normal 0 -1 0
    outer loop
      vertex -5.449999809265137 -36 4.97224235534668
      vertex -6.34999942779541 -36 6.531088829040527
      vertex -6.607517242431641 -36 6.367032051086426
    endloop
  endfacet
  facet normal 0 -1 0
    outer loop
      vertex 2.1077680587768555 -36 6.946826934814453
      vertex 1.795201301574707 -36 5.174172401428223
      vertex 2.4058666229248047 -36 6.880740165710449
    endloop
  endfacet
  facet normal 0 -1 0
    outer loop
      vertex -5.575079917907715 -36 4.8925580978393555
      vertex -6.607517242431641 -36 6.367032051086426
      vertex -6.849756240844727 -36 6.181155204772949
    endloop
  endfacet
  facet normal 0 -1 0
    outer loop
      vertex 1.9399919509887695 -36 5.142073631286621
      vertex 2.4058666229248047 -36 6.880740165710449
      vertex 1.795201301574707 -36 5.174172401428223
    endloop
  endfacet
  facet normal 0 -1 0
    outer loop
      vertex -5.6927385330200195 -36 4.802274703979492
      vertex -6.849756240844727 -36 6.181155204772949
      vertex -7.074872970581055 -36 5.9748735427856445
    endloop
  endfacet
  facet normal 0 -1 0
    outer loop
      vertex 2.4058666229248047 -36 6.880740165710449
      vertex 1.9399919509887695 -36 5.142073631286621
      vertex 2.6970701217651367 -36 6.788923263549805
    endloop
  endfacet
  facet normal 0 -1 0
    outer loop
      vertex -5.802081108093262 -36 4.702080726623535
      vertex -7.074872970581055 -36 5.9748735427856445
      vertex -7.281154632568359 -36 5.749755859375
    endloop
  endfacet
  facet normal 0 -1 0
    outer loop
      vertex 2.0814332962036133 -36 5.097476959228516
      vertex 2.6970701217651367 -36 6.788923263549805
      vertex 1.9399919509887695 -36 5.142073631286621
    endloop
  endfacet
  facet normal 0 -1 0
    outer loop
      vertex -5.902275085449219 -36 4.592738151550293
      vertex -7.281154632568359 -36 5.749755859375
      vertex -7.467031478881836 -36 5.507516860961914
    endloop
  endfacet
  facet normal 0 -1 0
    outer loop
      vertex 2.6970701217651367 -36 6.788923263549805
      vertex 2.0814332962036133 -36 5.097476959228516
      vertex 2.97916316986084 -36 6.672077178955078
    endloop
  endfacet
  facet normal 0 -1 0
    outer loop
      vertex -5.992557525634766 -36 4.475079536437988
      vertex -7.467031478881836 -36 5.507516860961914
      vertex -7.6310882568359375 -36 5.25
    endloop
  endfacet
  facet normal 0 -1 0
    outer loop
      vertex 2.2184505462646484 -36 5.040722846984863
      vertex 2.97916316986084 -36 6.672077178955078
      vertex 2.0814332962036133 -36 5.097476959228516
    endloop
  endfacet
  facet normal 0 -1 0
    outer loop
      vertex 2.97916316986084 -36 6.672077178955078
      vertex 2.2184505462646484 -36 5.040722846984863
      vertex 3.25 -36 6.531088829040527
    endloop
  endfacet
  facet normal 0 -1 0
    outer loop
      vertex -4.9050445556640625 -36 6.98668098449707
      vertex -4.748164176940918 -36 5.193530082702637
      vertex -4.59999942779541 -36 5.199999809265137
    endloop
  endfacet
  facet normal 0 -1 0
    outer loop
      vertex -5.207768440246582 -36 6.946826934814453
      vertex -4.895201683044434 -36 5.174172401428223
      vertex -4.748164176940918 -36 5.193530082702637
    endloop
  endfacet
  facet normal 0 -1 0
    outer loop
      vertex -5.505866050720215 -36 6.880740165710449
      vertex -5.039992332458496 -36 5.142073631286621
      vertex -4.895201683044434 -36 5.174172401428223
    endloop
  endfacet
  facet normal 0 -1 0
    outer loop
      vertex -5.797069549560547 -36 6.788923263549805
      vertex -5.18143367767334 -36 5.097476959228516
      vertex -5.039992332458496 -36 5.142073631286621
    endloop
  endfacet
  facet normal 0 -1 0
    outer loop
      vertex -6.079163551330566 -36 6.672077178955078
      vertex -5.318450927734375 -36 5.040722846984863
      vertex -5.18143367767334 -36 5.097476959228516
    endloop
  endfacet
  facet normal 0 -1 0
    outer loop
      vertex -6.072242736816406 -36 4.34999942779541
      vertex -7.6310882568359375 -36 5.25
      vertex -7.772076606750488 -36 4.97916316986084
    endloop
  endfacet
  facet normal 0 -1 0
    outer loop
      vertex -6.34999942779541 -36 6.531088829040527
      vertex -5.449999809265137 -36 4.97224235534668
      vertex -5.318450927734375 -36 5.040722846984863
    endloop
  endfacet
  facet normal 0 -1 0
    outer loop
      vertex -6.607517242431641 -36 6.367032051086426
      vertex -5.575079917907715 -36 4.8925580978393555
      vertex -5.449999809265137 -36 4.97224235534668
    endloop
  endfacet
  facet normal 0 -1 0
    outer loop
      vertex -6.849756240844727 -36 6.181155204772949
      vertex -5.6927385330200195 -36 4.802274703979492
      vertex -5.575079917907715 -36 4.8925580978393555
    endloop
  endfacet
  facet normal 0 -1 0
    outer loop
      vertex -7.074872970581055 -36 5.9748735427856445
      vertex -5.802081108093262 -36 4.702080726623535
      vertex -5.6927385330200195 -36 4.802274703979492
    endloop
  endfacet
  facet normal 0 -1 0
    outer loop
      vertex -6.14072322845459 -36 4.218450546264648
      vertex -7.772076606750488 -36 4.97916316986084
      vertex -7.888923645019531 -36 4.697070121765137
    endloop
  endfacet
  facet normal 0 -1 0
    outer loop
      vertex -7.281154632568359 -36 5.749755859375
      vertex -5.902275085449219 -36 4.592738151550293
      vertex -5.802081108093262 -36 4.702080726623535
    endloop
  endfacet
  facet normal 0 -1 0
    outer loop
      vertex -7.467031478881836 -36 5.507516860961914
      vertex -5.992557525634766 -36 4.475079536437988
      vertex -5.902275085449219 -36 4.592738151550293
    endloop
  endfacet
  facet normal 0 -1 0
    outer loop
      vertex -6.197477340698242 -36 4.081433296203613
      vertex -7.888923645019531 -36 4.697070121765137
      vertex -7.980739593505859 -36 4.405866622924805
    endloop
  endfacet
  facet normal 0 -1 0
    outer loop
      vertex -7.6310882568359375 -36 5.25
      vertex -6.072242736816406 -36 4.34999942779541
      vertex -5.992557525634766 -36 4.475079536437988
    endloop
  endfacet
  facet normal 0 -1 0
    outer loop
      vertex -7.772076606750488 -36 4.97916316986084
      vertex -6.14072322845459 -36 4.218450546264648
      vertex -6.072242736816406 -36 4.34999942779541
    endloop
  endfacet
  facet normal 0 -1 0
    outer loop
      vertex -6.242073059082031 -36 3.9399919509887695
      vertex -7.980739593505859 -36 4.405866622924805
      vertex -8.046826362609863 -36 4.1077680587768555
    endloop
  endfacet
  facet normal 0 -1 0
    outer loop
      vertex -7.888923645019531 -36 4.697070121765137
      vertex -6.197477340698242 -36 4.081433296203613
      vertex -6.14072322845459 -36 4.218450546264648
    endloop
  endfacet
  facet normal 0 -1 0
    outer loop
      vertex -7.980739593505859 -36 4.405866622924805
      vertex -6.242073059082031 -36 3.9399919509887695
      vertex -6.197477340698242 -36 4.081433296203613
    endloop
  endfacet
  facet normal 0 -1 0
    outer loop
      vertex -6.274172782897949 -36 3.795201301574707
      vertex -8.046826362609863 -36 4.1077680587768555
      vertex -8.086681365966797 -36 3.805044174194336
    endloop
  endfacet
  facet normal 0 -1 0
    outer loop
      vertex -8.046826362609863 -36 4.1077680587768555
      vertex -6.274172782897949 -36 3.795201301574707
      vertex -6.242073059082031 -36 3.9399919509887695
    endloop
  endfacet
  facet normal 0 -1 0
    outer loop
      vertex -8.086681365966797 -36 3.805044174194336
      vertex -6.293530464172363 -36 3.648164749145508
      vertex -6.274172782897949 -36 3.795201301574707
    endloop
  endfacet
  facet normal 0 -1 0
    outer loop
      vertex -8.09999942779541 -36 3.5
      vertex -6.293530464172363 -36 3.648164749145508
      vertex -8.086681365966797 -36 3.805044174194336
    endloop
  endfacet
  facet normal 0 -1 0
    outer loop
      vertex -8.09999942779541 -36 3.5
      vertex -6.299999237060547 -36 3.5
      vertex -6.293530464172363 -36 3.648164749145508
    endloop
  endfacet
  facet normal 0 -1 0
    outer loop
      vertex -8.09999942779541 -36 3.5
      vertex -6.293530464172363 -36 3.351834297180176
      vertex -6.299999237060547 -36 3.5
    endloop
  endfacet
  facet normal 0 -1 0
    outer loop
      vertex -8.09999942779541 -36 3
      vertex -6.293530464172363 -36 3.351834297180176
      vertex -8.09999942779541 -36 3.5
    endloop
  endfacet
  facet normal 0 -1 0
    outer loop
      vertex -6.293530464172363 -36 3.351834297180176
      vertex -8.09999942779541 -36 3
      vertex -6.274172782897949 -36 3.2047977447509766
    endloop
  endfacet
  facet normal 0 -1 0
    outer loop
      vertex -6.274172782897949 -36 3.2047977447509766
      vertex -8.09999942779541 -36 3
      vertex -6.242073059082031 -36 3.060007095336914
    endloop
  endfacet
  facet normal 0 -1 0
    outer loop
      vertex -6.242073059082031 -36 3.060007095336914
      vertex -8.09999942779541 -36 3
      vertex -6.197477340698242 -36 2.9185657501220703
    endloop
  endfacet
  facet normal 0 -1 0
    outer loop
      vertex 2.34999942779541 -36 4.97224235534668
      vertex 3.25 -36 6.531088829040527
      vertex 2.2184505462646484 -36 5.040722846984863
    endloop
  endfacet
  facet normal 0 -1 0
    outer loop
      vertex 3.25 -36 6.531088829040527
      vertex 2.34999942779541 -36 4.97224235534668
      vertex 3.507516860961914 -36 6.367032051086426
    endloop
  endfacet
  facet normal 0 -1 0
    outer loop
      vertex 2.4750795364379883 -36 4.8925580978393555
      vertex 3.507516860961914 -36 6.367032051086426
      vertex 2.34999942779541 -36 4.97224235534668
    endloop
  endfacet
  facet normal 0 -1 0
    outer loop
      vertex 3.507516860961914 -36 6.367032051086426
      vertex 2.4750795364379883 -36 4.8925580978393555
      vertex 3.749755859375 -36 6.181155204772949
    endloop
  endfacet
  facet normal 0 -1 0
    outer loop
      vertex 2.592738151550293 -36 4.802274703979492
      vertex 3.749755859375 -36 6.181155204772949
      vertex 2.4750795364379883 -36 4.8925580978393555
    endloop
  endfacet
  facet normal 0 -1 0
    outer loop
      vertex 3.749755859375 -36 6.181155204772949
      vertex 2.592738151550293 -36 4.802274703979492
      vertex 3.9748735427856445 -36 5.9748735427856445
    endloop
  endfacet
  facet normal 0 -1 0
    outer loop
      vertex 2.702080726623535 -36 4.702080726623535
      vertex 3.9748735427856445 -36 5.9748735427856445
      vertex 2.592738151550293 -36 4.802274703979492
    endloop
  endfacet
  facet normal 0 -1 0
    outer loop
      vertex 3.9748735427856445 -36 5.9748735427856445
      vertex 2.702080726623535 -36 4.702080726623535
      vertex 4.181155204772949 -36 5.749755859375
    endloop
  endfacet
  facet normal 0 -1 0
    outer loop
      vertex 2.802274703979492 -36 4.592738151550293
      vertex 4.181155204772949 -36 5.749755859375
      vertex 2.702080726623535 -36 4.702080726623535
    endloop
  endfacet
  facet normal 0 -1 0
    outer loop
      vertex 4.181155204772949 -36 5.749755859375
      vertex 2.802274703979492 -36 4.592738151550293
      vertex 4.367032051086426 -36 5.507516860961914
    endloop
  endfacet
  facet normal 0 -1 0
    outer loop
      vertex 2.8925580978393555 -36 4.475079536437988
      vertex 4.367032051086426 -36 5.507516860961914
      vertex 2.802274703979492 -36 4.592738151550293
    endloop
  endfacet
  facet normal 0 -1 0
    outer loop
      vertex 4.367032051086426 -36 5.507516860961914
      vertex 2.8925580978393555 -36 4.475079536437988
      vertex 4.531088829040527 -36 5.25
    endloop
  endfacet
  facet normal 0 -1 0
    outer loop
      vertex 2.9722423553466797 -36 4.34999942779541
      vertex 4.531088829040527 -36 5.25
      vertex 2.8925580978393555 -36 4.475079536437988
    endloop
  endfacet
  facet normal 0 -1 0
    outer loop
      vertex 4.531088829040527 -36 5.25
      vertex 2.9722423553466797 -36 4.34999942779541
      vertex 4.672077178955078 -36 4.97916316986084
    endloop
  endfacet
  facet normal 0 -1 0
    outer loop
      vertex 3.0407228469848633 -36 4.218450546264648
      vertex 4.672077178955078 -36 4.97916316986084
      vertex 2.9722423553466797 -36 4.34999942779541
    endloop
  endfacet
  facet normal 0 -1 0
    outer loop
      vertex 4.672077178955078 -36 4.97916316986084
      vertex 3.0407228469848633 -36 4.218450546264648
      vertex 4.788923263549805 -36 4.697070121765137
    endloop
  endfacet
  facet normal 0 -1 0
    outer loop
      vertex 3.0974769592285156 -36 4.081433296203613
      vertex 4.788923263549805 -36 4.697070121765137
      vertex 3.0407228469848633 -36 4.218450546264648
    endloop
  endfacet
  facet normal 0 -1 0
    outer loop
      vertex 4.788923263549805 -36 4.697070121765137
      vertex 3.0974769592285156 -36 4.081433296203613
      vertex 4.880740165710449 -36 4.405866622924805
    endloop
  endfacet
  facet normal 0 -1 0
    outer loop
      vertex 3.142073631286621 -36 3.9399919509887695
      vertex 4.880740165710449 -36 4.405866622924805
      vertex 3.0974769592285156 -36 4.081433296203613
    endloop
  endfacet
  facet normal 0 -1 0
    outer loop
      vertex 4.880740165710449 -36 4.405866622924805
      vertex 3.142073631286621 -36 3.9399919509887695
      vertex 4.946826934814453 -36 4.1077680587768555
    endloop
  endfacet
  facet normal 0 -1 0
    outer loop
      vertex 3.1741724014282227 -36 3.795201301574707
      vertex 4.946826934814453 -36 4.1077680587768555
      vertex 3.142073631286621 -36 3.9399919509887695
    endloop
  endfacet
  facet normal 0 -1 0
    outer loop
      vertex 4.946826934814453 -36 4.1077680587768555
      vertex 3.1741724014282227 -36 3.795201301574707
      vertex 4.98668098449707 -36 3.805044174194336
    endloop
  endfacet
  facet normal 0 -1 0
    outer loop
      vertex 3.1935300827026367 -36 3.648164749145508
      vertex 4.98668098449707 -36 3.805044174194336
      vertex 3.1741724014282227 -36 3.795201301574707
    endloop
  endfacet
  facet normal 0 -1 0
    outer loop
      vertex 3.1999998092651367 -36 3.5
      vertex 4.98668098449707 -36 3.805044174194336
      vertex 3.1935300827026367 -36 3.648164749145508
    endloop
  endfacet
  facet normal 0 -1 0
    outer loop
      vertex 3.1999998092651367 -36 3.5
      vertex 5 -36 3.5
      vertex 4.98668098449707 -36 3.805044174194336
    endloop
  endfacet
  facet normal 0 -1 0
    outer loop
      vertex 3.1935300827026367 -36 3.351834297180176
      vertex 5 -36 3.5
      vertex 3.1999998092651367 -36 3.5
    endloop
  endfacet
  facet normal 0 -1 0
    outer loop
      vertex 5 -36 3
      vertex 3.1935300827026367 -36 3.351834297180176
      vertex 3.1741724014282227 -36 3.2047977447509766
    endloop
  endfacet
  facet normal 0 -1 0
    outer loop
      vertex 5 -36 3
      vertex 3.1741724014282227 -36 3.2047977447509766
      vertex 3.142073631286621 -36 3.060007095336914
    endloop
  endfacet
  facet normal 0 -1 0
    outer loop
      vertex 3.1935300827026367 -36 3.351834297180176
      vertex 5 -36 3
      vertex 5 -36 3.5
    endloop
  endfacet
  facet normal 0 -1 0
    outer loop
      vertex 3.0974769592285156 -36 2.9185657501220703
      vertex 5 -36 3
      vertex 3.142073631286621 -36 3.060007095336914
    endloop
  endfacet
  facet normal 0 -1 0
    outer loop
      vertex 3.0407228469848633 -36 2.781548500061035
      vertex 5 -36 3
      vertex 3.0974769592285156 -36 2.9185657501220703
    endloop
  endfacet
  facet normal 0 -1 0
    outer loop
      vertex 2.9722423553466797 -36 2.6499996185302734
      vertex 5 -36 3
      vertex 3.0407228469848633 -36 2.781548500061035
    endloop
  endfacet
  facet normal 0 -1 0
    outer loop
      vertex 2.8925580978393555 -36 2.5249195098876953
      vertex 5 -36 3
      vertex 2.9722423553466797 -36 2.6499996185302734
    endloop
  endfacet
  facet normal 0 -1 0
    outer loop
      vertex 2.802274703979492 -36 2.4072608947753906
      vertex 5 -36 3
      vertex 2.8925580978393555 -36 2.5249195098876953
    endloop
  endfacet
  facet normal 0 -1 0
    outer loop
      vertex 2.702080726623535 -36 2.2979183197021484
      vertex 5 -36 3
      vertex 2.802274703979492 -36 2.4072608947753906
    endloop
  endfacet
  facet normal 0 -1 0
    outer loop
      vertex 2.592738151550293 -36 2.1977243423461914
      vertex 5 -36 3
      vertex 2.702080726623535 -36 2.2979183197021484
    endloop
  endfacet
  facet normal 0 -1 0
    outer loop
      vertex 5 -36 3
      vertex 2.592738151550293 -36 2.1977243423461914
      vertex 9 -36 0
    endloop
  endfacet
  facet normal 0 -1 0
    outer loop
      vertex 9 -36 0
      vertex 2.592738151550293 -36 2.1977243423461914
      vertex 2.4750795364379883 -36 2.107440948486328
    endloop
  endfacet
  facet normal 0 -1 0
    outer loop
      vertex 9 -36 0
      vertex 2.4750795364379883 -36 2.107440948486328
      vertex 2.34999942779541 -36 2.027756690979004
    endloop
  endfacet
  facet normal 0 -1 0
    outer loop
      vertex 9 -36 0
      vertex 2.34999942779541 -36 2.027756690979004
      vertex 2.2184505462646484 -36 1.9592761993408203
    endloop
  endfacet
  facet normal 0 -1 0
    outer loop
      vertex 9 -36 0
      vertex 2.2184505462646484 -36 1.9592761993408203
      vertex 2.0814332962036133 -36 1.902522087097168
    endloop
  endfacet
  facet normal 0 -1 0
    outer loop
      vertex 9 -36 0
      vertex 2.0814332962036133 -36 1.902522087097168
      vertex 1.9399919509887695 -36 1.8579254150390625
    endloop
  endfacet
  facet normal 0 -1 0
    outer loop
      vertex 9 -36 0
      vertex 1.9399919509887695 -36 1.8579254150390625
      vertex 1.795201301574707 -36 1.825826644897461
    endloop
  endfacet
  facet normal 0 -1 0
    outer loop
      vertex 9 -36 0
      vertex 1.5 -36 1.7999992370605469
      vertex -11 -36 0
    endloop
  endfacet
  facet normal 0 -1 0
    outer loop
      vertex 1.5 -36 1.7999992370605469
      vertex 9 -36 0
      vertex 1.6481647491455078 -36 1.8064689636230469
    endloop
  endfacet
  facet normal 0 -1 0
    outer loop
      vertex 5 -36 3
      vertex 9 -36 0
      vertex 9 -36 3
    endloop
  endfacet
  facet normal 0 -1 0
    outer loop
      vertex 1.6481647491455078 -36 1.8064689636230469
      vertex 9 -36 0
      vertex 1.795201301574707 -36 1.825826644897461
    endloop
  endfacet
  facet normal 0.2164393282783352 0 0.9762960704491354
    outer loop
      vertex 2.1077680587768555 -29 6.946826934814453
      vertex 2.4058666229248047 -36 6.880740165710449
      vertex 2.4058666229248047 -29 6.880740165710449
    endloop
  endfacet
  facet normal 0.2164393282783352 0 0.9762960704491354
    outer loop
      vertex 2.4058666229248047 -36 6.880740165710449
      vertex 2.1077680587768555 -29 6.946826934814453
      vertex 2.1077680587768555 -36 6.946826934814453
    endloop
  endfacet
  facet normal 0.9990481503297851 0 0.043621019275518126
    outer loop
      vertex 4.98668098449707 -36 3.805044174194336
      vertex 5 -29 3.5
      vertex 4.98668098449707 -29 3.805044174194336
    endloop
  endfacet
  facet normal 0.9990481503297851 0 0.043621019275518126
    outer loop
      vertex 5 -29 3.5
      vertex 4.98668098449707 -36 3.805044174194336
      vertex 5 -36 3.5
    endloop
  endfacet
  facet normal -0.9990482864399441 0 0.0436179018455891
    outer loop
      vertex -8.09999942779541 -36 3.5
      vertex -8.086681365966797 -29 3.805044174194336
      vertex -8.09999942779541 -29 3.5
    endloop
  endfacet
  facet normal -0.9990482864399441 0 0.0436179018455891
    outer loop
      vertex -8.086681365966797 -29 3.805044174194336
      vertex -8.09999942779541 -36 3.5
      vertex -8.086681365966797 -36 3.805044174194336
    endloop
  endfacet
  facet normal 0.9238803219529402 0 0.3826815264787831
    outer loop
      vertex 4.672077178955078 -36 4.97916316986084
      vertex 4.788923263549805 -29 4.697070121765137
      vertex 4.672077178955078 -29 4.97916316986084
    endloop
  endfacet
  facet normal 0.9238803219529402 0 0.3826815264787831
    outer loop
      vertex 4.788923263549805 -29 4.697070121765137
      vertex 4.672077178955078 -36 4.97916316986084
      vertex 4.788923263549805 -36 4.697070121765137
    endloop
  endfacet
  facet normal -0.9762960704491354 0 0.2164393282783352
    outer loop
      vertex -8.046826362609863 -36 4.1077680587768555
      vertex -7.980739593505859 -29 4.405866622924805
      vertex -8.046826362609863 -29 4.1077680587768555
    endloop
  endfacet
  facet normal -0.9762960704491354 0 0.2164393282783352
    outer loop
      vertex -7.980739593505859 -29 4.405866622924805
      vertex -8.046826362609863 -36 4.1077680587768555
      vertex -7.980739593505859 -36 4.405866622924805
    endloop
  endfacet
  facet normal -0.9238792176769527 0 0.38268419244152485
    outer loop
      vertex -7.888923645019531 -36 4.697070121765137
      vertex -7.772076606750488 -29 4.97916316986084
      vertex -7.888923645019531 -29 4.697070121765137
    endloop
  endfacet
  facet normal -0.9238792176769527 0 0.38268419244152485
    outer loop
      vertex -7.772076606750488 -29 4.97916316986084
      vertex -7.888923645019531 -36 4.697070121765137
      vertex -7.772076606750488 -36 4.97916316986084
    endloop
  endfacet
  facet normal -0.8870113428154353 0 0.4617476342297363
    outer loop
      vertex -7.772076606750488 -36 4.97916316986084
      vertex -7.6310882568359375 -29 5.25
      vertex -7.772076606750488 -29 4.97916316986084
    endloop
  endfacet
  facet normal -0.8870113428154353 0 0.4617476342297363
    outer loop
      vertex -7.6310882568359375 -29 5.25
      vertex -7.772076606750488 -36 4.97916316986084
      vertex -7.6310882568359375 -36 5.25
    endloop
  endfacet
  facet normal -1 0 0
    outer loop
      vertex -8.09999942779541 -36 3
      vertex -8.09999942779541 -29 3.5
      vertex -8.09999942779541 -29 3
    endloop
  endfacet
  facet normal -1 0 0
    outer loop
      vertex -8.09999942779541 -29 3.5
      vertex -8.09999942779541 -36 3
      vertex -8.09999942779541 -36 3.5
    endloop
  endfacet
  facet normal 1 0 0
    outer loop
      vertex 5 -36 3.5
      vertex 5 -29 3
      vertex 5 -29 3.5
    endloop
  endfacet
  facet normal 1 0 0
    outer loop
      vertex 5 -29 3
      vertex 5 -36 3.5
      vertex 5 -36 3
    endloop
  endfacet
  facet normal -0.6087620995512929 0 0.7933528257653726
    outer loop
      vertex -6.849756240844727 -29 6.181155204772949
      vertex -6.607517242431641 -36 6.367032051086426
      vertex -6.607517242431641 -29 6.367032051086426
    endloop
  endfacet
  facet normal -0.6087620995512929 0 0.7933528257653726
    outer loop
      vertex -6.607517242431641 -36 6.367032051086426
      vertex -6.849756240844727 -29 6.181155204772949
      vertex -6.849756240844727 -36 6.181155204772949
    endloop
  endfacet
  facet normal -0.8433907865978388 0 0.5373006431057743
    outer loop
      vertex -7.6310882568359375 -36 5.25
      vertex -7.467031478881836 -29 5.507516860961914
      vertex -7.6310882568359375 -29 5.25
    endloop
  endfacet
  facet normal -0.8433907865978388 0 0.5373006431057743
    outer loop
      vertex -7.467031478881836 -29 5.507516860961914
      vertex -7.6310882568359375 -36 5.25
      vertex -7.467031478881836 -36 5.507516860961914
    endloop
  endfacet
  facet normal 0 0 1
    outer loop
      vertex -4.59999942779541 -29 7
      vertex 1.5 -36 7
      vertex 1.5 -29 7
    endloop
  endfacet
  facet normal 0 0 1
    outer loop
      vertex 1.5 -36 7
      vertex -4.59999942779541 -29 7
      vertex -4.59999942779541 -36 7
    endloop
  endfacet
  facet normal -0.04362088316093819 0 0.9990481562728893
    outer loop
      vertex -4.9050445556640625 -29 6.98668098449707
      vertex -4.59999942779541 -36 7
      vertex -4.59999942779541 -29 7
    endloop
  endfacet
  facet normal -0.04362088316093819 0 0.9990481562728893
    outer loop
      vertex -4.59999942779541 -36 7
      vertex -4.9050445556640625 -29 6.98668098449707
      vertex -4.9050445556640625 -36 6.98668098449707
    endloop
  endfacet
  facet normal -0.9537171029221039 0 0.30070531686997004
    outer loop
      vertex -7.980739593505859 -36 4.405866622924805
      vertex -7.888923645019531 -29 4.697070121765137
      vertex -7.980739593505859 -29 4.405866622924805
    endloop
  endfacet
  facet normal -0.9537171029221039 0 0.30070531686997004
    outer loop
      vertex -7.888923645019531 -29 4.697070121765137
      vertex -7.980739593505859 -36 4.405866622924805
      vertex -7.888923645019531 -36 4.697070121765137
    endloop
  endfacet
  facet normal -0.9914445867862455 0 0.13052827790272467
    outer loop
      vertex -8.086681365966797 -36 3.805044174194336
      vertex -8.046826362609863 -29 4.1077680587768555
      vertex -8.086681365966797 -29 3.805044174194336
    endloop
  endfacet
  facet normal -0.9914445867862455 0 0.13052827790272467
    outer loop
      vertex -8.046826362609863 -29 4.1077680587768555
      vertex -8.086681365966797 -36 3.805044174194336
      vertex -8.046826362609863 -36 4.1077680587768555
    endloop
  endfacet
  facet normal 0.1305252077569113 0 0.9914449909803443
    outer loop
      vertex 1.805044174194336 -29 6.98668098449707
      vertex 2.1077680587768555 -36 6.946826934814453
      vertex 2.1077680587768555 -29 6.946826934814453
    endloop
  endfacet
  facet normal 0.1305252077569113 0 0.9914449909803443
    outer loop
      vertex 2.1077680587768555 -36 6.946826934814453
      vertex 1.805044174194336 -29 6.98668098449707
      vertex 1.805044174194336 -36 6.98668098449707
    endloop
  endfacet
  facet normal 0.4617476342297363 0 0.8870113428154353
    outer loop
      vertex 2.97916316986084 -29 6.672077178955078
      vertex 3.25 -36 6.531088829040527
      vertex 3.25 -29 6.531088829040527
    endloop
  endfacet
  facet normal 0.4617476342297363 0 0.8870113428154353
    outer loop
      vertex 3.25 -36 6.531088829040527
      vertex 2.97916316986084 -29 6.672077178955078
      vertex 2.97916316986084 -36 6.672077178955078
    endloop
  endfacet
  facet normal -0.6755905364965394 0 0.737277035446187
    outer loop
      vertex -7.074872970581055 -29 5.9748735427856445
      vertex -6.849756240844727 -36 6.181155204772949
      vertex -6.849756240844727 -29 6.181155204772949
    endloop
  endfacet
  facet normal -0.6755905364965394 0 0.737277035446187
    outer loop
      vertex -6.849756240844727 -36 6.181155204772949
      vertex -7.074872970581055 -29 5.9748735427856445
      vertex -7.074872970581055 -36 5.9748735427856445
    endloop
  endfacet
  facet normal 0.9762960704491354 0 0.2164393282783352
    outer loop
      vertex 4.880740165710449 -36 4.405866622924805
      vertex 4.946826934814453 -29 4.1077680587768555
      vertex 4.880740165710449 -29 4.405866622924805
    endloop
  endfacet
  facet normal 0.9762960704491354 0 0.2164393282783352
    outer loop
      vertex 4.946826934814453 -29 4.1077680587768555
      vertex 4.880740165710449 -36 4.405866622924805
      vertex 4.946826934814453 -36 4.1077680587768555
    endloop
  endfacet
  facet normal 0.3826815264787831 0 0.9238803219529402
    outer loop
      vertex 2.6970701217651367 -29 6.788923263549805
      vertex 2.97916316986084 -36 6.672077178955078
      vertex 2.97916316986084 -29 6.672077178955078
    endloop
  endfacet
  facet normal 0.3826815264787831 0 0.9238803219529402
    outer loop
      vertex 2.97916316986084 -36 6.672077178955078
      vertex 2.6970701217651367 -29 6.788923263549805
      vertex 2.6970701217651367 -36 6.788923263549805
    endloop
  endfacet
  facet normal 0.7933528257653726 0 0.6087620995512929
    outer loop
      vertex 4.181155204772949 -36 5.749755859375
      vertex 4.367032051086426 -29 5.507516860961914
      vertex 4.181155204772949 -29 5.749755859375
    endloop
  endfacet
  facet normal 0.7933528257653726 0 0.6087620995512929
    outer loop
      vertex 4.367032051086426 -29 5.507516860961914
      vertex 4.181155204772949 -36 5.749755859375
      vertex 4.367032051086426 -36 5.507516860961914
    endloop
  endfacet
  facet normal -0.7933528257653726 0 0.6087620995512929
    outer loop
      vertex -7.467031478881836 -36 5.507516860961914
      vertex -7.281154632568359 -29 5.749755859375
      vertex -7.467031478881836 -29 5.507516860961914
    endloop
  endfacet
  facet normal -0.7933528257653726 0 0.6087620995512929
    outer loop
      vertex -7.281154632568359 -29 5.749755859375
      vertex -7.467031478881836 -36 5.507516860961914
      vertex -7.281154632568359 -36 5.749755859375
    endloop
  endfacet
  facet normal -0.7372784610164815 0 0.675588980757656
    outer loop
      vertex -7.281154632568359 -36 5.749755859375
      vertex -7.074872970581055 -29 5.9748735427856445
      vertex -7.281154632568359 -29 5.749755859375
    endloop
  endfacet
  facet normal -0.7372784610164815 0 0.675588980757656
    outer loop
      vertex -7.074872970581055 -29 5.9748735427856445
      vertex -7.281154632568359 -36 5.749755859375
      vertex -7.074872970581055 -36 5.9748735427856445
    endloop
  endfacet
  facet normal -0.537299227740389 0 0.8433916882858057
    outer loop
      vertex -6.607517242431641 -29 6.367032051086426
      vertex -6.34999942779541 -36 6.531088829040527
      vertex -6.34999942779541 -29 6.531088829040527
    endloop
  endfacet
  facet normal -0.537299227740389 0 0.8433916882858057
    outer loop
      vertex -6.34999942779541 -36 6.531088829040527
      vertex -6.607517242431641 -29 6.367032051086426
      vertex -6.607517242431641 -36 6.367032051086426
    endloop
  endfacet
  facet normal 0.7372784610164815 0 0.675588980757656
    outer loop
      vertex 3.9748735427856445 -36 5.9748735427856445
      vertex 4.181155204772949 -29 5.749755859375
      vertex 3.9748735427856445 -29 5.9748735427856445
    endloop
  endfacet
  facet normal 0.7372784610164815 0 0.675588980757656
    outer loop
      vertex 4.181155204772949 -29 5.749755859375
      vertex 3.9748735427856445 -36 5.9748735427856445
      vertex 4.181155204772949 -36 5.749755859375
    endloop
  endfacet
  facet normal 0.9914449909803443 0 0.1305252077569113
    outer loop
      vertex 4.946826934814453 -36 4.1077680587768555
      vertex 4.98668098449707 -29 3.805044174194336
      vertex 4.946826934814453 -29 4.1077680587768555
    endloop
  endfacet
  facet normal 0.9914449909803443 0 0.1305252077569113
    outer loop
      vertex 4.98668098449707 -29 3.805044174194336
      vertex 4.946826934814453 -36 4.1077680587768555
      vertex 4.98668098449707 -36 3.805044174194336
    endloop
  endfacet
  facet normal 0.953716207175046 0 0.30070815780694193
    outer loop
      vertex 4.788923263549805 -36 4.697070121765137
      vertex 4.880740165710449 -29 4.405866622924805
      vertex 4.788923263549805 -29 4.697070121765137
    endloop
  endfacet
  facet normal 0.953716207175046 0 0.30070815780694193
    outer loop
      vertex 4.880740165710449 -29 4.405866622924805
      vertex 4.788923263549805 -36 4.697070121765137
      vertex 4.880740165710449 -36 4.405866622924805
    endloop
  endfacet
  facet normal -0.1305252077569113 0 0.9914449909803443
    outer loop
      vertex -5.207768440246582 -29 6.946826934814453
      vertex -4.9050445556640625 -36 6.98668098449707
      vertex -4.9050445556640625 -29 6.98668098449707
    endloop
  endfacet
  facet normal -0.1305252077569113 0 0.9914449909803443
    outer loop
      vertex -4.9050445556640625 -36 6.98668098449707
      vertex -5.207768440246582 -29 6.946826934814453
      vertex -5.207768440246582 -36 6.946826934814453
    endloop
  endfacet
  facet normal -0.3826804222082353 0 0.9238807793533356
    outer loop
      vertex -6.079163551330566 -29 6.672077178955078
      vertex -5.797069549560547 -36 6.788923263549805
      vertex -5.797069549560547 -29 6.788923263549805
    endloop
  endfacet
  facet normal -0.3826804222082353 0 0.9238807793533356
    outer loop
      vertex -5.797069549560547 -36 6.788923263549805
      vertex -6.079163551330566 -29 6.672077178955078
      vertex -6.079163551330566 -36 6.672077178955078
    endloop
  endfacet
  facet normal 0.043621019275518126 0 0.9990481503297851
    outer loop
      vertex 1.5 -29 7
      vertex 1.805044174194336 -36 6.98668098449707
      vertex 1.805044174194336 -29 6.98668098449707
    endloop
  endfacet
  facet normal 0.043621019275518126 0 0.9990481503297851
    outer loop
      vertex 1.805044174194336 -36 6.98668098449707
      vertex 1.5 -29 7
      vertex 1.5 -36 7
    endloop
  endfacet
  facet normal 0.5373006431057743 0 0.8433907865978388
    outer loop
      vertex 3.25 -29 6.531088829040527
      vertex 3.507516860961914 -36 6.367032051086426
      vertex 3.507516860961914 -29 6.367032051086426
    endloop
  endfacet
  facet normal 0.5373006431057743 0 0.8433907865978388
    outer loop
      vertex 3.507516860961914 -36 6.367032051086426
      vertex 3.25 -29 6.531088829040527
      vertex 3.25 -36 6.531088829040527
    endloop
  endfacet
  facet normal 0.30070815780694193 0 0.953716207175046
    outer loop
      vertex 2.4058666229248047 -29 6.880740165710449
      vertex 2.6970701217651367 -36 6.788923263549805
      vertex 2.6970701217651367 -29 6.788923263549805
    endloop
  endfacet
  facet normal 0.30070815780694193 0 0.953716207175046
    outer loop
      vertex 2.6970701217651367 -36 6.788923263549805
      vertex 2.4058666229248047 -29 6.880740165710449
      vertex 2.4058666229248047 -36 6.880740165710449
    endloop
  endfacet
  facet normal 0.8433907865978388 0 0.5373006431057743
    outer loop
      vertex 4.367032051086426 -36 5.507516860961914
      vertex 4.531088829040527 -29 5.25
      vertex 4.367032051086426 -29 5.507516860961914
    endloop
  endfacet
  facet normal 0.8433907865978388 0 0.5373006431057743
    outer loop
      vertex 4.531088829040527 -29 5.25
      vertex 4.367032051086426 -36 5.507516860961914
      vertex 4.531088829040527 -36 5.25
    endloop
  endfacet
  facet normal 0.6087620995512929 0 0.7933528257653726
    outer loop
      vertex 3.507516860961914 -29 6.367032051086426
      vertex 3.749755859375 -36 6.181155204772949
      vertex 3.749755859375 -29 6.181155204772949
    endloop
  endfacet
  facet normal 0.6087620995512929 0 0.7933528257653726
    outer loop
      vertex 3.749755859375 -36 6.181155204772949
      vertex 3.507516860961914 -29 6.367032051086426
      vertex 3.507516860961914 -36 6.367032051086426
    endloop
  endfacet
  facet normal 0.8870113428154353 0 0.4617476342297363
    outer loop
      vertex 4.531088829040527 -36 5.25
      vertex 4.672077178955078 -29 4.97916316986084
      vertex 4.531088829040527 -29 5.25
    endloop
  endfacet
  facet normal 0.8870113428154353 0 0.4617476342297363
    outer loop
      vertex 4.672077178955078 -29 4.97916316986084
      vertex 4.531088829040527 -36 5.25
      vertex 4.672077178955078 -36 4.97916316986084
    endloop
  endfacet
  facet normal 0.675588980757656 0 0.7372784610164815
    outer loop
      vertex 3.749755859375 -29 6.181155204772949
      vertex 3.9748735427856445 -36 5.9748735427856445
      vertex 3.9748735427856445 -29 5.9748735427856445
    endloop
  endfacet
  facet normal 0.675588980757656 0 0.7372784610164815
    outer loop
      vertex 3.9748735427856445 -36 5.9748735427856445
      vertex 3.749755859375 -29 6.181155204772949
      vertex 3.749755859375 -36 6.181155204772949
    endloop
  endfacet
  facet normal -0.4617489134826967 0 0.8870106768791168
    outer loop
      vertex -6.34999942779541 -29 6.531088829040527
      vertex -6.079163551330566 -36 6.672077178955078
      vertex -6.079163551330566 -29 6.672077178955078
    endloop
  endfacet
  facet normal -0.4617489134826967 0 0.8870106768791168
    outer loop
      vertex -6.079163551330566 -36 6.672077178955078
      vertex -6.34999942779541 -29 6.531088829040527
      vertex -6.34999942779541 -36 6.531088829040527
    endloop
  endfacet
  facet normal -0.30070815780694193 0 0.953716207175046
    outer loop
      vertex -5.797069549560547 -29 6.788923263549805
      vertex -5.505866050720215 -36 6.880740165710449
      vertex -5.505866050720215 -29 6.880740165710449
    endloop
  endfacet
  facet normal -0.30070815780694193 0 0.953716207175046
    outer loop
      vertex -5.505866050720215 -36 6.880740165710449
      vertex -5.797069549560547 -29 6.788923263549805
      vertex -5.797069549560547 -36 6.788923263549805
    endloop
  endfacet
  facet normal -0.2164399882735007 0 0.9762959241316983
    outer loop
      vertex -5.505866050720215 -29 6.880740165710449
      vertex -5.207768440246582 -36 6.946826934814453
      vertex -5.207768440246582 -29 6.946826934814453
    endloop
  endfacet
  facet normal -0.2164399882735007 0 0.9762959241316983
    outer loop
      vertex -5.207768440246582 -36 6.946826934814453
      vertex -5.505866050720215 -29 6.880740165710449
      vertex -5.505866050720215 -36 6.880740165710449
    endloop
  endfacet
  facet normal 0 0 1
    outer loop
      vertex 5 29 3
      vertex 9 36 3
      vertex 5 36 3
    endloop
  endfacet
  facet normal 0 0 1
    outer loop
      vertex 9 36 3
      vertex 5 29 3
      vertex 9 8.5 3
    endloop
  endfacet
  facet normal 0 0 1
    outer loop
      vertex 5 29 3
      vertex -0.5 8.5 3
      vertex 9 8.5 3
    endloop
  endfacet
  facet normal 0 0 1
    outer loop
      vertex -0.5 8.5 3
      vertex -8.09999942779541 29 3
      vertex -0.5 -8.5 3
    endloop
  endfacet
  facet normal 0 0 1
    outer loop
      vertex -8.09999942779541 29 3
      vertex -0.5 8.5 3
      vertex 5 29 3
    endloop
  endfacet
  facet normal 0 0 1
    outer loop
      vertex 9 -8.5 3
      vertex 5 -29 3
      vertex 9 -36 3
    endloop
  endfacet
  facet normal 0 0 1
    outer loop
      vertex -0.5 -8.5 3
      vertex 5 -29 3
      vertex 9 -8.5 3
    endloop
  endfacet
  facet normal 0 0 1
    outer loop
      vertex -0.5 -8.5 3
      vertex -8.09999942779541 -29 3
      vertex 5 -29 3
    endloop
  endfacet
  facet normal 0 0 1
    outer loop
      vertex -8.09999942779541 -29 3
      vertex -0.5 -8.5 3
      vertex -8.09999942779541 29 3
    endloop
  endfacet
  facet normal 0 0 1
    outer loop
      vertex 9 -36 3
      vertex 5 -29 3
      vertex 5 -36 3
    endloop
  endfacet
  facet normal 0 0 1
    outer loop
      vertex -61 15.59999942779541 3
      vertex -45.400001525878906 -15.59999942779541 3
      vertex -45.400001525878906 15.59999942779541 3
    endloop
  endfacet
  facet normal 0 0 1
    outer loop
      vertex -45.400001525878906 -15.59999942779541 3
      vertex -61 15.59999942779541 3
      vertex -61 -15.59999942779541 3
    endloop
  endfacet
  facet normal 0 0 1
    outer loop
      vertex -45.400001525878906 -16.399999618530273 3
      vertex -61 -16.399999618530273 3
      vertex -45.400001525878906 -32 3
    endloop
  endfacet
  facet normal 0 0 1
    outer loop
      vertex -44.599998474121094 15.59999942779541 3
      vertex -29 -15.59999942779541 3
      vertex -29 15.59999942779541 3
    endloop
  endfacet
  facet normal 0 0 1
    outer loop
      vertex -29 -15.59999942779541 3
      vertex -44.599998474121094 15.59999942779541 3
      vertex -44.599998474121094 -15.59999942779541 3
    endloop
  endfacet
  facet normal 0 0 1
    outer loop
      vertex -44.599998474121094 32 3
      vertex -11 36 3
      vertex -11 42 3
    endloop
  endfacet
  facet normal 0 0 1
    outer loop
      vertex -11 36 3
      vertex -29 15.59999942779541 3
      vertex -11 -36 3
    endloop
  endfacet
  facet normal 0 0 1
    outer loop
      vertex -11 36 3
      vertex -29 16.399999618530273 3
      vertex -29 15.59999942779541 3
    endloop
  endfacet
  facet normal 0 0 1
    outer loop
      vertex -11 36 3
      vertex -44.599998474121094 32 3
      vertex -29 16.399999618530273 3
    endloop
  endfacet
  facet normal 0 0 1
    outer loop
      vertex -11 42 3
      vertex -45.400001525878906 32 3
      vertex -44.599998474121094 32 3
    endloop
  endfacet
  facet normal 0 0 1
    outer loop
      vertex -45.400001525878906 32 3
      vertex -61 16.399999618530273 3
      vertex -45.400001525878906 16.399999618530273 3
    endloop
  endfacet
  facet normal 0 0 1
    outer loop
      vertex -92 42 3
      vertex -61 15.59999942779541 3
      vertex -61 16.399999618530273 3
    endloop
  endfacet
  facet normal 0 0 1
    outer loop
      vertex -61 15.59999942779541 3
      vertex -92 42 3
      vertex -61 -15.59999942779541 3
    endloop
  endfacet
  facet normal 0 0 1
    outer loop
      vertex -92 -42 3
      vertex -61 -15.59999942779541 3
      vertex -92 42 3
    endloop
  endfacet
  facet normal 0 0 1
    outer loop
      vertex -45.400001525878906 32 3
      vertex -92 42 3
      vertex -61 16.399999618530273 3
    endloop
  endfacet
  facet normal 0 0 1
    outer loop
      vertex -92 42 3
      vertex -45.400001525878906 32 3
      vertex -11 42 3
    endloop
  endfacet
  facet normal 0 0 1
    outer loop
      vertex -11 36 3
      vertex -8.09999942779541 29 3
      vertex -8.09999942779541 36 3
    endloop
  endfacet
  facet normal 0 0 1
    outer loop
      vertex -8.09999942779541 29 3
      vertex -11 36 3
      vertex -8.09999942779541 -29 3
    endloop
  endfacet
  facet normal 0 0 1
    outer loop
      vertex -11 -36 3
      vertex -8.09999942779541 -29 3
      vertex -11 36 3
    endloop
  endfacet
  facet normal 0 0 1
    outer loop
      vertex -8.09999942779541 -29 3
      vertex -11 -36 3
      vertex -8.09999942779541 -36 3
    endloop
  endfacet
  facet normal 0 0 1
    outer loop
      vertex -29 -15.59999942779541 3
      vertex -11 -36 3
      vertex -29 15.59999942779541 3
    endloop
  endfacet
  facet normal 0 0 1
    outer loop
      vertex -29 -16.399999618530273 3
      vertex -11 -36 3
      vertex -29 -15.59999942779541 3
    endloop
  endfacet
  facet normal 0 0 1
    outer loop
      vertex -44.599998474121094 -32 3
      vertex -11 -36 3
      vertex -29 -16.399999618530273 3
    endloop
  endfacet
  facet normal 0 0 1
    outer loop
      vertex -44.599998474121094 -32 3
      vertex -29 -16.399999618530273 3
      vertex -44.599998474121094 -16.399999618530273 3
    endloop
  endfacet
  facet normal 0 0 1
    outer loop
      vertex -11 -36 3
      vertex -44.599998474121094 -32 3
      vertex -11 -42 3
    endloop
  endfacet
  facet normal 0 0 1
    outer loop
      vertex -45.400001525878906 -32 3
      vertex -11 -42 3
      vertex -44.599998474121094 -32 3
    endloop
  endfacet
  facet normal 0 0 1
    outer loop
      vertex -45.400001525878906 -32 3
      vertex -92 -42 3
      vertex -11 -42 3
    endloop
  endfacet
  facet normal 0 0 1
    outer loop
      vertex -61 -16.399999618530273 3
      vertex -92 -42 3
      vertex -45.400001525878906 -32 3
    endloop
  endfacet
  facet normal 0 0 1
    outer loop
      vertex -61 -15.59999942779541 3
      vertex -92 -42 3
      vertex -61 -16.399999618530273 3
    endloop
  endfacet
  facet normal 0 0 1
    outer loop
      vertex -29 16.399999618530273 3
      vertex -44.599998474121094 32 3
      vertex -44.599998474121094 16.399999618530273 3
    endloop
  endfacet
  facet normal 1 0 0
    outer loop
      vertex 9 8.5 3
      vertex 9 36 0
      vertex 9 36 3
    endloop
  endfacet
  facet normal 1 0 0
    outer loop
      vertex 9 36 0
      vertex 9 8.5 3
      vertex 9 8.5 0
    endloop
  endfacet
  facet normal 1 0 0
    outer loop
      vertex 9 -36 3
      vertex 9 -8.5 0
      vertex 9 -8.5 3
    endloop
  endfacet
  facet normal 1 0 0
    outer loop
      vertex 9 -8.5 0
      vertex 9 -36 3
      vertex 9 -36 0
    endloop
  endfacet
  facet normal -1 0 0
    outer loop
      vertex -92 -42 0
      vertex -92 42 3
      vertex -92 42 0
    endloop
  endfacet
  facet normal -1 0 0
    outer loop
      vertex -92 42 3
      vertex -92 -42 0
      vertex -92 -42 3
    endloop
  endfacet
  facet normal 1 0 0
    outer loop
      vertex -11 36 3
      vertex -11 42 0
      vertex -11 42 3
    endloop
  endfacet
  facet normal 1 0 0
    outer loop
      vertex -11 42 0
      vertex -11 36 3
      vertex -11 36 0
    endloop
  endfacet
  facet normal 1 0 0
    outer loop
      vertex -11 -42 3
      vertex -11 -36 0
      vertex -11 -36 3
    endloop
  endfacet
  facet normal 1 0 0
    outer loop
      vertex -11 -36 0
      vertex -11 -42 3
      vertex -11 -42 0
    endloop
  endfacet
  facet normal 0 1 0
    outer loop
      vertex -11 42 0
      vertex -92 42 3
      vertex -11 42 3
    endloop
  endfacet
  facet normal 0 1 0
    outer loop
      vertex -92 42 3
      vertex -11 42 0
      vertex -92 42 0
    endloop
  endfacet
  facet normal 0 -1 0
    outer loop
      vertex -92 -42 0
      vertex -11 -42 3
      vertex -92 -42 3
    endloop
  endfacet
  facet normal 0 -1 0
    outer loop
      vertex -11 -42 3
      vertex -92 -42 0
      vertex -11 -42 0
    endloop
  endfacet
  facet normal 0 0 1
    outer loop
      vertex -4.59999942779541 -30 1.7999992370605469
      vertex 1.5 -36 1.7999992370605469
      vertex 1.5 -30 1.7999992370605469
    endloop
  endfacet
  facet normal 0 0 1
    outer loop
      vertex 1.5 -36 1.7999992370605469
      vertex -4.59999942779541 -30 1.7999992370605469
      vertex -4.59999942779541 -36 1.7999992370605469
    endloop
  endfacet
  facet normal -0.21643611746120062 0 0.9762967822636318
    outer loop
      vertex 1.795201301574707 -30 1.825826644897461
      vertex 1.9399919509887695 -36 1.8579254150390625
      vertex 1.9399919509887695 -30 1.8579254150390625
    endloop
  endfacet
  facet normal -0.21643611746120062 0 0.9762967822636318
    outer loop
      vertex 1.9399919509887695 -36 1.8579254150390625
      vertex 1.795201301574707 -30 1.825826644897461
      vertex 1.795201301574707 -36 1.825826644897461
    endloop
  endfacet
  facet normal 0 -1 0
    outer loop
      vertex -4.59999942779541 -30 1.7999992370605469
      vertex -4.59999942779541 -30 5.199999809265137
      vertex -4.748164176940918 -30 5.193530082702637
    endloop
  endfacet
  facet normal 0 -1 0
    outer loop
      vertex -4.59999942779541 -30 5.199999809265137
      vertex -4.59999942779541 -30 1.7999992370605469
      vertex 1.5 -30 5.199999809265137
    endloop
  endfacet
  facet normal 0 -1 0
    outer loop
      vertex -4.59999942779541 -30 1.7999992370605469
      vertex -4.748164176940918 -30 5.193530082702637
      vertex -4.895201683044434 -30 5.174172401428223
    endloop
  endfacet
  facet normal 0 -1 0
    outer loop
      vertex 1.5 -30 1.7999992370605469
      vertex 1.5 -30 5.199999809265137
      vertex -4.59999942779541 -30 1.7999992370605469
    endloop
  endfacet
  facet normal 0 -1 0
    outer loop
      vertex -4.59999942779541 -30 1.7999992370605469
      vertex -4.895201683044434 -30 5.174172401428223
      vertex -5.039992332458496 -30 5.142073631286621
    endloop
  endfacet
  facet normal 0 -1 0
    outer loop
      vertex 1.5 -30 5.199999809265137
      vertex 1.5 -30 1.7999992370605469
      vertex 1.6481647491455078 -30 5.193530082702637
    endloop
  endfacet
  facet normal 0 -1 0
    outer loop
      vertex -4.59999942779541 -30 1.7999992370605469
      vertex -5.039992332458496 -30 5.142073631286621
      vertex -5.18143367767334 -30 5.097476959228516
    endloop
  endfacet
  facet normal 0 -1 0
    outer loop
      vertex 1.6481647491455078 -30 5.193530082702637
      vertex 1.5 -30 1.7999992370605469
      vertex 1.795201301574707 -30 5.174172401428223
    endloop
  endfacet
  facet normal 0 -1 0
    outer loop
      vertex -4.59999942779541 -30 1.7999992370605469
      vertex -5.18143367767334 -30 5.097476959228516
      vertex -5.318450927734375 -30 5.040722846984863
    endloop
  endfacet
  facet normal 0 -1 0
    outer loop
      vertex 1.795201301574707 -30 5.174172401428223
      vertex 1.5 -30 1.7999992370605469
      vertex 1.9399919509887695 -30 5.142073631286621
    endloop
  endfacet
  facet normal 0 -1 0
    outer loop
      vertex -4.59999942779541 -30 1.7999992370605469
      vertex -5.318450927734375 -30 5.040722846984863
      vertex -5.449999809265137 -30 4.97224235534668
    endloop
  endfacet
  facet normal 0 -1 0
    outer loop
      vertex 1.9399919509887695 -30 5.142073631286621
      vertex 1.5 -30 1.7999992370605469
      vertex 2.0814332962036133 -30 5.097476959228516
    endloop
  endfacet
  facet normal 0 -1 0
    outer loop
      vertex -4.59999942779541 -30 1.7999992370605469
      vertex -5.449999809265137 -30 4.97224235534668
      vertex -5.575079917907715 -30 4.8925580978393555
    endloop
  endfacet
  facet normal 0 -1 0
    outer loop
      vertex 2.0814332962036133 -30 5.097476959228516
      vertex 1.5 -30 1.7999992370605469
      vertex 2.2184505462646484 -30 5.040722846984863
    endloop
  endfacet
  facet normal 0 -1 0
    outer loop
      vertex -4.59999942779541 -30 1.7999992370605469
      vertex -5.575079917907715 -30 4.8925580978393555
      vertex -5.6927385330200195 -30 4.802274703979492
    endloop
  endfacet
  facet normal 0 -1 0
    outer loop
      vertex 2.2184505462646484 -30 5.040722846984863
      vertex 1.5 -30 1.7999992370605469
      vertex 2.34999942779541 -30 4.97224235534668
    endloop
  endfacet
  facet normal 0 -1 0
    outer loop
      vertex -4.59999942779541 -30 1.7999992370605469
      vertex -5.6927385330200195 -30 4.802274703979492
      vertex -5.802081108093262 -30 4.702080726623535
    endloop
  endfacet
  facet normal 0 -1 0
    outer loop
      vertex 2.34999942779541 -30 4.97224235534668
      vertex 1.5 -30 1.7999992370605469
      vertex 2.4750795364379883 -30 4.8925580978393555
    endloop
  endfacet
  facet normal 0 -1 0
    outer loop
      vertex -4.59999942779541 -30 1.7999992370605469
      vertex -5.802081108093262 -30 4.702080726623535
      vertex -5.902275085449219 -30 4.592738151550293
    endloop
  endfacet
  facet normal 0 -1 0
    outer loop
      vertex 2.4750795364379883 -30 4.8925580978393555
      vertex 1.5 -30 1.7999992370605469
      vertex 2.592738151550293 -30 4.802274703979492
    endloop
  endfacet
  facet normal 0 -1 0
    outer loop
      vertex -4.59999942779541 -30 1.7999992370605469
      vertex -5.902275085449219 -30 4.592738151550293
      vertex -5.992557525634766 -30 4.475079536437988
    endloop
  endfacet
  facet normal 0 -1 0
    outer loop
      vertex 2.592738151550293 -30 4.802274703979492
      vertex 1.5 -30 1.7999992370605469
      vertex 2.702080726623535 -30 4.702080726623535
    endloop
  endfacet
  facet normal 0 -1 0
    outer loop
      vertex -4.59999942779541 -30 1.7999992370605469
      vertex -5.992557525634766 -30 4.475079536437988
      vertex -6.072242736816406 -30 4.34999942779541
    endloop
  endfacet
  facet normal 0 -1 0
    outer loop
      vertex 2.702080726623535 -30 4.702080726623535
      vertex 1.5 -30 1.7999992370605469
      vertex 2.802274703979492 -30 4.592738151550293
    endloop
  endfacet
  facet normal 0 -1 0
    outer loop
      vertex -4.59999942779541 -30 1.7999992370605469
      vertex -6.072242736816406 -30 4.34999942779541
      vertex -6.14072322845459 -30 4.218450546264648
    endloop
  endfacet
  facet normal 0 -1 0
    outer loop
      vertex 2.802274703979492 -30 4.592738151550293
      vertex 1.5 -30 1.7999992370605469
      vertex 2.8925580978393555 -30 4.475079536437988
    endloop
  endfacet
  facet normal 0 -1 0
    outer loop
      vertex -4.59999942779541 -30 1.7999992370605469
      vertex -6.14072322845459 -30 4.218450546264648
      vertex -6.197477340698242 -30 4.081433296203613
    endloop
  endfacet
  facet normal 0 -1 0
    outer loop
      vertex 2.8925580978393555 -30 4.475079536437988
      vertex 1.5 -30 1.7999992370605469
      vertex 2.9722423553466797 -30 4.34999942779541
    endloop
  endfacet
  facet normal 0 -1 0
    outer loop
      vertex -4.59999942779541 -30 1.7999992370605469
      vertex -6.197477340698242 -30 4.081433296203613
      vertex -6.242073059082031 -30 3.9399919509887695
    endloop
  endfacet
  facet normal 0 -1 0
    outer loop
      vertex 2.9722423553466797 -30 4.34999942779541
      vertex 1.5 -30 1.7999992370605469
      vertex 3.0407228469848633 -30 4.218450546264648
    endloop
  endfacet
  facet normal 0 -1 0
    outer loop
      vertex -4.59999942779541 -30 1.7999992370605469
      vertex -6.242073059082031 -30 3.9399919509887695
      vertex -6.274172782897949 -30 3.795201301574707
    endloop
  endfacet
  facet normal 0 -1 0
    outer loop
      vertex 3.0407228469848633 -30 4.218450546264648
      vertex 1.5 -30 1.7999992370605469
      vertex 3.0974769592285156 -30 4.081433296203613
    endloop
  endfacet
  facet normal 0 -1 0
    outer loop
      vertex -4.59999942779541 -30 1.7999992370605469
      vertex -6.274172782897949 -30 3.795201301574707
      vertex -6.293530464172363 -30 3.648164749145508
    endloop
  endfacet
  facet normal 0 -1 0
    outer loop
      vertex 3.0974769592285156 -30 4.081433296203613
      vertex 1.5 -30 1.7999992370605469
      vertex 3.142073631286621 -30 3.9399919509887695
    endloop
  endfacet
  facet normal 0 -1 0
    outer loop
      vertex -4.59999942779541 -30 1.7999992370605469
      vertex -6.293530464172363 -30 3.648164749145508
      vertex -6.299999237060547 -30 3.5
    endloop
  endfacet
  facet normal 0 -1 0
    outer loop
      vertex 3.142073631286621 -30 3.9399919509887695
      vertex 1.5 -30 1.7999992370605469
      vertex 3.1741724014282227 -30 3.795201301574707
    endloop
  endfacet
  facet normal 0 -1 0
    outer loop
      vertex -4.59999942779541 -30 1.7999992370605469
      vertex -6.299999237060547 -30 3.5
      vertex -6.293530464172363 -30 3.351834297180176
    endloop
  endfacet
  facet normal 0 -1 0
    outer loop
      vertex 3.1741724014282227 -30 3.795201301574707
      vertex 1.5 -30 1.7999992370605469
      vertex 3.1935300827026367 -30 3.648164749145508
    endloop
  endfacet
  facet normal 0 -1 0
    outer loop
      vertex -4.59999942779541 -30 1.7999992370605469
      vertex -6.293530464172363 -30 3.351834297180176
      vertex -6.274172782897949 -30 3.2047977447509766
    endloop
  endfacet
  facet normal 0 -1 0
    outer loop
      vertex 3.1935300827026367 -30 3.648164749145508
      vertex 1.5 -30 1.7999992370605469
      vertex 3.1999998092651367 -30 3.5
    endloop
  endfacet
  facet normal 0 -1 0
    outer loop
      vertex -4.59999942779541 -30 1.7999992370605469
      vertex -6.274172782897949 -30 3.2047977447509766
      vertex -6.242073059082031 -30 3.060007095336914
    endloop
  endfacet
  facet normal 0 -1 0
    outer loop
      vertex 3.1999998092651367 -30 3.5
      vertex 1.5 -30 1.7999992370605469
      vertex 3.1935300827026367 -30 3.351834297180176
    endloop
  endfacet
  facet normal 0 -1 0
    outer loop
      vertex -4.59999942779541 -30 1.7999992370605469
      vertex -6.242073059082031 -30 3.060007095336914
      vertex -6.197477340698242 -30 2.9185657501220703
    endloop
  endfacet
  facet normal 0 -1 0
    outer loop
      vertex 3.1935300827026367 -30 3.351834297180176
      vertex 1.5 -30 1.7999992370605469
      vertex 3.1741724014282227 -30 3.2047977447509766
    endloop
  endfacet
  facet normal 0 -1 0
    outer loop
      vertex -4.59999942779541 -30 1.7999992370605469
      vertex -6.197477340698242 -30 2.9185657501220703
      vertex -6.14072322845459 -30 2.781548500061035
    endloop
  endfacet
  facet normal 0 -1 0
    outer loop
      vertex 3.1741724014282227 -30 3.2047977447509766
      vertex 1.5 -30 1.7999992370605469
      vertex 3.142073631286621 -30 3.060007095336914
    endloop
  endfacet
  facet normal 0 -1 0
    outer loop
      vertex -4.59999942779541 -30 1.7999992370605469
      vertex -6.14072322845459 -30 2.781548500061035
      vertex -6.072242736816406 -30 2.6499996185302734
    endloop
  endfacet
  facet normal 0 -1 0
    outer loop
      vertex 3.142073631286621 -30 3.060007095336914
      vertex 1.5 -30 1.7999992370605469
      vertex 3.0974769592285156 -30 2.9185657501220703
    endloop
  endfacet
  facet normal 0 -1 0
    outer loop
      vertex -4.59999942779541 -30 1.7999992370605469
      vertex -6.072242736816406 -30 2.6499996185302734
      vertex -5.992557525634766 -30 2.5249195098876953
    endloop
  endfacet
  facet normal 0 -1 0
    outer loop
      vertex 3.0974769592285156 -30 2.9185657501220703
      vertex 1.5 -30 1.7999992370605469
      vertex 3.0407228469848633 -30 2.781548500061035
    endloop
  endfacet
  facet normal 0 -1 0
    outer loop
      vertex -4.59999942779541 -30 1.7999992370605469
      vertex -5.992557525634766 -30 2.5249195098876953
      vertex -5.902275085449219 -30 2.4072608947753906
    endloop
  endfacet
  facet normal 0 -1 0
    outer loop
      vertex 3.0407228469848633 -30 2.781548500061035
      vertex 1.5 -30 1.7999992370605469
      vertex 2.9722423553466797 -30 2.6499996185302734
    endloop
  endfacet
  facet normal 0 -1 0
    outer loop
      vertex -4.59999942779541 -30 1.7999992370605469
      vertex -5.902275085449219 -30 2.4072608947753906
      vertex -5.802081108093262 -30 2.2979183197021484
    endloop
  endfacet
  facet normal 0 -1 0
    outer loop
      vertex 2.9722423553466797 -30 2.6499996185302734
      vertex 1.5 -30 1.7999992370605469
      vertex 2.8925580978393555 -30 2.5249195098876953
    endloop
  endfacet
  facet normal 0 -1 0
    outer loop
      vertex -4.59999942779541 -30 1.7999992370605469
      vertex -5.802081108093262 -30 2.2979183197021484
      vertex -5.6927385330200195 -30 2.1977243423461914
    endloop
  endfacet
  facet normal 0 -1 0
    outer loop
      vertex 2.8925580978393555 -30 2.5249195098876953
      vertex 1.5 -30 1.7999992370605469
      vertex 2.802274703979492 -30 2.4072608947753906
    endloop
  endfacet
  facet normal 0 -1 0
    outer loop
      vertex -4.59999942779541 -30 1.7999992370605469
      vertex -5.6927385330200195 -30 2.1977243423461914
      vertex -5.575079917907715 -30 2.107440948486328
    endloop
  endfacet
  facet normal 0 -1 0
    outer loop
      vertex 2.802274703979492 -30 2.4072608947753906
      vertex 1.5 -30 1.7999992370605469
      vertex 2.702080726623535 -30 2.2979183197021484
    endloop
  endfacet
  facet normal 0 -1 0
    outer loop
      vertex -4.59999942779541 -30 1.7999992370605469
      vertex -5.575079917907715 -30 2.107440948486328
      vertex -5.449999809265137 -30 2.027756690979004
    endloop
  endfacet
  facet normal 0 -1 0
    outer loop
      vertex 2.702080726623535 -30 2.2979183197021484
      vertex 1.5 -30 1.7999992370605469
      vertex 2.592738151550293 -30 2.1977243423461914
    endloop
  endfacet
  facet normal 0 -1 0
    outer loop
      vertex -4.59999942779541 -30 1.7999992370605469
      vertex -5.449999809265137 -30 2.027756690979004
      vertex -5.318450927734375 -30 1.9592761993408203
    endloop
  endfacet
  facet normal 0 -1 0
    outer loop
      vertex 2.592738151550293 -30 2.1977243423461914
      vertex 1.5 -30 1.7999992370605469
      vertex 2.4750795364379883 -30 2.107440948486328
    endloop
  endfacet
  facet normal 0 -1 0
    outer loop
      vertex -4.59999942779541 -30 1.7999992370605469
      vertex -5.318450927734375 -30 1.9592761993408203
      vertex -5.18143367767334 -30 1.902522087097168
    endloop
  endfacet
  facet normal 0 -1 0
    outer loop
      vertex 2.4750795364379883 -30 2.107440948486328
      vertex 1.5 -30 1.7999992370605469
      vertex 2.34999942779541 -30 2.027756690979004
    endloop
  endfacet
  facet normal 0 -1 0
    outer loop
      vertex -4.59999942779541 -30 1.7999992370605469
      vertex -5.18143367767334 -30 1.902522087097168
      vertex -5.039992332458496 -30 1.8579254150390625
    endloop
  endfacet
  facet normal 0 -1 0
    outer loop
      vertex 2.34999942779541 -30 2.027756690979004
      vertex 1.5 -30 1.7999992370605469
      vertex 2.2184505462646484 -30 1.9592761993408203
    endloop
  endfacet
  facet normal 0 -1 0
    outer loop
      vertex -4.59999942779541 -30 1.7999992370605469
      vertex -5.039992332458496 -30 1.8579254150390625
      vertex -4.895201683044434 -30 1.825826644897461
    endloop
  endfacet
  facet normal 0 -1 0
    outer loop
      vertex 2.2184505462646484 -30 1.9592761993408203
      vertex 1.5 -30 1.7999992370605469
      vertex 2.0814332962036133 -30 1.902522087097168
    endloop
  endfacet
  facet normal 0 -1 0
    outer loop
      vertex -4.59999942779541 -30 1.7999992370605469
      vertex -4.895201683044434 -30 1.825826644897461
      vertex -4.748164176940918 -30 1.8064689636230469
    endloop
  endfacet
  facet normal 0 -1 0
    outer loop
      vertex 2.0814332962036133 -30 1.902522087097168
      vertex 1.5 -30 1.7999992370605469
      vertex 1.9399919509887695 -30 1.8579254150390625
    endloop
  endfacet
  facet normal 0 -1 0
    outer loop
      vertex 1.9399919509887695 -30 1.8579254150390625
      vertex 1.5 -30 1.7999992370605469
      vertex 1.795201301574707 -30 1.825826644897461
    endloop
  endfacet
  facet normal 0 -1 0
    outer loop
      vertex 1.795201301574707 -30 1.825826644897461
      vertex 1.5 -30 1.7999992370605469
      vertex 1.6481647491455078 -30 1.8064689636230469
    endloop
  endfacet
  facet normal 0 0 -1
    outer loop
      vertex -4.59999942779541 -36 5.199999809265137
      vertex 1.5 -30 5.199999809265137
      vertex 1.5 -36 5.199999809265137
    endloop
  endfacet
  facet normal 0 0 -1
    outer loop
      vertex 1.5 -30 5.199999809265137
      vertex -4.59999942779541 -36 5.199999809265137
      vertex -4.59999942779541 -30 5.199999809265137
    endloop
  endfacet
  facet normal -0.9238802262619801 0 -0.3826817574984631
    outer loop
      vertex 3.0974769592285156 -36 4.081433296203613
      vertex 3.0407228469848633 -30 4.218450546264648
      vertex 3.0974769592285156 -30 4.081433296203613
    endloop
  endfacet
  facet normal -0.9238802262619801 0 -0.3826817574984631
    outer loop
      vertex 3.0407228469848633 -30 4.218450546264648
      vertex 3.0974769592285156 -36 4.081433296203613
      vertex 3.0407228469848633 -36 4.218450546264648
    endloop
  endfacet
  facet normal -0.6755900872818964 0 -0.7372774470756851
    outer loop
      vertex 2.592738151550293 -36 4.802274703979492
      vertex 2.702080726623535 -30 4.702080726623535
      vertex 2.702080726623535 -36 4.702080726623535
    endloop
  endfacet
  facet normal -0.6755900872818964 0 -0.7372774470756851
    outer loop
      vertex 2.702080726623535 -30 4.702080726623535
      vertex 2.592738151550293 -36 4.802274703979492
      vertex 2.592738151550293 -30 4.802274703979492
    endloop
  endfacet
  facet normal 0.6755900872818964 0 0.7372774470756851
    outer loop
      vertex -5.802081108093262 -30 2.2979183197021484
      vertex -5.6927385330200195 -36 2.1977243423461914
      vertex -5.6927385330200195 -30 2.1977243423461914
    endloop
  endfacet
  facet normal 0.6755900872818964 0 0.7372774470756851
    outer loop
      vertex -5.6927385330200195 -36 2.1977243423461914
      vertex -5.802081108093262 -30 2.2979183197021484
      vertex -5.802081108093262 -36 2.2979183197021484
    endloop
  endfacet
  facet normal -0.4617511510989324 0 -0.887009512045283
    outer loop
      vertex 2.2184505462646484 -36 5.040722846984863
      vertex 2.34999942779541 -30 4.97224235534668
      vertex 2.34999942779541 -36 4.97224235534668
    endloop
  endfacet
  facet normal -0.4617511510989324 0 -0.887009512045283
    outer loop
      vertex 2.34999942779541 -30 4.97224235534668
      vertex 2.2184505462646484 -36 5.040722846984863
      vertex 2.2184505462646484 -30 5.040722846984863
    endloop
  endfacet
  facet normal -0.7933508551731049 0 0.6087646676640351
    outer loop
      vertex 2.802274703979492 -36 2.4072608947753906
      vertex 2.8925580978393555 -30 2.5249195098876953
      vertex 2.802274703979492 -30 2.4072608947753906
    endloop
  endfacet
  facet normal -0.7933508551731049 0 0.6087646676640351
    outer loop
      vertex 2.8925580978393555 -30 2.5249195098876953
      vertex 2.802274703979492 -36 2.4072608947753906
      vertex 2.8925580978393555 -36 2.5249195098876953
    endloop
  endfacet
  facet normal -0.21643611746120062 0 -0.9762967822636318
    outer loop
      vertex 1.795201301574707 -36 5.174172401428223
      vertex 1.9399919509887695 -30 5.142073631286621
      vertex 1.9399919509887695 -36 5.142073631286621
    endloop
  endfacet
  facet normal -0.21643611746120062 0 -0.9762967822636318
    outer loop
      vertex 1.9399919509887695 -30 5.142073631286621
      vertex 1.795201301574707 -36 5.174172401428223
      vertex 1.795201301574707 -30 5.174172401428223
    endloop
  endfacet
  facet normal 0.9238802262619801 0 -0.3826817574984631
    outer loop
      vertex -6.14072322845459 -36 4.218450546264648
      vertex -6.197477340698242 -30 4.081433296203613
      vertex -6.14072322845459 -30 4.218450546264648
    endloop
  endfacet
  facet normal 0.9238802262619801 0 -0.3826817574984631
    outer loop
      vertex -6.197477340698242 -30 4.081433296203613
      vertex -6.14072322845459 -36 4.218450546264648
      vertex -6.197477340698242 -36 4.081433296203613
    endloop
  endfacet
  facet normal -0.9762967822636318 0 -0.21643611746120062
    outer loop
      vertex 3.1741724014282227 -36 3.795201301574707
      vertex 3.142073631286621 -30 3.9399919509887695
      vertex 3.1741724014282227 -30 3.795201301574707
    endloop
  endfacet
  facet normal -0.9762967822636318 0 -0.21643611746120062
    outer loop
      vertex 3.142073631286621 -30 3.9399919509887695
      vertex 3.1741724014282227 -36 3.795201301574707
      vertex 3.142073631286621 -36 3.9399919509887695
    endloop
  endfacet
  facet normal 0.3007081743378034 0 0.9537162019628402
    outer loop
      vertex -5.18143367767334 -30 1.902522087097168
      vertex -5.039992332458496 -36 1.8579254150390625
      vertex -5.039992332458496 -30 1.8579254150390625
    endloop
  endfacet
  facet normal 0.3007081743378034 0 0.9537162019628402
    outer loop
      vertex -5.039992332458496 -36 1.8579254150390625
      vertex -5.18143367767334 -30 1.902522087097168
      vertex -5.18143367767334 -36 1.902522087097168
    endloop
  endfacet
  facet normal -0.5372969228020794 0 -0.8433931566875654
    outer loop
      vertex 2.34999942779541 -36 4.97224235534668
      vertex 2.4750795364379883 -30 4.8925580978393555
      vertex 2.4750795364379883 -36 4.8925580978393555
    endloop
  endfacet
  facet normal -0.5372969228020794 0 -0.8433931566875654
    outer loop
      vertex 2.4750795364379883 -30 4.8925580978393555
      vertex 2.34999942779541 -36 4.97224235534668
      vertex 2.34999942779541 -30 4.97224235534668
    endloop
  endfacet
  facet normal 0.4617511510989324 0 0.887009512045283
    outer loop
      vertex -5.449999809265137 -30 2.027756690979004
      vertex -5.318450927734375 -36 1.9592761993408203
      vertex -5.318450927734375 -30 1.9592761993408203
    endloop
  endfacet
  facet normal 0.4617511510989324 0 0.887009512045283
    outer loop
      vertex -5.318450927734375 -36 1.9592761993408203
      vertex -5.449999809265137 -30 2.027756690979004
      vertex -5.449999809265137 -36 2.027756690979004
    endloop
  endfacet
  facet normal -0.9914449033361323 0 -0.13052587348417627
    outer loop
      vertex 3.1935300827026367 -36 3.648164749145508
      vertex 3.1741724014282227 -30 3.795201301574707
      vertex 3.1935300827026367 -30 3.648164749145508
    endloop
  endfacet
  facet normal -0.9914449033361323 0 -0.13052587348417627
    outer loop
      vertex 3.1741724014282227 -30 3.795201301574707
      vertex 3.1935300827026367 -36 3.648164749145508
      vertex 3.1741724014282227 -36 3.795201301574707
    endloop
  endfacet
  facet normal 0.6087646676640351 0 -0.7933508551731049
    outer loop
      vertex -5.6927385330200195 -36 4.802274703979492
      vertex -5.575079917907715 -30 4.8925580978393555
      vertex -5.575079917907715 -36 4.8925580978393555
    endloop
  endfacet
  facet normal 0.6087646676640351 0 -0.7933508551731049
    outer loop
      vertex -5.575079917907715 -30 4.8925580978393555
      vertex -5.6927385330200195 -36 4.802274703979492
      vertex -5.6927385330200195 -30 4.802274703979492
    endloop
  endfacet
  facet normal -0.13052587348417627 0 -0.9914449033361323
    outer loop
      vertex 1.6481647491455078 -36 5.193530082702637
      vertex 1.795201301574707 -30 5.174172401428223
      vertex 1.795201301574707 -36 5.174172401428223
    endloop
  endfacet
  facet normal -0.13052587348417627 0 -0.9914449033361323
    outer loop
      vertex 1.795201301574707 -30 5.174172401428223
      vertex 1.6481647491455078 -36 5.193530082702637
      vertex 1.6481647491455078 -30 5.193530082702637
    endloop
  endfacet
  facet normal 0.3007081743378034 0 -0.9537162019628402
    outer loop
      vertex -5.18143367767334 -36 5.097476959228516
      vertex -5.039992332458496 -30 5.142073631286621
      vertex -5.039992332458496 -36 5.142073631286621
    endloop
  endfacet
  facet normal 0.3007081743378034 0 -0.9537162019628402
    outer loop
      vertex -5.039992332458496 -30 5.142073631286621
      vertex -5.18143367767334 -36 5.097476959228516
      vertex -5.18143367767334 -30 5.097476959228516
    endloop
  endfacet
  facet normal 0.8433902427067788 0 -0.5373014968404618
    outer loop
      vertex -5.992557525634766 -36 4.475079536437988
      vertex -6.072242736816406 -30 4.34999942779541
      vertex -5.992557525634766 -30 4.475079536437988
    endloop
  endfacet
  facet normal 0.8433902427067788 0 -0.5373014968404618
    outer loop
      vertex -6.072242736816406 -30 4.34999942779541
      vertex -5.992557525634766 -36 4.475079536437988
      vertex -6.072242736816406 -36 4.34999942779541
    endloop
  endfacet
  facet normal 0.5372969228020794 0 0.8433931566875654
    outer loop
      vertex -5.575079917907715 -30 2.107440948486328
      vertex -5.449999809265137 -36 2.027756690979004
      vertex -5.449999809265137 -30 2.027756690979004
    endloop
  endfacet
  facet normal 0.5372969228020794 0 0.8433931566875654
    outer loop
      vertex -5.449999809265137 -36 2.027756690979004
      vertex -5.575079917907715 -30 2.107440948486328
      vertex -5.575079917907715 -36 2.107440948486328
    endloop
  endfacet
  facet normal -0.8433931566875654 0 0.5372969228020794
    outer loop
      vertex 2.8925580978393555 -36 2.5249195098876953
      vertex 2.9722423553466797 -30 2.6499996185302734
      vertex 2.8925580978393555 -30 2.5249195098876953
    endloop
  endfacet
  facet normal -0.8433931566875654 0 0.5372969228020794
    outer loop
      vertex 2.9722423553466797 -30 2.6499996185302734
      vertex 2.8925580978393555 -36 2.5249195098876953
      vertex 2.9722423553466797 -36 2.6499996185302734
    endloop
  endfacet
  facet normal 0.21643611746120062 0 0.9762967822636318
    outer loop
      vertex -5.039992332458496 -30 1.8579254150390625
      vertex -4.895201683044434 -36 1.825826644897461
      vertex -4.895201683044434 -30 1.825826644897461
    endloop
  endfacet
  facet normal 0.21643611746120062 0 0.9762967822636318
    outer loop
      vertex -4.895201683044434 -36 1.825826644897461
      vertex -5.039992332458496 -30 1.8579254150390625
      vertex -5.039992332458496 -36 1.8579254150390625
    endloop
  endfacet
  facet normal -0.04362419196476904 0 -0.999048011796941
    outer loop
      vertex 1.5 -36 5.199999809265137
      vertex 1.6481647491455078 -30 5.193530082702637
      vertex 1.6481647491455078 -36 5.193530082702637
    endloop
  endfacet
  facet normal -0.04362419196476904 0 -0.999048011796941
    outer loop
      vertex 1.6481647491455078 -30 5.193530082702637
      vertex 1.5 -36 5.199999809265137
      vertex 1.5 -30 5.199999809265137
    endloop
  endfacet
  facet normal 0.13052504132614692 0 0.9914450128911878
    outer loop
      vertex -4.895201683044434 -30 1.825826644897461
      vertex -4.748164176940918 -36 1.8064689636230469
      vertex -4.748164176940918 -30 1.8064689636230469
    endloop
  endfacet
  facet normal 0.13052504132614692 0 0.9914450128911878
    outer loop
      vertex -4.748164176940918 -36 1.8064689636230469
      vertex -4.895201683044434 -30 1.825826644897461
      vertex -4.895201683044434 -36 1.825826644897461
    endloop
  endfacet
  facet normal -0.7933508551731049 0 -0.6087646676640351
    outer loop
      vertex 2.8925580978393555 -36 4.475079536437988
      vertex 2.802274703979492 -30 4.592738151550293
      vertex 2.8925580978393555 -30 4.475079536437988
    endloop
  endfacet
  facet normal -0.7933508551731049 0 -0.6087646676640351
    outer loop
      vertex 2.802274703979492 -30 4.592738151550293
      vertex 2.8925580978393555 -36 4.475079536437988
      vertex 2.802274703979492 -36 4.592738151550293
    endloop
  endfacet
  facet normal 0.3826817574984631 0 -0.9238802262619801
    outer loop
      vertex -5.318450927734375 -36 5.040722846984863
      vertex -5.18143367767334 -30 5.097476959228516
      vertex -5.18143367767334 -36 5.097476959228516
    endloop
  endfacet
  facet normal 0.3826817574984631 0 -0.9238802262619801
    outer loop
      vertex -5.18143367767334 -30 5.097476959228516
      vertex -5.318450927734375 -36 5.040722846984863
      vertex -5.318450927734375 -30 5.040722846984863
    endloop
  endfacet
  facet normal -0.4617511510989324 0 0.887009512045283
    outer loop
      vertex 2.2184505462646484 -30 1.9592761993408203
      vertex 2.34999942779541 -36 2.027756690979004
      vertex 2.34999942779541 -30 2.027756690979004
    endloop
  endfacet
  facet normal -0.4617511510989324 0 0.887009512045283
    outer loop
      vertex 2.34999942779541 -36 2.027756690979004
      vertex 2.2184505462646484 -30 1.9592761993408203
      vertex 2.2184505462646484 -36 1.9592761993408203
    endloop
  endfacet
  facet normal -0.9762967822636318 0 0.21643611746120062
    outer loop
      vertex 3.142073631286621 -36 3.060007095336914
      vertex 3.1741724014282227 -30 3.2047977447509766
      vertex 3.142073631286621 -30 3.060007095336914
    endloop
  endfacet
  facet normal -0.9762967822636318 0 0.21643611746120062
    outer loop
      vertex 3.1741724014282227 -30 3.2047977447509766
      vertex 3.142073631286621 -36 3.060007095336914
      vertex 3.1741724014282227 -36 3.2047977447509766
    endloop
  endfacet
  facet normal 0.3826817574984631 0 0.9238802262619801
    outer loop
      vertex -5.318450927734375 -30 1.9592761993408203
      vertex -5.18143367767334 -36 1.902522087097168
      vertex -5.18143367767334 -30 1.902522087097168
    endloop
  endfacet
  facet normal 0.3826817574984631 0 0.9238802262619801
    outer loop
      vertex -5.18143367767334 -36 1.902522087097168
      vertex -5.318450927734375 -30 1.9592761993408203
      vertex -5.318450927734375 -36 1.9592761993408203
    endloop
  endfacet
  facet normal -0.9537162019628402 0 -0.3007081743378034
    outer loop
      vertex 3.142073631286621 -36 3.9399919509887695
      vertex 3.0974769592285156 -30 4.081433296203613
      vertex 3.142073631286621 -30 3.9399919509887695
    endloop
  endfacet
  facet normal -0.9537162019628402 0 -0.3007081743378034
    outer loop
      vertex 3.0974769592285156 -30 4.081433296203613
      vertex 3.142073631286621 -36 3.9399919509887695
      vertex 3.0974769592285156 -36 4.081433296203613
    endloop
  endfacet
  facet normal -0.3826817574984631 0 0.9238802262619801
    outer loop
      vertex 2.0814332962036133 -30 1.902522087097168
      vertex 2.2184505462646484 -36 1.9592761993408203
      vertex 2.2184505462646484 -30 1.9592761993408203
    endloop
  endfacet
  facet normal -0.3826817574984631 0 0.9238802262619801
    outer loop
      vertex 2.2184505462646484 -36 1.9592761993408203
      vertex 2.0814332962036133 -30 1.902522087097168
      vertex 2.0814332962036133 -36 1.902522087097168
    endloop
  endfacet
  facet normal -0.7372774470756851 0 0.6755900872818964
    outer loop
      vertex 2.702080726623535 -36 2.2979183197021484
      vertex 2.802274703979492 -30 2.4072608947753906
      vertex 2.702080726623535 -30 2.2979183197021484
    endloop
  endfacet
  facet normal -0.7372774470756851 0 0.6755900872818964
    outer loop
      vertex 2.802274703979492 -30 2.4072608947753906
      vertex 2.702080726623535 -36 2.2979183197021484
      vertex 2.802274703979492 -36 2.4072608947753906
    endloop
  endfacet
  facet normal -0.3007081743378034 0 -0.9537162019628402
    outer loop
      vertex 1.9399919509887695 -36 5.142073631286621
      vertex 2.0814332962036133 -30 5.097476959228516
      vertex 2.0814332962036133 -36 5.097476959228516
    endloop
  endfacet
  facet normal -0.3007081743378034 0 -0.9537162019628402
    outer loop
      vertex 2.0814332962036133 -30 5.097476959228516
      vertex 1.9399919509887695 -36 5.142073631286621
      vertex 1.9399919509887695 -30 5.142073631286621
    endloop
  endfacet
  facet normal -0.3007081743378034 0 0.9537162019628402
    outer loop
      vertex 1.9399919509887695 -30 1.8579254150390625
      vertex 2.0814332962036133 -36 1.902522087097168
      vertex 2.0814332962036133 -30 1.902522087097168
    endloop
  endfacet
  facet normal -0.3007081743378034 0 0.9537162019628402
    outer loop
      vertex 2.0814332962036133 -36 1.902522087097168
      vertex 1.9399919509887695 -30 1.8579254150390625
      vertex 1.9399919509887695 -36 1.8579254150390625
    endloop
  endfacet
  facet normal -0.8433931566875654 0 -0.5372969228020794
    outer loop
      vertex 2.9722423553466797 -36 4.34999942779541
      vertex 2.8925580978393555 -30 4.475079536437988
      vertex 2.9722423553466797 -30 4.34999942779541
    endloop
  endfacet
  facet normal -0.8433931566875654 0 -0.5372969228020794
    outer loop
      vertex 2.8925580978393555 -30 4.475079536437988
      vertex 2.9722423553466797 -36 4.34999942779541
      vertex 2.8925580978393555 -36 4.475079536437988
    endloop
  endfacet
  facet normal -0.887009512045283 0 -0.4617511510989324
    outer loop
      vertex 3.0407228469848633 -36 4.218450546264648
      vertex 2.9722423553466797 -30 4.34999942779541
      vertex 3.0407228469848633 -30 4.218450546264648
    endloop
  endfacet
  facet normal -0.887009512045283 0 -0.4617511510989324
    outer loop
      vertex 2.9722423553466797 -30 4.34999942779541
      vertex 3.0407228469848633 -36 4.218450546264648
      vertex 2.9722423553466797 -36 4.34999942779541
    endloop
  endfacet
  facet normal 0.9537180461452692 0 0.300702325326643
    outer loop
      vertex -6.242073059082031 -36 3.060007095336914
      vertex -6.197477340698242 -30 2.9185657501220703
      vertex -6.242073059082031 -30 3.060007095336914
    endloop
  endfacet
  facet normal 0.9537180461452692 0 0.300702325326643
    outer loop
      vertex -6.197477340698242 -30 2.9185657501220703
      vertex -6.242073059082031 -36 3.060007095336914
      vertex -6.197477340698242 -36 2.9185657501220703
    endloop
  endfacet
  facet normal -0.6087646676640351 0 -0.7933508551731049
    outer loop
      vertex 2.4750795364379883 -36 4.8925580978393555
      vertex 2.592738151550293 -30 4.802274703979492
      vertex 2.592738151550293 -36 4.802274703979492
    endloop
  endfacet
  facet normal -0.6087646676640351 0 -0.7933508551731049
    outer loop
      vertex 2.592738151550293 -30 4.802274703979492
      vertex 2.4750795364379883 -36 4.8925580978393555
      vertex 2.4750795364379883 -30 4.8925580978393555
    endloop
  endfacet
  facet normal -0.5372969228020794 0 0.8433931566875654
    outer loop
      vertex 2.34999942779541 -30 2.027756690979004
      vertex 2.4750795364379883 -36 2.107440948486328
      vertex 2.4750795364379883 -30 2.107440948486328
    endloop
  endfacet
  facet normal -0.5372969228020794 0 0.8433931566875654
    outer loop
      vertex 2.4750795364379883 -36 2.107440948486328
      vertex 2.34999942779541 -30 2.027756690979004
      vertex 2.34999942779541 -36 2.027756690979004
    endloop
  endfacet
  facet normal -0.6087646676640351 0 0.7933508551731049
    outer loop
      vertex 2.4750795364379883 -30 2.107440948486328
      vertex 2.592738151550293 -36 2.1977243423461914
      vertex 2.592738151550293 -30 2.1977243423461914
    endloop
  endfacet
  facet normal -0.6087646676640351 0 0.7933508551731049
    outer loop
      vertex 2.592738151550293 -36 2.1977243423461914
      vertex 2.4750795364379883 -30 2.107440948486328
      vertex 2.4750795364379883 -36 2.107440948486328
    endloop
  endfacet
  facet normal -0.3826817574984631 0 -0.9238802262619801
    outer loop
      vertex 2.0814332962036133 -36 5.097476959228516
      vertex 2.2184505462646484 -30 5.040722846984863
      vertex 2.2184505462646484 -36 5.040722846984863
    endloop
  endfacet
  facet normal -0.3826817574984631 0 -0.9238802262619801
    outer loop
      vertex 2.2184505462646484 -30 5.040722846984863
      vertex 2.0814332962036133 -36 5.097476959228516
      vertex 2.0814332962036133 -30 5.097476959228516
    endloop
  endfacet
  facet normal 0.9914449033361323 0 0.13052587348417627
    outer loop
      vertex -6.293530464172363 -36 3.351834297180176
      vertex -6.274172782897949 -30 3.2047977447509766
      vertex -6.293530464172363 -30 3.351834297180176
    endloop
  endfacet
  facet normal 0.9914449033361323 0 0.13052587348417627
    outer loop
      vertex -6.274172782897949 -30 3.2047977447509766
      vertex -6.293530464172363 -36 3.351834297180176
      vertex -6.274172782897949 -36 3.2047977447509766
    endloop
  endfacet
  facet normal 0.976295423454158 0 0.21644224666748013
    outer loop
      vertex -6.274172782897949 -36 3.2047977447509766
      vertex -6.242073059082031 -30 3.060007095336914
      vertex -6.274172782897949 -30 3.2047977447509766
    endloop
  endfacet
  facet normal 0.976295423454158 0 0.21644224666748013
    outer loop
      vertex -6.242073059082031 -30 3.060007095336914
      vertex -6.274172782897949 -36 3.2047977447509766
      vertex -6.242073059082031 -36 3.060007095336914
    endloop
  endfacet
  facet normal -0.999048011796941 0 -0.04362419196476904
    outer loop
      vertex 3.1999998092651367 -36 3.5
      vertex 3.1935300827026367 -30 3.648164749145508
      vertex 3.1999998092651367 -30 3.5
    endloop
  endfacet
  facet normal -0.999048011796941 0 -0.04362419196476904
    outer loop
      vertex 3.1935300827026367 -30 3.648164749145508
      vertex 3.1999998092651367 -36 3.5
      vertex 3.1935300827026367 -36 3.648164749145508
    endloop
  endfacet
  facet normal 0.21643611746120062 0 -0.9762967822636318
    outer loop
      vertex -5.039992332458496 -36 5.142073631286621
      vertex -4.895201683044434 -30 5.174172401428223
      vertex -4.895201683044434 -36 5.174172401428223
    endloop
  endfacet
  facet normal 0.21643611746120062 0 -0.9762967822636318
    outer loop
      vertex -4.895201683044434 -30 5.174172401428223
      vertex -5.039992332458496 -36 5.142073631286621
      vertex -5.039992332458496 -30 5.142073631286621
    endloop
  endfacet
  facet normal 0.7372774470756851 0 0.6755900872818964
    outer loop
      vertex -5.902275085449219 -36 2.4072608947753906
      vertex -5.802081108093262 -30 2.2979183197021484
      vertex -5.902275085449219 -30 2.4072608947753906
    endloop
  endfacet
  facet normal 0.7372774470756851 0 0.6755900872818964
    outer loop
      vertex -5.802081108093262 -30 2.2979183197021484
      vertex -5.902275085449219 -36 2.4072608947753906
      vertex -5.802081108093262 -36 2.2979183197021484
    endloop
  endfacet
  facet normal -0.9914449033361323 0 0.13052587348417627
    outer loop
      vertex 3.1741724014282227 -36 3.2047977447509766
      vertex 3.1935300827026367 -30 3.351834297180176
      vertex 3.1741724014282227 -30 3.2047977447509766
    endloop
  endfacet
  facet normal -0.9914449033361323 0 0.13052587348417627
    outer loop
      vertex 3.1935300827026367 -30 3.351834297180176
      vertex 3.1741724014282227 -36 3.2047977447509766
      vertex 3.1935300827026367 -36 3.351834297180176
    endloop
  endfacet
  facet normal 0.8433902427067788 0 0.5373014968404618
    outer loop
      vertex -6.072242736816406 -36 2.6499996185302734
      vertex -5.992557525634766 -30 2.5249195098876953
      vertex -6.072242736816406 -30 2.6499996185302734
    endloop
  endfacet
  facet normal 0.8433902427067788 0 0.5373014968404618
    outer loop
      vertex -5.992557525634766 -30 2.5249195098876953
      vertex -6.072242736816406 -36 2.6499996185302734
      vertex -5.992557525634766 -36 2.5249195098876953
    endloop
  endfacet
  facet normal 0.6755900872818964 0 -0.7372774470756851
    outer loop
      vertex -5.802081108093262 -36 4.702080726623535
      vertex -5.6927385330200195 -30 4.802274703979492
      vertex -5.6927385330200195 -36 4.802274703979492
    endloop
  endfacet
  facet normal 0.6755900872818964 0 -0.7372774470756851
    outer loop
      vertex -5.6927385330200195 -30 4.802274703979492
      vertex -5.802081108093262 -36 4.702080726623535
      vertex -5.802081108093262 -30 4.702080726623535
    endloop
  endfacet
  facet normal -0.9990480240344258 0 0.0436239117103142
    outer loop
      vertex 3.1935300827026367 -36 3.351834297180176
      vertex 3.1999998092651367 -30 3.5
      vertex 3.1935300827026367 -30 3.351834297180176
    endloop
  endfacet
  facet normal -0.9990480240344258 0 0.0436239117103142
    outer loop
      vertex 3.1999998092651367 -30 3.5
      vertex 3.1935300827026367 -36 3.351834297180176
      vertex 3.1999998092651367 -36 3.5
    endloop
  endfacet
  facet normal -0.6755900872818964 0 0.7372774470756851
    outer loop
      vertex 2.592738151550293 -30 2.1977243423461914
      vertex 2.702080726623535 -36 2.2979183197021484
      vertex 2.702080726623535 -30 2.2979183197021484
    endloop
  endfacet
  facet normal -0.6755900872818964 0 0.7372774470756851
    outer loop
      vertex 2.702080726623535 -36 2.2979183197021484
      vertex 2.592738151550293 -30 2.1977243423461914
      vertex 2.592738151550293 -36 2.1977243423461914
    endloop
  endfacet
  facet normal -0.887009512045283 0 0.4617511510989324
    outer loop
      vertex 2.9722423553466797 -36 2.6499996185302734
      vertex 3.0407228469848633 -30 2.781548500061035
      vertex 2.9722423553466797 -30 2.6499996185302734
    endloop
  endfacet
  facet normal -0.887009512045283 0 0.4617511510989324
    outer loop
      vertex 3.0407228469848633 -30 2.781548500061035
      vertex 2.9722423553466797 -36 2.6499996185302734
      vertex 3.0407228469848633 -36 2.781548500061035
    endloop
  endfacet
  facet normal -0.13052587348417627 0 0.9914449033361323
    outer loop
      vertex 1.6481647491455078 -30 1.8064689636230469
      vertex 1.795201301574707 -36 1.825826644897461
      vertex 1.795201301574707 -30 1.825826644897461
    endloop
  endfacet
  facet normal -0.13052587348417627 0 0.9914449033361323
    outer loop
      vertex 1.795201301574707 -36 1.825826644897461
      vertex 1.6481647491455078 -30 1.8064689636230469
      vertex 1.6481647491455078 -36 1.8064689636230469
    endloop
  endfacet
  facet normal -0.04362419196476904 0 0.999048011796941
    outer loop
      vertex 1.5 -30 1.7999992370605469
      vertex 1.6481647491455078 -36 1.8064689636230469
      vertex 1.6481647491455078 -30 1.8064689636230469
    endloop
  endfacet
  facet normal -0.04362419196476904 0 0.999048011796941
    outer loop
      vertex 1.6481647491455078 -36 1.8064689636230469
      vertex 1.5 -30 1.7999992370605469
      vertex 1.5 -36 1.7999992370605469
    endloop
  endfacet
  facet normal -0.9537162019628402 0 0.3007081743378034
    outer loop
      vertex 3.0974769592285156 -36 2.9185657501220703
      vertex 3.142073631286621 -30 3.060007095336914
      vertex 3.0974769592285156 -30 2.9185657501220703
    endloop
  endfacet
  facet normal -0.9537162019628402 0 0.3007081743378034
    outer loop
      vertex 3.142073631286621 -30 3.060007095336914
      vertex 3.0974769592285156 -36 2.9185657501220703
      vertex 3.142073631286621 -36 3.060007095336914
    endloop
  endfacet
  facet normal -0.9238802262619801 0 0.3826817574984631
    outer loop
      vertex 3.0407228469848633 -36 2.781548500061035
      vertex 3.0974769592285156 -30 2.9185657501220703
      vertex 3.0407228469848633 -30 2.781548500061035
    endloop
  endfacet
  facet normal -0.9238802262619801 0 0.3826817574984631
    outer loop
      vertex 3.0974769592285156 -30 2.9185657501220703
      vertex 3.0407228469848633 -36 2.781548500061035
      vertex 3.0974769592285156 -36 2.9185657501220703
    endloop
  endfacet
  facet normal 0.9238802262619801 0 0.3826817574984631
    outer loop
      vertex -6.197477340698242 -36 2.9185657501220703
      vertex -6.14072322845459 -30 2.781548500061035
      vertex -6.197477340698242 -30 2.9185657501220703
    endloop
  endfacet
  facet normal 0.9238802262619801 0 0.3826817574984631
    outer loop
      vertex -6.14072322845459 -30 2.781548500061035
      vertex -6.197477340698242 -36 2.9185657501220703
      vertex -6.14072322845459 -36 2.781548500061035
    endloop
  endfacet
  facet normal 0.13052504132614692 0 -0.9914450128911878
    outer loop
      vertex -4.895201683044434 -36 5.174172401428223
      vertex -4.748164176940918 -30 5.193530082702637
      vertex -4.748164176940918 -36 5.193530082702637
    endloop
  endfacet
  facet normal 0.13052504132614692 0 -0.9914450128911878
    outer loop
      vertex -4.748164176940918 -30 5.193530082702637
      vertex -4.895201683044434 -36 5.174172401428223
      vertex -4.895201683044434 -30 5.174172401428223
    endloop
  endfacet
  facet normal 0.4617511510989324 0 -0.887009512045283
    outer loop
      vertex -5.449999809265137 -36 4.97224235534668
      vertex -5.318450927734375 -30 5.040722846984863
      vertex -5.318450927734375 -36 5.040722846984863
    endloop
  endfacet
  facet normal 0.4617511510989324 0 -0.887009512045283
    outer loop
      vertex -5.318450927734375 -30 5.040722846984863
      vertex -5.449999809265137 -36 4.97224235534668
      vertex -5.449999809265137 -30 4.97224235534668
    endloop
  endfacet
  facet normal 0.5372969228020794 0 -0.8433931566875654
    outer loop
      vertex -5.575079917907715 -36 4.8925580978393555
      vertex -5.449999809265137 -30 4.97224235534668
      vertex -5.449999809265137 -36 4.97224235534668
    endloop
  endfacet
  facet normal 0.5372969228020794 0 -0.8433931566875654
    outer loop
      vertex -5.449999809265137 -30 4.97224235534668
      vertex -5.575079917907715 -36 4.8925580978393555
      vertex -5.575079917907715 -30 4.8925580978393555
    endloop
  endfacet
  facet normal 0.7933539608526207 0 -0.6087606202765242
    outer loop
      vertex -5.902275085449219 -36 4.592738151550293
      vertex -5.992557525634766 -30 4.475079536437988
      vertex -5.902275085449219 -30 4.592738151550293
    endloop
  endfacet
  facet normal 0.7933539608526207 0 -0.6087606202765242
    outer loop
      vertex -5.992557525634766 -30 4.475079536437988
      vertex -5.902275085449219 -36 4.592738151550293
      vertex -5.992557525634766 -36 4.475079536437988
    endloop
  endfacet
  facet normal 0.887009512045283 0 0.4617511510989324
    outer loop
      vertex -6.14072322845459 -36 2.781548500061035
      vertex -6.072242736816406 -30 2.6499996185302734
      vertex -6.14072322845459 -30 2.781548500061035
    endloop
  endfacet
  facet normal 0.887009512045283 0 0.4617511510989324
    outer loop
      vertex -6.072242736816406 -30 2.6499996185302734
      vertex -6.14072322845459 -36 2.781548500061035
      vertex -6.072242736816406 -36 2.6499996185302734
    endloop
  endfacet
  facet normal 0.6087646676640351 0 0.7933508551731049
    outer loop
      vertex -5.6927385330200195 -30 2.1977243423461914
      vertex -5.575079917907715 -36 2.107440948486328
      vertex -5.575079917907715 -30 2.107440948486328
    endloop
  endfacet
  facet normal 0.6087646676640351 0 0.7933508551731049
    outer loop
      vertex -5.575079917907715 -36 2.107440948486328
      vertex -5.6927385330200195 -30 2.1977243423461914
      vertex -5.6927385330200195 -36 2.1977243423461914
    endloop
  endfacet
  facet normal 0.04362419196476904 0 0.999048011796941
    outer loop
      vertex -4.748164176940918 -30 1.8064689636230469
      vertex -4.59999942779541 -36 1.7999992370605469
      vertex -4.59999942779541 -30 1.7999992370605469
    endloop
  endfacet
  facet normal 0.04362419196476904 0 0.999048011796941
    outer loop
      vertex -4.59999942779541 -36 1.7999992370605469
      vertex -4.748164176940918 -30 1.8064689636230469
      vertex -4.748164176940918 -36 1.8064689636230469
    endloop
  endfacet
  facet normal 0.9914449033361323 0 -0.13052587348417627
    outer loop
      vertex -6.274172782897949 -36 3.795201301574707
      vertex -6.293530464172363 -30 3.648164749145508
      vertex -6.274172782897949 -30 3.795201301574707
    endloop
  endfacet
  facet normal 0.9914449033361323 0 -0.13052587348417627
    outer loop
      vertex -6.293530464172363 -30 3.648164749145508
      vertex -6.274172782897949 -36 3.795201301574707
      vertex -6.293530464172363 -36 3.648164749145508
    endloop
  endfacet
  facet normal 0.887009512045283 0 -0.4617511510989324
    outer loop
      vertex -6.072242736816406 -36 4.34999942779541
      vertex -6.14072322845459 -30 4.218450546264648
      vertex -6.072242736816406 -30 4.34999942779541
    endloop
  endfacet
  facet normal 0.887009512045283 0 -0.4617511510989324
    outer loop
      vertex -6.14072322845459 -30 4.218450546264648
      vertex -6.072242736816406 -36 4.34999942779541
      vertex -6.14072322845459 -36 4.218450546264648
    endloop
  endfacet
  facet normal 0.7933539608526207 0 0.6087606202765242
    outer loop
      vertex -5.992557525634766 -36 2.5249195098876953
      vertex -5.902275085449219 -30 2.4072608947753906
      vertex -5.992557525634766 -30 2.5249195098876953
    endloop
  endfacet
  facet normal 0.7933539608526207 0 0.6087606202765242
    outer loop
      vertex -5.902275085449219 -30 2.4072608947753906
      vertex -5.992557525634766 -36 2.5249195098876953
      vertex -5.902275085449219 -36 2.4072608947753906
    endloop
  endfacet
  facet normal 0.7372774470756851 0 -0.6755900872818964
    outer loop
      vertex -5.802081108093262 -36 4.702080726623535
      vertex -5.902275085449219 -30 4.592738151550293
      vertex -5.802081108093262 -30 4.702080726623535
    endloop
  endfacet
  facet normal 0.7372774470756851 0 -0.6755900872818964
    outer loop
      vertex -5.902275085449219 -30 4.592738151550293
      vertex -5.802081108093262 -36 4.702080726623535
      vertex -5.902275085449219 -36 4.592738151550293
    endloop
  endfacet
  facet normal 0.976295423454158 0 -0.21644224666748013
    outer loop
      vertex -6.242073059082031 -36 3.9399919509887695
      vertex -6.274172782897949 -30 3.795201301574707
      vertex -6.242073059082031 -30 3.9399919509887695
    endloop
  endfacet
  facet normal 0.976295423454158 0 -0.21644224666748013
    outer loop
      vertex -6.274172782897949 -30 3.795201301574707
      vertex -6.242073059082031 -36 3.9399919509887695
      vertex -6.274172782897949 -36 3.795201301574707
    endloop
  endfacet
  facet normal 0.9537180461452692 0 -0.300702325326643
    outer loop
      vertex -6.197477340698242 -36 4.081433296203613
      vertex -6.242073059082031 -30 3.9399919509887695
      vertex -6.197477340698242 -30 4.081433296203613
    endloop
  endfacet
  facet normal 0.9537180461452692 0 -0.300702325326643
    outer loop
      vertex -6.242073059082031 -30 3.9399919509887695
      vertex -6.197477340698242 -36 4.081433296203613
      vertex -6.242073059082031 -36 3.9399919509887695
    endloop
  endfacet
  facet normal 0.9990483042665446 0 0.0436174935334666
    outer loop
      vertex -6.299999237060547 -36 3.5
      vertex -6.293530464172363 -30 3.351834297180176
      vertex -6.299999237060547 -30 3.5
    endloop
  endfacet
  facet normal 0.9990483042665446 0 0.0436174935334666
    outer loop
      vertex -6.293530464172363 -30 3.351834297180176
      vertex -6.299999237060547 -36 3.5
      vertex -6.293530464172363 -36 3.351834297180176
    endloop
  endfacet
  facet normal 0.999048292032657 0 -0.04361777374684615
    outer loop
      vertex -6.293530464172363 -36 3.648164749145508
      vertex -6.299999237060547 -30 3.5
      vertex -6.293530464172363 -30 3.648164749145508
    endloop
  endfacet
  facet normal 0.999048292032657 0 -0.04361777374684615
    outer loop
      vertex -6.299999237060547 -30 3.5
      vertex -6.293530464172363 -36 3.648164749145508
      vertex -6.299999237060547 -36 3.5
    endloop
  endfacet
  facet normal -0.7372774470756851 0 -0.6755900872818964
    outer loop
      vertex 2.802274703979492 -36 4.592738151550293
      vertex 2.702080726623535 -30 4.702080726623535
      vertex 2.802274703979492 -30 4.592738151550293
    endloop
  endfacet
  facet normal -0.7372774470756851 0 -0.6755900872818964
    outer loop
      vertex 2.702080726623535 -30 4.702080726623535
      vertex 2.802274703979492 -36 4.592738151550293
      vertex 2.702080726623535 -36 4.702080726623535
    endloop
  endfacet
  facet normal 0.04362419196476904 0 -0.999048011796941
    outer loop
      vertex -4.748164176940918 -36 5.193530082702637
      vertex -4.59999942779541 -30 5.199999809265137
      vertex -4.59999942779541 -36 5.199999809265137
    endloop
  endfacet
  facet normal 0.04362419196476904 0 -0.999048011796941
    outer loop
      vertex -4.59999942779541 -30 5.199999809265137
      vertex -4.748164176940918 -36 5.193530082702637
      vertex -4.748164176940918 -30 5.193530082702637
    endloop
  endfacet
  facet normal -0.9914449033361323 0 0.13052587348417627
    outer loop
      vertex 3.1741724014282227 30 3.2047977447509766
      vertex 3.1935300827026367 36 3.351834297180176
      vertex 3.1741724014282227 36 3.2047977447509766
    endloop
  endfacet
  facet normal -0.9914449033361323 0 0.13052587348417627
    outer loop
      vertex 3.1935300827026367 36 3.351834297180176
      vertex 3.1741724014282227 30 3.2047977447509766
      vertex 3.1935300827026367 30 3.351834297180176
    endloop
  endfacet
  facet normal 0.4617511510989324 0 0.887009512045283
    outer loop
      vertex -5.449999809265137 36 2.027756690979004
      vertex -5.318450927734375 30 1.9592761993408203
      vertex -5.318450927734375 36 1.9592761993408203
    endloop
  endfacet
  facet normal 0.4617511510989324 0 0.887009512045283
    outer loop
      vertex -5.318450927734375 30 1.9592761993408203
      vertex -5.449999809265137 36 2.027756690979004
      vertex -5.449999809265137 30 2.027756690979004
    endloop
  endfacet
  facet normal 0.976295423454158 0 0.21644224666748013
    outer loop
      vertex -6.274172782897949 30 3.2047977447509766
      vertex -6.242073059082031 36 3.060007095336914
      vertex -6.274172782897949 36 3.2047977447509766
    endloop
  endfacet
  facet normal 0.976295423454158 0 0.21644224666748013
    outer loop
      vertex -6.242073059082031 36 3.060007095336914
      vertex -6.274172782897949 30 3.2047977447509766
      vertex -6.242073059082031 30 3.060007095336914
    endloop
  endfacet
  facet normal -0.3826817574984631 0 -0.9238802262619801
    outer loop
      vertex 2.0814332962036133 30 5.097476959228516
      vertex 2.2184505462646484 36 5.040722846984863
      vertex 2.2184505462646484 30 5.040722846984863
    endloop
  endfacet
  facet normal -0.3826817574984631 0 -0.9238802262619801
    outer loop
      vertex 2.2184505462646484 36 5.040722846984863
      vertex 2.0814332962036133 30 5.097476959228516
      vertex 2.0814332962036133 36 5.097476959228516
    endloop
  endfacet
  facet normal -0.6755900872818964 0 -0.7372774470756851
    outer loop
      vertex 2.592738151550293 30 4.802274703979492
      vertex 2.702080726623535 36 4.702080726623535
      vertex 2.702080726623535 30 4.702080726623535
    endloop
  endfacet
  facet normal -0.6755900872818964 0 -0.7372774470756851
    outer loop
      vertex 2.702080726623535 36 4.702080726623535
      vertex 2.592738151550293 30 4.802274703979492
      vertex 2.592738151550293 36 4.802274703979492
    endloop
  endfacet
  facet normal 0.3007081743378034 0 0.9537162019628402
    outer loop
      vertex -5.18143367767334 36 1.902522087097168
      vertex -5.039992332458496 30 1.8579254150390625
      vertex -5.039992332458496 36 1.8579254150390625
    endloop
  endfacet
  facet normal 0.3007081743378034 0 0.9537162019628402
    outer loop
      vertex -5.039992332458496 30 1.8579254150390625
      vertex -5.18143367767334 36 1.902522087097168
      vertex -5.18143367767334 30 1.902522087097168
    endloop
  endfacet
  facet normal 0 0 1
    outer loop
      vertex -4.59999942779541 36 1.7999992370605469
      vertex 1.5 30 1.7999992370605469
      vertex 1.5 36 1.7999992370605469
    endloop
  endfacet
  facet normal 0 0 1
    outer loop
      vertex 1.5 30 1.7999992370605469
      vertex -4.59999942779541 36 1.7999992370605469
      vertex -4.59999942779541 30 1.7999992370605469
    endloop
  endfacet
  facet normal 0.5372969228020794 0 -0.8433931566875654
    outer loop
      vertex -5.575079917907715 30 4.8925580978393555
      vertex -5.449999809265137 36 4.97224235534668
      vertex -5.449999809265137 30 4.97224235534668
    endloop
  endfacet
  facet normal 0.5372969228020794 0 -0.8433931566875654
    outer loop
      vertex -5.449999809265137 36 4.97224235534668
      vertex -5.575079917907715 30 4.8925580978393555
      vertex -5.575079917907715 36 4.8925580978393555
    endloop
  endfacet
  facet normal -0.4617511510989324 0 -0.887009512045283
    outer loop
      vertex 2.2184505462646484 30 5.040722846984863
      vertex 2.34999942779541 36 4.97224235534668
      vertex 2.34999942779541 30 4.97224235534668
    endloop
  endfacet
  facet normal -0.4617511510989324 0 -0.887009512045283
    outer loop
      vertex 2.34999942779541 36 4.97224235534668
      vertex 2.2184505462646484 30 5.040722846984863
      vertex 2.2184505462646484 36 5.040722846984863
    endloop
  endfacet
  facet normal -0.21643611746120062 0 -0.9762967822636318
    outer loop
      vertex 1.795201301574707 30 5.174172401428223
      vertex 1.9399919509887695 36 5.142073631286621
      vertex 1.9399919509887695 30 5.142073631286621
    endloop
  endfacet
  facet normal -0.21643611746120062 0 -0.9762967822636318
    outer loop
      vertex 1.9399919509887695 36 5.142073631286621
      vertex 1.795201301574707 30 5.174172401428223
      vertex 1.795201301574707 36 5.174172401428223
    endloop
  endfacet
  facet normal 0.7933539608526207 0 0.6087606202765242
    outer loop
      vertex -5.992557525634766 30 2.5249195098876953
      vertex -5.902275085449219 36 2.4072608947753906
      vertex -5.992557525634766 36 2.5249195098876953
    endloop
  endfacet
  facet normal 0.7933539608526207 0 0.6087606202765242
    outer loop
      vertex -5.902275085449219 36 2.4072608947753906
      vertex -5.992557525634766 30 2.5249195098876953
      vertex -5.902275085449219 30 2.4072608947753906
    endloop
  endfacet
  facet normal 0 0 -1
    outer loop
      vertex -4.59999942779541 30 5.199999809265137
      vertex 1.5 36 5.199999809265137
      vertex 1.5 30 5.199999809265137
    endloop
  endfacet
  facet normal 0 0 -1
    outer loop
      vertex 1.5 36 5.199999809265137
      vertex -4.59999942779541 30 5.199999809265137
      vertex -4.59999942779541 36 5.199999809265137
    endloop
  endfacet
  facet normal 0.8433902427067788 0 -0.5373014968404618
    outer loop
      vertex -5.992557525634766 30 4.475079536437988
      vertex -6.072242736816406 36 4.34999942779541
      vertex -5.992557525634766 36 4.475079536437988
    endloop
  endfacet
  facet normal 0.8433902427067788 0 -0.5373014968404618
    outer loop
      vertex -6.072242736816406 36 4.34999942779541
      vertex -5.992557525634766 30 4.475079536437988
      vertex -6.072242736816406 30 4.34999942779541
    endloop
  endfacet
  facet normal -0.21643611746120062 0 0.9762967822636318
    outer loop
      vertex 1.795201301574707 36 1.825826644897461
      vertex 1.9399919509887695 30 1.8579254150390625
      vertex 1.9399919509887695 36 1.8579254150390625
    endloop
  endfacet
  facet normal -0.21643611746120062 0 0.9762967822636318
    outer loop
      vertex 1.9399919509887695 30 1.8579254150390625
      vertex 1.795201301574707 36 1.825826644897461
      vertex 1.795201301574707 30 1.825826644897461
    endloop
  endfacet
  facet normal 0.6087646676640351 0 0.7933508551731049
    outer loop
      vertex -5.6927385330200195 36 2.1977243423461914
      vertex -5.575079917907715 30 2.107440948486328
      vertex -5.575079917907715 36 2.107440948486328
    endloop
  endfacet
  facet normal 0.6087646676640351 0 0.7933508551731049
    outer loop
      vertex -5.575079917907715 30 2.107440948486328
      vertex -5.6927385330200195 36 2.1977243423461914
      vertex -5.6927385330200195 30 2.1977243423461914
    endloop
  endfacet
  facet normal 0.3826817574984631 0 -0.9238802262619801
    outer loop
      vertex -5.318450927734375 30 5.040722846984863
      vertex -5.18143367767334 36 5.097476959228516
      vertex -5.18143367767334 30 5.097476959228516
    endloop
  endfacet
  facet normal 0.3826817574984631 0 -0.9238802262619801
    outer loop
      vertex -5.18143367767334 36 5.097476959228516
      vertex -5.318450927734375 30 5.040722846984863
      vertex -5.318450927734375 36 5.040722846984863
    endloop
  endfacet
  facet normal -0.13052587348417627 0 -0.9914449033361323
    outer loop
      vertex 1.6481647491455078 30 5.193530082702637
      vertex 1.795201301574707 36 5.174172401428223
      vertex 1.795201301574707 30 5.174172401428223
    endloop
  endfacet
  facet normal -0.13052587348417627 0 -0.9914449033361323
    outer loop
      vertex 1.795201301574707 36 5.174172401428223
      vertex 1.6481647491455078 30 5.193530082702637
      vertex 1.6481647491455078 36 5.193530082702637
    endloop
  endfacet
  facet normal 0.9537180461452692 0 -0.300702325326643
    outer loop
      vertex -6.197477340698242 30 4.081433296203613
      vertex -6.242073059082031 36 3.9399919509887695
      vertex -6.197477340698242 36 4.081433296203613
    endloop
  endfacet
  facet normal 0.9537180461452692 0 -0.300702325326643
    outer loop
      vertex -6.242073059082031 36 3.9399919509887695
      vertex -6.197477340698242 30 4.081433296203613
      vertex -6.242073059082031 30 3.9399919509887695
    endloop
  endfacet
  facet normal 0.9238802262619801 0 0.3826817574984631
    outer loop
      vertex -6.197477340698242 30 2.9185657501220703
      vertex -6.14072322845459 36 2.781548500061035
      vertex -6.197477340698242 36 2.9185657501220703
    endloop
  endfacet
  facet normal 0.9238802262619801 0 0.3826817574984631
    outer loop
      vertex -6.14072322845459 36 2.781548500061035
      vertex -6.197477340698242 30 2.9185657501220703
      vertex -6.14072322845459 30 2.781548500061035
    endloop
  endfacet
  facet normal 0.6755900872818964 0 0.7372774470756851
    outer loop
      vertex -5.802081108093262 36 2.2979183197021484
      vertex -5.6927385330200195 30 2.1977243423461914
      vertex -5.6927385330200195 36 2.1977243423461914
    endloop
  endfacet
  facet normal 0.6755900872818964 0 0.7372774470756851
    outer loop
      vertex -5.6927385330200195 30 2.1977243423461914
      vertex -5.802081108093262 36 2.2979183197021484
      vertex -5.802081108093262 30 2.2979183197021484
    endloop
  endfacet
  facet normal -0.9762967822636318 0 0.21643611746120062
    outer loop
      vertex 3.142073631286621 30 3.060007095336914
      vertex 3.1741724014282227 36 3.2047977447509766
      vertex 3.142073631286621 36 3.060007095336914
    endloop
  endfacet
  facet normal -0.9762967822636318 0 0.21643611746120062
    outer loop
      vertex 3.1741724014282227 36 3.2047977447509766
      vertex 3.142073631286621 30 3.060007095336914
      vertex 3.1741724014282227 30 3.2047977447509766
    endloop
  endfacet
  facet normal 0.887009512045283 0 0.4617511510989324
    outer loop
      vertex -6.14072322845459 30 2.781548500061035
      vertex -6.072242736816406 36 2.6499996185302734
      vertex -6.14072322845459 36 2.781548500061035
    endloop
  endfacet
  facet normal 0.887009512045283 0 0.4617511510989324
    outer loop
      vertex -6.072242736816406 36 2.6499996185302734
      vertex -6.14072322845459 30 2.781548500061035
      vertex -6.072242736816406 30 2.6499996185302734
    endloop
  endfacet
  facet normal 0.8433902427067788 0 0.5373014968404618
    outer loop
      vertex -6.072242736816406 30 2.6499996185302734
      vertex -5.992557525634766 36 2.5249195098876953
      vertex -6.072242736816406 36 2.6499996185302734
    endloop
  endfacet
  facet normal 0.8433902427067788 0 0.5373014968404618
    outer loop
      vertex -5.992557525634766 36 2.5249195098876953
      vertex -6.072242736816406 30 2.6499996185302734
      vertex -5.992557525634766 30 2.5249195098876953
    endloop
  endfacet
  facet normal -0.9238802262619801 0 0.3826817574984631
    outer loop
      vertex 3.0407228469848633 30 2.781548500061035
      vertex 3.0974769592285156 36 2.9185657501220703
      vertex 3.0407228469848633 36 2.781548500061035
    endloop
  endfacet
  facet normal -0.9238802262619801 0 0.3826817574984631
    outer loop
      vertex 3.0974769592285156 36 2.9185657501220703
      vertex 3.0407228469848633 30 2.781548500061035
      vertex 3.0974769592285156 30 2.9185657501220703
    endloop
  endfacet
  facet normal 0.6755900872818964 0 -0.7372774470756851
    outer loop
      vertex -5.802081108093262 30 4.702080726623535
      vertex -5.6927385330200195 36 4.802274703979492
      vertex -5.6927385330200195 30 4.802274703979492
    endloop
  endfacet
  facet normal 0.6755900872818964 0 -0.7372774470756851
    outer loop
      vertex -5.6927385330200195 36 4.802274703979492
      vertex -5.802081108093262 30 4.702080726623535
      vertex -5.802081108093262 36 4.702080726623535
    endloop
  endfacet
  facet normal 0.887009512045283 0 -0.4617511510989324
    outer loop
      vertex -6.072242736816406 30 4.34999942779541
      vertex -6.14072322845459 36 4.218450546264648
      vertex -6.072242736816406 36 4.34999942779541
    endloop
  endfacet
  facet normal 0.887009512045283 0 -0.4617511510989324
    outer loop
      vertex -6.14072322845459 36 4.218450546264648
      vertex -6.072242736816406 30 4.34999942779541
      vertex -6.14072322845459 30 4.218450546264648
    endloop
  endfacet
  facet normal -0.3826817574984631 0 0.9238802262619801
    outer loop
      vertex 2.0814332962036133 36 1.902522087097168
      vertex 2.2184505462646484 30 1.9592761993408203
      vertex 2.2184505462646484 36 1.9592761993408203
    endloop
  endfacet
  facet normal -0.3826817574984631 0 0.9238802262619801
    outer loop
      vertex 2.2184505462646484 30 1.9592761993408203
      vertex 2.0814332962036133 36 1.902522087097168
      vertex 2.0814332962036133 30 1.902522087097168
    endloop
  endfacet
  facet normal 0.9238802262619801 0 -0.3826817574984631
    outer loop
      vertex -6.14072322845459 30 4.218450546264648
      vertex -6.197477340698242 36 4.081433296203613
      vertex -6.14072322845459 36 4.218450546264648
    endloop
  endfacet
  facet normal 0.9238802262619801 0 -0.3826817574984631
    outer loop
      vertex -6.197477340698242 36 4.081433296203613
      vertex -6.14072322845459 30 4.218450546264648
      vertex -6.197477340698242 30 4.081433296203613
    endloop
  endfacet
  facet normal 0.4617511510989324 0 -0.887009512045283
    outer loop
      vertex -5.449999809265137 30 4.97224235534668
      vertex -5.318450927734375 36 5.040722846984863
      vertex -5.318450927734375 30 5.040722846984863
    endloop
  endfacet
  facet normal 0.4617511510989324 0 -0.887009512045283
    outer loop
      vertex -5.318450927734375 36 5.040722846984863
      vertex -5.449999809265137 30 4.97224235534668
      vertex -5.449999809265137 36 4.97224235534668
    endloop
  endfacet
  facet normal 0.04362419196476904 0 0.999048011796941
    outer loop
      vertex -4.748164176940918 36 1.8064689636230469
      vertex -4.59999942779541 30 1.7999992370605469
      vertex -4.59999942779541 36 1.7999992370605469
    endloop
  endfacet
  facet normal 0.04362419196476904 0 0.999048011796941
    outer loop
      vertex -4.59999942779541 30 1.7999992370605469
      vertex -4.748164176940918 36 1.8064689636230469
      vertex -4.748164176940918 30 1.8064689636230469
    endloop
  endfacet
  facet normal 0.7933539608526207 0 -0.6087606202765242
    outer loop
      vertex -5.902275085449219 30 4.592738151550293
      vertex -5.992557525634766 36 4.475079536437988
      vertex -5.902275085449219 36 4.592738151550293
    endloop
  endfacet
  facet normal 0.7933539608526207 0 -0.6087606202765242
    outer loop
      vertex -5.992557525634766 36 4.475079536437988
      vertex -5.902275085449219 30 4.592738151550293
      vertex -5.992557525634766 30 4.475079536437988
    endloop
  endfacet
  facet normal 0.7372774470756851 0 0.6755900872818964
    outer loop
      vertex -5.902275085449219 30 2.4072608947753906
      vertex -5.802081108093262 36 2.2979183197021484
      vertex -5.902275085449219 36 2.4072608947753906
    endloop
  endfacet
  facet normal 0.7372774470756851 0 0.6755900872818964
    outer loop
      vertex -5.802081108093262 36 2.2979183197021484
      vertex -5.902275085449219 30 2.4072608947753906
      vertex -5.802081108093262 30 2.2979183197021484
    endloop
  endfacet
  facet normal 0.3826817574984631 0 0.9238802262619801
    outer loop
      vertex -5.318450927734375 36 1.9592761993408203
      vertex -5.18143367767334 30 1.902522087097168
      vertex -5.18143367767334 36 1.902522087097168
    endloop
  endfacet
  facet normal 0.3826817574984631 0 0.9238802262619801
    outer loop
      vertex -5.18143367767334 30 1.902522087097168
      vertex -5.318450927734375 36 1.9592761993408203
      vertex -5.318450927734375 30 1.9592761993408203
    endloop
  endfacet
  facet normal -0.8433931566875654 0 -0.5372969228020794
    outer loop
      vertex 2.9722423553466797 30 4.34999942779541
      vertex 2.8925580978393555 36 4.475079536437988
      vertex 2.9722423553466797 36 4.34999942779541
    endloop
  endfacet
  facet normal -0.8433931566875654 0 -0.5372969228020794
    outer loop
      vertex 2.8925580978393555 36 4.475079536437988
      vertex 2.9722423553466797 30 4.34999942779541
      vertex 2.8925580978393555 30 4.475079536437988
    endloop
  endfacet
  facet normal 0.3007081743378034 0 -0.9537162019628402
    outer loop
      vertex -5.18143367767334 30 5.097476959228516
      vertex -5.039992332458496 36 5.142073631286621
      vertex -5.039992332458496 30 5.142073631286621
    endloop
  endfacet
  facet normal 0.3007081743378034 0 -0.9537162019628402
    outer loop
      vertex -5.039992332458496 36 5.142073631286621
      vertex -5.18143367767334 30 5.097476959228516
      vertex -5.18143367767334 36 5.097476959228516
    endloop
  endfacet
  facet normal -0.6755900872818964 0 0.7372774470756851
    outer loop
      vertex 2.592738151550293 36 2.1977243423461914
      vertex 2.702080726623535 30 2.2979183197021484
      vertex 2.702080726623535 36 2.2979183197021484
    endloop
  endfacet
  facet normal -0.6755900872818964 0 0.7372774470756851
    outer loop
      vertex 2.702080726623535 30 2.2979183197021484
      vertex 2.592738151550293 36 2.1977243423461914
      vertex 2.592738151550293 30 2.1977243423461914
    endloop
  endfacet
  facet normal -0.3007081743378034 0 -0.9537162019628402
    outer loop
      vertex 1.9399919509887695 30 5.142073631286621
      vertex 2.0814332962036133 36 5.097476959228516
      vertex 2.0814332962036133 30 5.097476959228516
    endloop
  endfacet
  facet normal -0.3007081743378034 0 -0.9537162019628402
    outer loop
      vertex 2.0814332962036133 36 5.097476959228516
      vertex 1.9399919509887695 30 5.142073631286621
      vertex 1.9399919509887695 36 5.142073631286621
    endloop
  endfacet
  facet normal -0.04362419196476904 0 0.999048011796941
    outer loop
      vertex 1.5 36 1.7999992370605469
      vertex 1.6481647491455078 30 1.8064689636230469
      vertex 1.6481647491455078 36 1.8064689636230469
    endloop
  endfacet
  facet normal -0.04362419196476904 0 0.999048011796941
    outer loop
      vertex 1.6481647491455078 30 1.8064689636230469
      vertex 1.5 36 1.7999992370605469
      vertex 1.5 30 1.7999992370605469
    endloop
  endfacet
  facet normal 0.7372774470756851 0 -0.6755900872818964
    outer loop
      vertex -5.802081108093262 30 4.702080726623535
      vertex -5.902275085449219 36 4.592738151550293
      vertex -5.802081108093262 36 4.702080726623535
    endloop
  endfacet
  facet normal 0.7372774470756851 0 -0.6755900872818964
    outer loop
      vertex -5.902275085449219 36 4.592738151550293
      vertex -5.802081108093262 30 4.702080726623535
      vertex -5.902275085449219 30 4.592738151550293
    endloop
  endfacet
  facet normal -0.6087646676640351 0 0.7933508551731049
    outer loop
      vertex 2.4750795364379883 36 2.107440948486328
      vertex 2.592738151550293 30 2.1977243423461914
      vertex 2.592738151550293 36 2.1977243423461914
    endloop
  endfacet
  facet normal -0.6087646676640351 0 0.7933508551731049
    outer loop
      vertex 2.592738151550293 30 2.1977243423461914
      vertex 2.4750795364379883 36 2.107440948486328
      vertex 2.4750795364379883 30 2.107440948486328
    endloop
  endfacet
  facet normal -0.9914449033361323 0 -0.13052587348417627
    outer loop
      vertex 3.1935300827026367 30 3.648164749145508
      vertex 3.1741724014282227 36 3.795201301574707
      vertex 3.1935300827026367 36 3.648164749145508
    endloop
  endfacet
  facet normal -0.9914449033361323 0 -0.13052587348417627
    outer loop
      vertex 3.1741724014282227 36 3.795201301574707
      vertex 3.1935300827026367 30 3.648164749145508
      vertex 3.1741724014282227 30 3.795201301574707
    endloop
  endfacet
  facet normal -0.5372969228020794 0 0.8433931566875654
    outer loop
      vertex 2.34999942779541 36 2.027756690979004
      vertex 2.4750795364379883 30 2.107440948486328
      vertex 2.4750795364379883 36 2.107440948486328
    endloop
  endfacet
  facet normal -0.5372969228020794 0 0.8433931566875654
    outer loop
      vertex 2.4750795364379883 30 2.107440948486328
      vertex 2.34999942779541 36 2.027756690979004
      vertex 2.34999942779541 30 2.027756690979004
    endloop
  endfacet
  facet normal -0.9990480240344258 0 0.0436239117103142
    outer loop
      vertex 3.1935300827026367 30 3.351834297180176
      vertex 3.1999998092651367 36 3.5
      vertex 3.1935300827026367 36 3.351834297180176
    endloop
  endfacet
  facet normal -0.9990480240344258 0 0.0436239117103142
    outer loop
      vertex 3.1999998092651367 36 3.5
      vertex 3.1935300827026367 30 3.351834297180176
      vertex 3.1999998092651367 30 3.5
    endloop
  endfacet
  facet normal -0.13052587348417627 0 0.9914449033361323
    outer loop
      vertex 1.6481647491455078 36 1.8064689636230469
      vertex 1.795201301574707 30 1.825826644897461
      vertex 1.795201301574707 36 1.825826644897461
    endloop
  endfacet
  facet normal -0.13052587348417627 0 0.9914449033361323
    outer loop
      vertex 1.795201301574707 30 1.825826644897461
      vertex 1.6481647491455078 36 1.8064689636230469
      vertex 1.6481647491455078 30 1.8064689636230469
    endloop
  endfacet
  facet normal -0.9537162019628402 0 -0.3007081743378034
    outer loop
      vertex 3.142073631286621 30 3.9399919509887695
      vertex 3.0974769592285156 36 4.081433296203613
      vertex 3.142073631286621 36 3.9399919509887695
    endloop
  endfacet
  facet normal -0.9537162019628402 0 -0.3007081743378034
    outer loop
      vertex 3.0974769592285156 36 4.081433296203613
      vertex 3.142073631286621 30 3.9399919509887695
      vertex 3.0974769592285156 30 4.081433296203613
    endloop
  endfacet
  facet normal 0.13052504132614692 0 0.9914450128911878
    outer loop
      vertex -4.895201683044434 36 1.825826644897461
      vertex -4.748164176940918 30 1.8064689636230469
      vertex -4.748164176940918 36 1.8064689636230469
    endloop
  endfacet
  facet normal 0.13052504132614692 0 0.9914450128911878
    outer loop
      vertex -4.748164176940918 30 1.8064689636230469
      vertex -4.895201683044434 36 1.825826644897461
      vertex -4.895201683044434 30 1.825826644897461
    endloop
  endfacet
  facet normal 0.9914449033361323 0 -0.13052587348417627
    outer loop
      vertex -6.274172782897949 30 3.795201301574707
      vertex -6.293530464172363 36 3.648164749145508
      vertex -6.274172782897949 36 3.795201301574707
    endloop
  endfacet
  facet normal 0.9914449033361323 0 -0.13052587348417627
    outer loop
      vertex -6.293530464172363 36 3.648164749145508
      vertex -6.274172782897949 30 3.795201301574707
      vertex -6.293530464172363 30 3.648164749145508
    endloop
  endfacet
  facet normal -0.9537162019628402 0 0.3007081743378034
    outer loop
      vertex 3.0974769592285156 30 2.9185657501220703
      vertex 3.142073631286621 36 3.060007095336914
      vertex 3.0974769592285156 36 2.9185657501220703
    endloop
  endfacet
  facet normal -0.9537162019628402 0 0.3007081743378034
    outer loop
      vertex 3.142073631286621 36 3.060007095336914
      vertex 3.0974769592285156 30 2.9185657501220703
      vertex 3.142073631286621 30 3.060007095336914
    endloop
  endfacet
  facet normal -0.6087646676640351 0 -0.7933508551731049
    outer loop
      vertex 2.4750795364379883 30 4.8925580978393555
      vertex 2.592738151550293 36 4.802274703979492
      vertex 2.592738151550293 30 4.802274703979492
    endloop
  endfacet
  facet normal -0.6087646676640351 0 -0.7933508551731049
    outer loop
      vertex 2.592738151550293 36 4.802274703979492
      vertex 2.4750795364379883 30 4.8925580978393555
      vertex 2.4750795364379883 36 4.8925580978393555
    endloop
  endfacet
  facet normal 0.999048292032657 0 -0.04361777374684615
    outer loop
      vertex -6.293530464172363 30 3.648164749145508
      vertex -6.299999237060547 36 3.5
      vertex -6.293530464172363 36 3.648164749145508
    endloop
  endfacet
  facet normal 0.999048292032657 0 -0.04361777374684615
    outer loop
      vertex -6.299999237060547 36 3.5
      vertex -6.293530464172363 30 3.648164749145508
      vertex -6.299999237060547 30 3.5
    endloop
  endfacet
  facet normal -0.04362419196476904 0 -0.999048011796941
    outer loop
      vertex 1.5 30 5.199999809265137
      vertex 1.6481647491455078 36 5.193530082702637
      vertex 1.6481647491455078 30 5.193530082702637
    endloop
  endfacet
  facet normal -0.04362419196476904 0 -0.999048011796941
    outer loop
      vertex 1.6481647491455078 36 5.193530082702637
      vertex 1.5 30 5.199999809265137
      vertex 1.5 36 5.199999809265137
    endloop
  endfacet
  facet normal 0.21643611746120062 0 0.9762967822636318
    outer loop
      vertex -5.039992332458496 36 1.8579254150390625
      vertex -4.895201683044434 30 1.825826644897461
      vertex -4.895201683044434 36 1.825826644897461
    endloop
  endfacet
  facet normal 0.21643611746120062 0 0.9762967822636318
    outer loop
      vertex -4.895201683044434 30 1.825826644897461
      vertex -5.039992332458496 36 1.8579254150390625
      vertex -5.039992332458496 30 1.8579254150390625
    endloop
  endfacet
  facet normal -0.7933508551731049 0 0.6087646676640351
    outer loop
      vertex 2.802274703979492 30 2.4072608947753906
      vertex 2.8925580978393555 36 2.5249195098876953
      vertex 2.802274703979492 36 2.4072608947753906
    endloop
  endfacet
  facet normal -0.7933508551731049 0 0.6087646676640351
    outer loop
      vertex 2.8925580978393555 36 2.5249195098876953
      vertex 2.802274703979492 30 2.4072608947753906
      vertex 2.8925580978393555 30 2.5249195098876953
    endloop
  endfacet
  facet normal -0.5372969228020794 0 -0.8433931566875654
    outer loop
      vertex 2.34999942779541 30 4.97224235534668
      vertex 2.4750795364379883 36 4.8925580978393555
      vertex 2.4750795364379883 30 4.8925580978393555
    endloop
  endfacet
  facet normal -0.5372969228020794 0 -0.8433931566875654
    outer loop
      vertex 2.4750795364379883 36 4.8925580978393555
      vertex 2.34999942779541 30 4.97224235534668
      vertex 2.34999942779541 36 4.97224235534668
    endloop
  endfacet
  facet normal -0.7933508551731049 0 -0.6087646676640351
    outer loop
      vertex 2.8925580978393555 30 4.475079536437988
      vertex 2.802274703979492 36 4.592738151550293
      vertex 2.8925580978393555 36 4.475079536437988
    endloop
  endfacet
  facet normal -0.7933508551731049 0 -0.6087646676640351
    outer loop
      vertex 2.802274703979492 36 4.592738151550293
      vertex 2.8925580978393555 30 4.475079536437988
      vertex 2.802274703979492 30 4.592738151550293
    endloop
  endfacet
  facet normal 0.6087646676640351 0 -0.7933508551731049
    outer loop
      vertex -5.6927385330200195 30 4.802274703979492
      vertex -5.575079917907715 36 4.8925580978393555
      vertex -5.575079917907715 30 4.8925580978393555
    endloop
  endfacet
  facet normal 0.6087646676640351 0 -0.7933508551731049
    outer loop
      vertex -5.575079917907715 36 4.8925580978393555
      vertex -5.6927385330200195 30 4.802274703979492
      vertex -5.6927385330200195 36 4.802274703979492
    endloop
  endfacet
  facet normal -0.999048011796941 0 -0.04362419196476904
    outer loop
      vertex 3.1999998092651367 30 3.5
      vertex 3.1935300827026367 36 3.648164749145508
      vertex 3.1999998092651367 36 3.5
    endloop
  endfacet
  facet normal -0.999048011796941 0 -0.04362419196476904
    outer loop
      vertex 3.1935300827026367 36 3.648164749145508
      vertex 3.1999998092651367 30 3.5
      vertex 3.1935300827026367 30 3.648164749145508
    endloop
  endfacet
  facet normal -0.9238802262619801 0 -0.3826817574984631
    outer loop
      vertex 3.0974769592285156 30 4.081433296203613
      vertex 3.0407228469848633 36 4.218450546264648
      vertex 3.0974769592285156 36 4.081433296203613
    endloop
  endfacet
  facet normal -0.9238802262619801 0 -0.3826817574984631
    outer loop
      vertex 3.0407228469848633 36 4.218450546264648
      vertex 3.0974769592285156 30 4.081433296203613
      vertex 3.0407228469848633 30 4.218450546264648
    endloop
  endfacet
  facet normal 0.9537180461452692 0 0.300702325326643
    outer loop
      vertex -6.242073059082031 30 3.060007095336914
      vertex -6.197477340698242 36 2.9185657501220703
      vertex -6.242073059082031 36 3.060007095336914
    endloop
  endfacet
  facet normal 0.9537180461452692 0 0.300702325326643
    outer loop
      vertex -6.197477340698242 36 2.9185657501220703
      vertex -6.242073059082031 30 3.060007095336914
      vertex -6.197477340698242 30 2.9185657501220703
    endloop
  endfacet
  facet normal 0.5372969228020794 0 0.8433931566875654
    outer loop
      vertex -5.575079917907715 36 2.107440948486328
      vertex -5.449999809265137 30 2.027756690979004
      vertex -5.449999809265137 36 2.027756690979004
    endloop
  endfacet
  facet normal 0.5372969228020794 0 0.8433931566875654
    outer loop
      vertex -5.449999809265137 30 2.027756690979004
      vertex -5.575079917907715 36 2.107440948486328
      vertex -5.575079917907715 30 2.107440948486328
    endloop
  endfacet
  facet normal -0.887009512045283 0 -0.4617511510989324
    outer loop
      vertex 3.0407228469848633 30 4.218450546264648
      vertex 2.9722423553466797 36 4.34999942779541
      vertex 3.0407228469848633 36 4.218450546264648
    endloop
  endfacet
  facet normal -0.887009512045283 0 -0.4617511510989324
    outer loop
      vertex 2.9722423553466797 36 4.34999942779541
      vertex 3.0407228469848633 30 4.218450546264648
      vertex 2.9722423553466797 30 4.34999942779541
    endloop
  endfacet
  facet normal 0.9914449033361323 0 0.13052587348417627
    outer loop
      vertex -6.293530464172363 30 3.351834297180176
      vertex -6.274172782897949 36 3.2047977447509766
      vertex -6.293530464172363 36 3.351834297180176
    endloop
  endfacet
  facet normal 0.9914449033361323 0 0.13052587348417627
    outer loop
      vertex -6.274172782897949 36 3.2047977447509766
      vertex -6.293530464172363 30 3.351834297180176
      vertex -6.274172782897949 30 3.2047977447509766
    endloop
  endfacet
  facet normal -0.3007081743378034 0 0.9537162019628402
    outer loop
      vertex 1.9399919509887695 36 1.8579254150390625
      vertex 2.0814332962036133 30 1.902522087097168
      vertex 2.0814332962036133 36 1.902522087097168
    endloop
  endfacet
  facet normal -0.3007081743378034 0 0.9537162019628402
    outer loop
      vertex 2.0814332962036133 30 1.902522087097168
      vertex 1.9399919509887695 36 1.8579254150390625
      vertex 1.9399919509887695 30 1.8579254150390625
    endloop
  endfacet
  facet normal -0.887009512045283 0 0.4617511510989324
    outer loop
      vertex 2.9722423553466797 30 2.6499996185302734
      vertex 3.0407228469848633 36 2.781548500061035
      vertex 2.9722423553466797 36 2.6499996185302734
    endloop
  endfacet
  facet normal -0.887009512045283 0 0.4617511510989324
    outer loop
      vertex 3.0407228469848633 36 2.781548500061035
      vertex 2.9722423553466797 30 2.6499996185302734
      vertex 3.0407228469848633 30 2.781548500061035
    endloop
  endfacet
  facet normal -0.9762967822636318 0 -0.21643611746120062
    outer loop
      vertex 3.1741724014282227 30 3.795201301574707
      vertex 3.142073631286621 36 3.9399919509887695
      vertex 3.1741724014282227 36 3.795201301574707
    endloop
  endfacet
  facet normal -0.9762967822636318 0 -0.21643611746120062
    outer loop
      vertex 3.142073631286621 36 3.9399919509887695
      vertex 3.1741724014282227 30 3.795201301574707
      vertex 3.142073631286621 30 3.9399919509887695
    endloop
  endfacet
  facet normal -0.4617511510989324 0 0.887009512045283
    outer loop
      vertex 2.2184505462646484 36 1.9592761993408203
      vertex 2.34999942779541 30 2.027756690979004
      vertex 2.34999942779541 36 2.027756690979004
    endloop
  endfacet
  facet normal -0.4617511510989324 0 0.887009512045283
    outer loop
      vertex 2.34999942779541 30 2.027756690979004
      vertex 2.2184505462646484 36 1.9592761993408203
      vertex 2.2184505462646484 30 1.9592761993408203
    endloop
  endfacet
  facet normal 0.976295423454158 0 -0.21644224666748013
    outer loop
      vertex -6.242073059082031 30 3.9399919509887695
      vertex -6.274172782897949 36 3.795201301574707
      vertex -6.242073059082031 36 3.9399919509887695
    endloop
  endfacet
  facet normal 0.976295423454158 0 -0.21644224666748013
    outer loop
      vertex -6.274172782897949 36 3.795201301574707
      vertex -6.242073059082031 30 3.9399919509887695
      vertex -6.274172782897949 30 3.795201301574707
    endloop
  endfacet
  facet normal 0 1 0
    outer loop
      vertex 1.5 30 1.7999992370605469
      vertex 1.5 30 5.199999809265137
      vertex 1.6481647491455078 30 5.193530082702637
    endloop
  endfacet
  facet normal 0 1 0
    outer loop
      vertex 1.5 30 5.199999809265137
      vertex 1.5 30 1.7999992370605469
      vertex -4.59999942779541 30 5.199999809265137
    endloop
  endfacet
  facet normal 0 1 0
    outer loop
      vertex 1.5 30 1.7999992370605469
      vertex 1.6481647491455078 30 5.193530082702637
      vertex 1.795201301574707 30 5.174172401428223
    endloop
  endfacet
  facet normal 0 1 0
    outer loop
      vertex -4.59999942779541 30 1.7999992370605469
      vertex -4.59999942779541 30 5.199999809265137
      vertex 1.5 30 1.7999992370605469
    endloop
  endfacet
  facet normal 0 1 0
    outer loop
      vertex 1.5 30 1.7999992370605469
      vertex 1.795201301574707 30 5.174172401428223
      vertex 1.9399919509887695 30 5.142073631286621
    endloop
  endfacet
  facet normal 0 1 0
    outer loop
      vertex -4.59999942779541 30 5.199999809265137
      vertex -4.59999942779541 30 1.7999992370605469
      vertex -4.748164176940918 30 5.193530082702637
    endloop
  endfacet
  facet normal 0 1 0
    outer loop
      vertex 1.5 30 1.7999992370605469
      vertex 1.9399919509887695 30 5.142073631286621
      vertex 2.0814332962036133 30 5.097476959228516
    endloop
  endfacet
  facet normal 0 1 0
    outer loop
      vertex -4.748164176940918 30 5.193530082702637
      vertex -4.59999942779541 30 1.7999992370605469
      vertex -4.895201683044434 30 5.174172401428223
    endloop
  endfacet
  facet normal 0 1 0
    outer loop
      vertex 1.5 30 1.7999992370605469
      vertex 2.0814332962036133 30 5.097476959228516
      vertex 2.2184505462646484 30 5.040722846984863
    endloop
  endfacet
  facet normal 0 1 0
    outer loop
      vertex -4.895201683044434 30 5.174172401428223
      vertex -4.59999942779541 30 1.7999992370605469
      vertex -5.039992332458496 30 5.142073631286621
    endloop
  endfacet
  facet normal 0 1 0
    outer loop
      vertex 1.5 30 1.7999992370605469
      vertex 2.2184505462646484 30 5.040722846984863
      vertex 2.34999942779541 30 4.97224235534668
    endloop
  endfacet
  facet normal 0 1 0
    outer loop
      vertex -5.039992332458496 30 5.142073631286621
      vertex -4.59999942779541 30 1.7999992370605469
      vertex -5.18143367767334 30 5.097476959228516
    endloop
  endfacet
  facet normal 0 1 0
    outer loop
      vertex 1.5 30 1.7999992370605469
      vertex 2.34999942779541 30 4.97224235534668
      vertex 2.4750795364379883 30 4.8925580978393555
    endloop
  endfacet
  facet normal 0 1 0
    outer loop
      vertex -5.18143367767334 30 5.097476959228516
      vertex -4.59999942779541 30 1.7999992370605469
      vertex -5.318450927734375 30 5.040722846984863
    endloop
  endfacet
  facet normal 0 1 0
    outer loop
      vertex 1.5 30 1.7999992370605469
      vertex 2.4750795364379883 30 4.8925580978393555
      vertex 2.592738151550293 30 4.802274703979492
    endloop
  endfacet
  facet normal 0 1 0
    outer loop
      vertex -5.318450927734375 30 5.040722846984863
      vertex -4.59999942779541 30 1.7999992370605469
      vertex -5.449999809265137 30 4.97224235534668
    endloop
  endfacet
  facet normal 0 1 0
    outer loop
      vertex 1.5 30 1.7999992370605469
      vertex 2.592738151550293 30 4.802274703979492
      vertex 2.702080726623535 30 4.702080726623535
    endloop
  endfacet
  facet normal 0 1 0
    outer loop
      vertex -5.449999809265137 30 4.97224235534668
      vertex -4.59999942779541 30 1.7999992370605469
      vertex -5.575079917907715 30 4.8925580978393555
    endloop
  endfacet
  facet normal 0 1 0
    outer loop
      vertex 1.5 30 1.7999992370605469
      vertex 2.702080726623535 30 4.702080726623535
      vertex 2.802274703979492 30 4.592738151550293
    endloop
  endfacet
  facet normal 0 1 0
    outer loop
      vertex -5.575079917907715 30 4.8925580978393555
      vertex -4.59999942779541 30 1.7999992370605469
      vertex -5.6927385330200195 30 4.802274703979492
    endloop
  endfacet
  facet normal 0 1 0
    outer loop
      vertex 1.5 30 1.7999992370605469
      vertex 2.802274703979492 30 4.592738151550293
      vertex 2.8925580978393555 30 4.475079536437988
    endloop
  endfacet
  facet normal 0 1 0
    outer loop
      vertex -5.6927385330200195 30 4.802274703979492
      vertex -4.59999942779541 30 1.7999992370605469
      vertex -5.802081108093262 30 4.702080726623535
    endloop
  endfacet
  facet normal 0 1 0
    outer loop
      vertex 1.5 30 1.7999992370605469
      vertex 2.8925580978393555 30 4.475079536437988
      vertex 2.9722423553466797 30 4.34999942779541
    endloop
  endfacet
  facet normal 0 1 0
    outer loop
      vertex -5.802081108093262 30 4.702080726623535
      vertex -4.59999942779541 30 1.7999992370605469
      vertex -5.902275085449219 30 4.592738151550293
    endloop
  endfacet
  facet normal 0 1 0
    outer loop
      vertex 1.5 30 1.7999992370605469
      vertex 2.9722423553466797 30 4.34999942779541
      vertex 3.0407228469848633 30 4.218450546264648
    endloop
  endfacet
  facet normal 0 1 0
    outer loop
      vertex -5.902275085449219 30 4.592738151550293
      vertex -4.59999942779541 30 1.7999992370605469
      vertex -5.992557525634766 30 4.475079536437988
    endloop
  endfacet
  facet normal 0 1 0
    outer loop
      vertex 1.5 30 1.7999992370605469
      vertex 3.0407228469848633 30 4.218450546264648
      vertex 3.0974769592285156 30 4.081433296203613
    endloop
  endfacet
  facet normal 0 1 0
    outer loop
      vertex -5.992557525634766 30 4.475079536437988
      vertex -4.59999942779541 30 1.7999992370605469
      vertex -6.072242736816406 30 4.34999942779541
    endloop
  endfacet
  facet normal 0 1 0
    outer loop
      vertex 1.5 30 1.7999992370605469
      vertex 3.0974769592285156 30 4.081433296203613
      vertex 3.142073631286621 30 3.9399919509887695
    endloop
  endfacet
  facet normal 0 1 0
    outer loop
      vertex -6.072242736816406 30 4.34999942779541
      vertex -4.59999942779541 30 1.7999992370605469
      vertex -6.14072322845459 30 4.218450546264648
    endloop
  endfacet
  facet normal 0 1 0
    outer loop
      vertex 1.5 30 1.7999992370605469
      vertex 3.142073631286621 30 3.9399919509887695
      vertex 3.1741724014282227 30 3.795201301574707
    endloop
  endfacet
  facet normal 0 1 0
    outer loop
      vertex -6.14072322845459 30 4.218450546264648
      vertex -4.59999942779541 30 1.7999992370605469
      vertex -6.197477340698242 30 4.081433296203613
    endloop
  endfacet
  facet normal 0 1 0
    outer loop
      vertex 1.5 30 1.7999992370605469
      vertex 3.1741724014282227 30 3.795201301574707
      vertex 3.1935300827026367 30 3.648164749145508
    endloop
  endfacet
  facet normal 0 1 0
    outer loop
      vertex -6.197477340698242 30 4.081433296203613
      vertex -4.59999942779541 30 1.7999992370605469
      vertex -6.242073059082031 30 3.9399919509887695
    endloop
  endfacet
  facet normal 0 1 0
    outer loop
      vertex 1.5 30 1.7999992370605469
      vertex 3.1935300827026367 30 3.648164749145508
      vertex 3.1999998092651367 30 3.5
    endloop
  endfacet
  facet normal 0 1 0
    outer loop
      vertex -6.242073059082031 30 3.9399919509887695
      vertex -4.59999942779541 30 1.7999992370605469
      vertex -6.274172782897949 30 3.795201301574707
    endloop
  endfacet
  facet normal 0 1 0
    outer loop
      vertex 1.5 30 1.7999992370605469
      vertex 3.1999998092651367 30 3.5
      vertex 3.1935300827026367 30 3.351834297180176
    endloop
  endfacet
  facet normal 0 1 0
    outer loop
      vertex -6.274172782897949 30 3.795201301574707
      vertex -4.59999942779541 30 1.7999992370605469
      vertex -6.293530464172363 30 3.648164749145508
    endloop
  endfacet
  facet normal 0 1 0
    outer loop
      vertex 1.5 30 1.7999992370605469
      vertex 3.1935300827026367 30 3.351834297180176
      vertex 3.1741724014282227 30 3.2047977447509766
    endloop
  endfacet
  facet normal 0 1 0
    outer loop
      vertex -6.293530464172363 30 3.648164749145508
      vertex -4.59999942779541 30 1.7999992370605469
      vertex -6.299999237060547 30 3.5
    endloop
  endfacet
  facet normal 0 1 0
    outer loop
      vertex 1.5 30 1.7999992370605469
      vertex 3.1741724014282227 30 3.2047977447509766
      vertex 3.142073631286621 30 3.060007095336914
    endloop
  endfacet
  facet normal 0 1 0
    outer loop
      vertex -6.299999237060547 30 3.5
      vertex -4.59999942779541 30 1.7999992370605469
      vertex -6.293530464172363 30 3.351834297180176
    endloop
  endfacet
  facet normal 0 1 0
    outer loop
      vertex 1.5 30 1.7999992370605469
      vertex 3.142073631286621 30 3.060007095336914
      vertex 3.0974769592285156 30 2.9185657501220703
    endloop
  endfacet
  facet normal 0 1 0
    outer loop
      vertex -6.293530464172363 30 3.351834297180176
      vertex -4.59999942779541 30 1.7999992370605469
      vertex -6.274172782897949 30 3.2047977447509766
    endloop
  endfacet
  facet normal 0 1 0
    outer loop
      vertex 1.5 30 1.7999992370605469
      vertex 3.0974769592285156 30 2.9185657501220703
      vertex 3.0407228469848633 30 2.781548500061035
    endloop
  endfacet
  facet normal 0 1 0
    outer loop
      vertex -6.274172782897949 30 3.2047977447509766
      vertex -4.59999942779541 30 1.7999992370605469
      vertex -6.242073059082031 30 3.060007095336914
    endloop
  endfacet
  facet normal 0 1 0
    outer loop
      vertex 1.5 30 1.7999992370605469
      vertex 3.0407228469848633 30 2.781548500061035
      vertex 2.9722423553466797 30 2.6499996185302734
    endloop
  endfacet
  facet normal 0 1 0
    outer loop
      vertex -6.242073059082031 30 3.060007095336914
      vertex -4.59999942779541 30 1.7999992370605469
      vertex -6.197477340698242 30 2.9185657501220703
    endloop
  endfacet
  facet normal 0 1 0
    outer loop
      vertex 1.5 30 1.7999992370605469
      vertex 2.9722423553466797 30 2.6499996185302734
      vertex 2.8925580978393555 30 2.5249195098876953
    endloop
  endfacet
  facet normal 0 1 0
    outer loop
      vertex -6.197477340698242 30 2.9185657501220703
      vertex -4.59999942779541 30 1.7999992370605469
      vertex -6.14072322845459 30 2.781548500061035
    endloop
  endfacet
  facet normal 0 1 0
    outer loop
      vertex 1.5 30 1.7999992370605469
      vertex 2.8925580978393555 30 2.5249195098876953
      vertex 2.802274703979492 30 2.4072608947753906
    endloop
  endfacet
  facet normal 0 1 0
    outer loop
      vertex -6.14072322845459 30 2.781548500061035
      vertex -4.59999942779541 30 1.7999992370605469
      vertex -6.072242736816406 30 2.6499996185302734
    endloop
  endfacet
  facet normal 0 1 0
    outer loop
      vertex 1.5 30 1.7999992370605469
      vertex 2.802274703979492 30 2.4072608947753906
      vertex 2.702080726623535 30 2.2979183197021484
    endloop
  endfacet
  facet normal 0 1 0
    outer loop
      vertex -6.072242736816406 30 2.6499996185302734
      vertex -4.59999942779541 30 1.7999992370605469
      vertex -5.992557525634766 30 2.5249195098876953
    endloop
  endfacet
  facet normal 0 1 0
    outer loop
      vertex 1.5 30 1.7999992370605469
      vertex 2.702080726623535 30 2.2979183197021484
      vertex 2.592738151550293 30 2.1977243423461914
    endloop
  endfacet
  facet normal 0 1 0
    outer loop
      vertex -5.992557525634766 30 2.5249195098876953
      vertex -4.59999942779541 30 1.7999992370605469
      vertex -5.902275085449219 30 2.4072608947753906
    endloop
  endfacet
  facet normal 0 1 0
    outer loop
      vertex 1.5 30 1.7999992370605469
      vertex 2.592738151550293 30 2.1977243423461914
      vertex 2.4750795364379883 30 2.107440948486328
    endloop
  endfacet
  facet normal 0 1 0
    outer loop
      vertex -5.902275085449219 30 2.4072608947753906
      vertex -4.59999942779541 30 1.7999992370605469
      vertex -5.802081108093262 30 2.2979183197021484
    endloop
  endfacet
  facet normal 0 1 0
    outer loop
      vertex 1.5 30 1.7999992370605469
      vertex 2.4750795364379883 30 2.107440948486328
      vertex 2.34999942779541 30 2.027756690979004
    endloop
  endfacet
  facet normal 0 1 0
    outer loop
      vertex -5.802081108093262 30 2.2979183197021484
      vertex -4.59999942779541 30 1.7999992370605469
      vertex -5.6927385330200195 30 2.1977243423461914
    endloop
  endfacet
  facet normal 0 1 0
    outer loop
      vertex 1.5 30 1.7999992370605469
      vertex 2.34999942779541 30 2.027756690979004
      vertex 2.2184505462646484 30 1.9592761993408203
    endloop
  endfacet
  facet normal 0 1 0
    outer loop
      vertex -5.6927385330200195 30 2.1977243423461914
      vertex -4.59999942779541 30 1.7999992370605469
      vertex -5.575079917907715 30 2.107440948486328
    endloop
  endfacet
  facet normal 0 1 0
    outer loop
      vertex 1.5 30 1.7999992370605469
      vertex 2.2184505462646484 30 1.9592761993408203
      vertex 2.0814332962036133 30 1.902522087097168
    endloop
  endfacet
  facet normal 0 1 0
    outer loop
      vertex -5.575079917907715 30 2.107440948486328
      vertex -4.59999942779541 30 1.7999992370605469
      vertex -5.449999809265137 30 2.027756690979004
    endloop
  endfacet
  facet normal 0 1 0
    outer loop
      vertex 1.5 30 1.7999992370605469
      vertex 2.0814332962036133 30 1.902522087097168
      vertex 1.9399919509887695 30 1.8579254150390625
    endloop
  endfacet
  facet normal 0 1 0
    outer loop
      vertex -5.449999809265137 30 2.027756690979004
      vertex -4.59999942779541 30 1.7999992370605469
      vertex -5.318450927734375 30 1.9592761993408203
    endloop
  endfacet
  facet normal 0 1 0
    outer loop
      vertex 1.5 30 1.7999992370605469
      vertex 1.9399919509887695 30 1.8579254150390625
      vertex 1.795201301574707 30 1.825826644897461
    endloop
  endfacet
  facet normal 0 1 0
    outer loop
      vertex -5.318450927734375 30 1.9592761993408203
      vertex -4.59999942779541 30 1.7999992370605469
      vertex -5.18143367767334 30 1.902522087097168
    endloop
  endfacet
  facet normal 0 1 0
    outer loop
      vertex 1.5 30 1.7999992370605469
      vertex 1.795201301574707 30 1.825826644897461
      vertex 1.6481647491455078 30 1.8064689636230469
    endloop
  endfacet
  facet normal 0 1 0
    outer loop
      vertex -5.18143367767334 30 1.902522087097168
      vertex -4.59999942779541 30 1.7999992370605469
      vertex -5.039992332458496 30 1.8579254150390625
    endloop
  endfacet
  facet normal 0 1 0
    outer loop
      vertex -5.039992332458496 30 1.8579254150390625
      vertex -4.59999942779541 30 1.7999992370605469
      vertex -4.895201683044434 30 1.825826644897461
    endloop
  endfacet
  facet normal 0 1 0
    outer loop
      vertex -4.895201683044434 30 1.825826644897461
      vertex -4.59999942779541 30 1.7999992370605469
      vertex -4.748164176940918 30 1.8064689636230469
    endloop
  endfacet
  facet normal -0.7372774470756851 0 0.6755900872818964
    outer loop
      vertex 2.702080726623535 30 2.2979183197021484
      vertex 2.802274703979492 36 2.4072608947753906
      vertex 2.702080726623535 36 2.2979183197021484
    endloop
  endfacet
  facet normal -0.7372774470756851 0 0.6755900872818964
    outer loop
      vertex 2.802274703979492 36 2.4072608947753906
      vertex 2.702080726623535 30 2.2979183197021484
      vertex 2.802274703979492 30 2.4072608947753906
    endloop
  endfacet
  facet normal 0.21643611746120062 0 -0.9762967822636318
    outer loop
      vertex -5.039992332458496 30 5.142073631286621
      vertex -4.895201683044434 36 5.174172401428223
      vertex -4.895201683044434 30 5.174172401428223
    endloop
  endfacet
  facet normal 0.21643611746120062 0 -0.9762967822636318
    outer loop
      vertex -4.895201683044434 36 5.174172401428223
      vertex -5.039992332458496 30 5.142073631286621
      vertex -5.039992332458496 36 5.142073631286621
    endloop
  endfacet
  facet normal 0.13052504132614692 0 -0.9914450128911878
    outer loop
      vertex -4.895201683044434 30 5.174172401428223
      vertex -4.748164176940918 36 5.193530082702637
      vertex -4.748164176940918 30 5.193530082702637
    endloop
  endfacet
  facet normal 0.13052504132614692 0 -0.9914450128911878
    outer loop
      vertex -4.748164176940918 36 5.193530082702637
      vertex -4.895201683044434 30 5.174172401428223
      vertex -4.895201683044434 36 5.174172401428223
    endloop
  endfacet
  facet normal 0.04362419196476904 0 -0.999048011796941
    outer loop
      vertex -4.748164176940918 30 5.193530082702637
      vertex -4.59999942779541 36 5.199999809265137
      vertex -4.59999942779541 30 5.199999809265137
    endloop
  endfacet
  facet normal 0.04362419196476904 0 -0.999048011796941
    outer loop
      vertex -4.59999942779541 36 5.199999809265137
      vertex -4.748164176940918 30 5.193530082702637
      vertex -4.748164176940918 36 5.193530082702637
    endloop
  endfacet
  facet normal -0.7372774470756851 0 -0.6755900872818964
    outer loop
      vertex 2.802274703979492 30 4.592738151550293
      vertex 2.702080726623535 36 4.702080726623535
      vertex 2.802274703979492 36 4.592738151550293
    endloop
  endfacet
  facet normal -0.7372774470756851 0 -0.6755900872818964
    outer loop
      vertex 2.702080726623535 36 4.702080726623535
      vertex 2.802274703979492 30 4.592738151550293
      vertex 2.702080726623535 30 4.702080726623535
    endloop
  endfacet
  facet normal 0.9990483042665446 0 0.0436174935334666
    outer loop
      vertex -6.299999237060547 30 3.5
      vertex -6.293530464172363 36 3.351834297180176
      vertex -6.299999237060547 36 3.5
    endloop
  endfacet
  facet normal 0.9990483042665446 0 0.0436174935334666
    outer loop
      vertex -6.293530464172363 36 3.351834297180176
      vertex -6.299999237060547 30 3.5
      vertex -6.293530464172363 30 3.351834297180176
    endloop
  endfacet
  facet normal -0.8433931566875654 0 0.5372969228020794
    outer loop
      vertex 2.8925580978393555 30 2.5249195098876953
      vertex 2.9722423553466797 36 2.6499996185302734
      vertex 2.8925580978393555 36 2.5249195098876953
    endloop
  endfacet
  facet normal -0.8433931566875654 0 0.5372969228020794
    outer loop
      vertex 2.9722423553466797 36 2.6499996185302734
      vertex 2.8925580978393555 30 2.5249195098876953
      vertex 2.9722423553466797 30 2.6499996185302734
    endloop
  endfacet
  facet normal 1 0 0
    outer loop
      vertex -61 -16.399999618530273 3
      vertex -61 -15.59999942779541 2.59999942779541
      vertex -61 -15.59999942779541 3
    endloop
  endfacet
  facet normal 1 0 0
    outer loop
      vertex -61 -15.59999942779541 2.59999942779541
      vertex -61 -16.399999618530273 3
      vertex -61 -16.399999618530273 2.59999942779541
    endloop
  endfacet
  facet normal -1 0 0
    outer loop
      vertex -29 -16.399999618530273 2.59999942779541
      vertex -29 -15.59999942779541 3
      vertex -29 -15.59999942779541 2.59999942779541
    endloop
  endfacet
  facet normal -1 0 0
    outer loop
      vertex -29 -15.59999942779541 3
      vertex -29 -16.399999618530273 2.59999942779541
      vertex -29 -16.399999618530273 3
    endloop
  endfacet
  facet normal 0 0 1
    outer loop
      vertex -61 -15.59999942779541 2.59999942779541
      vertex -45.400001525878906 -16.399999618530273 2.59999942779541
      vertex -45.400001525878906 -15.59999942779541 2.59999942779541
    endloop
  endfacet
  facet normal 0 0 1
    outer loop
      vertex -45.400001525878906 -16.399999618530273 2.59999942779541
      vertex -61 -15.59999942779541 2.59999942779541
      vertex -61 -16.399999618530273 2.59999942779541
    endloop
  endfacet
  facet normal 0 0 1
    outer loop
      vertex -61 16.399999618530273 2.59999942779541
      vertex -45.400001525878906 15.59999942779541 2.59999942779541
      vertex -45.400001525878906 16.399999618530273 2.59999942779541
    endloop
  endfacet
  facet normal 0 0 1
    outer loop
      vertex -45.400001525878906 15.59999942779541 2.59999942779541
      vertex -61 16.399999618530273 2.59999942779541
      vertex -61 15.59999942779541 2.59999942779541
    endloop
  endfacet
  facet normal 0 0 1
    outer loop
      vertex -45.400001525878906 16.399999618530273 2.59999942779541
      vertex -44.599998474121094 16.399999618530273 2.59999942779541
      vertex -44.599998474121094 32 2.59999942779541
    endloop
  endfacet
  facet normal 0 0 1
    outer loop
      vertex -44.599998474121094 16.399999618530273 2.59999942779541
      vertex -45.400001525878906 16.399999618530273 2.59999942779541
      vertex -44.599998474121094 15.59999942779541 2.59999942779541
    endloop
  endfacet
  facet normal 0 0 1
    outer loop
      vertex -44.599998474121094 15.59999942779541 2.59999942779541
      vertex -45.400001525878906 15.59999942779541 2.59999942779541
      vertex -44.599998474121094 -15.59999942779541 2.59999942779541
    endloop
  endfacet
  facet normal 0 0 1
    outer loop
      vertex -45.400001525878906 -15.59999942779541 2.59999942779541
      vertex -44.599998474121094 -15.59999942779541 2.59999942779541
      vertex -45.400001525878906 15.59999942779541 2.59999942779541
    endloop
  endfacet
  facet normal 0 0 1
    outer loop
      vertex -45.400001525878906 16.399999618530273 2.59999942779541
      vertex -44.599998474121094 32 2.59999942779541
      vertex -45.400001525878906 32 2.59999942779541
    endloop
  endfacet
  facet normal 0 0 1
    outer loop
      vertex -44.599998474121094 15.59999942779541 2.59999942779541
      vertex -45.400001525878906 16.399999618530273 2.59999942779541
      vertex -45.400001525878906 15.59999942779541 2.59999942779541
    endloop
  endfacet
  facet normal 0 0 1
    outer loop
      vertex -44.599998474121094 -15.59999942779541 2.59999942779541
      vertex -45.400001525878906 -15.59999942779541 2.59999942779541
      vertex -44.599998474121094 -16.399999618530273 2.59999942779541
    endloop
  endfacet
  facet normal 0 0 1
    outer loop
      vertex -45.400001525878906 -16.399999618530273 2.59999942779541
      vertex -44.599998474121094 -16.399999618530273 2.59999942779541
      vertex -45.400001525878906 -15.59999942779541 2.59999942779541
    endloop
  endfacet
  facet normal 0 0 1
    outer loop
      vertex -44.599998474121094 -16.399999618530273 2.59999942779541
      vertex -45.400001525878906 -16.399999618530273 2.59999942779541
      vertex -44.599998474121094 -32 2.59999942779541
    endloop
  endfacet
  facet normal 0 0 1
    outer loop
      vertex -44.599998474121094 -32 2.59999942779541
      vertex -45.400001525878906 -16.399999618530273 2.59999942779541
      vertex -45.400001525878906 -32 2.59999942779541
    endloop
  endfacet
  facet normal 0 0 1
    outer loop
      vertex -44.599998474121094 16.399999618530273 2.59999942779541
      vertex -29 15.59999942779541 2.59999942779541
      vertex -29 16.399999618530273 2.59999942779541
    endloop
  endfacet
  facet normal 0 0 1
    outer loop
      vertex -29 15.59999942779541 2.59999942779541
      vertex -44.599998474121094 16.399999618530273 2.59999942779541
      vertex -44.599998474121094 15.59999942779541 2.59999942779541
    endloop
  endfacet
  facet normal 0 0 1
    outer loop
      vertex -44.599998474121094 -15.59999942779541 2.59999942779541
      vertex -29 -16.399999618530273 2.59999942779541
      vertex -29 -15.59999942779541 2.59999942779541
    endloop
  endfacet
  facet normal 0 0 1
    outer loop
      vertex -29 -16.399999618530273 2.59999942779541
      vertex -44.599998474121094 -15.59999942779541 2.59999942779541
      vertex -44.599998474121094 -16.399999618530273 2.59999942779541
    endloop
  endfacet
  facet normal 0 -1 0
    outer loop
      vertex -61 -15.59999942779541 2.59999942779541
      vertex -45.400001525878906 -15.59999942779541 3
      vertex -61 -15.59999942779541 3
    endloop
  endfacet
  facet normal 0 -1 0
    outer loop
      vertex -45.400001525878906 -15.59999942779541 3
      vertex -61 -15.59999942779541 2.59999942779541
      vertex -45.400001525878906 -15.59999942779541 2.59999942779541
    endloop
  endfacet
  facet normal 0 -1 0
    outer loop
      vertex -44.599998474121094 -15.59999942779541 2.59999942779541
      vertex -29 -15.59999942779541 3
      vertex -44.599998474121094 -15.59999942779541 3
    endloop
  endfacet
  facet normal 0 -1 0
    outer loop
      vertex -29 -15.59999942779541 3
      vertex -44.599998474121094 -15.59999942779541 2.59999942779541
      vertex -29 -15.59999942779541 2.59999942779541
    endloop
  endfacet
  facet normal 0 1 0
    outer loop
      vertex -45.400001525878906 -16.399999618530273 2.59999942779541
      vertex -61 -16.399999618530273 3
      vertex -45.400001525878906 -16.399999618530273 3
    endloop
  endfacet
  facet normal 0 1 0
    outer loop
      vertex -61 -16.399999618530273 3
      vertex -45.400001525878906 -16.399999618530273 2.59999942779541
      vertex -61 -16.399999618530273 2.59999942779541
    endloop
  endfacet
  facet normal 0 1 0
    outer loop
      vertex -29 -16.399999618530273 2.59999942779541
      vertex -44.599998474121094 -16.399999618530273 3
      vertex -29 -16.399999618530273 3
    endloop
  endfacet
  facet normal 0 1 0
    outer loop
      vertex -44.599998474121094 -16.399999618530273 3
      vertex -29 -16.399999618530273 2.59999942779541
      vertex -44.599998474121094 -16.399999618530273 2.59999942779541
    endloop
  endfacet
  facet normal 1 0 0
    outer loop
      vertex -61 15.59999942779541 3
      vertex -61 16.399999618530273 2.59999942779541
      vertex -61 16.399999618530273 3
    endloop
  endfacet
  facet normal 1 0 0
    outer loop
      vertex -61 16.399999618530273 2.59999942779541
      vertex -61 15.59999942779541 3
      vertex -61 15.59999942779541 2.59999942779541
    endloop
  endfacet
  facet normal -1 0 0
    outer loop
      vertex -29 15.59999942779541 2.59999942779541
      vertex -29 16.399999618530273 3
      vertex -29 16.399999618530273 2.59999942779541
    endloop
  endfacet
  facet normal -1 0 0
    outer loop
      vertex -29 16.399999618530273 3
      vertex -29 15.59999942779541 2.59999942779541
      vertex -29 15.59999942779541 3
    endloop
  endfacet
  facet normal 0 -1 0
    outer loop
      vertex -61 16.399999618530273 2.59999942779541
      vertex -45.400001525878906 16.399999618530273 3
      vertex -61 16.399999618530273 3
    endloop
  endfacet
  facet normal 0 -1 0
    outer loop
      vertex -45.400001525878906 16.399999618530273 3
      vertex -61 16.399999618530273 2.59999942779541
      vertex -45.400001525878906 16.399999618530273 2.59999942779541
    endloop
  endfacet
  facet normal 0 -1 0
    outer loop
      vertex -44.599998474121094 16.399999618530273 2.59999942779541
      vertex -29 16.399999618530273 3
      vertex -44.599998474121094 16.399999618530273 3
    endloop
  endfacet
  facet normal 0 -1 0
    outer loop
      vertex -29 16.399999618530273 3
      vertex -44.599998474121094 16.399999618530273 2.59999942779541
      vertex -29 16.399999618530273 2.59999942779541
    endloop
  endfacet
  facet normal 0 1 0
    outer loop
      vertex -45.400001525878906 15.59999942779541 2.59999942779541
      vertex -61 15.59999942779541 3
      vertex -45.400001525878906 15.59999942779541 3
    endloop
  endfacet
  facet normal 0 1 0
    outer loop
      vertex -61 15.59999942779541 3
      vertex -45.400001525878906 15.59999942779541 2.59999942779541
      vertex -61 15.59999942779541 2.59999942779541
    endloop
  endfacet
  facet normal 0 1 0
    outer loop
      vertex -29 15.59999942779541 2.59999942779541
      vertex -44.599998474121094 15.59999942779541 3
      vertex -29 15.59999942779541 3
    endloop
  endfacet
  facet normal 0 1 0
    outer loop
      vertex -44.599998474121094 15.59999942779541 3
      vertex -29 15.59999942779541 2.59999942779541
      vertex -44.599998474121094 15.59999942779541 2.59999942779541
    endloop
  endfacet
  facet normal 1 0 0
    outer loop
      vertex -0.5 -8.5 3
      vertex -0.5 8.5 0
      vertex -0.5 8.5 3
    endloop
  endfacet
  facet normal 1 0 0
    outer loop
      vertex -0.5 8.5 0
      vertex -0.5 -8.5 3
      vertex -0.5 -8.5 0
    endloop
  endfacet
  facet normal 0 -1 0
    outer loop
      vertex -0.5 8.5 0
      vertex 9 8.5 3
      vertex -0.5 8.5 3
    endloop
  endfacet
  facet normal 0 -1 0
    outer loop
      vertex 9 8.5 3
      vertex -0.5 8.5 0
      vertex 9 8.5 0
    endloop
  endfacet
  facet normal 0 1 0
    outer loop
      vertex 9 -8.5 0
      vertex -0.5 -8.5 3
      vertex 9 -8.5 3
    endloop
  endfacet
  facet normal 0 1 0
    outer loop
      vertex -0.5 -8.5 3
      vertex 9 -8.5 0
      vertex -0.5 -8.5 0
    endloop
  endfacet
  facet normal 1 0 0
    outer loop
      vertex -45.400001525878906 16.399999618530273 3
      vertex -45.400001525878906 32 2.59999942779541
      vertex -45.400001525878906 32 3
    endloop
  endfacet
  facet normal 1 0 0
    outer loop
      vertex -45.400001525878906 32 2.59999942779541
      vertex -45.400001525878906 16.399999618530273 3
      vertex -45.400001525878906 16.399999618530273 2.59999942779541
    endloop
  endfacet
  facet normal 1 0 0
    outer loop
      vertex -45.400001525878906 -32 3
      vertex -45.400001525878906 -16.399999618530273 2.59999942779541
      vertex -45.400001525878906 -16.399999618530273 3
    endloop
  endfacet
  facet normal 1 0 0
    outer loop
      vertex -45.400001525878906 -16.399999618530273 2.59999942779541
      vertex -45.400001525878906 -32 3
      vertex -45.400001525878906 -32 2.59999942779541
    endloop
  endfacet
  facet normal 1 0 0
    outer loop
      vertex -45.400001525878906 -15.59999942779541 3
      vertex -45.400001525878906 15.59999942779541 2.59999942779541
      vertex -45.400001525878906 15.59999942779541 3
    endloop
  endfacet
  facet normal 1 0 0
    outer loop
      vertex -45.400001525878906 15.59999942779541 2.59999942779541
      vertex -45.400001525878906 -15.59999942779541 3
      vertex -45.400001525878906 -15.59999942779541 2.59999942779541
    endloop
  endfacet
  facet normal -1 0 0
    outer loop
      vertex -44.599998474121094 -32 2.59999942779541
      vertex -44.599998474121094 -16.399999618530273 3
      vertex -44.599998474121094 -16.399999618530273 2.59999942779541
    endloop
  endfacet
  facet normal -1 0 0
    outer loop
      vertex -44.599998474121094 -16.399999618530273 3
      vertex -44.599998474121094 -32 2.59999942779541
      vertex -44.599998474121094 -32 3
    endloop
  endfacet
  facet normal -1 0 0
    outer loop
      vertex -44.599998474121094 16.399999618530273 2.59999942779541
      vertex -44.599998474121094 32 3
      vertex -44.599998474121094 32 2.59999942779541
    endloop
  endfacet
  facet normal -1 0 0
    outer loop
      vertex -44.599998474121094 32 3
      vertex -44.599998474121094 16.399999618530273 2.59999942779541
      vertex -44.599998474121094 16.399999618530273 3
    endloop
  endfacet
  facet normal -1 0 0
    outer loop
      vertex -44.599998474121094 -15.59999942779541 2.59999942779541
      vertex -44.599998474121094 15.59999942779541 3
      vertex -44.599998474121094 15.59999942779541 2.59999942779541
    endloop
  endfacet
  facet normal -1 0 0
    outer loop
      vertex -44.599998474121094 15.59999942779541 3
      vertex -44.599998474121094 -15.59999942779541 2.59999942779541
      vertex -44.599998474121094 -15.59999942779541 3
    endloop
  endfacet
  facet normal 0 -1 0
    outer loop
      vertex -45.400001525878906 32 2.59999942779541
      vertex -44.599998474121094 32 3
      vertex -45.400001525878906 32 3
    endloop
  endfacet
  facet normal 0 -1 0
    outer loop
      vertex -44.599998474121094 32 3
      vertex -45.400001525878906 32 2.59999942779541
      vertex -44.599998474121094 32 2.59999942779541
    endloop
  endfacet
  facet normal 0 1 0
    outer loop
      vertex -44.599998474121094 -32 2.59999942779541
      vertex -45.400001525878906 -32 3
      vertex -44.599998474121094 -32 3
    endloop
  endfacet
  facet normal 0 1 0
    outer loop
      vertex -45.400001525878906 -32 3
      vertex -44.599998474121094 -32 2.59999942779541
      vertex -45.400001525878906 -32 2.59999942779541
    endloop
  endfacet
endsolid OpenSCAD_Model
