solid OpenSCAD_Model
  facet normal 1 0 0
    outer loop
      vertex 102 -34.5 15
      vertex 102 -37.5 15
      vertex 102 -34.5 3
    endloop
  endfacet
  facet normal 1 0 0
    outer loop
      vertex 102 8 15
      vertex 102 -8 15
      vertex 102 8 3
    endloop
  endfacet
  facet normal 1 0 0
    outer loop
      vertex 102 37.5 15
      vertex 102 34.5 15
      vertex 102 37.5 3
    endloop
  endfacet
  facet normal 1 0 0
    outer loop
      vertex 102 37.5 3
      vertex 102 42.400001525878906 0
      vertex 102 42.400001525878906 3
    endloop
  endfacet
  facet normal 1 0 0
    outer loop
      vertex 102 34.5 3
      vertex 102 37.5 3
      vertex 102 34.5 15
    endloop
  endfacet
  facet normal 1 0 0
    outer loop
      vertex 102 34.5 3
      vertex 102 42.400001525878906 0
      vertex 102 37.5 3
    endloop
  endfacet
  facet normal 1 0 0
    outer loop
      vertex 102 8 3
      vertex 102 42.400001525878906 0
      vertex 102 34.5 3
    endloop
  endfacet
  facet normal 1 0 0
    outer loop
      vertex 102 -8 3
      vertex 102 8 3
      vertex 102 -8 15
    endloop
  endfacet
  facet normal 1 0 0
    outer loop
      vertex 102 -8 3
      vertex 102 42.400001525878906 0
      vertex 102 8 3
    endloop
  endfacet
  facet normal 1 0 0
    outer loop
      vertex 102 -42.400001525878906 0
      vertex 102 -8 3
      vertex 102 -34.5 3
    endloop
  endfacet
  facet normal 1 0 0
    outer loop
      vertex 102 -37.5 3
      vertex 102 -34.5 3
      vertex 102 -37.5 15
    endloop
  endfacet
  facet normal 1 0 0
    outer loop
      vertex 102 -42.400001525878906 0
      vertex 102 -34.5 3
      vertex 102 -37.5 3
    endloop
  endfacet
  facet normal 1 0 0
    outer loop
      vertex 102 -42.400001525878906 0
      vertex 102 -37.5 3
      vertex 102 -42.400001525878906 3
    endloop
  endfacet
  facet normal 1 0 0
    outer loop
      vertex 102 -8 3
      vertex 102 -42.400001525878906 0
      vertex 102 42.400001525878906 0
    endloop
  endfacet
  facet normal 0 0 1
    outer loop
      vertex 82 37.5 15
      vertex 102 34.5 15
      vertex 102 37.5 15
    endloop
  endfacet
  facet normal 0 0 1
    outer loop
      vertex 102 34.5 15
      vertex 82 37.5 15
      vertex 82 34.5 15
    endloop
  endfacet
  facet normal 0 0 -1
    outer loop
      vertex -17.969982147216797 -31.696613311767578 0
      vertex 7.969982147216797 -31.696613311767578 0
      vertex -17.829246520996094 -31.880022048950195 0
    endloop
  endfacet
  facet normal 0 0 -1
    outer loop
      vertex 26 1.5 0
      vertex -17.360084533691406 34.169036865234375 0
      vertex -17.349998474121094 34.400001525878906 0
    endloop
  endfacet
  facet normal 0 0 -1
    outer loop
      vertex 7.969982147216797 -31.696613311767578 0
      vertex -17.969982147216797 -31.696613311767578 0
      vertex 8.126166343688965 -31.526166915893555 0
    endloop
  endfacet
  facet normal 0 0 -1
    outer loop
      vertex 26 1.5 0
      vertex -17.3902587890625 33.9398307800293 0
      vertex -17.360084533691406 34.169036865234375 0
    endloop
  endfacet
  facet normal 0 0 -1
    outer loop
      vertex -18.12616729736328 -31.526166915893555 0
      vertex 8.126166343688965 -31.526166915893555 0
      vertex -17.969982147216797 -31.696613311767578 0
    endloop
  endfacet
  facet normal 0 0 -1
    outer loop
      vertex 26 1.5 0
      vertex -17.440296173095703 33.71413040161133 0
      vertex -17.3902587890625 33.9398307800293 0
    endloop
  endfacet
  facet normal 0 0 -1
    outer loop
      vertex 8.126166343688965 -31.526166915893555 0
      vertex -18.12616729736328 -31.526166915893555 0
      vertex 8.296612739562988 -31.36998176574707 0
    endloop
  endfacet
  facet normal 0 0 -1
    outer loop
      vertex 26 1.5 0
      vertex -17.509815216064453 33.49364471435547 0
      vertex -17.440296173095703 33.71413040161133 0
    endloop
  endfacet
  facet normal 0 0 -1
    outer loop
      vertex -18.296611785888672 -31.36998176574707 0
      vertex 8.296612739562988 -31.36998176574707 0
      vertex -18.12616729736328 -31.526166915893555 0
    endloop
  endfacet
  facet normal 0 0 -1
    outer loop
      vertex 26 1.5 0
      vertex -17.598283767700195 33.280059814453125 0
      vertex -17.509815216064453 33.49364471435547 0
    endloop
  endfacet
  facet normal 0 0 -1
    outer loop
      vertex 8.296612739562988 -31.36998176574707 0
      vertex -18.296611785888672 -31.36998176574707 0
      vertex 8.480022430419922 -31.229246139526367 0
    endloop
  endfacet
  facet normal 0 0 -1
    outer loop
      vertex 26 1.5 0
      vertex -17.705032348632812 33.07500076293945 0
      vertex -17.598283767700195 33.280059814453125 0
    endloop
  endfacet
  facet normal 0 0 -1
    outer loop
      vertex -18.480022430419922 -31.229246139526367 0
      vertex 8.480022430419922 -31.229246139526367 0
      vertex -18.296611785888672 -31.36998176574707 0
    endloop
  endfacet
  facet normal 0 0 -1
    outer loop
      vertex 26 1.5 0
      vertex -17.829246520996094 32.88002014160156 0
      vertex -17.705032348632812 33.07500076293945 0
    endloop
  endfacet
  facet normal 0 0 -1
    outer loop
      vertex 8.480022430419922 -31.229246139526367 0
      vertex -18.480022430419922 -31.229246139526367 0
      vertex 8.674999237060547 -31.105031967163086 0
    endloop
  endfacet
  facet normal 0 0 -1
    outer loop
      vertex 26 1.5 0
      vertex -17.969982147216797 32.69661331176758 0
      vertex -17.829246520996094 32.88002014160156 0
    endloop
  endfacet
  facet normal 0 0 -1
    outer loop
      vertex -18.674999237060547 -31.105031967163086 0
      vertex 8.674999237060547 -31.105031967163086 0
      vertex -18.480022430419922 -31.229246139526367 0
    endloop
  endfacet
  facet normal 0 0 -1
    outer loop
      vertex 26 1.5 0
      vertex -18.12616729736328 32.52616882324219 0
      vertex -17.969982147216797 32.69661331176758 0
    endloop
  endfacet
  facet normal 0 0 -1
    outer loop
      vertex -18.880062103271484 -30.99828338623047 0
      vertex 8.674999237060547 -31.105031967163086 0
      vertex -18.674999237060547 -31.105031967163086 0
    endloop
  endfacet
  facet normal 0 0 -1
    outer loop
      vertex 26 1.5 0
      vertex -18.296611785888672 32.36997985839844 0
      vertex -18.12616729736328 32.52616882324219 0
    endloop
  endfacet
  facet normal 0 0 -1
    outer loop
      vertex 8.674999237060547 -31.105031967163086 0
      vertex -18.880062103271484 -30.99828338623047 0
      vertex 26 -1.5 0
    endloop
  endfacet
  facet normal 0 0 -1
    outer loop
      vertex 26 1.5 0
      vertex -18.480022430419922 32.229248046875 0
      vertex -18.296611785888672 32.36997985839844 0
    endloop
  endfacet
  facet normal 0 0 -1
    outer loop
      vertex -19.093647003173828 -30.909812927246094 0
      vertex 26 -1.5 0
      vertex -18.880062103271484 -30.99828338623047 0
    endloop
  endfacet
  facet normal 0 0 -1
    outer loop
      vertex 26 1.5 0
      vertex -18.674999237060547 32.10503387451172 0
      vertex -18.480022430419922 32.229248046875 0
    endloop
  endfacet
  facet normal 0 0 -1
    outer loop
      vertex 26 -1.5 0
      vertex -19.093647003173828 -30.909812927246094 0
      vertex 26 1.5 0
    endloop
  endfacet
  facet normal 0 0 -1
    outer loop
      vertex 26 1.5 0
      vertex -18.880062103271484 31.99828338623047 0
      vertex -18.674999237060547 32.10503387451172 0
    endloop
  endfacet
  facet normal 0 0 -1
    outer loop
      vertex -19.093647003173828 31.909812927246094 0
      vertex 26 1.5 0
      vertex -19.093647003173828 -30.909812927246094 0
    endloop
  endfacet
  facet normal 0 0 -1
    outer loop
      vertex 26 1.5 0
      vertex -19.093647003173828 31.909812927246094 0
      vertex -18.880062103271484 31.99828338623047 0
    endloop
  endfacet
  facet normal 0 0 -1
    outer loop
      vertex -19.314128875732422 -30.840295791625977 0
      vertex -19.093647003173828 31.909812927246094 0
      vertex -19.093647003173828 -30.909812927246094 0
    endloop
  endfacet
  facet normal 0 0 -1
    outer loop
      vertex -19.314128875732422 -30.840295791625977 0
      vertex -19.314128875732422 31.840295791625977 0
      vertex -19.093647003173828 31.909812927246094 0
    endloop
  endfacet
  facet normal 0 0 -1
    outer loop
      vertex -19.539833068847656 -30.790260314941406 0
      vertex -19.314128875732422 31.840295791625977 0
      vertex -19.314128875732422 -30.840295791625977 0
    endloop
  endfacet
  facet normal 0 0 -1
    outer loop
      vertex -19.539833068847656 -30.790260314941406 0
      vertex -19.539833068847656 31.790260314941406 0
      vertex -19.314128875732422 31.840295791625977 0
    endloop
  endfacet
  facet normal 0 0 -1
    outer loop
      vertex -19.7690372467041 -30.760082244873047 0
      vertex -19.539833068847656 31.790260314941406 0
      vertex -19.539833068847656 -30.790260314941406 0
    endloop
  endfacet
  facet normal 0 0 -1
    outer loop
      vertex -19.7690372467041 -30.760082244873047 0
      vertex -19.7690372467041 31.760082244873047 0
      vertex -19.539833068847656 31.790260314941406 0
    endloop
  endfacet
  facet normal 0 0 -1
    outer loop
      vertex -20 -30.75 0
      vertex -19.7690372467041 31.760082244873047 0
      vertex -19.7690372467041 -30.760082244873047 0
    endloop
  endfacet
  facet normal 0 0 -1
    outer loop
      vertex -20 -30.75 0
      vertex -20 31.75 0
      vertex -19.7690372467041 31.760082244873047 0
    endloop
  endfacet
  facet normal 0 0 -1
    outer loop
      vertex -20.230960845947266 -30.760082244873047 0
      vertex -20 31.75 0
      vertex -20 -30.75 0
    endloop
  endfacet
  facet normal 0 0 -1
    outer loop
      vertex -20.230960845947266 -30.760082244873047 0
      vertex -20.230960845947266 31.760082244873047 0
      vertex -20 31.75 0
    endloop
  endfacet
  facet normal 0 0 -1
    outer loop
      vertex -20.460166931152344 -30.790260314941406 0
      vertex -20.230960845947266 31.760082244873047 0
      vertex -20.230960845947266 -30.760082244873047 0
    endloop
  endfacet
  facet normal 0 0 -1
    outer loop
      vertex -20.460166931152344 -30.790260314941406 0
      vertex -20.460166931152344 31.790260314941406 0
      vertex -20.230960845947266 31.760082244873047 0
    endloop
  endfacet
  facet normal 0 0 -1
    outer loop
      vertex -20.685871124267578 -30.840295791625977 0
      vertex -20.460166931152344 31.790260314941406 0
      vertex -20.460166931152344 -30.790260314941406 0
    endloop
  endfacet
  facet normal 0 0 -1
    outer loop
      vertex -20.685871124267578 -30.840295791625977 0
      vertex -20.685871124267578 31.840295791625977 0
      vertex -20.460166931152344 31.790260314941406 0
    endloop
  endfacet
  facet normal 0 0 -1
    outer loop
      vertex -20.906352996826172 -30.909812927246094 0
      vertex -20.685871124267578 31.840295791625977 0
      vertex -20.685871124267578 -30.840295791625977 0
    endloop
  endfacet
  facet normal 0 0 -1
    outer loop
      vertex -20.906352996826172 -30.909812927246094 0
      vertex -20.906352996826172 31.909812927246094 0
      vertex -20.685871124267578 31.840295791625977 0
    endloop
  endfacet
  facet normal 0 0 -1
    outer loop
      vertex -21.119937896728516 -30.99828338623047 0
      vertex -20.906352996826172 31.909812927246094 0
      vertex -20.906352996826172 -30.909812927246094 0
    endloop
  endfacet
  facet normal 0 0 -1
    outer loop
      vertex -21.119937896728516 -30.99828338623047 0
      vertex -21.119937896728516 31.99828338623047 0
      vertex -20.906352996826172 31.909812927246094 0
    endloop
  endfacet
  facet normal 0 0 -1
    outer loop
      vertex -21.325000762939453 -31.105031967163086 0
      vertex -21.119937896728516 31.99828338623047 0
      vertex -21.119937896728516 -30.99828338623047 0
    endloop
  endfacet
  facet normal 0 0 -1
    outer loop
      vertex -21.325000762939453 -31.105031967163086 0
      vertex -21.325000762939453 32.10503387451172 0
      vertex -21.119937896728516 31.99828338623047 0
    endloop
  endfacet
  facet normal 0 0 -1
    outer loop
      vertex -21.519977569580078 -31.229246139526367 0
      vertex -21.325000762939453 32.10503387451172 0
      vertex -21.325000762939453 -31.105031967163086 0
    endloop
  endfacet
  facet normal 0 0 -1
    outer loop
      vertex -21.519977569580078 -31.229246139526367 0
      vertex -21.519977569580078 32.229248046875 0
      vertex -21.325000762939453 32.10503387451172 0
    endloop
  endfacet
  facet normal 0 0 -1
    outer loop
      vertex -21.703386306762695 -31.36998176574707 0
      vertex -21.519977569580078 32.229248046875 0
      vertex -21.519977569580078 -31.229246139526367 0
    endloop
  endfacet
  facet normal 0 0 -1
    outer loop
      vertex -21.703386306762695 -31.36998176574707 0
      vertex -21.703386306762695 32.36997985839844 0
      vertex -21.519977569580078 32.229248046875 0
    endloop
  endfacet
  facet normal 0 0 -1
    outer loop
      vertex -21.87383270263672 -31.526166915893555 0
      vertex -21.703386306762695 32.36997985839844 0
      vertex -21.703386306762695 -31.36998176574707 0
    endloop
  endfacet
  facet normal 0 0 -1
    outer loop
      vertex -21.87383270263672 -31.526166915893555 0
      vertex -21.87383270263672 32.52616882324219 0
      vertex -21.703386306762695 32.36997985839844 0
    endloop
  endfacet
  facet normal 0 0 -1
    outer loop
      vertex -22.030017852783203 -31.696613311767578 0
      vertex -21.87383270263672 32.52616882324219 0
      vertex -21.87383270263672 -31.526166915893555 0
    endloop
  endfacet
  facet normal 0 0 -1
    outer loop
      vertex -22.030017852783203 -31.696613311767578 0
      vertex -22.030017852783203 32.69661331176758 0
      vertex -21.87383270263672 32.52616882324219 0
    endloop
  endfacet
  facet normal 0 0 -1
    outer loop
      vertex -22.170753479003906 -31.880022048950195 0
      vertex -22.030017852783203 32.69661331176758 0
      vertex -22.030017852783203 -31.696613311767578 0
    endloop
  endfacet
  facet normal 0 0 -1
    outer loop
      vertex -22.170753479003906 -31.880022048950195 0
      vertex -22.170753479003906 32.88002014160156 0
      vertex -22.030017852783203 32.69661331176758 0
    endloop
  endfacet
  facet normal 0 0 -1
    outer loop
      vertex -22.294967651367188 -32.07500076293945 0
      vertex -22.170753479003906 32.88002014160156 0
      vertex -22.170753479003906 -31.880022048950195 0
    endloop
  endfacet
  facet normal 0 0 -1
    outer loop
      vertex -22.294967651367188 -32.07500076293945 0
      vertex -22.294967651367188 33.07500076293945 0
      vertex -22.170753479003906 32.88002014160156 0
    endloop
  endfacet
  facet normal 0 0 -1
    outer loop
      vertex -22.401714324951172 -32.280059814453125 0
      vertex -22.294967651367188 33.07500076293945 0
      vertex -22.294967651367188 -32.07500076293945 0
    endloop
  endfacet
  facet normal 0 0 -1
    outer loop
      vertex -22.401714324951172 -32.280059814453125 0
      vertex -22.401714324951172 33.280059814453125 0
      vertex -22.294967651367188 33.07500076293945 0
    endloop
  endfacet
  facet normal 0 0 -1
    outer loop
      vertex -28 -42.400001525878906 0
      vertex -22.401714324951172 -32.280059814453125 0
      vertex -22.490184783935547 -32.49364471435547 0
    endloop
  endfacet
  facet normal 0 0 -1
    outer loop
      vertex -22.401714324951172 -32.280059814453125 0
      vertex -28 42.400001525878906 0
      vertex -22.401714324951172 33.280059814453125 0
    endloop
  endfacet
  facet normal 0 0 -1
    outer loop
      vertex -28 -42.400001525878906 0
      vertex -22.490184783935547 -32.49364471435547 0
      vertex -22.559703826904297 -32.71413040161133 0
    endloop
  endfacet
  facet normal 0 0 -1
    outer loop
      vertex -22.401714324951172 33.280059814453125 0
      vertex -28 42.400001525878906 0
      vertex -22.490184783935547 33.49364471435547 0
    endloop
  endfacet
  facet normal 0 0 -1
    outer loop
      vertex -28 -42.400001525878906 0
      vertex -22.559703826904297 -32.71413040161133 0
      vertex -22.6097412109375 -32.9398307800293 0
    endloop
  endfacet
  facet normal 0 0 -1
    outer loop
      vertex -22.490184783935547 33.49364471435547 0
      vertex -28 42.400001525878906 0
      vertex -22.559703826904297 33.71413040161133 0
    endloop
  endfacet
  facet normal 0 0 -1
    outer loop
      vertex -28 -42.400001525878906 0
      vertex -22.6097412109375 -32.9398307800293 0
      vertex -22.639915466308594 -33.169036865234375 0
    endloop
  endfacet
  facet normal 0 0 -1
    outer loop
      vertex -22.559703826904297 33.71413040161133 0
      vertex -28 42.400001525878906 0
      vertex -22.6097412109375 33.9398307800293 0
    endloop
  endfacet
  facet normal 0 0 -1
    outer loop
      vertex -28 -42.400001525878906 0
      vertex -22.639915466308594 -33.169036865234375 0
      vertex -22.649999618530273 -33.400001525878906 0
    endloop
  endfacet
  facet normal 0 0 -1
    outer loop
      vertex -22.6097412109375 33.9398307800293 0
      vertex -28 42.400001525878906 0
      vertex -22.639915466308594 34.169036865234375 0
    endloop
  endfacet
  facet normal 0 0 -1
    outer loop
      vertex 12.490184783935547 -32.49364471435547 0
      vertex 30 -1.5 0
      vertex 12.55970287322998 -32.71413040161133 0
    endloop
  endfacet
  facet normal 0 0 -1
    outer loop
      vertex 26 1.5 0
      vertex 12.639915466308594 34.169036865234375 0
      vertex 12.649999618530273 34.400001525878906 0
    endloop
  endfacet
  facet normal 0 0 -1
    outer loop
      vertex 12.401715278625488 -32.280059814453125 0
      vertex 30 -1.5 0
      vertex 12.490184783935547 -32.49364471435547 0
    endloop
  endfacet
  facet normal 0 0 -1
    outer loop
      vertex 26 1.5 0
      vertex 12.609740257263184 33.9398307800293 0
      vertex 12.639915466308594 34.169036865234375 0
    endloop
  endfacet
  facet normal 0 0 -1
    outer loop
      vertex 12.294966697692871 -32.07500076293945 0
      vertex 30 -1.5 0
      vertex 12.401715278625488 -32.280059814453125 0
    endloop
  endfacet
  facet normal 0 0 -1
    outer loop
      vertex 26 1.5 0
      vertex 12.55970287322998 33.71413040161133 0
      vertex 12.609740257263184 33.9398307800293 0
    endloop
  endfacet
  facet normal 0 0 -1
    outer loop
      vertex 12.17075252532959 -31.880022048950195 0
      vertex 30 -1.5 0
      vertex 12.294966697692871 -32.07500076293945 0
    endloop
  endfacet
  facet normal 0 0 -1
    outer loop
      vertex 26 1.5 0
      vertex 12.490184783935547 33.49364471435547 0
      vertex 12.55970287322998 33.71413040161133 0
    endloop
  endfacet
  facet normal 0 0 -1
    outer loop
      vertex 30 -1.5 0
      vertex 12.17075252532959 -31.880022048950195 0
      vertex 26 -1.5 0
    endloop
  endfacet
  facet normal 0 0 -1
    outer loop
      vertex 26 1.5 0
      vertex 12.401715278625488 33.280059814453125 0
      vertex 12.490184783935547 33.49364471435547 0
    endloop
  endfacet
  facet normal 0 0 -1
    outer loop
      vertex 12.030016899108887 -31.696613311767578 0
      vertex 26 -1.5 0
      vertex 12.17075252532959 -31.880022048950195 0
    endloop
  endfacet
  facet normal 0 0 -1
    outer loop
      vertex 26 1.5 0
      vertex 12.294966697692871 33.07500076293945 0
      vertex 12.401715278625488 33.280059814453125 0
    endloop
  endfacet
  facet normal 0 0 -1
    outer loop
      vertex 11.873832702636719 -31.526166915893555 0
      vertex 26 -1.5 0
      vertex 12.030016899108887 -31.696613311767578 0
    endloop
  endfacet
  facet normal 0 0 -1
    outer loop
      vertex 26 1.5 0
      vertex 12.17075252532959 32.88002014160156 0
      vertex 12.294966697692871 33.07500076293945 0
    endloop
  endfacet
  facet normal 0 0 -1
    outer loop
      vertex 11.703386306762695 -31.36998176574707 0
      vertex 26 -1.5 0
      vertex 11.873832702636719 -31.526166915893555 0
    endloop
  endfacet
  facet normal 0 0 -1
    outer loop
      vertex 26 1.5 0
      vertex 12.030016899108887 32.69661331176758 0
      vertex 12.17075252532959 32.88002014160156 0
    endloop
  endfacet
  facet normal 0 0 -1
    outer loop
      vertex 11.519976615905762 -31.229246139526367 0
      vertex 26 -1.5 0
      vertex 11.703386306762695 -31.36998176574707 0
    endloop
  endfacet
  facet normal 0 0 -1
    outer loop
      vertex 26 1.5 0
      vertex 11.873832702636719 32.52616882324219 0
      vertex 12.030016899108887 32.69661331176758 0
    endloop
  endfacet
  facet normal 0 0 -1
    outer loop
      vertex 11.324999809265137 -31.105031967163086 0
      vertex 26 -1.5 0
      vertex 11.519976615905762 -31.229246139526367 0
    endloop
  endfacet
  facet normal 0 0 -1
    outer loop
      vertex 26 1.5 0
      vertex 11.703386306762695 32.36997985839844 0
      vertex 11.873832702636719 32.52616882324219 0
    endloop
  endfacet
  facet normal 0 0 -1
    outer loop
      vertex 11.119937896728516 -30.99828338623047 0
      vertex 26 -1.5 0
      vertex 11.324999809265137 -31.105031967163086 0
    endloop
  endfacet
  facet normal 0 0 -1
    outer loop
      vertex 26 1.5 0
      vertex 11.519976615905762 32.229248046875 0
      vertex 11.703386306762695 32.36997985839844 0
    endloop
  endfacet
  facet normal 0 0 -1
    outer loop
      vertex 10.906352996826172 -30.909812927246094 0
      vertex 26 -1.5 0
      vertex 11.119937896728516 -30.99828338623047 0
    endloop
  endfacet
  facet normal 0 0 -1
    outer loop
      vertex 26 1.5 0
      vertex 11.324999809265137 32.10503387451172 0
      vertex 11.519976615905762 32.229248046875 0
    endloop
  endfacet
  facet normal 0 0 -1
    outer loop
      vertex 10.685870170593262 -30.840295791625977 0
      vertex 26 -1.5 0
      vertex 10.906352996826172 -30.909812927246094 0
    endloop
  endfacet
  facet normal 0 0 -1
    outer loop
      vertex 26 1.5 0
      vertex 11.119937896728516 31.99828338623047 0
      vertex 11.324999809265137 32.10503387451172 0
    endloop
  endfacet
  facet normal 0 0 -1
    outer loop
      vertex 10.460166931152344 -30.790260314941406 0
      vertex 26 -1.5 0
      vertex 10.685870170593262 -30.840295791625977 0
    endloop
  endfacet
  facet normal 0 0 -1
    outer loop
      vertex 26 1.5 0
      vertex 10.906352996826172 31.909812927246094 0
      vertex 11.119937896728516 31.99828338623047 0
    endloop
  endfacet
  facet normal 0 0 -1
    outer loop
      vertex 10.230961799621582 -30.760082244873047 0
      vertex 26 -1.5 0
      vertex 10.460166931152344 -30.790260314941406 0
    endloop
  endfacet
  facet normal 0 0 -1
    outer loop
      vertex 26 1.5 0
      vertex 10.685870170593262 31.840295791625977 0
      vertex 10.906352996826172 31.909812927246094 0
    endloop
  endfacet
  facet normal 0 0 -1
    outer loop
      vertex 10 -30.75 0
      vertex 26 -1.5 0
      vertex 10.230961799621582 -30.760082244873047 0
    endloop
  endfacet
  facet normal 0 0 -1
    outer loop
      vertex 26 1.5 0
      vertex 10.460166931152344 31.790260314941406 0
      vertex 10.685870170593262 31.840295791625977 0
    endloop
  endfacet
  facet normal 0 0 -1
    outer loop
      vertex 9.769037246704102 -30.760082244873047 0
      vertex 26 -1.5 0
      vertex 10 -30.75 0
    endloop
  endfacet
  facet normal 0 0 -1
    outer loop
      vertex 26 1.5 0
      vertex 10.230961799621582 31.760082244873047 0
      vertex 10.460166931152344 31.790260314941406 0
    endloop
  endfacet
  facet normal 0 0 -1
    outer loop
      vertex 9.53983211517334 -30.790260314941406 0
      vertex 26 -1.5 0
      vertex 9.769037246704102 -30.760082244873047 0
    endloop
  endfacet
  facet normal 0 0 -1
    outer loop
      vertex 26 1.5 0
      vertex 10 31.75 0
      vertex 10.230961799621582 31.760082244873047 0
    endloop
  endfacet
  facet normal 0 0 -1
    outer loop
      vertex 9.314128875732422 -30.840295791625977 0
      vertex 26 -1.5 0
      vertex 9.53983211517334 -30.790260314941406 0
    endloop
  endfacet
  facet normal 0 0 -1
    outer loop
      vertex 26 1.5 0
      vertex 9.769037246704102 31.760082244873047 0
      vertex 10 31.75 0
    endloop
  endfacet
  facet normal 0 0 -1
    outer loop
      vertex 9.093646049499512 -30.909812927246094 0
      vertex 26 -1.5 0
      vertex 9.314128875732422 -30.840295791625977 0
    endloop
  endfacet
  facet normal 0 0 -1
    outer loop
      vertex 26 1.5 0
      vertex 9.53983211517334 31.790260314941406 0
      vertex 9.769037246704102 31.760082244873047 0
    endloop
  endfacet
  facet normal 0 0 -1
    outer loop
      vertex 8.880061149597168 -30.99828338623047 0
      vertex 26 -1.5 0
      vertex 9.093646049499512 -30.909812927246094 0
    endloop
  endfacet
  facet normal 0 0 -1
    outer loop
      vertex 26 1.5 0
      vertex 9.314128875732422 31.840295791625977 0
      vertex 9.53983211517334 31.790260314941406 0
    endloop
  endfacet
  facet normal 0 0 -1
    outer loop
      vertex 8.674999237060547 -31.105031967163086 0
      vertex 26 -1.5 0
      vertex 8.880061149597168 -30.99828338623047 0
    endloop
  endfacet
  facet normal 0 0 -1
    outer loop
      vertex 26 1.5 0
      vertex 9.093646049499512 31.909812927246094 0
      vertex 9.314128875732422 31.840295791625977 0
    endloop
  endfacet
  facet normal 0 0 -1
    outer loop
      vertex 7.7050323486328125 -32.07500076293945 0
      vertex -17.705032348632812 -32.07500076293945 0
      vertex 7.829246520996094 -31.880022048950195 0
    endloop
  endfacet
  facet normal 0 0 -1
    outer loop
      vertex 26 1.5 0
      vertex 8.880061149597168 31.99828338623047 0
      vertex 9.093646049499512 31.909812927246094 0
    endloop
  endfacet
  facet normal 0 0 -1
    outer loop
      vertex -17.829246520996094 -31.880022048950195 0
      vertex 7.829246520996094 -31.880022048950195 0
      vertex -17.705032348632812 -32.07500076293945 0
    endloop
  endfacet
  facet normal 0 0 -1
    outer loop
      vertex 7.829246520996094 -31.880022048950195 0
      vertex -17.829246520996094 -31.880022048950195 0
      vertex 7.969982147216797 -31.696613311767578 0
    endloop
  endfacet
  facet normal 0 0 -1
    outer loop
      vertex -17.705032348632812 -32.07500076293945 0
      vertex 7.7050323486328125 -32.07500076293945 0
      vertex -17.598283767700195 -32.280059814453125 0
    endloop
  endfacet
  facet normal 0 0 -1
    outer loop
      vertex 8.674999237060547 32.10503387451172 0
      vertex 26 1.5 0
      vertex -17.349998474121094 34.400001525878906 0
    endloop
  endfacet
  facet normal 0 0 -1
    outer loop
      vertex 7.598283767700195 -32.280059814453125 0
      vertex -17.598283767700195 -32.280059814453125 0
      vertex 7.7050323486328125 -32.07500076293945 0
    endloop
  endfacet
  facet normal 0 0 -1
    outer loop
      vertex 26 1.5 0
      vertex 8.674999237060547 32.10503387451172 0
      vertex 8.880061149597168 31.99828338623047 0
    endloop
  endfacet
  facet normal 0 0 -1
    outer loop
      vertex -17.598283767700195 -32.280059814453125 0
      vertex 7.598283767700195 -32.280059814453125 0
      vertex -17.509815216064453 -32.49364471435547 0
    endloop
  endfacet
  facet normal 0 0 -1
    outer loop
      vertex 8.674999237060547 32.10503387451172 0
      vertex -17.349998474121094 34.400001525878906 0
      vertex 8.480022430419922 32.229248046875 0
    endloop
  endfacet
  facet normal 0 0 -1
    outer loop
      vertex 7.509814262390137 -32.49364471435547 0
      vertex -17.509815216064453 -32.49364471435547 0
      vertex 7.598283767700195 -32.280059814453125 0
    endloop
  endfacet
  facet normal 0 0 -1
    outer loop
      vertex 8.480022430419922 32.229248046875 0
      vertex -17.349998474121094 34.400001525878906 0
      vertex 8.296612739562988 32.36997985839844 0
    endloop
  endfacet
  facet normal 0 0 -1
    outer loop
      vertex -17.509815216064453 -32.49364471435547 0
      vertex 7.509814262390137 -32.49364471435547 0
      vertex -17.440296173095703 -32.71413040161133 0
    endloop
  endfacet
  facet normal 0 0 -1
    outer loop
      vertex 8.296612739562988 32.36997985839844 0
      vertex -17.349998474121094 34.400001525878906 0
      vertex 8.126166343688965 32.52616882324219 0
    endloop
  endfacet
  facet normal 0 0 -1
    outer loop
      vertex 7.440296173095703 -32.71413040161133 0
      vertex -17.440296173095703 -32.71413040161133 0
      vertex 7.509814262390137 -32.49364471435547 0
    endloop
  endfacet
  facet normal 0 0 -1
    outer loop
      vertex 8.126166343688965 32.52616882324219 0
      vertex -17.349998474121094 34.400001525878906 0
      vertex 7.969982147216797 32.69661331176758 0
    endloop
  endfacet
  facet normal 0 0 -1
    outer loop
      vertex -17.440296173095703 -32.71413040161133 0
      vertex 7.440296173095703 -32.71413040161133 0
      vertex -17.3902587890625 -32.9398307800293 0
    endloop
  endfacet
  facet normal 0 0 -1
    outer loop
      vertex 7.969982147216797 32.69661331176758 0
      vertex -17.349998474121094 34.400001525878906 0
      vertex 7.829246520996094 32.88002014160156 0
    endloop
  endfacet
  facet normal 0 0 -1
    outer loop
      vertex 7.3902587890625 -32.9398307800293 0
      vertex -17.3902587890625 -32.9398307800293 0
      vertex 7.440296173095703 -32.71413040161133 0
    endloop
  endfacet
  facet normal 0 0 -1
    outer loop
      vertex 7.829246520996094 32.88002014160156 0
      vertex -17.349998474121094 34.400001525878906 0
      vertex 7.7050323486328125 33.07500076293945 0
    endloop
  endfacet
  facet normal 0 0 -1
    outer loop
      vertex -17.3902587890625 -32.9398307800293 0
      vertex 7.3902587890625 -32.9398307800293 0
      vertex -17.360084533691406 -33.169036865234375 0
    endloop
  endfacet
  facet normal 0 0 -1
    outer loop
      vertex 7.7050323486328125 33.07500076293945 0
      vertex -17.349998474121094 34.400001525878906 0
      vertex 7.598283767700195 33.280059814453125 0
    endloop
  endfacet
  facet normal 0 0 -1
    outer loop
      vertex 7.36008358001709 -33.169036865234375 0
      vertex -17.360084533691406 -33.169036865234375 0
      vertex 7.3902587890625 -32.9398307800293 0
    endloop
  endfacet
  facet normal 0 0 -1
    outer loop
      vertex 7.598283767700195 33.280059814453125 0
      vertex -17.349998474121094 34.400001525878906 0
      vertex 7.509814262390137 33.49364471435547 0
    endloop
  endfacet
  facet normal 0 0 -1
    outer loop
      vertex -17.360084533691406 -33.169036865234375 0
      vertex 7.36008358001709 -33.169036865234375 0
      vertex -17.349998474121094 -33.400001525878906 0
    endloop
  endfacet
  facet normal 0 0 -1
    outer loop
      vertex 7.509814262390137 33.49364471435547 0
      vertex -17.349998474121094 34.400001525878906 0
      vertex 7.440296173095703 33.71413040161133 0
    endloop
  endfacet
  facet normal 0 0 -1
    outer loop
      vertex -17.349998474121094 -33.400001525878906 0
      vertex 7.36008358001709 -33.169036865234375 0
      vertex 7.34999942779541 -33.400001525878906 0
    endloop
  endfacet
  facet normal 0 0 -1
    outer loop
      vertex 7.440296173095703 33.71413040161133 0
      vertex -17.349998474121094 34.400001525878906 0
      vertex 7.3902587890625 33.9398307800293 0
    endloop
  endfacet
  facet normal 0 0 -1
    outer loop
      vertex 12.639915466308594 -35.63096237182617 0
      vertex 63 -34 0
      vertex 63 -42.400001525878906 0
    endloop
  endfacet
  facet normal 0 0 -1
    outer loop
      vertex 63 -34 0
      vertex 30 -1.5 0
      vertex 63 34 0
    endloop
  endfacet
  facet normal 0 0 -1
    outer loop
      vertex 30 1.5 0
      vertex 63 34 0
      vertex 30 -1.5 0
    endloop
  endfacet
  facet normal 0 0 -1
    outer loop
      vertex 12.639915466308594 -33.169036865234375 0
      vertex 63 -34 0
      vertex 12.649999618530273 -33.400001525878906 0
    endloop
  endfacet
  facet normal 0 0 -1
    outer loop
      vertex 12.609740257263184 -32.9398307800293 0
      vertex 63 -34 0
      vertex 12.639915466308594 -33.169036865234375 0
    endloop
  endfacet
  facet normal 0 0 -1
    outer loop
      vertex 63 -34 0
      vertex 12.649999618530273 -35.400001525878906 0
      vertex 12.649999618530273 -33.400001525878906 0
    endloop
  endfacet
  facet normal 0 0 -1
    outer loop
      vertex 63 -34 0
      vertex 12.639915466308594 -35.63096237182617 0
      vertex 12.649999618530273 -35.400001525878906 0
    endloop
  endfacet
  facet normal 0 0 -1
    outer loop
      vertex 63 -42.400001525878906 0
      vertex 12.609740257263184 -35.86016845703125 0
      vertex 12.639915466308594 -35.63096237182617 0
    endloop
  endfacet
  facet normal 0 0 -1
    outer loop
      vertex 63 -42.400001525878906 0
      vertex 12.55970287322998 -36.08586883544922 0
      vertex 12.609740257263184 -35.86016845703125 0
    endloop
  endfacet
  facet normal 0 0 -1
    outer loop
      vertex 63 -42.400001525878906 0
      vertex 12.490184783935547 -36.30635070800781 0
      vertex 12.55970287322998 -36.08586883544922 0
    endloop
  endfacet
  facet normal 0 0 -1
    outer loop
      vertex 63 -42.400001525878906 0
      vertex 12.401715278625488 -36.519935607910156 0
      vertex 12.490184783935547 -36.30635070800781 0
    endloop
  endfacet
  facet normal 0 0 -1
    outer loop
      vertex 63 -42.400001525878906 0
      vertex 12.294966697692871 -36.724998474121094 0
      vertex 12.401715278625488 -36.519935607910156 0
    endloop
  endfacet
  facet normal 0 0 -1
    outer loop
      vertex 63 -42.400001525878906 0
      vertex 12.17075252532959 -36.91997528076172 0
      vertex 12.294966697692871 -36.724998474121094 0
    endloop
  endfacet
  facet normal 0 0 -1
    outer loop
      vertex 63 -42.400001525878906 0
      vertex 12.030016899108887 -37.10338592529297 0
      vertex 12.17075252532959 -36.91997528076172 0
    endloop
  endfacet
  facet normal 0 0 -1
    outer loop
      vertex 63 -42.400001525878906 0
      vertex 11.873832702636719 -37.273834228515625 0
      vertex 12.030016899108887 -37.10338592529297 0
    endloop
  endfacet
  facet normal 0 0 -1
    outer loop
      vertex 63 -42.400001525878906 0
      vertex 11.703386306762695 -37.430015563964844 0
      vertex 11.873832702636719 -37.273834228515625 0
    endloop
  endfacet
  facet normal 0 0 -1
    outer loop
      vertex 63 -42.400001525878906 0
      vertex 11.519976615905762 -37.57075119018555 0
      vertex 11.703386306762695 -37.430015563964844 0
    endloop
  endfacet
  facet normal 0 0 -1
    outer loop
      vertex 63 -42.400001525878906 0
      vertex 11.324999809265137 -37.694969177246094 0
      vertex 11.519976615905762 -37.57075119018555 0
    endloop
  endfacet
  facet normal 0 0 -1
    outer loop
      vertex 63 -42.400001525878906 0
      vertex 11.119937896728516 -37.80171585083008 0
      vertex 11.324999809265137 -37.694969177246094 0
    endloop
  endfacet
  facet normal 0 0 -1
    outer loop
      vertex 63 -42.400001525878906 0
      vertex 10.906352996826172 -37.89018630981445 0
      vertex 11.119937896728516 -37.80171585083008 0
    endloop
  endfacet
  facet normal 0 0 -1
    outer loop
      vertex 63 -42.400001525878906 0
      vertex 10.685870170593262 -37.95970153808594 0
      vertex 10.906352996826172 -37.89018630981445 0
    endloop
  endfacet
  facet normal 0 0 -1
    outer loop
      vertex 63 -42.400001525878906 0
      vertex 10.460166931152344 -38.00973892211914 0
      vertex 10.685870170593262 -37.95970153808594 0
    endloop
  endfacet
  facet normal 0 0 -1
    outer loop
      vertex 63 -42.400001525878906 0
      vertex 10.230961799621582 -38.0399169921875 0
      vertex 10.460166931152344 -38.00973892211914 0
    endloop
  endfacet
  facet normal 0 0 -1
    outer loop
      vertex 63 -42.400001525878906 0
      vertex 10 -38.04999923706055 0
      vertex 10.230961799621582 -38.0399169921875 0
    endloop
  endfacet
  facet normal 0 0 -1
    outer loop
      vertex -28 -42.400001525878906 0
      vertex 10 -38.04999923706055 0
      vertex 63 -42.400001525878906 0
    endloop
  endfacet
  facet normal 0 0 -1
    outer loop
      vertex -17.349998474121094 -33.400001525878906 0
      vertex 7.34999942779541 -33.400001525878906 0
      vertex 7.34999942779541 -35.400001525878906 0
    endloop
  endfacet
  facet normal 0 0 -1
    outer loop
      vertex -17.349998474121094 -33.400001525878906 0
      vertex 7.34999942779541 -35.400001525878906 0
      vertex -17.349998474121094 -35.400001525878906 0
    endloop
  endfacet
  facet normal 0 0 -1
    outer loop
      vertex 7.36008358001709 -35.63096237182617 0
      vertex -17.349998474121094 -35.400001525878906 0
      vertex 7.34999942779541 -35.400001525878906 0
    endloop
  endfacet
  facet normal 0 0 -1
    outer loop
      vertex -17.360084533691406 -35.63096237182617 0
      vertex 7.36008358001709 -35.63096237182617 0
      vertex 7.3902587890625 -35.86016845703125 0
    endloop
  endfacet
  facet normal 0 0 -1
    outer loop
      vertex -17.3902587890625 -35.86016845703125 0
      vertex 7.3902587890625 -35.86016845703125 0
      vertex 7.440296173095703 -36.08586883544922 0
    endloop
  endfacet
  facet normal 0 0 -1
    outer loop
      vertex -17.440296173095703 -36.08586883544922 0
      vertex 7.440296173095703 -36.08586883544922 0
      vertex 7.509814262390137 -36.30635070800781 0
    endloop
  endfacet
  facet normal 0 0 -1
    outer loop
      vertex -17.509815216064453 -36.30635070800781 0
      vertex 7.509814262390137 -36.30635070800781 0
      vertex 7.598283767700195 -36.519935607910156 0
    endloop
  endfacet
  facet normal 0 0 -1
    outer loop
      vertex -17.598283767700195 -36.519935607910156 0
      vertex 7.598283767700195 -36.519935607910156 0
      vertex 7.7050323486328125 -36.724998474121094 0
    endloop
  endfacet
  facet normal 0 0 -1
    outer loop
      vertex -17.705032348632812 -36.724998474121094 0
      vertex 7.7050323486328125 -36.724998474121094 0
      vertex 7.829246520996094 -36.91997528076172 0
    endloop
  endfacet
  facet normal 0 0 -1
    outer loop
      vertex -17.829246520996094 -36.91997528076172 0
      vertex 7.829246520996094 -36.91997528076172 0
      vertex 7.969982147216797 -37.10338592529297 0
    endloop
  endfacet
  facet normal 0 0 -1
    outer loop
      vertex -17.969982147216797 -37.10338592529297 0
      vertex 7.969982147216797 -37.10338592529297 0
      vertex 8.126166343688965 -37.273834228515625 0
    endloop
  endfacet
  facet normal 0 0 -1
    outer loop
      vertex -18.12616729736328 -37.273834228515625 0
      vertex 8.126166343688965 -37.273834228515625 0
      vertex 8.296612739562988 -37.430015563964844 0
    endloop
  endfacet
  facet normal 0 0 -1
    outer loop
      vertex -18.296611785888672 -37.430015563964844 0
      vertex 8.296612739562988 -37.430015563964844 0
      vertex 8.480022430419922 -37.57075119018555 0
    endloop
  endfacet
  facet normal 0 0 -1
    outer loop
      vertex -18.480022430419922 -37.57075119018555 0
      vertex 8.480022430419922 -37.57075119018555 0
      vertex 8.674999237060547 -37.694969177246094 0
    endloop
  endfacet
  facet normal 0 0 -1
    outer loop
      vertex -18.674999237060547 -37.694969177246094 0
      vertex 8.674999237060547 -37.694969177246094 0
      vertex 8.880061149597168 -37.80171585083008 0
    endloop
  endfacet
  facet normal 0 0 -1
    outer loop
      vertex -18.880062103271484 -37.80171585083008 0
      vertex 8.880061149597168 -37.80171585083008 0
      vertex 9.093646049499512 -37.89018630981445 0
    endloop
  endfacet
  facet normal 0 0 -1
    outer loop
      vertex -28 -42.400001525878906 0
      vertex 9.093646049499512 -37.89018630981445 0
      vertex 9.314128875732422 -37.95970153808594 0
    endloop
  endfacet
  facet normal 0 0 -1
    outer loop
      vertex -28 -42.400001525878906 0
      vertex 9.314128875732422 -37.95970153808594 0
      vertex 9.53983211517334 -38.00973892211914 0
    endloop
  endfacet
  facet normal 0 0 -1
    outer loop
      vertex -28 -42.400001525878906 0
      vertex 9.53983211517334 -38.00973892211914 0
      vertex 9.769037246704102 -38.0399169921875 0
    endloop
  endfacet
  facet normal 0 0 -1
    outer loop
      vertex 7.36008358001709 -35.63096237182617 0
      vertex -17.360084533691406 -35.63096237182617 0
      vertex -17.349998474121094 -35.400001525878906 0
    endloop
  endfacet
  facet normal 0 0 -1
    outer loop
      vertex 7.3902587890625 -35.86016845703125 0
      vertex -17.3902587890625 -35.86016845703125 0
      vertex -17.360084533691406 -35.63096237182617 0
    endloop
  endfacet
  facet normal 0 0 -1
    outer loop
      vertex 10 -38.04999923706055 0
      vertex -28 -42.400001525878906 0
      vertex 9.769037246704102 -38.0399169921875 0
    endloop
  endfacet
  facet normal 0 0 -1
    outer loop
      vertex 7.440296173095703 -36.08586883544922 0
      vertex -17.440296173095703 -36.08586883544922 0
      vertex -17.3902587890625 -35.86016845703125 0
    endloop
  endfacet
  facet normal 0 0 -1
    outer loop
      vertex 7.509814262390137 -36.30635070800781 0
      vertex -17.509815216064453 -36.30635070800781 0
      vertex -17.440296173095703 -36.08586883544922 0
    endloop
  endfacet
  facet normal 0 0 -1
    outer loop
      vertex 7.598283767700195 -36.519935607910156 0
      vertex -17.598283767700195 -36.519935607910156 0
      vertex -17.509815216064453 -36.30635070800781 0
    endloop
  endfacet
  facet normal 0 0 -1
    outer loop
      vertex 7.7050323486328125 -36.724998474121094 0
      vertex -17.705032348632812 -36.724998474121094 0
      vertex -17.598283767700195 -36.519935607910156 0
    endloop
  endfacet
  facet normal 0 0 -1
    outer loop
      vertex 7.829246520996094 -36.91997528076172 0
      vertex -17.829246520996094 -36.91997528076172 0
      vertex -17.705032348632812 -36.724998474121094 0
    endloop
  endfacet
  facet normal 0 0 -1
    outer loop
      vertex 7.969982147216797 -37.10338592529297 0
      vertex -17.969982147216797 -37.10338592529297 0
      vertex -17.829246520996094 -36.91997528076172 0
    endloop
  endfacet
  facet normal 0 0 -1
    outer loop
      vertex 8.126166343688965 -37.273834228515625 0
      vertex -18.12616729736328 -37.273834228515625 0
      vertex -17.969982147216797 -37.10338592529297 0
    endloop
  endfacet
  facet normal 0 0 -1
    outer loop
      vertex 8.296612739562988 -37.430015563964844 0
      vertex -18.296611785888672 -37.430015563964844 0
      vertex -18.12616729736328 -37.273834228515625 0
    endloop
  endfacet
  facet normal 0 0 -1
    outer loop
      vertex 8.480022430419922 -37.57075119018555 0
      vertex -18.480022430419922 -37.57075119018555 0
      vertex -18.296611785888672 -37.430015563964844 0
    endloop
  endfacet
  facet normal 0 0 -1
    outer loop
      vertex 8.674999237060547 -37.694969177246094 0
      vertex -18.674999237060547 -37.694969177246094 0
      vertex -18.480022430419922 -37.57075119018555 0
    endloop
  endfacet
  facet normal 0 0 -1
    outer loop
      vertex 8.880061149597168 -37.80171585083008 0
      vertex -18.880062103271484 -37.80171585083008 0
      vertex -18.674999237060547 -37.694969177246094 0
    endloop
  endfacet
  facet normal 0 0 -1
    outer loop
      vertex 9.093646049499512 -37.89018630981445 0
      vertex -28 -42.400001525878906 0
      vertex -19.093647003173828 -37.89018630981445 0
    endloop
  endfacet
  facet normal 0 0 -1
    outer loop
      vertex 9.093646049499512 -37.89018630981445 0
      vertex -19.093647003173828 -37.89018630981445 0
      vertex -18.880062103271484 -37.80171585083008 0
    endloop
  endfacet
  facet normal 0 0 -1
    outer loop
      vertex -19.093647003173828 -37.89018630981445 0
      vertex -28 -42.400001525878906 0
      vertex -19.314128875732422 -37.95970153808594 0
    endloop
  endfacet
  facet normal 0 0 -1
    outer loop
      vertex -19.314128875732422 -37.95970153808594 0
      vertex -28 -42.400001525878906 0
      vertex -19.539833068847656 -38.00973892211914 0
    endloop
  endfacet
  facet normal 0 0 -1
    outer loop
      vertex -19.539833068847656 -38.00973892211914 0
      vertex -28 -42.400001525878906 0
      vertex -19.7690372467041 -38.0399169921875 0
    endloop
  endfacet
  facet normal 0 0 -1
    outer loop
      vertex -19.7690372467041 -38.0399169921875 0
      vertex -28 -42.400001525878906 0
      vertex -20 -38.04999923706055 0
    endloop
  endfacet
  facet normal 0 0 -1
    outer loop
      vertex -28 -42.400001525878906 0
      vertex -22.649999618530273 -33.400001525878906 0
      vertex -22.649999618530273 -35.400001525878906 0
    endloop
  endfacet
  facet normal 0 0 -1
    outer loop
      vertex -22.401714324951172 -32.280059814453125 0
      vertex -28 -42.400001525878906 0
      vertex -28 42.400001525878906 0
    endloop
  endfacet
  facet normal 0 0 -1
    outer loop
      vertex -22.639915466308594 -35.63096237182617 0
      vertex -28 -42.400001525878906 0
      vertex -22.649999618530273 -35.400001525878906 0
    endloop
  endfacet
  facet normal 0 0 -1
    outer loop
      vertex -22.6097412109375 -35.86016845703125 0
      vertex -28 -42.400001525878906 0
      vertex -22.639915466308594 -35.63096237182617 0
    endloop
  endfacet
  facet normal 0 0 -1
    outer loop
      vertex -22.559703826904297 -36.08586883544922 0
      vertex -28 -42.400001525878906 0
      vertex -22.6097412109375 -35.86016845703125 0
    endloop
  endfacet
  facet normal 0 0 -1
    outer loop
      vertex -22.490184783935547 -36.30635070800781 0
      vertex -28 -42.400001525878906 0
      vertex -22.559703826904297 -36.08586883544922 0
    endloop
  endfacet
  facet normal 0 0 -1
    outer loop
      vertex -22.401714324951172 -36.519935607910156 0
      vertex -28 -42.400001525878906 0
      vertex -22.490184783935547 -36.30635070800781 0
    endloop
  endfacet
  facet normal 0 0 -1
    outer loop
      vertex -22.294967651367188 -36.724998474121094 0
      vertex -28 -42.400001525878906 0
      vertex -22.401714324951172 -36.519935607910156 0
    endloop
  endfacet
  facet normal 0 0 -1
    outer loop
      vertex -22.170753479003906 -36.91997528076172 0
      vertex -28 -42.400001525878906 0
      vertex -22.294967651367188 -36.724998474121094 0
    endloop
  endfacet
  facet normal 0 0 -1
    outer loop
      vertex -22.030017852783203 -37.10338592529297 0
      vertex -28 -42.400001525878906 0
      vertex -22.170753479003906 -36.91997528076172 0
    endloop
  endfacet
  facet normal 0 0 -1
    outer loop
      vertex -21.87383270263672 -37.273834228515625 0
      vertex -28 -42.400001525878906 0
      vertex -22.030017852783203 -37.10338592529297 0
    endloop
  endfacet
  facet normal 0 0 -1
    outer loop
      vertex -21.703386306762695 -37.430015563964844 0
      vertex -28 -42.400001525878906 0
      vertex -21.87383270263672 -37.273834228515625 0
    endloop
  endfacet
  facet normal 0 0 -1
    outer loop
      vertex -21.519977569580078 -37.57075119018555 0
      vertex -28 -42.400001525878906 0
      vertex -21.703386306762695 -37.430015563964844 0
    endloop
  endfacet
  facet normal 0 0 -1
    outer loop
      vertex -21.325000762939453 -37.694969177246094 0
      vertex -28 -42.400001525878906 0
      vertex -21.519977569580078 -37.57075119018555 0
    endloop
  endfacet
  facet normal 0 0 -1
    outer loop
      vertex -21.119937896728516 -37.80171585083008 0
      vertex -28 -42.400001525878906 0
      vertex -21.325000762939453 -37.694969177246094 0
    endloop
  endfacet
  facet normal 0 0 -1
    outer loop
      vertex -20.906352996826172 -37.89018630981445 0
      vertex -28 -42.400001525878906 0
      vertex -21.119937896728516 -37.80171585083008 0
    endloop
  endfacet
  facet normal 0 0 -1
    outer loop
      vertex -20.685871124267578 -37.95970153808594 0
      vertex -28 -42.400001525878906 0
      vertex -20.906352996826172 -37.89018630981445 0
    endloop
  endfacet
  facet normal 0 0 -1
    outer loop
      vertex -20.460166931152344 -38.00973892211914 0
      vertex -28 -42.400001525878906 0
      vertex -20.685871124267578 -37.95970153808594 0
    endloop
  endfacet
  facet normal 0 0 -1
    outer loop
      vertex -20.230960845947266 -38.0399169921875 0
      vertex -28 -42.400001525878906 0
      vertex -20.460166931152344 -38.00973892211914 0
    endloop
  endfacet
  facet normal 0 0 -1
    outer loop
      vertex -20 -38.04999923706055 0
      vertex -28 -42.400001525878906 0
      vertex -20.230960845947266 -38.0399169921875 0
    endloop
  endfacet
  facet normal 0 0 -1
    outer loop
      vertex 63 -34 0
      vertex 81 34 0
      vertex 81 -34 0
    endloop
  endfacet
  facet normal 0 0 -1
    outer loop
      vertex 81 34 0
      vertex 63 -34 0
      vertex 63 34 0
    endloop
  endfacet
  facet normal 0 0 -1
    outer loop
      vertex 81 -34 0
      vertex 102 -42.400001525878906 0
      vertex 81 -42.400001525878906 0
    endloop
  endfacet
  facet normal 0 0 -1
    outer loop
      vertex 102 -42.400001525878906 0
      vertex 81 -34 0
      vertex 102 42.400001525878906 0
    endloop
  endfacet
  facet normal 0 0 -1
    outer loop
      vertex 81 34 0
      vertex 102 42.400001525878906 0
      vertex 81 -34 0
    endloop
  endfacet
  facet normal 0 0 -1
    outer loop
      vertex 102 42.400001525878906 0
      vertex 81 34 0
      vertex 81 42.400001525878906 0
    endloop
  endfacet
  facet normal 0 0 -1
    outer loop
      vertex 12.649999618530273 34.400001525878906 0
      vertex 63 34 0
      vertex 30 1.5 0
    endloop
  endfacet
  facet normal 0 0 -1
    outer loop
      vertex 12.649999618530273 34.400001525878906 0
      vertex 30 1.5 0
      vertex 26 1.5 0
    endloop
  endfacet
  facet normal 0 0 -1
    outer loop
      vertex 12.55970287322998 -32.71413040161133 0
      vertex 63 -34 0
      vertex 12.609740257263184 -32.9398307800293 0
    endloop
  endfacet
  facet normal 0 0 -1
    outer loop
      vertex 63 -34 0
      vertex 12.55970287322998 -32.71413040161133 0
      vertex 30 -1.5 0
    endloop
  endfacet
  facet normal 0 0 -1
    outer loop
      vertex 12.639915466308594 34.63096237182617 0
      vertex 63 34 0
      vertex 12.649999618530273 34.400001525878906 0
    endloop
  endfacet
  facet normal 0 0 -1
    outer loop
      vertex 63 34 0
      vertex 12.639915466308594 34.63096237182617 0
      vertex 63 42.400001525878906 0
    endloop
  endfacet
  facet normal 0 0 -1
    outer loop
      vertex 12.609740257263184 34.86016845703125 0
      vertex 63 42.400001525878906 0
      vertex 12.639915466308594 34.63096237182617 0
    endloop
  endfacet
  facet normal 0 0 -1
    outer loop
      vertex 12.55970287322998 35.08586883544922 0
      vertex 63 42.400001525878906 0
      vertex 12.609740257263184 34.86016845703125 0
    endloop
  endfacet
  facet normal 0 0 -1
    outer loop
      vertex 12.490184783935547 35.30635070800781 0
      vertex 63 42.400001525878906 0
      vertex 12.55970287322998 35.08586883544922 0
    endloop
  endfacet
  facet normal 0 0 -1
    outer loop
      vertex 12.401715278625488 35.519935607910156 0
      vertex 63 42.400001525878906 0
      vertex 12.490184783935547 35.30635070800781 0
    endloop
  endfacet
  facet normal 0 0 -1
    outer loop
      vertex 12.294966697692871 35.724998474121094 0
      vertex 63 42.400001525878906 0
      vertex 12.401715278625488 35.519935607910156 0
    endloop
  endfacet
  facet normal 0 0 -1
    outer loop
      vertex 12.17075252532959 35.91997528076172 0
      vertex 63 42.400001525878906 0
      vertex 12.294966697692871 35.724998474121094 0
    endloop
  endfacet
  facet normal 0 0 -1
    outer loop
      vertex 12.030016899108887 36.10338592529297 0
      vertex 63 42.400001525878906 0
      vertex 12.17075252532959 35.91997528076172 0
    endloop
  endfacet
  facet normal 0 0 -1
    outer loop
      vertex 11.873832702636719 36.273834228515625 0
      vertex 63 42.400001525878906 0
      vertex 12.030016899108887 36.10338592529297 0
    endloop
  endfacet
  facet normal 0 0 -1
    outer loop
      vertex 11.703386306762695 36.430015563964844 0
      vertex 63 42.400001525878906 0
      vertex 11.873832702636719 36.273834228515625 0
    endloop
  endfacet
  facet normal 0 0 -1
    outer loop
      vertex 11.519976615905762 36.57075119018555 0
      vertex 63 42.400001525878906 0
      vertex 11.703386306762695 36.430015563964844 0
    endloop
  endfacet
  facet normal 0 0 -1
    outer loop
      vertex 11.324999809265137 36.694969177246094 0
      vertex 63 42.400001525878906 0
      vertex 11.519976615905762 36.57075119018555 0
    endloop
  endfacet
  facet normal 0 0 -1
    outer loop
      vertex 11.119937896728516 36.80171585083008 0
      vertex 63 42.400001525878906 0
      vertex 11.324999809265137 36.694969177246094 0
    endloop
  endfacet
  facet normal 0 0 -1
    outer loop
      vertex 10.906352996826172 36.89018630981445 0
      vertex 63 42.400001525878906 0
      vertex 11.119937896728516 36.80171585083008 0
    endloop
  endfacet
  facet normal 0 0 -1
    outer loop
      vertex 10.685870170593262 36.95970153808594 0
      vertex 63 42.400001525878906 0
      vertex 10.906352996826172 36.89018630981445 0
    endloop
  endfacet
  facet normal 0 0 -1
    outer loop
      vertex 10.460166931152344 37.00973892211914 0
      vertex 63 42.400001525878906 0
      vertex 10.685870170593262 36.95970153808594 0
    endloop
  endfacet
  facet normal 0 0 -1
    outer loop
      vertex 10.230961799621582 37.0399169921875 0
      vertex 63 42.400001525878906 0
      vertex 10.460166931152344 37.00973892211914 0
    endloop
  endfacet
  facet normal 0 0 -1
    outer loop
      vertex 10 37.04999923706055 0
      vertex 63 42.400001525878906 0
      vertex 10.230961799621582 37.0399169921875 0
    endloop
  endfacet
  facet normal 0 0 -1
    outer loop
      vertex -28 42.400001525878906 0
      vertex 10 37.04999923706055 0
      vertex 9.769037246704102 37.0399169921875 0
    endloop
  endfacet
  facet normal 0 0 -1
    outer loop
      vertex 7.3902587890625 33.9398307800293 0
      vertex -17.349998474121094 34.400001525878906 0
      vertex 7.36008358001709 34.169036865234375 0
    endloop
  endfacet
  facet normal 0 0 -1
    outer loop
      vertex 7.36008358001709 34.169036865234375 0
      vertex -17.349998474121094 34.400001525878906 0
      vertex 7.34999942779541 34.400001525878906 0
    endloop
  endfacet
  facet normal 0 0 -1
    outer loop
      vertex 7.34999942779541 34.400001525878906 0
      vertex -17.349998474121094 34.400001525878906 0
      vertex 7.36008358001709 34.63096237182617 0
    endloop
  endfacet
  facet normal 0 0 -1
    outer loop
      vertex -17.360084533691406 34.63096237182617 0
      vertex 7.36008358001709 34.63096237182617 0
      vertex -17.349998474121094 34.400001525878906 0
    endloop
  endfacet
  facet normal 0 0 -1
    outer loop
      vertex 7.36008358001709 34.63096237182617 0
      vertex -17.360084533691406 34.63096237182617 0
      vertex 7.3902587890625 34.86016845703125 0
    endloop
  endfacet
  facet normal 0 0 -1
    outer loop
      vertex -17.3902587890625 34.86016845703125 0
      vertex 7.3902587890625 34.86016845703125 0
      vertex -17.360084533691406 34.63096237182617 0
    endloop
  endfacet
  facet normal 0 0 -1
    outer loop
      vertex 7.3902587890625 34.86016845703125 0
      vertex -17.3902587890625 34.86016845703125 0
      vertex 7.440296173095703 35.08586883544922 0
    endloop
  endfacet
  facet normal 0 0 -1
    outer loop
      vertex -17.440296173095703 35.08586883544922 0
      vertex 7.440296173095703 35.08586883544922 0
      vertex -17.3902587890625 34.86016845703125 0
    endloop
  endfacet
  facet normal 0 0 -1
    outer loop
      vertex 7.440296173095703 35.08586883544922 0
      vertex -17.440296173095703 35.08586883544922 0
      vertex 7.509814262390137 35.30635070800781 0
    endloop
  endfacet
  facet normal 0 0 -1
    outer loop
      vertex -17.509815216064453 35.30635070800781 0
      vertex 7.509814262390137 35.30635070800781 0
      vertex -17.440296173095703 35.08586883544922 0
    endloop
  endfacet
  facet normal 0 0 -1
    outer loop
      vertex 7.509814262390137 35.30635070800781 0
      vertex -17.509815216064453 35.30635070800781 0
      vertex 7.598283767700195 35.519935607910156 0
    endloop
  endfacet
  facet normal 0 0 -1
    outer loop
      vertex -17.598283767700195 35.519935607910156 0
      vertex 7.598283767700195 35.519935607910156 0
      vertex -17.509815216064453 35.30635070800781 0
    endloop
  endfacet
  facet normal 0 0 -1
    outer loop
      vertex 7.598283767700195 35.519935607910156 0
      vertex -17.598283767700195 35.519935607910156 0
      vertex 7.7050323486328125 35.724998474121094 0
    endloop
  endfacet
  facet normal 0 0 -1
    outer loop
      vertex -17.705032348632812 35.724998474121094 0
      vertex 7.7050323486328125 35.724998474121094 0
      vertex -17.598283767700195 35.519935607910156 0
    endloop
  endfacet
  facet normal 0 0 -1
    outer loop
      vertex 7.7050323486328125 35.724998474121094 0
      vertex -17.705032348632812 35.724998474121094 0
      vertex 7.829246520996094 35.91997528076172 0
    endloop
  endfacet
  facet normal 0 0 -1
    outer loop
      vertex -17.829246520996094 35.91997528076172 0
      vertex 7.829246520996094 35.91997528076172 0
      vertex -17.705032348632812 35.724998474121094 0
    endloop
  endfacet
  facet normal 0 0 -1
    outer loop
      vertex 7.829246520996094 35.91997528076172 0
      vertex -17.829246520996094 35.91997528076172 0
      vertex 7.969982147216797 36.10338592529297 0
    endloop
  endfacet
  facet normal 0 0 -1
    outer loop
      vertex -17.969982147216797 36.10338592529297 0
      vertex 7.969982147216797 36.10338592529297 0
      vertex -17.829246520996094 35.91997528076172 0
    endloop
  endfacet
  facet normal 0 0 -1
    outer loop
      vertex 7.969982147216797 36.10338592529297 0
      vertex -17.969982147216797 36.10338592529297 0
      vertex 8.126166343688965 36.273834228515625 0
    endloop
  endfacet
  facet normal 0 0 -1
    outer loop
      vertex -18.12616729736328 36.273834228515625 0
      vertex 8.126166343688965 36.273834228515625 0
      vertex -17.969982147216797 36.10338592529297 0
    endloop
  endfacet
  facet normal 0 0 -1
    outer loop
      vertex 8.126166343688965 36.273834228515625 0
      vertex -18.12616729736328 36.273834228515625 0
      vertex 8.296612739562988 36.430015563964844 0
    endloop
  endfacet
  facet normal 0 0 -1
    outer loop
      vertex -18.296611785888672 36.430015563964844 0
      vertex 8.296612739562988 36.430015563964844 0
      vertex -18.12616729736328 36.273834228515625 0
    endloop
  endfacet
  facet normal 0 0 -1
    outer loop
      vertex 8.296612739562988 36.430015563964844 0
      vertex -18.296611785888672 36.430015563964844 0
      vertex 8.480022430419922 36.57075119018555 0
    endloop
  endfacet
  facet normal 0 0 -1
    outer loop
      vertex -18.480022430419922 36.57075119018555 0
      vertex 8.480022430419922 36.57075119018555 0
      vertex -18.296611785888672 36.430015563964844 0
    endloop
  endfacet
  facet normal 0 0 -1
    outer loop
      vertex 8.480022430419922 36.57075119018555 0
      vertex -18.480022430419922 36.57075119018555 0
      vertex 8.674999237060547 36.694969177246094 0
    endloop
  endfacet
  facet normal 0 0 -1
    outer loop
      vertex -18.674999237060547 36.694969177246094 0
      vertex 8.674999237060547 36.694969177246094 0
      vertex -18.480022430419922 36.57075119018555 0
    endloop
  endfacet
  facet normal 0 0 -1
    outer loop
      vertex 8.674999237060547 36.694969177246094 0
      vertex -18.674999237060547 36.694969177246094 0
      vertex 8.880061149597168 36.80171585083008 0
    endloop
  endfacet
  facet normal 0 0 -1
    outer loop
      vertex -18.880062103271484 36.80171585083008 0
      vertex 8.880061149597168 36.80171585083008 0
      vertex -18.674999237060547 36.694969177246094 0
    endloop
  endfacet
  facet normal 0 0 -1
    outer loop
      vertex -28 42.400001525878906 0
      vertex 8.880061149597168 36.80171585083008 0
      vertex -18.880062103271484 36.80171585083008 0
    endloop
  endfacet
  facet normal 0 0 -1
    outer loop
      vertex 8.880061149597168 36.80171585083008 0
      vertex -28 42.400001525878906 0
      vertex 9.093646049499512 36.89018630981445 0
    endloop
  endfacet
  facet normal 0 0 -1
    outer loop
      vertex 9.093646049499512 36.89018630981445 0
      vertex -28 42.400001525878906 0
      vertex 9.314128875732422 36.95970153808594 0
    endloop
  endfacet
  facet normal 0 0 -1
    outer loop
      vertex 9.314128875732422 36.95970153808594 0
      vertex -28 42.400001525878906 0
      vertex 9.53983211517334 37.00973892211914 0
    endloop
  endfacet
  facet normal 0 0 -1
    outer loop
      vertex 9.53983211517334 37.00973892211914 0
      vertex -28 42.400001525878906 0
      vertex 9.769037246704102 37.0399169921875 0
    endloop
  endfacet
  facet normal 0 0 -1
    outer loop
      vertex -28 42.400001525878906 0
      vertex -18.880062103271484 36.80171585083008 0
      vertex -19.093647003173828 36.89018630981445 0
    endloop
  endfacet
  facet normal 0 0 -1
    outer loop
      vertex -28 42.400001525878906 0
      vertex -19.093647003173828 36.89018630981445 0
      vertex -19.314128875732422 36.95970153808594 0
    endloop
  endfacet
  facet normal 0 0 -1
    outer loop
      vertex -28 42.400001525878906 0
      vertex -19.314128875732422 36.95970153808594 0
      vertex -19.539833068847656 37.00973892211914 0
    endloop
  endfacet
  facet normal 0 0 -1
    outer loop
      vertex -28 42.400001525878906 0
      vertex -19.539833068847656 37.00973892211914 0
      vertex -19.7690372467041 37.0399169921875 0
    endloop
  endfacet
  facet normal 0 0 -1
    outer loop
      vertex -28 42.400001525878906 0
      vertex -19.7690372467041 37.0399169921875 0
      vertex -20 37.04999923706055 0
    endloop
  endfacet
  facet normal 0 0 -1
    outer loop
      vertex -28 42.400001525878906 0
      vertex -20 37.04999923706055 0
      vertex -20.230960845947266 37.0399169921875 0
    endloop
  endfacet
  facet normal 0 0 -1
    outer loop
      vertex -22.639915466308594 34.169036865234375 0
      vertex -28 42.400001525878906 0
      vertex -22.649999618530273 34.400001525878906 0
    endloop
  endfacet
  facet normal 0 0 -1
    outer loop
      vertex 10 37.04999923706055 0
      vertex -28 42.400001525878906 0
      vertex 63 42.400001525878906 0
    endloop
  endfacet
  facet normal 0 0 -1
    outer loop
      vertex -20.460166931152344 37.00973892211914 0
      vertex -28 42.400001525878906 0
      vertex -20.230960845947266 37.0399169921875 0
    endloop
  endfacet
  facet normal 0 0 -1
    outer loop
      vertex -20.685871124267578 36.95970153808594 0
      vertex -28 42.400001525878906 0
      vertex -20.460166931152344 37.00973892211914 0
    endloop
  endfacet
  facet normal 0 0 -1
    outer loop
      vertex -20.906352996826172 36.89018630981445 0
      vertex -28 42.400001525878906 0
      vertex -20.685871124267578 36.95970153808594 0
    endloop
  endfacet
  facet normal 0 0 -1
    outer loop
      vertex -21.119937896728516 36.80171585083008 0
      vertex -28 42.400001525878906 0
      vertex -20.906352996826172 36.89018630981445 0
    endloop
  endfacet
  facet normal 0 0 -1
    outer loop
      vertex -21.325000762939453 36.694969177246094 0
      vertex -28 42.400001525878906 0
      vertex -21.119937896728516 36.80171585083008 0
    endloop
  endfacet
  facet normal 0 0 -1
    outer loop
      vertex -21.519977569580078 36.57075119018555 0
      vertex -28 42.400001525878906 0
      vertex -21.325000762939453 36.694969177246094 0
    endloop
  endfacet
  facet normal 0 0 -1
    outer loop
      vertex -21.703386306762695 36.430015563964844 0
      vertex -28 42.400001525878906 0
      vertex -21.519977569580078 36.57075119018555 0
    endloop
  endfacet
  facet normal 0 0 -1
    outer loop
      vertex -21.87383270263672 36.273834228515625 0
      vertex -28 42.400001525878906 0
      vertex -21.703386306762695 36.430015563964844 0
    endloop
  endfacet
  facet normal 0 0 -1
    outer loop
      vertex -22.030017852783203 36.10338592529297 0
      vertex -28 42.400001525878906 0
      vertex -21.87383270263672 36.273834228515625 0
    endloop
  endfacet
  facet normal 0 0 -1
    outer loop
      vertex -22.170753479003906 35.91997528076172 0
      vertex -28 42.400001525878906 0
      vertex -22.030017852783203 36.10338592529297 0
    endloop
  endfacet
  facet normal 0 0 -1
    outer loop
      vertex -22.294967651367188 35.724998474121094 0
      vertex -28 42.400001525878906 0
      vertex -22.170753479003906 35.91997528076172 0
    endloop
  endfacet
  facet normal 0 0 -1
    outer loop
      vertex -22.401714324951172 35.519935607910156 0
      vertex -28 42.400001525878906 0
      vertex -22.294967651367188 35.724998474121094 0
    endloop
  endfacet
  facet normal 0 0 -1
    outer loop
      vertex -22.490184783935547 35.30635070800781 0
      vertex -28 42.400001525878906 0
      vertex -22.401714324951172 35.519935607910156 0
    endloop
  endfacet
  facet normal 0 0 -1
    outer loop
      vertex -22.559703826904297 35.08586883544922 0
      vertex -28 42.400001525878906 0
      vertex -22.490184783935547 35.30635070800781 0
    endloop
  endfacet
  facet normal 0 0 -1
    outer loop
      vertex -22.6097412109375 34.86016845703125 0
      vertex -28 42.400001525878906 0
      vertex -22.559703826904297 35.08586883544922 0
    endloop
  endfacet
  facet normal 0 0 -1
    outer loop
      vertex -22.639915466308594 34.63096237182617 0
      vertex -28 42.400001525878906 0
      vertex -22.6097412109375 34.86016845703125 0
    endloop
  endfacet
  facet normal 0 0 -1
    outer loop
      vertex -22.649999618530273 34.400001525878906 0
      vertex -28 42.400001525878906 0
      vertex -22.639915466308594 34.63096237182617 0
    endloop
  endfacet
  facet normal -1 0 0
    outer loop
      vertex 82 42.400001525878906 1.7999992370605469
      vertex 82 37.5 3
      vertex 82 42.400001525878906 3
    endloop
  endfacet
  facet normal -1 0 0
    outer loop
      vertex 82 37.5 3
      vertex 82 34.5 3
      vertex 82 37.5 15
    endloop
  endfacet
  facet normal -1 0 0
    outer loop
      vertex 82 42.400001525878906 1.7999992370605469
      vertex 82 34.5 3
      vertex 82 37.5 3
    endloop
  endfacet
  facet normal -1 0 0
    outer loop
      vertex 82 8 1.7999992370605469
      vertex 82 34.5 3
      vertex 82 42.400001525878906 1.7999992370605469
    endloop
  endfacet
  facet normal -1 0 0
    outer loop
      vertex 82 34.5 3
      vertex 82 8 1.7999992370605469
      vertex 82 8 3
    endloop
  endfacet
  facet normal -1 0 0
    outer loop
      vertex 82 37.5 15
      vertex 82 34.5 3
      vertex 82 34.5 15
    endloop
  endfacet
  facet normal -1 0 0
    outer loop
      vertex 82 -8 1.7999992370605469
      vertex 82 -34.5 3
      vertex 82 -8 3
    endloop
  endfacet
  facet normal -1 0 0
    outer loop
      vertex 82 -34.5 3
      vertex 82 -37.5 3
      vertex 82 -34.5 15
    endloop
  endfacet
  facet normal -1 0 0
    outer loop
      vertex 82 -42.400001525878906 1.7999992370605469
      vertex 82 -34.5 3
      vertex 82 -8 1.7999992370605469
    endloop
  endfacet
  facet normal -1 0 0
    outer loop
      vertex 82 -34.5 3
      vertex 82 -42.400001525878906 1.7999992370605469
      vertex 82 -37.5 3
    endloop
  endfacet
  facet normal -1 0 0
    outer loop
      vertex 82 -37.5 3
      vertex 82 -42.400001525878906 1.7999992370605469
      vertex 82 -42.400001525878906 3
    endloop
  endfacet
  facet normal -1 0 0
    outer loop
      vertex 82 -34.5 15
      vertex 82 -37.5 3
      vertex 82 -37.5 15
    endloop
  endfacet
  facet normal 0 1 0
    outer loop
      vertex 102 37.5 3
      vertex 82 37.5 15
      vertex 102 37.5 15
    endloop
  endfacet
  facet normal 0 1 0
    outer loop
      vertex 82 37.5 15
      vertex 102 37.5 3
      vertex 82 37.5 3
    endloop
  endfacet
  facet normal 0 -1 0
    outer loop
      vertex 82 34.5 3
      vertex 102 34.5 15
      vertex 82 34.5 15
    endloop
  endfacet
  facet normal 0 -1 0
    outer loop
      vertex 102 34.5 15
      vertex 82 34.5 3
      vertex 102 34.5 3
    endloop
  endfacet
  facet normal 0 0 1
    outer loop
      vertex 82 -34.5 15
      vertex 102 -37.5 15
      vertex 102 -34.5 15
    endloop
  endfacet
  facet normal 0 0 1
    outer loop
      vertex 102 -37.5 15
      vertex 82 -34.5 15
      vertex 82 -37.5 15
    endloop
  endfacet
  facet normal 0 1 0
    outer loop
      vertex 102 -34.5 3
      vertex 82 -34.5 15
      vertex 102 -34.5 15
    endloop
  endfacet
  facet normal 0 1 0
    outer loop
      vertex 82 -34.5 15
      vertex 102 -34.5 3
      vertex 82 -34.5 3
    endloop
  endfacet
  facet normal 0 -1 0
    outer loop
      vertex 82 -37.5 3
      vertex 102 -37.5 15
      vertex 82 -37.5 15
    endloop
  endfacet
  facet normal 0 -1 0
    outer loop
      vertex 102 -37.5 15
      vertex 82 -37.5 3
      vertex 102 -37.5 3
    endloop
  endfacet
  facet normal 1 0 0
    outer loop
      vertex 55.5 36.400001525878906 15.5
      vertex 55.5 42.400001525878906 1.7999992370605469
      vertex 55.5 42.400001525878906 15.5
    endloop
  endfacet
  facet normal 1 0 0
    outer loop
      vertex 55.5 42.400001525878906 1.7999992370605469
      vertex 55.5 36.400001525878906 15.5
      vertex 55.5 36.400001525878906 1.7999992370605469
    endloop
  endfacet
  facet normal 0 0 1
    outer loop
      vertex 46 42.400001525878906 15.5
      vertex 47.5 36.400001525878906 15.5
      vertex 47.5 42.400001525878906 15.5
    endloop
  endfacet
  facet normal 0 0 1
    outer loop
      vertex 47.5 36.400001525878906 15.5
      vertex 46 42.400001525878906 15.5
      vertex 46 36.400001525878906 15.5
    endloop
  endfacet
  facet normal -1 0 0
    outer loop
      vertex 46 36.400001525878906 11.5
      vertex 46 42.400001525878906 15.5
      vertex 46 42.400001525878906 11.5
    endloop
  endfacet
  facet normal -1 0 0
    outer loop
      vertex 46 42.400001525878906 15.5
      vertex 46 36.400001525878906 11.5
      vertex 46 36.400001525878906 15.5
    endloop
  endfacet
  facet normal 0 1 0
    outer loop
      vertex 63 42.400001525878906 1.7999992370605469
      vertex 63 42.400001525878906 0
      vertex 55.5 42.400001525878906 1.7999992370605469
    endloop
  endfacet
  facet normal 0 1 0
    outer loop
      vertex 51.5 42.400001525878906 17
      vertex 51.5 42.400001525878906 19.5
      vertex 51.8486213684082 42.400001525878906 19.484779357910156
    endloop
  endfacet
  facet normal 0 1 0
    outer loop
      vertex 51.630733489990234 42.400001525878906 16.994291305541992
      vertex 51.8486213684082 42.400001525878906 19.484779357910156
      vertex 52.1945915222168 42.400001525878906 19.439231872558594
    endloop
  endfacet
  facet normal 0 1 0
    outer loop
      vertex 51.5 42.400001525878906 19.5
      vertex 51.5 42.400001525878906 17
      vertex 51.15137481689453 42.400001525878906 19.484779357910156
    endloop
  endfacet
  facet normal 0 1 0
    outer loop
      vertex 51.76047134399414 42.400001525878906 16.977210998535156
      vertex 52.1945915222168 42.400001525878906 19.439231872558594
      vertex 52.535274505615234 42.400001525878906 19.36370277404785
    endloop
  endfacet
  facet normal 0 1 0
    outer loop
      vertex 51.369266510009766 42.400001525878906 16.994291305541992
      vertex 51.15137481689453 42.400001525878906 19.484779357910156
      vertex 51.5 42.400001525878906 17
    endloop
  endfacet
  facet normal 0 1 0
    outer loop
      vertex 51.88822937011719 42.400001525878906 16.94888687133789
      vertex 52.535274505615234 42.400001525878906 19.36370277404785
      vertex 52.868080139160156 42.400001525878906 19.258769989013672
    endloop
  endfacet
  facet normal 0 1 0
    outer loop
      vertex 51.15137481689453 42.400001525878906 19.484779357910156
      vertex 51.369266510009766 42.400001525878906 16.994291305541992
      vertex 50.80540466308594 42.400001525878906 19.439231872558594
    endloop
  endfacet
  facet normal 0 1 0
    outer loop
      vertex 52.013031005859375 42.400001525878906 16.90953826904297
      vertex 52.868080139160156 42.400001525878906 19.258769989013672
      vertex 53.19047164916992 42.400001525878906 19.12523078918457
    endloop
  endfacet
  facet normal 0 1 0
    outer loop
      vertex 51.23952865600586 42.400001525878906 16.977210998535156
      vertex 50.80540466308594 42.400001525878906 19.439231872558594
      vertex 51.369266510009766 42.400001525878906 16.994291305541992
    endloop
  endfacet
  facet normal 0 1 0
    outer loop
      vertex 52.13392639160156 42.400001525878906 16.859460830688477
      vertex 53.19047164916992 42.400001525878906 19.12523078918457
      vertex 53.5 42.400001525878906 18.964099884033203
    endloop
  endfacet
  facet normal 0 1 0
    outer loop
      vertex 50.80540466308594 42.400001525878906 19.439231872558594
      vertex 51.23952865600586 42.400001525878906 16.977210998535156
      vertex 50.4647216796875 42.400001525878906 19.36370277404785
    endloop
  endfacet
  facet normal 0 1 0
    outer loop
      vertex 52.25 42.400001525878906 16.79903793334961
      vertex 53.5 42.400001525878906 18.964099884033203
      vertex 53.79430389404297 42.400001525878906 18.776607513427734
    endloop
  endfacet
  facet normal 0 1 0
    outer loop
      vertex 51.11177062988281 42.400001525878906 16.94888687133789
      vertex 50.4647216796875 42.400001525878906 19.36370277404785
      vertex 51.23952865600586 42.400001525878906 16.977210998535156
    endloop
  endfacet
  facet normal 0 1 0
    outer loop
      vertex 52.3603630065918 42.400001525878906 16.728727340698242
      vertex 53.79430389404297 42.400001525878906 18.776607513427734
      vertex 54.07115173339844 42.400001525878906 18.564178466796875
    endloop
  endfacet
  facet normal 0 1 0
    outer loop
      vertex 50.4647216796875 42.400001525878906 19.36370277404785
      vertex 51.11177062988281 42.400001525878906 16.94888687133789
      vertex 50.131919860839844 42.400001525878906 19.258769989013672
    endloop
  endfacet
  facet normal 0 1 0
    outer loop
      vertex 52.46417999267578 42.400001525878906 16.649066925048828
      vertex 54.07115173339844 42.400001525878906 18.564178466796875
      vertex 54.328426361083984 42.400001525878906 18.328426361083984
    endloop
  endfacet
  facet normal 0 1 0
    outer loop
      vertex 50.986968994140625 42.400001525878906 16.90953826904297
      vertex 50.131919860839844 42.400001525878906 19.258769989013672
      vertex 51.11177062988281 42.400001525878906 16.94888687133789
    endloop
  endfacet
  facet normal 0 1 0
    outer loop
      vertex 52.56066131591797 42.400001525878906 16.560659408569336
      vertex 54.328426361083984 42.400001525878906 18.328426361083984
      vertex 54.564178466796875 42.400001525878906 18.071149826049805
    endloop
  endfacet
  facet normal 0 1 0
    outer loop
      vertex 50.131919860839844 42.400001525878906 19.258769989013672
      vertex 50.986968994140625 42.400001525878906 16.90953826904297
      vertex 49.80952453613281 42.400001525878906 19.12523078918457
    endloop
  endfacet
  facet normal 0 1 0
    outer loop
      vertex 52.64906692504883 42.400001525878906 16.46417999267578
      vertex 54.564178466796875 42.400001525878906 18.071149826049805
      vertex 54.776607513427734 42.400001525878906 17.79430389404297
    endloop
  endfacet
  facet normal 0 1 0
    outer loop
      vertex 50.86607360839844 42.400001525878906 16.859460830688477
      vertex 49.80952453613281 42.400001525878906 19.12523078918457
      vertex 50.986968994140625 42.400001525878906 16.90953826904297
    endloop
  endfacet
  facet normal 0 1 0
    outer loop
      vertex 52.728729248046875 42.400001525878906 16.360363006591797
      vertex 54.776607513427734 42.400001525878906 17.79430389404297
      vertex 54.9640998840332 42.400001525878906 17.5
    endloop
  endfacet
  facet normal 0 1 0
    outer loop
      vertex 49.80952453613281 42.400001525878906 19.12523078918457
      vertex 50.86607360839844 42.400001525878906 16.859460830688477
      vertex 49.5 42.400001525878906 18.964099884033203
    endloop
  endfacet
  facet normal 0 1 0
    outer loop
      vertex 52.79903793334961 42.400001525878906 16.25
      vertex 54.9640998840332 42.400001525878906 17.5
      vertex 55.12522888183594 42.400001525878906 17.190471649169922
    endloop
  endfacet
  facet normal 0 1 0
    outer loop
      vertex 50.75 42.400001525878906 16.79903793334961
      vertex 49.5 42.400001525878906 18.964099884033203
      vertex 50.86607360839844 42.400001525878906 16.859460830688477
    endloop
  endfacet
  facet normal 0 1 0
    outer loop
      vertex 49.5 42.400001525878906 18.964099884033203
      vertex 50.75 42.400001525878906 16.79903793334961
      vertex 49.20569610595703 42.400001525878906 18.776607513427734
    endloop
  endfacet
  facet normal 0 1 0
    outer loop
      vertex 51.8486213684082 42.400001525878906 19.484779357910156
      vertex 51.630733489990234 42.400001525878906 16.994291305541992
      vertex 51.5 42.400001525878906 17
    endloop
  endfacet
  facet normal 0 1 0
    outer loop
      vertex 52.1945915222168 42.400001525878906 19.439231872558594
      vertex 51.76047134399414 42.400001525878906 16.977210998535156
      vertex 51.630733489990234 42.400001525878906 16.994291305541992
    endloop
  endfacet
  facet normal 0 1 0
    outer loop
      vertex 52.535274505615234 42.400001525878906 19.36370277404785
      vertex 51.88822937011719 42.400001525878906 16.94888687133789
      vertex 51.76047134399414 42.400001525878906 16.977210998535156
    endloop
  endfacet
  facet normal 0 1 0
    outer loop
      vertex 52.868080139160156 42.400001525878906 19.258769989013672
      vertex 52.013031005859375 42.400001525878906 16.90953826904297
      vertex 51.88822937011719 42.400001525878906 16.94888687133789
    endloop
  endfacet
  facet normal 0 1 0
    outer loop
      vertex 52.859458923339844 42.400001525878906 16.133926391601562
      vertex 55.12522888183594 42.400001525878906 17.190471649169922
      vertex 55.25876998901367 42.400001525878906 16.868080139160156
    endloop
  endfacet
  facet normal 0 1 0
    outer loop
      vertex 53.19047164916992 42.400001525878906 19.12523078918457
      vertex 52.13392639160156 42.400001525878906 16.859460830688477
      vertex 52.013031005859375 42.400001525878906 16.90953826904297
    endloop
  endfacet
  facet normal 0 1 0
    outer loop
      vertex 53.5 42.400001525878906 18.964099884033203
      vertex 52.25 42.400001525878906 16.79903793334961
      vertex 52.13392639160156 42.400001525878906 16.859460830688477
    endloop
  endfacet
  facet normal 0 1 0
    outer loop
      vertex 53.79430389404297 42.400001525878906 18.776607513427734
      vertex 52.3603630065918 42.400001525878906 16.728727340698242
      vertex 52.25 42.400001525878906 16.79903793334961
    endloop
  endfacet
  facet normal 0 1 0
    outer loop
      vertex 54.07115173339844 42.400001525878906 18.564178466796875
      vertex 52.46417999267578 42.400001525878906 16.649066925048828
      vertex 52.3603630065918 42.400001525878906 16.728727340698242
    endloop
  endfacet
  facet normal 0 1 0
    outer loop
      vertex 54.328426361083984 42.400001525878906 18.328426361083984
      vertex 52.56066131591797 42.400001525878906 16.560659408569336
      vertex 52.46417999267578 42.400001525878906 16.649066925048828
    endloop
  endfacet
  facet normal 0 1 0
    outer loop
      vertex 52.90953826904297 42.400001525878906 16.013031005859375
      vertex 55.25876998901367 42.400001525878906 16.868080139160156
      vertex 55.36370086669922 42.400001525878906 16.535274505615234
    endloop
  endfacet
  facet normal 0 1 0
    outer loop
      vertex 54.564178466796875 42.400001525878906 18.071149826049805
      vertex 52.64906692504883 42.400001525878906 16.46417999267578
      vertex 52.56066131591797 42.400001525878906 16.560659408569336
    endloop
  endfacet
  facet normal 0 1 0
    outer loop
      vertex 54.776607513427734 42.400001525878906 17.79430389404297
      vertex 52.728729248046875 42.400001525878906 16.360363006591797
      vertex 52.64906692504883 42.400001525878906 16.46417999267578
    endloop
  endfacet
  facet normal 0 1 0
    outer loop
      vertex 54.9640998840332 42.400001525878906 17.5
      vertex 52.79903793334961 42.400001525878906 16.25
      vertex 52.728729248046875 42.400001525878906 16.360363006591797
    endloop
  endfacet
  facet normal 0 1 0
    outer loop
      vertex 52.94888687133789 42.400001525878906 15.888228416442871
      vertex 55.36370086669922 42.400001525878906 16.535274505615234
      vertex 55.439231872558594 42.400001525878906 16.194591522216797
    endloop
  endfacet
  facet normal 0 1 0
    outer loop
      vertex 55.12522888183594 42.400001525878906 17.190471649169922
      vertex 52.859458923339844 42.400001525878906 16.133926391601562
      vertex 52.79903793334961 42.400001525878906 16.25
    endloop
  endfacet
  facet normal 0 1 0
    outer loop
      vertex 55.25876998901367 42.400001525878906 16.868080139160156
      vertex 52.90953826904297 42.400001525878906 16.013031005859375
      vertex 52.859458923339844 42.400001525878906 16.133926391601562
    endloop
  endfacet
  facet normal 0 1 0
    outer loop
      vertex 55.36370086669922 42.400001525878906 16.535274505615234
      vertex 52.94888687133789 42.400001525878906 15.888228416442871
      vertex 52.90953826904297 42.400001525878906 16.013031005859375
    endloop
  endfacet
  facet normal 0 1 0
    outer loop
      vertex 52.977210998535156 42.400001525878906 15.76047134399414
      vertex 55.439231872558594 42.400001525878906 16.194591522216797
      vertex 55.484779357910156 42.400001525878906 15.84862232208252
    endloop
  endfacet
  facet normal 0 1 0
    outer loop
      vertex 55.439231872558594 42.400001525878906 16.194591522216797
      vertex 52.977210998535156 42.400001525878906 15.76047134399414
      vertex 52.94888687133789 42.400001525878906 15.888228416442871
    endloop
  endfacet
  facet normal 0 1 0
    outer loop
      vertex 55.484779357910156 42.400001525878906 15.84862232208252
      vertex 52.994293212890625 42.400001525878906 15.630733489990234
      vertex 52.977210998535156 42.400001525878906 15.76047134399414
    endloop
  endfacet
  facet normal 0 1 0
    outer loop
      vertex 55.5 42.400001525878906 15.5
      vertex 52.994293212890625 42.400001525878906 15.630733489990234
      vertex 55.484779357910156 42.400001525878906 15.84862232208252
    endloop
  endfacet
  facet normal 0 1 0
    outer loop
      vertex 55.5 42.400001525878906 15.5
      vertex 53 42.400001525878906 15.5
      vertex 52.994293212890625 42.400001525878906 15.630733489990234
    endloop
  endfacet
  facet normal 0 1 0
    outer loop
      vertex 55.5 42.400001525878906 15.5
      vertex 52.994293212890625 42.400001525878906 15.36926555633545
      vertex 53 42.400001525878906 15.5
    endloop
  endfacet
  facet normal 0 1 0
    outer loop
      vertex 55.5 42.400001525878906 15.5
      vertex 52.977210998535156 42.400001525878906 15.239527702331543
      vertex 52.994293212890625 42.400001525878906 15.36926555633545
    endloop
  endfacet
  facet normal 0 1 0
    outer loop
      vertex 55.5 42.400001525878906 15.5
      vertex 52.94888687133789 42.400001525878906 15.111770629882812
      vertex 52.977210998535156 42.400001525878906 15.239527702331543
    endloop
  endfacet
  facet normal 0 1 0
    outer loop
      vertex 55.5 42.400001525878906 15.5
      vertex 52.90953826904297 42.400001525878906 14.986968994140625
      vertex 52.94888687133789 42.400001525878906 15.111770629882812
    endloop
  endfacet
  facet normal 0 1 0
    outer loop
      vertex 55.5 42.400001525878906 15.5
      vertex 52.859458923339844 42.400001525878906 14.866071701049805
      vertex 52.90953826904297 42.400001525878906 14.986968994140625
    endloop
  endfacet
  facet normal 0 1 0
    outer loop
      vertex 55.5 42.400001525878906 15.5
      vertex 52.79903793334961 42.400001525878906 14.75
      vertex 52.859458923339844 42.400001525878906 14.866071701049805
    endloop
  endfacet
  facet normal 0 1 0
    outer loop
      vertex 55.5 42.400001525878906 15.5
      vertex 52.728729248046875 42.400001525878906 14.63963508605957
      vertex 52.79903793334961 42.400001525878906 14.75
    endloop
  endfacet
  facet normal 0 1 0
    outer loop
      vertex 55.5 42.400001525878906 15.5
      vertex 52.64906692504883 42.400001525878906 14.535818099975586
      vertex 52.728729248046875 42.400001525878906 14.63963508605957
    endloop
  endfacet
  facet normal 0 1 0
    outer loop
      vertex 55.5 42.400001525878906 15.5
      vertex 52.56066131591797 42.400001525878906 14.439339637756348
      vertex 52.64906692504883 42.400001525878906 14.535818099975586
    endloop
  endfacet
  facet normal 0 1 0
    outer loop
      vertex 55.5 42.400001525878906 15.5
      vertex 52.46417999267578 42.400001525878906 14.350933074951172
      vertex 52.56066131591797 42.400001525878906 14.439339637756348
    endloop
  endfacet
  facet normal 0 1 0
    outer loop
      vertex 55.5 42.400001525878906 15.5
      vertex 52.3603630065918 42.400001525878906 14.271271705627441
      vertex 52.46417999267578 42.400001525878906 14.350933074951172
    endloop
  endfacet
  facet normal 0 1 0
    outer loop
      vertex 55.5 42.400001525878906 1.7999992370605469
      vertex 52.3603630065918 42.400001525878906 14.271271705627441
      vertex 55.5 42.400001525878906 15.5
    endloop
  endfacet
  facet normal 0 1 0
    outer loop
      vertex 52.3603630065918 42.400001525878906 14.271271705627441
      vertex 55.5 42.400001525878906 1.7999992370605469
      vertex 52.25 42.400001525878906 14.200961112976074
    endloop
  endfacet
  facet normal 0 1 0
    outer loop
      vertex 52.25 42.400001525878906 14.200961112976074
      vertex 55.5 42.400001525878906 1.7999992370605469
      vertex 52.13392639160156 42.400001525878906 14.140538215637207
    endloop
  endfacet
  facet normal 0 1 0
    outer loop
      vertex 55.5 42.400001525878906 1.7999992370605469
      vertex 51.5 42.400001525878906 14
      vertex 51.630733489990234 42.400001525878906 14.005707740783691
    endloop
  endfacet
  facet normal 0 1 0
    outer loop
      vertex 55.5 42.400001525878906 1.7999992370605469
      vertex 51.630733489990234 42.400001525878906 14.005707740783691
      vertex 51.76047134399414 42.400001525878906 14.022788047790527
    endloop
  endfacet
  facet normal 0 1 0
    outer loop
      vertex 55.5 42.400001525878906 1.7999992370605469
      vertex 51.76047134399414 42.400001525878906 14.022788047790527
      vertex 51.88822937011719 42.400001525878906 14.051111221313477
    endloop
  endfacet
  facet normal 0 1 0
    outer loop
      vertex 55.5 42.400001525878906 1.7999992370605469
      vertex 51.88822937011719 42.400001525878906 14.051111221313477
      vertex 52.013031005859375 42.400001525878906 14.090460777282715
    endloop
  endfacet
  facet normal 0 1 0
    outer loop
      vertex 52.13392639160156 42.400001525878906 14.140538215637207
      vertex 55.5 42.400001525878906 1.7999992370605469
      vertex 52.013031005859375 42.400001525878906 14.090460777282715
    endloop
  endfacet
  facet normal 0 1 0
    outer loop
      vertex 51.5 42.400001525878906 14
      vertex 55.5 42.400001525878906 1.7999992370605469
      vertex 46 42.400001525878906 11.5
    endloop
  endfacet
  facet normal 0 1 0
    outer loop
      vertex -28 42.400001525878906 0
      vertex 46 42.400001525878906 11.5
      vertex 55.5 42.400001525878906 1.7999992370605469
    endloop
  endfacet
  facet normal 0 1 0
    outer loop
      vertex -28 42.400001525878906 0
      vertex 55.5 42.400001525878906 1.7999992370605469
      vertex 63 42.400001525878906 0
    endloop
  endfacet
  facet normal 0 1 0
    outer loop
      vertex 46 42.400001525878906 11.5
      vertex -28 42.400001525878906 0
      vertex -28 42.400001525878906 11.5
    endloop
  endfacet
  facet normal 0 1 0
    outer loop
      vertex 50.63963317871094 42.400001525878906 16.728727340698242
      vertex 49.20569610595703 42.400001525878906 18.776607513427734
      vertex 50.75 42.400001525878906 16.79903793334961
    endloop
  endfacet
  facet normal 0 1 0
    outer loop
      vertex 49.20569610595703 42.400001525878906 18.776607513427734
      vertex 50.63963317871094 42.400001525878906 16.728727340698242
      vertex 48.92884826660156 42.400001525878906 18.564178466796875
    endloop
  endfacet
  facet normal 0 1 0
    outer loop
      vertex 50.53582000732422 42.400001525878906 16.649066925048828
      vertex 48.92884826660156 42.400001525878906 18.564178466796875
      vertex 50.63963317871094 42.400001525878906 16.728727340698242
    endloop
  endfacet
  facet normal 0 1 0
    outer loop
      vertex 48.92884826660156 42.400001525878906 18.564178466796875
      vertex 50.53582000732422 42.400001525878906 16.649066925048828
      vertex 48.671573638916016 42.400001525878906 18.328426361083984
    endloop
  endfacet
  facet normal 0 1 0
    outer loop
      vertex 50.43933868408203 42.400001525878906 16.560659408569336
      vertex 48.671573638916016 42.400001525878906 18.328426361083984
      vertex 50.53582000732422 42.400001525878906 16.649066925048828
    endloop
  endfacet
  facet normal 0 1 0
    outer loop
      vertex 48.671573638916016 42.400001525878906 18.328426361083984
      vertex 50.43933868408203 42.400001525878906 16.560659408569336
      vertex 48.435821533203125 42.400001525878906 18.071149826049805
    endloop
  endfacet
  facet normal 0 1 0
    outer loop
      vertex 50.35093307495117 42.400001525878906 16.46417999267578
      vertex 48.435821533203125 42.400001525878906 18.071149826049805
      vertex 50.43933868408203 42.400001525878906 16.560659408569336
    endloop
  endfacet
  facet normal 0 1 0
    outer loop
      vertex 48.435821533203125 42.400001525878906 18.071149826049805
      vertex 50.35093307495117 42.400001525878906 16.46417999267578
      vertex 48.223392486572266 42.400001525878906 17.79430389404297
    endloop
  endfacet
  facet normal 0 1 0
    outer loop
      vertex 50.271270751953125 42.400001525878906 16.360363006591797
      vertex 48.223392486572266 42.400001525878906 17.79430389404297
      vertex 50.35093307495117 42.400001525878906 16.46417999267578
    endloop
  endfacet
  facet normal 0 1 0
    outer loop
      vertex 48.223392486572266 42.400001525878906 17.79430389404297
      vertex 50.271270751953125 42.400001525878906 16.360363006591797
      vertex 48.03589630126953 42.400001525878906 17.5
    endloop
  endfacet
  facet normal 0 1 0
    outer loop
      vertex 50.20096206665039 42.400001525878906 16.25
      vertex 48.03589630126953 42.400001525878906 17.5
      vertex 50.271270751953125 42.400001525878906 16.360363006591797
    endloop
  endfacet
  facet normal 0 1 0
    outer loop
      vertex 48.03589630126953 42.400001525878906 17.5
      vertex 50.20096206665039 42.400001525878906 16.25
      vertex 47.8747673034668 42.400001525878906 17.190471649169922
    endloop
  endfacet
  facet normal 0 1 0
    outer loop
      vertex 50.14053726196289 42.400001525878906 16.133926391601562
      vertex 47.8747673034668 42.400001525878906 17.190471649169922
      vertex 50.20096206665039 42.400001525878906 16.25
    endloop
  endfacet
  facet normal 0 1 0
    outer loop
      vertex 47.8747673034668 42.400001525878906 17.190471649169922
      vertex 50.14053726196289 42.400001525878906 16.133926391601562
      vertex 47.74123001098633 42.400001525878906 16.868080139160156
    endloop
  endfacet
  facet normal 0 1 0
    outer loop
      vertex 50.09046173095703 42.400001525878906 16.013031005859375
      vertex 47.74123001098633 42.400001525878906 16.868080139160156
      vertex 50.14053726196289 42.400001525878906 16.133926391601562
    endloop
  endfacet
  facet normal 0 1 0
    outer loop
      vertex 47.74123001098633 42.400001525878906 16.868080139160156
      vertex 50.09046173095703 42.400001525878906 16.013031005859375
      vertex 47.636295318603516 42.400001525878906 16.535274505615234
    endloop
  endfacet
  facet normal 0 1 0
    outer loop
      vertex 50.051109313964844 42.400001525878906 15.888228416442871
      vertex 47.636295318603516 42.400001525878906 16.535274505615234
      vertex 50.09046173095703 42.400001525878906 16.013031005859375
    endloop
  endfacet
  facet normal 0 1 0
    outer loop
      vertex 47.636295318603516 42.400001525878906 16.535274505615234
      vertex 50.051109313964844 42.400001525878906 15.888228416442871
      vertex 47.560768127441406 42.400001525878906 16.194591522216797
    endloop
  endfacet
  facet normal 0 1 0
    outer loop
      vertex 50.022789001464844 42.400001525878906 15.76047134399414
      vertex 47.560768127441406 42.400001525878906 16.194591522216797
      vertex 50.051109313964844 42.400001525878906 15.888228416442871
    endloop
  endfacet
  facet normal 0 1 0
    outer loop
      vertex 47.560768127441406 42.400001525878906 16.194591522216797
      vertex 50.022789001464844 42.400001525878906 15.76047134399414
      vertex 47.515220642089844 42.400001525878906 15.84862232208252
    endloop
  endfacet
  facet normal 0 1 0
    outer loop
      vertex 50.005706787109375 42.400001525878906 15.630733489990234
      vertex 47.515220642089844 42.400001525878906 15.84862232208252
      vertex 50.022789001464844 42.400001525878906 15.76047134399414
    endloop
  endfacet
  facet normal 0 1 0
    outer loop
      vertex 50 42.400001525878906 15.5
      vertex 47.515220642089844 42.400001525878906 15.84862232208252
      vertex 50.005706787109375 42.400001525878906 15.630733489990234
    endloop
  endfacet
  facet normal 0 1 0
    outer loop
      vertex 50 42.400001525878906 15.5
      vertex 47.5 42.400001525878906 15.5
      vertex 47.515220642089844 42.400001525878906 15.84862232208252
    endloop
  endfacet
  facet normal 0 1 0
    outer loop
      vertex 50.005706787109375 42.400001525878906 15.36926555633545
      vertex 47.5 42.400001525878906 15.5
      vertex 50 42.400001525878906 15.5
    endloop
  endfacet
  facet normal 0 1 0
    outer loop
      vertex 50.022789001464844 42.400001525878906 15.239527702331543
      vertex 47.5 42.400001525878906 15.5
      vertex 50.005706787109375 42.400001525878906 15.36926555633545
    endloop
  endfacet
  facet normal 0 1 0
    outer loop
      vertex 50.051109313964844 42.400001525878906 15.111770629882812
      vertex 47.5 42.400001525878906 15.5
      vertex 50.022789001464844 42.400001525878906 15.239527702331543
    endloop
  endfacet
  facet normal 0 1 0
    outer loop
      vertex 50.09046173095703 42.400001525878906 14.986968994140625
      vertex 47.5 42.400001525878906 15.5
      vertex 50.051109313964844 42.400001525878906 15.111770629882812
    endloop
  endfacet
  facet normal 0 1 0
    outer loop
      vertex 50.14053726196289 42.400001525878906 14.866071701049805
      vertex 47.5 42.400001525878906 15.5
      vertex 50.09046173095703 42.400001525878906 14.986968994140625
    endloop
  endfacet
  facet normal 0 1 0
    outer loop
      vertex 50.20096206665039 42.400001525878906 14.75
      vertex 47.5 42.400001525878906 15.5
      vertex 50.14053726196289 42.400001525878906 14.866071701049805
    endloop
  endfacet
  facet normal 0 1 0
    outer loop
      vertex 50.271270751953125 42.400001525878906 14.63963508605957
      vertex 47.5 42.400001525878906 15.5
      vertex 50.20096206665039 42.400001525878906 14.75
    endloop
  endfacet
  facet normal 0 1 0
    outer loop
      vertex 50.35093307495117 42.400001525878906 14.535818099975586
      vertex 47.5 42.400001525878906 15.5
      vertex 50.271270751953125 42.400001525878906 14.63963508605957
    endloop
  endfacet
  facet normal 0 1 0
    outer loop
      vertex 47.5 42.400001525878906 15.5
      vertex 50.35093307495117 42.400001525878906 14.535818099975586
      vertex 46 42.400001525878906 11.5
    endloop
  endfacet
  facet normal 0 1 0
    outer loop
      vertex 46 42.400001525878906 11.5
      vertex 50.35093307495117 42.400001525878906 14.535818099975586
      vertex 50.43933868408203 42.400001525878906 14.439339637756348
    endloop
  endfacet
  facet normal 0 1 0
    outer loop
      vertex 46 42.400001525878906 11.5
      vertex 50.43933868408203 42.400001525878906 14.439339637756348
      vertex 50.53582000732422 42.400001525878906 14.350933074951172
    endloop
  endfacet
  facet normal 0 1 0
    outer loop
      vertex 46 42.400001525878906 11.5
      vertex 50.53582000732422 42.400001525878906 14.350933074951172
      vertex 50.63963317871094 42.400001525878906 14.271271705627441
    endloop
  endfacet
  facet normal 0 1 0
    outer loop
      vertex 46 42.400001525878906 11.5
      vertex 50.63963317871094 42.400001525878906 14.271271705627441
      vertex 50.75 42.400001525878906 14.200961112976074
    endloop
  endfacet
  facet normal 0 1 0
    outer loop
      vertex 46 42.400001525878906 11.5
      vertex 50.75 42.400001525878906 14.200961112976074
      vertex 50.86607360839844 42.400001525878906 14.140538215637207
    endloop
  endfacet
  facet normal 0 1 0
    outer loop
      vertex 46 42.400001525878906 11.5
      vertex 50.86607360839844 42.400001525878906 14.140538215637207
      vertex 50.986968994140625 42.400001525878906 14.090460777282715
    endloop
  endfacet
  facet normal 0 1 0
    outer loop
      vertex 46 42.400001525878906 11.5
      vertex 50.986968994140625 42.400001525878906 14.090460777282715
      vertex 51.11177062988281 42.400001525878906 14.051111221313477
    endloop
  endfacet
  facet normal 0 1 0
    outer loop
      vertex 47.5 42.400001525878906 15.5
      vertex 46 42.400001525878906 11.5
      vertex 46 42.400001525878906 15.5
    endloop
  endfacet
  facet normal 0 1 0
    outer loop
      vertex 51.23952865600586 42.400001525878906 14.022788047790527
      vertex 46 42.400001525878906 11.5
      vertex 51.11177062988281 42.400001525878906 14.051111221313477
    endloop
  endfacet
  facet normal 0 1 0
    outer loop
      vertex 51.369266510009766 42.400001525878906 14.005707740783691
      vertex 46 42.400001525878906 11.5
      vertex 51.23952865600586 42.400001525878906 14.022788047790527
    endloop
  endfacet
  facet normal 0 1 0
    outer loop
      vertex 46 42.400001525878906 11.5
      vertex 51.369266510009766 42.400001525878906 14.005707740783691
      vertex 51.5 42.400001525878906 14
    endloop
  endfacet
  facet normal 0 1 0
    outer loop
      vertex 102 42.400001525878906 3
      vertex 82 42.400001525878906 1.7999992370605469
      vertex 82 42.400001525878906 3
    endloop
  endfacet
  facet normal 0 1 0
    outer loop
      vertex 102 42.400001525878906 0
      vertex 82 42.400001525878906 1.7999992370605469
      vertex 102 42.400001525878906 3
    endloop
  endfacet
  facet normal 0 1 0
    outer loop
      vertex 81 42.400001525878906 0
      vertex 82 42.400001525878906 1.7999992370605469
      vertex 102 42.400001525878906 0
    endloop
  endfacet
  facet normal 0 1 0
    outer loop
      vertex 82 42.400001525878906 1.7999992370605469
      vertex 81 42.400001525878906 0
      vertex 81 42.400001525878906 1.7999992370605469
    endloop
  endfacet
  facet normal 0 -1 0
    outer loop
      vertex 46 36.400001525878906 11.5
      vertex 47.5 36.400001525878906 15.5
      vertex 46 36.400001525878906 15.5
    endloop
  endfacet
  facet normal 0 -1 0
    outer loop
      vertex 47.5 36.400001525878906 15.5
      vertex 50.005706787109375 36.400001525878906 15.36926555633545
      vertex 50 36.400001525878906 15.5
    endloop
  endfacet
  facet normal 0 -1 0
    outer loop
      vertex 47.5 36.400001525878906 15.5
      vertex 50.022789001464844 36.400001525878906 15.239527702331543
      vertex 50.005706787109375 36.400001525878906 15.36926555633545
    endloop
  endfacet
  facet normal 0 -1 0
    outer loop
      vertex 47.5 36.400001525878906 15.5
      vertex 50.051109313964844 36.400001525878906 15.111770629882812
      vertex 50.022789001464844 36.400001525878906 15.239527702331543
    endloop
  endfacet
  facet normal 0 -1 0
    outer loop
      vertex 47.5 36.400001525878906 15.5
      vertex 50.09046173095703 36.400001525878906 14.986968994140625
      vertex 50.051109313964844 36.400001525878906 15.111770629882812
    endloop
  endfacet
  facet normal 0 -1 0
    outer loop
      vertex 47.5 36.400001525878906 15.5
      vertex 50.14053726196289 36.400001525878906 14.866071701049805
      vertex 50.09046173095703 36.400001525878906 14.986968994140625
    endloop
  endfacet
  facet normal 0 -1 0
    outer loop
      vertex 50.20096206665039 36.400001525878906 14.75
      vertex 47.5 36.400001525878906 15.5
      vertex 48 36.400001525878906 11.5
    endloop
  endfacet
  facet normal 0 -1 0
    outer loop
      vertex 47.5 36.400001525878906 15.5
      vertex 50.20096206665039 36.400001525878906 14.75
      vertex 50.14053726196289 36.400001525878906 14.866071701049805
    endloop
  endfacet
  facet normal 0 -1 0
    outer loop
      vertex 50.20096206665039 36.400001525878906 14.75
      vertex 48 36.400001525878906 11.5
      vertex 50.271270751953125 36.400001525878906 14.63963508605957
    endloop
  endfacet
  facet normal 0 -1 0
    outer loop
      vertex 50.271270751953125 36.400001525878906 14.63963508605957
      vertex 48 36.400001525878906 11.5
      vertex 50.35093307495117 36.400001525878906 14.535818099975586
    endloop
  endfacet
  facet normal 0 -1 0
    outer loop
      vertex 50.35093307495117 36.400001525878906 14.535818099975586
      vertex 48 36.400001525878906 11.5
      vertex 50.43933868408203 36.400001525878906 14.439339637756348
    endloop
  endfacet
  facet normal 0 -1 0
    outer loop
      vertex 50.43933868408203 36.400001525878906 14.439339637756348
      vertex 48 36.400001525878906 11.5
      vertex 50.53582000732422 36.400001525878906 14.350933074951172
    endloop
  endfacet
  facet normal 0 -1 0
    outer loop
      vertex 50.53582000732422 36.400001525878906 14.350933074951172
      vertex 48 36.400001525878906 11.5
      vertex 50.63963317871094 36.400001525878906 14.271271705627441
    endloop
  endfacet
  facet normal 0 -1 0
    outer loop
      vertex 50.63963317871094 36.400001525878906 14.271271705627441
      vertex 48 36.400001525878906 11.5
      vertex 50.75 36.400001525878906 14.200961112976074
    endloop
  endfacet
  facet normal 0 -1 0
    outer loop
      vertex 50.75 36.400001525878906 14.200961112976074
      vertex 48 36.400001525878906 11.5
      vertex 50.86607360839844 36.400001525878906 14.140538215637207
    endloop
  endfacet
  facet normal 0 -1 0
    outer loop
      vertex 50.86607360839844 36.400001525878906 14.140538215637207
      vertex 48 36.400001525878906 11.5
      vertex 50.986968994140625 36.400001525878906 14.090460777282715
    endloop
  endfacet
  facet normal 0 -1 0
    outer loop
      vertex 51.23952865600586 36.400001525878906 14.022788047790527
      vertex 48 36.400001525878906 11.5
      vertex 51.369266510009766 36.400001525878906 14.005707740783691
    endloop
  endfacet
  facet normal 0 -1 0
    outer loop
      vertex 51.11177062988281 36.400001525878906 14.051111221313477
      vertex 48 36.400001525878906 11.5
      vertex 51.23952865600586 36.400001525878906 14.022788047790527
    endloop
  endfacet
  facet normal 0 -1 0
    outer loop
      vertex 50.986968994140625 36.400001525878906 14.090460777282715
      vertex 48 36.400001525878906 11.5
      vertex 51.11177062988281 36.400001525878906 14.051111221313477
    endloop
  endfacet
  facet normal 0 -1 0
    outer loop
      vertex 47.5 36.400001525878906 15.5
      vertex 46 36.400001525878906 11.5
      vertex 48 36.400001525878906 11.5
    endloop
  endfacet
  facet normal 0 -1 0
    outer loop
      vertex 51.5 36.400001525878906 17
      vertex 51.5 36.400001525878906 19.5
      vertex 51.15137481689453 36.400001525878906 19.484779357910156
    endloop
  endfacet
  facet normal 0 -1 0
    outer loop
      vertex 51.369266510009766 36.400001525878906 16.994291305541992
      vertex 51.15137481689453 36.400001525878906 19.484779357910156
      vertex 50.80540466308594 36.400001525878906 19.439231872558594
    endloop
  endfacet
  facet normal 0 -1 0
    outer loop
      vertex 51.5 36.400001525878906 19.5
      vertex 51.5 36.400001525878906 17
      vertex 51.8486213684082 36.400001525878906 19.484779357910156
    endloop
  endfacet
  facet normal 0 -1 0
    outer loop
      vertex 51.23952865600586 36.400001525878906 16.977210998535156
      vertex 50.80540466308594 36.400001525878906 19.439231872558594
      vertex 50.4647216796875 36.400001525878906 19.36370277404785
    endloop
  endfacet
  facet normal 0 -1 0
    outer loop
      vertex 51.630733489990234 36.400001525878906 16.994291305541992
      vertex 51.8486213684082 36.400001525878906 19.484779357910156
      vertex 51.5 36.400001525878906 17
    endloop
  endfacet
  facet normal 0 -1 0
    outer loop
      vertex 51.11177062988281 36.400001525878906 16.94888687133789
      vertex 50.4647216796875 36.400001525878906 19.36370277404785
      vertex 50.131919860839844 36.400001525878906 19.258769989013672
    endloop
  endfacet
  facet normal 0 -1 0
    outer loop
      vertex 51.8486213684082 36.400001525878906 19.484779357910156
      vertex 51.630733489990234 36.400001525878906 16.994291305541992
      vertex 52.1945915222168 36.400001525878906 19.439231872558594
    endloop
  endfacet
  facet normal 0 -1 0
    outer loop
      vertex 50.986968994140625 36.400001525878906 16.90953826904297
      vertex 50.131919860839844 36.400001525878906 19.258769989013672
      vertex 49.80952453613281 36.400001525878906 19.12523078918457
    endloop
  endfacet
  facet normal 0 -1 0
    outer loop
      vertex 51.76047134399414 36.400001525878906 16.977210998535156
      vertex 52.1945915222168 36.400001525878906 19.439231872558594
      vertex 51.630733489990234 36.400001525878906 16.994291305541992
    endloop
  endfacet
  facet normal 0 -1 0
    outer loop
      vertex 50.86607360839844 36.400001525878906 16.859460830688477
      vertex 49.80952453613281 36.400001525878906 19.12523078918457
      vertex 49.5 36.400001525878906 18.964099884033203
    endloop
  endfacet
  facet normal 0 -1 0
    outer loop
      vertex 52.1945915222168 36.400001525878906 19.439231872558594
      vertex 51.76047134399414 36.400001525878906 16.977210998535156
      vertex 52.535274505615234 36.400001525878906 19.36370277404785
    endloop
  endfacet
  facet normal 0 -1 0
    outer loop
      vertex 50.75 36.400001525878906 16.79903793334961
      vertex 49.5 36.400001525878906 18.964099884033203
      vertex 49.20569610595703 36.400001525878906 18.776607513427734
    endloop
  endfacet
  facet normal 0 -1 0
    outer loop
      vertex 51.88822937011719 36.400001525878906 16.94888687133789
      vertex 52.535274505615234 36.400001525878906 19.36370277404785
      vertex 51.76047134399414 36.400001525878906 16.977210998535156
    endloop
  endfacet
  facet normal 0 -1 0
    outer loop
      vertex 50.63963317871094 36.400001525878906 16.728727340698242
      vertex 49.20569610595703 36.400001525878906 18.776607513427734
      vertex 48.92884826660156 36.400001525878906 18.564178466796875
    endloop
  endfacet
  facet normal 0 -1 0
    outer loop
      vertex 52.535274505615234 36.400001525878906 19.36370277404785
      vertex 51.88822937011719 36.400001525878906 16.94888687133789
      vertex 52.868080139160156 36.400001525878906 19.258769989013672
    endloop
  endfacet
  facet normal 0 -1 0
    outer loop
      vertex 50.53582000732422 36.400001525878906 16.649066925048828
      vertex 48.92884826660156 36.400001525878906 18.564178466796875
      vertex 48.671573638916016 36.400001525878906 18.328426361083984
    endloop
  endfacet
  facet normal 0 -1 0
    outer loop
      vertex 52.013031005859375 36.400001525878906 16.90953826904297
      vertex 52.868080139160156 36.400001525878906 19.258769989013672
      vertex 51.88822937011719 36.400001525878906 16.94888687133789
    endloop
  endfacet
  facet normal 0 -1 0
    outer loop
      vertex 50.43933868408203 36.400001525878906 16.560659408569336
      vertex 48.671573638916016 36.400001525878906 18.328426361083984
      vertex 48.435821533203125 36.400001525878906 18.071149826049805
    endloop
  endfacet
  facet normal 0 -1 0
    outer loop
      vertex 52.868080139160156 36.400001525878906 19.258769989013672
      vertex 52.013031005859375 36.400001525878906 16.90953826904297
      vertex 53.19047164916992 36.400001525878906 19.12523078918457
    endloop
  endfacet
  facet normal 0 -1 0
    outer loop
      vertex 50.35093307495117 36.400001525878906 16.46417999267578
      vertex 48.435821533203125 36.400001525878906 18.071149826049805
      vertex 48.223392486572266 36.400001525878906 17.79430389404297
    endloop
  endfacet
  facet normal 0 -1 0
    outer loop
      vertex 52.13392639160156 36.400001525878906 16.859460830688477
      vertex 53.19047164916992 36.400001525878906 19.12523078918457
      vertex 52.013031005859375 36.400001525878906 16.90953826904297
    endloop
  endfacet
  facet normal 0 -1 0
    outer loop
      vertex 50.271270751953125 36.400001525878906 16.360363006591797
      vertex 48.223392486572266 36.400001525878906 17.79430389404297
      vertex 48.03589630126953 36.400001525878906 17.5
    endloop
  endfacet
  facet normal 0 -1 0
    outer loop
      vertex 53.19047164916992 36.400001525878906 19.12523078918457
      vertex 52.13392639160156 36.400001525878906 16.859460830688477
      vertex 53.5 36.400001525878906 18.964099884033203
    endloop
  endfacet
  facet normal 0 -1 0
    outer loop
      vertex 50.20096206665039 36.400001525878906 16.25
      vertex 48.03589630126953 36.400001525878906 17.5
      vertex 47.8747673034668 36.400001525878906 17.190471649169922
    endloop
  endfacet
  facet normal 0 -1 0
    outer loop
      vertex 52.25 36.400001525878906 16.79903793334961
      vertex 53.5 36.400001525878906 18.964099884033203
      vertex 52.13392639160156 36.400001525878906 16.859460830688477
    endloop
  endfacet
  facet normal 0 -1 0
    outer loop
      vertex 53.5 36.400001525878906 18.964099884033203
      vertex 52.25 36.400001525878906 16.79903793334961
      vertex 53.79430389404297 36.400001525878906 18.776607513427734
    endloop
  endfacet
  facet normal 0 -1 0
    outer loop
      vertex 51.15137481689453 36.400001525878906 19.484779357910156
      vertex 51.369266510009766 36.400001525878906 16.994291305541992
      vertex 51.5 36.400001525878906 17
    endloop
  endfacet
  facet normal 0 -1 0
    outer loop
      vertex 50.80540466308594 36.400001525878906 19.439231872558594
      vertex 51.23952865600586 36.400001525878906 16.977210998535156
      vertex 51.369266510009766 36.400001525878906 16.994291305541992
    endloop
  endfacet
  facet normal 0 -1 0
    outer loop
      vertex 50.4647216796875 36.400001525878906 19.36370277404785
      vertex 51.11177062988281 36.400001525878906 16.94888687133789
      vertex 51.23952865600586 36.400001525878906 16.977210998535156
    endloop
  endfacet
  facet normal 0 -1 0
    outer loop
      vertex 50.131919860839844 36.400001525878906 19.258769989013672
      vertex 50.986968994140625 36.400001525878906 16.90953826904297
      vertex 51.11177062988281 36.400001525878906 16.94888687133789
    endloop
  endfacet
  facet normal 0 -1 0
    outer loop
      vertex 50.14053726196289 36.400001525878906 16.133926391601562
      vertex 47.8747673034668 36.400001525878906 17.190471649169922
      vertex 47.74123001098633 36.400001525878906 16.868080139160156
    endloop
  endfacet
  facet normal 0 -1 0
    outer loop
      vertex 49.80952453613281 36.400001525878906 19.12523078918457
      vertex 50.86607360839844 36.400001525878906 16.859460830688477
      vertex 50.986968994140625 36.400001525878906 16.90953826904297
    endloop
  endfacet
  facet normal 0 -1 0
    outer loop
      vertex 49.5 36.400001525878906 18.964099884033203
      vertex 50.75 36.400001525878906 16.79903793334961
      vertex 50.86607360839844 36.400001525878906 16.859460830688477
    endloop
  endfacet
  facet normal 0 -1 0
    outer loop
      vertex 49.20569610595703 36.400001525878906 18.776607513427734
      vertex 50.63963317871094 36.400001525878906 16.728727340698242
      vertex 50.75 36.400001525878906 16.79903793334961
    endloop
  endfacet
  facet normal 0 -1 0
    outer loop
      vertex 48.92884826660156 36.400001525878906 18.564178466796875
      vertex 50.53582000732422 36.400001525878906 16.649066925048828
      vertex 50.63963317871094 36.400001525878906 16.728727340698242
    endloop
  endfacet
  facet normal 0 -1 0
    outer loop
      vertex 48.671573638916016 36.400001525878906 18.328426361083984
      vertex 50.43933868408203 36.400001525878906 16.560659408569336
      vertex 50.53582000732422 36.400001525878906 16.649066925048828
    endloop
  endfacet
  facet normal 0 -1 0
    outer loop
      vertex 50.09046173095703 36.400001525878906 16.013031005859375
      vertex 47.74123001098633 36.400001525878906 16.868080139160156
      vertex 47.636295318603516 36.400001525878906 16.535274505615234
    endloop
  endfacet
  facet normal 0 -1 0
    outer loop
      vertex 48.435821533203125 36.400001525878906 18.071149826049805
      vertex 50.35093307495117 36.400001525878906 16.46417999267578
      vertex 50.43933868408203 36.400001525878906 16.560659408569336
    endloop
  endfacet
  facet normal 0 -1 0
    outer loop
      vertex 48.223392486572266 36.400001525878906 17.79430389404297
      vertex 50.271270751953125 36.400001525878906 16.360363006591797
      vertex 50.35093307495117 36.400001525878906 16.46417999267578
    endloop
  endfacet
  facet normal 0 -1 0
    outer loop
      vertex 48.03589630126953 36.400001525878906 17.5
      vertex 50.20096206665039 36.400001525878906 16.25
      vertex 50.271270751953125 36.400001525878906 16.360363006591797
    endloop
  endfacet
  facet normal 0 -1 0
    outer loop
      vertex 50.051109313964844 36.400001525878906 15.888228416442871
      vertex 47.636295318603516 36.400001525878906 16.535274505615234
      vertex 47.560768127441406 36.400001525878906 16.194591522216797
    endloop
  endfacet
  facet normal 0 -1 0
    outer loop
      vertex 47.8747673034668 36.400001525878906 17.190471649169922
      vertex 50.14053726196289 36.400001525878906 16.133926391601562
      vertex 50.20096206665039 36.400001525878906 16.25
    endloop
  endfacet
  facet normal 0 -1 0
    outer loop
      vertex 47.74123001098633 36.400001525878906 16.868080139160156
      vertex 50.09046173095703 36.400001525878906 16.013031005859375
      vertex 50.14053726196289 36.400001525878906 16.133926391601562
    endloop
  endfacet
  facet normal 0 -1 0
    outer loop
      vertex 47.636295318603516 36.400001525878906 16.535274505615234
      vertex 50.051109313964844 36.400001525878906 15.888228416442871
      vertex 50.09046173095703 36.400001525878906 16.013031005859375
    endloop
  endfacet
  facet normal 0 -1 0
    outer loop
      vertex 50.022789001464844 36.400001525878906 15.76047134399414
      vertex 47.560768127441406 36.400001525878906 16.194591522216797
      vertex 47.515220642089844 36.400001525878906 15.84862232208252
    endloop
  endfacet
  facet normal 0 -1 0
    outer loop
      vertex 47.560768127441406 36.400001525878906 16.194591522216797
      vertex 50.022789001464844 36.400001525878906 15.76047134399414
      vertex 50.051109313964844 36.400001525878906 15.888228416442871
    endloop
  endfacet
  facet normal 0 -1 0
    outer loop
      vertex 47.515220642089844 36.400001525878906 15.84862232208252
      vertex 50.005706787109375 36.400001525878906 15.630733489990234
      vertex 50.022789001464844 36.400001525878906 15.76047134399414
    endloop
  endfacet
  facet normal 0 -1 0
    outer loop
      vertex 47.5 36.400001525878906 15.5
      vertex 50.005706787109375 36.400001525878906 15.630733489990234
      vertex 47.515220642089844 36.400001525878906 15.84862232208252
    endloop
  endfacet
  facet normal 0 -1 0
    outer loop
      vertex 50.005706787109375 36.400001525878906 15.630733489990234
      vertex 47.5 36.400001525878906 15.5
      vertex 50 36.400001525878906 15.5
    endloop
  endfacet
  facet normal 0 -1 0
    outer loop
      vertex 52.3603630065918 36.400001525878906 16.728727340698242
      vertex 53.79430389404297 36.400001525878906 18.776607513427734
      vertex 52.25 36.400001525878906 16.79903793334961
    endloop
  endfacet
  facet normal 0 -1 0
    outer loop
      vertex 53.79430389404297 36.400001525878906 18.776607513427734
      vertex 52.3603630065918 36.400001525878906 16.728727340698242
      vertex 54.07115173339844 36.400001525878906 18.564178466796875
    endloop
  endfacet
  facet normal 0 -1 0
    outer loop
      vertex 52.46417999267578 36.400001525878906 16.649066925048828
      vertex 54.07115173339844 36.400001525878906 18.564178466796875
      vertex 52.3603630065918 36.400001525878906 16.728727340698242
    endloop
  endfacet
  facet normal 0 -1 0
    outer loop
      vertex 54.07115173339844 36.400001525878906 18.564178466796875
      vertex 52.46417999267578 36.400001525878906 16.649066925048828
      vertex 54.328426361083984 36.400001525878906 18.328426361083984
    endloop
  endfacet
  facet normal 0 -1 0
    outer loop
      vertex 52.56066131591797 36.400001525878906 16.560659408569336
      vertex 54.328426361083984 36.400001525878906 18.328426361083984
      vertex 52.46417999267578 36.400001525878906 16.649066925048828
    endloop
  endfacet
  facet normal 0 -1 0
    outer loop
      vertex 54.328426361083984 36.400001525878906 18.328426361083984
      vertex 52.56066131591797 36.400001525878906 16.560659408569336
      vertex 54.564178466796875 36.400001525878906 18.071149826049805
    endloop
  endfacet
  facet normal 0 -1 0
    outer loop
      vertex 52.64906692504883 36.400001525878906 16.46417999267578
      vertex 54.564178466796875 36.400001525878906 18.071149826049805
      vertex 52.56066131591797 36.400001525878906 16.560659408569336
    endloop
  endfacet
  facet normal 0 -1 0
    outer loop
      vertex 54.564178466796875 36.400001525878906 18.071149826049805
      vertex 52.64906692504883 36.400001525878906 16.46417999267578
      vertex 54.776607513427734 36.400001525878906 17.79430389404297
    endloop
  endfacet
  facet normal 0 -1 0
    outer loop
      vertex 52.728729248046875 36.400001525878906 16.360363006591797
      vertex 54.776607513427734 36.400001525878906 17.79430389404297
      vertex 52.64906692504883 36.400001525878906 16.46417999267578
    endloop
  endfacet
  facet normal 0 -1 0
    outer loop
      vertex 54.776607513427734 36.400001525878906 17.79430389404297
      vertex 52.728729248046875 36.400001525878906 16.360363006591797
      vertex 54.9640998840332 36.400001525878906 17.5
    endloop
  endfacet
  facet normal 0 -1 0
    outer loop
      vertex 52.79903793334961 36.400001525878906 16.25
      vertex 54.9640998840332 36.400001525878906 17.5
      vertex 52.728729248046875 36.400001525878906 16.360363006591797
    endloop
  endfacet
  facet normal 0 -1 0
    outer loop
      vertex 54.9640998840332 36.400001525878906 17.5
      vertex 52.79903793334961 36.400001525878906 16.25
      vertex 55.12522888183594 36.400001525878906 17.190471649169922
    endloop
  endfacet
  facet normal 0 -1 0
    outer loop
      vertex 52.859458923339844 36.400001525878906 16.133926391601562
      vertex 55.12522888183594 36.400001525878906 17.190471649169922
      vertex 52.79903793334961 36.400001525878906 16.25
    endloop
  endfacet
  facet normal 0 -1 0
    outer loop
      vertex 55.12522888183594 36.400001525878906 17.190471649169922
      vertex 52.859458923339844 36.400001525878906 16.133926391601562
      vertex 55.25876998901367 36.400001525878906 16.868080139160156
    endloop
  endfacet
  facet normal 0 -1 0
    outer loop
      vertex 52.90953826904297 36.400001525878906 16.013031005859375
      vertex 55.25876998901367 36.400001525878906 16.868080139160156
      vertex 52.859458923339844 36.400001525878906 16.133926391601562
    endloop
  endfacet
  facet normal 0 -1 0
    outer loop
      vertex 55.25876998901367 36.400001525878906 16.868080139160156
      vertex 52.90953826904297 36.400001525878906 16.013031005859375
      vertex 55.36370086669922 36.400001525878906 16.535274505615234
    endloop
  endfacet
  facet normal 0 -1 0
    outer loop
      vertex 52.94888687133789 36.400001525878906 15.888228416442871
      vertex 55.36370086669922 36.400001525878906 16.535274505615234
      vertex 52.90953826904297 36.400001525878906 16.013031005859375
    endloop
  endfacet
  facet normal 0 -1 0
    outer loop
      vertex 55.36370086669922 36.400001525878906 16.535274505615234
      vertex 52.94888687133789 36.400001525878906 15.888228416442871
      vertex 55.439231872558594 36.400001525878906 16.194591522216797
    endloop
  endfacet
  facet normal 0 -1 0
    outer loop
      vertex 52.977210998535156 36.400001525878906 15.76047134399414
      vertex 55.439231872558594 36.400001525878906 16.194591522216797
      vertex 52.94888687133789 36.400001525878906 15.888228416442871
    endloop
  endfacet
  facet normal 0 -1 0
    outer loop
      vertex 55.439231872558594 36.400001525878906 16.194591522216797
      vertex 52.977210998535156 36.400001525878906 15.76047134399414
      vertex 55.484779357910156 36.400001525878906 15.84862232208252
    endloop
  endfacet
  facet normal 0 -1 0
    outer loop
      vertex 52.994293212890625 36.400001525878906 15.630733489990234
      vertex 55.484779357910156 36.400001525878906 15.84862232208252
      vertex 52.977210998535156 36.400001525878906 15.76047134399414
    endloop
  endfacet
  facet normal 0 -1 0
    outer loop
      vertex 53 36.400001525878906 15.5
      vertex 55.484779357910156 36.400001525878906 15.84862232208252
      vertex 52.994293212890625 36.400001525878906 15.630733489990234
    endloop
  endfacet
  facet normal 0 -1 0
    outer loop
      vertex 53 36.400001525878906 15.5
      vertex 55.5 36.400001525878906 15.5
      vertex 55.484779357910156 36.400001525878906 15.84862232208252
    endloop
  endfacet
  facet normal 0 -1 0
    outer loop
      vertex 52.994293212890625 36.400001525878906 15.36926555633545
      vertex 55.5 36.400001525878906 15.5
      vertex 53 36.400001525878906 15.5
    endloop
  endfacet
  facet normal 0 -1 0
    outer loop
      vertex 52.977210998535156 36.400001525878906 15.239527702331543
      vertex 55.5 36.400001525878906 15.5
      vertex 52.994293212890625 36.400001525878906 15.36926555633545
    endloop
  endfacet
  facet normal 0 -1 0
    outer loop
      vertex 52.94888687133789 36.400001525878906 15.111770629882812
      vertex 55.5 36.400001525878906 15.5
      vertex 52.977210998535156 36.400001525878906 15.239527702331543
    endloop
  endfacet
  facet normal 0 -1 0
    outer loop
      vertex 52.90953826904297 36.400001525878906 14.986968994140625
      vertex 55.5 36.400001525878906 15.5
      vertex 52.94888687133789 36.400001525878906 15.111770629882812
    endloop
  endfacet
  facet normal 0 -1 0
    outer loop
      vertex 52.859458923339844 36.400001525878906 14.866071701049805
      vertex 55.5 36.400001525878906 15.5
      vertex 52.90953826904297 36.400001525878906 14.986968994140625
    endloop
  endfacet
  facet normal 0 -1 0
    outer loop
      vertex 52.79903793334961 36.400001525878906 14.75
      vertex 55.5 36.400001525878906 15.5
      vertex 52.859458923339844 36.400001525878906 14.866071701049805
    endloop
  endfacet
  facet normal 0 -1 0
    outer loop
      vertex 52.728729248046875 36.400001525878906 14.63963508605957
      vertex 55.5 36.400001525878906 15.5
      vertex 52.79903793334961 36.400001525878906 14.75
    endloop
  endfacet
  facet normal 0 -1 0
    outer loop
      vertex 52.64906692504883 36.400001525878906 14.535818099975586
      vertex 55.5 36.400001525878906 15.5
      vertex 52.728729248046875 36.400001525878906 14.63963508605957
    endloop
  endfacet
  facet normal 0 -1 0
    outer loop
      vertex 52.56066131591797 36.400001525878906 14.439339637756348
      vertex 55.5 36.400001525878906 15.5
      vertex 52.64906692504883 36.400001525878906 14.535818099975586
    endloop
  endfacet
  facet normal 0 -1 0
    outer loop
      vertex 52.46417999267578 36.400001525878906 14.350933074951172
      vertex 55.5 36.400001525878906 15.5
      vertex 52.56066131591797 36.400001525878906 14.439339637756348
    endloop
  endfacet
  facet normal 0 -1 0
    outer loop
      vertex 52.3603630065918 36.400001525878906 14.271271705627441
      vertex 55.5 36.400001525878906 15.5
      vertex 52.46417999267578 36.400001525878906 14.350933074951172
    endloop
  endfacet
  facet normal 0 -1 0
    outer loop
      vertex 55.5 36.400001525878906 1.7999992370605469
      vertex 52.3603630065918 36.400001525878906 14.271271705627441
      vertex 52.25 36.400001525878906 14.200961112976074
    endloop
  endfacet
  facet normal 0 -1 0
    outer loop
      vertex 55.5 36.400001525878906 1.7999992370605469
      vertex 52.25 36.400001525878906 14.200961112976074
      vertex 52.13392639160156 36.400001525878906 14.140538215637207
    endloop
  endfacet
  facet normal 0 -1 0
    outer loop
      vertex 55.5 36.400001525878906 1.7999992370605469
      vertex 52.13392639160156 36.400001525878906 14.140538215637207
      vertex 52.013031005859375 36.400001525878906 14.090460777282715
    endloop
  endfacet
  facet normal 0 -1 0
    outer loop
      vertex 51.369266510009766 36.400001525878906 14.005707740783691
      vertex 48 36.400001525878906 11.5
      vertex 51.5 36.400001525878906 14
    endloop
  endfacet
  facet normal 0 -1 0
    outer loop
      vertex 51.5 36.400001525878906 14
      vertex 48 36.400001525878906 11.5
      vertex 51.630733489990234 36.400001525878906 14.005707740783691
    endloop
  endfacet
  facet normal 0 -1 0
    outer loop
      vertex 51.630733489990234 36.400001525878906 14.005707740783691
      vertex 48 36.400001525878906 11.5
      vertex 51.76047134399414 36.400001525878906 14.022788047790527
    endloop
  endfacet
  facet normal 0 -1 0
    outer loop
      vertex 51.76047134399414 36.400001525878906 14.022788047790527
      vertex 48 36.400001525878906 11.5
      vertex 51.88822937011719 36.400001525878906 14.051111221313477
    endloop
  endfacet
  facet normal 0 -1 0
    outer loop
      vertex 55.5 36.400001525878906 1.7999992370605469
      vertex 51.88822937011719 36.400001525878906 14.051111221313477
      vertex 48 36.400001525878906 11.5
    endloop
  endfacet
  facet normal 0 -1 0
    outer loop
      vertex 51.88822937011719 36.400001525878906 14.051111221313477
      vertex 55.5 36.400001525878906 1.7999992370605469
      vertex 52.013031005859375 36.400001525878906 14.090460777282715
    endloop
  endfacet
  facet normal 0 -1 0
    outer loop
      vertex 55.5 36.400001525878906 1.7999992370605469
      vertex 48 36.400001525878906 11.5
      vertex 48 36.400001525878906 1.7999992370605469
    endloop
  endfacet
  facet normal 0 -1 0
    outer loop
      vertex 52.3603630065918 36.400001525878906 14.271271705627441
      vertex 55.5 36.400001525878906 1.7999992370605469
      vertex 55.5 36.400001525878906 15.5
    endloop
  endfacet
  facet normal -0.8433863464635512 0 0.5373076126381077
    outer loop
      vertex 48.03589630126953 36.400001525878906 17.5
      vertex 48.223392486572266 42.400001525878906 17.79430389404297
      vertex 48.03589630126953 42.400001525878906 17.5
    endloop
  endfacet
  facet normal -0.8433863464635512 0 0.5373076126381077
    outer loop
      vertex 48.223392486572266 42.400001525878906 17.79430389404297
      vertex 48.03589630126953 36.400001525878906 17.5
      vertex 48.223392486572266 36.400001525878906 17.79430389404297
    endloop
  endfacet
  facet normal 0.9914449444195237 0 0.1305255614236826
    outer loop
      vertex 55.439231872558594 36.400001525878906 16.194591522216797
      vertex 55.484779357910156 42.400001525878906 15.84862232208252
      vertex 55.439231872558594 42.400001525878906 16.194591522216797
    endloop
  endfacet
  facet normal 0.9914449444195237 0 0.1305255614236826
    outer loop
      vertex 55.484779357910156 42.400001525878906 15.84862232208252
      vertex 55.439231872558594 36.400001525878906 16.194591522216797
      vertex 55.484779357910156 36.400001525878906 15.84862232208252
    endloop
  endfacet
  facet normal -0.9914449444195237 0 0.1305255614236826
    outer loop
      vertex 47.515220642089844 36.400001525878906 15.84862232208252
      vertex 47.560768127441406 42.400001525878906 16.194591522216797
      vertex 47.515220642089844 42.400001525878906 15.84862232208252
    endloop
  endfacet
  facet normal -0.9914449444195237 0 0.1305255614236826
    outer loop
      vertex 47.560768127441406 42.400001525878906 16.194591522216797
      vertex 47.515220642089844 36.400001525878906 15.84862232208252
      vertex 47.560768127441406 36.400001525878906 16.194591522216797
    endloop
  endfacet
  facet normal 0.9537188701553215 0 0.30069971185496175
    outer loop
      vertex 55.25876998901367 36.400001525878906 16.868080139160156
      vertex 55.36370086669922 42.400001525878906 16.535274505615234
      vertex 55.25876998901367 42.400001525878906 16.868080139160156
    endloop
  endfacet
  facet normal 0.9537188701553215 0 0.30069971185496175
    outer loop
      vertex 55.36370086669922 42.400001525878906 16.535274505615234
      vertex 55.25876998901367 36.400001525878906 16.868080139160156
      vertex 55.36370086669922 36.400001525878906 16.535274505615234
    endloop
  endfacet
  facet normal 0.843391300276496 0 0.5372998367931274
    outer loop
      vertex 54.776607513427734 36.400001525878906 17.79430389404297
      vertex 54.9640998840332 42.400001525878906 17.5
      vertex 54.776607513427734 42.400001525878906 17.79430389404297
    endloop
  endfacet
  facet normal 0.843391300276496 0 0.5372998367931274
    outer loop
      vertex 54.9640998840332 42.400001525878906 17.5
      vertex 54.776607513427734 36.400001525878906 17.79430389404297
      vertex 54.9640998840332 36.400001525878906 17.5
    endloop
  endfacet
  facet normal 0.7372750582327879 0 0.6755926942380589
    outer loop
      vertex 54.328426361083984 36.400001525878906 18.328426361083984
      vertex 54.564178466796875 42.400001525878906 18.071149826049805
      vertex 54.328426361083984 42.400001525878906 18.328426361083984
    endloop
  endfacet
  facet normal 0.7372750582327879 0 0.6755926942380589
    outer loop
      vertex 54.564178466796875 42.400001525878906 18.071149826049805
      vertex 54.328426361083984 36.400001525878906 18.328426361083984
      vertex 54.564178466796875 36.400001525878906 18.071149826049805
    endloop
  endfacet
  facet normal -0.46175454378889946 0 0.8870077459020893
    outer loop
      vertex 49.5 42.400001525878906 18.964099884033203
      vertex 49.80952453613281 36.400001525878906 19.12523078918457
      vertex 49.80952453613281 42.400001525878906 19.12523078918457
    endloop
  endfacet
  facet normal -0.46175454378889946 0 0.8870077459020893
    outer loop
      vertex 49.80952453613281 36.400001525878906 19.12523078918457
      vertex 49.5 42.400001525878906 18.964099884033203
      vertex 49.5 36.400001525878906 18.964099884033203
    endloop
  endfacet
  facet normal 0.46175006637381016 0 0.887010076720542
    outer loop
      vertex 53.19047164916992 42.400001525878906 19.12523078918457
      vertex 53.5 36.400001525878906 18.964099884033203
      vertex 53.5 42.400001525878906 18.964099884033203
    endloop
  endfacet
  facet normal 0.46175006637381016 0 0.887010076720542
    outer loop
      vertex 53.5 36.400001525878906 18.964099884033203
      vertex 53.19047164916992 42.400001525878906 19.12523078918457
      vertex 53.19047164916992 36.400001525878906 19.12523078918457
    endloop
  endfacet
  facet normal 0.7933565353168726 0 0.6087572651476184
    outer loop
      vertex 54.564178466796875 36.400001525878906 18.071149826049805
      vertex 54.776607513427734 42.400001525878906 17.79430389404297
      vertex 54.564178466796875 42.400001525878906 18.071149826049805
    endloop
  endfacet
  facet normal 0.7933565353168726 0 0.6087572651476184
    outer loop
      vertex 54.776607513427734 42.400001525878906 17.79430389404297
      vertex 54.564178466796875 36.400001525878906 18.071149826049805
      vertex 54.776607513427734 36.400001525878906 17.79430389404297
    endloop
  endfacet
  facet normal 0.9238773325445312 0 0.38268874351148824
    outer loop
      vertex 55.12522888183594 36.400001525878906 17.190471649169922
      vertex 55.25876998901367 42.400001525878906 16.868080139160156
      vertex 55.12522888183594 42.400001525878906 17.190471649169922
    endloop
  endfacet
  facet normal 0.9238773325445312 0 0.38268874351148824
    outer loop
      vertex 55.25876998901367 42.400001525878906 16.868080139160156
      vertex 55.12522888183594 36.400001525878906 17.190471649169922
      vertex 55.25876998901367 36.400001525878906 16.868080139160156
    endloop
  endfacet
  facet normal 0.3826840780910893 0 0.9238792650425558
    outer loop
      vertex 52.868080139160156 42.400001525878906 19.258769989013672
      vertex 53.19047164916992 36.400001525878906 19.12523078918457
      vertex 53.19047164916992 42.400001525878906 19.12523078918457
    endloop
  endfacet
  facet normal 0.3826840780910893 0 0.9238792650425558
    outer loop
      vertex 53.19047164916992 36.400001525878906 19.12523078918457
      vertex 52.868080139160156 42.400001525878906 19.258769989013672
      vertex 52.868080139160156 36.400001525878906 19.258769989013672
    endloop
  endfacet
  facet normal 0.6755954167823167 0 0.7372725634544715
    outer loop
      vertex 54.07115173339844 42.400001525878906 18.564178466796875
      vertex 54.328426361083984 36.400001525878906 18.328426361083984
      vertex 54.328426361083984 42.400001525878906 18.328426361083984
    endloop
  endfacet
  facet normal 0.6755954167823167 0 0.7372725634544715
    outer loop
      vertex 54.328426361083984 36.400001525878906 18.328426361083984
      vertex 54.07115173339844 42.400001525878906 18.564178466796875
      vertex 54.07115173339844 36.400001525878906 18.564178466796875
    endloop
  endfacet
  facet normal -0.6755954167823167 0 0.7372725634544715
    outer loop
      vertex 48.671573638916016 42.400001525878906 18.328426361083984
      vertex 48.92884826660156 36.400001525878906 18.564178466796875
      vertex 48.92884826660156 42.400001525878906 18.564178466796875
    endloop
  endfacet
  facet normal -0.6755954167823167 0 0.7372725634544715
    outer loop
      vertex 48.92884826660156 36.400001525878906 18.564178466796875
      vertex 48.671573638916016 42.400001525878906 18.328426361083984
      vertex 48.671573638916016 36.400001525878906 18.328426361083984
    endloop
  endfacet
  facet normal 0.8870123154045454 0 0.46174576589359995
    outer loop
      vertex 54.9640998840332 36.400001525878906 17.5
      vertex 55.12522888183594 42.400001525878906 17.190471649169922
      vertex 54.9640998840332 42.400001525878906 17.5
    endloop
  endfacet
  facet normal 0.8870123154045454 0 0.46174576589359995
    outer loop
      vertex 55.12522888183594 42.400001525878906 17.190471649169922
      vertex 54.9640998840332 36.400001525878906 17.5
      vertex 55.12522888183594 36.400001525878906 17.190471649169922
    endloop
  endfacet
  facet normal -0.9238811975251051 0 0.3826794126414141
    outer loop
      vertex 47.74123001098633 36.400001525878906 16.868080139160156
      vertex 47.8747673034668 42.400001525878906 17.190471649169922
      vertex 47.74123001098633 42.400001525878906 16.868080139160156
    endloop
  endfacet
  facet normal -0.9238811975251051 0 0.3826794126414141
    outer loop
      vertex 47.8747673034668 42.400001525878906 17.190471649169922
      vertex 47.74123001098633 36.400001525878906 16.868080139160156
      vertex 47.8747673034668 36.400001525878906 17.190471649169922
    endloop
  endfacet
  facet normal 0.1305252077569113 0 0.9914449909803444
    outer loop
      vertex 51.8486213684082 42.400001525878906 19.484779357910156
      vertex 52.1945915222168 36.400001525878906 19.439231872558594
      vertex 52.1945915222168 42.400001525878906 19.439231872558594
    endloop
  endfacet
  facet normal 0.1305252077569113 0 0.9914449909803444
    outer loop
      vertex 52.1945915222168 36.400001525878906 19.439231872558594
      vertex 51.8486213684082 42.400001525878906 19.484779357910156
      vertex 51.8486213684082 36.400001525878906 19.484779357910156
    endloop
  endfacet
  facet normal -0.3826802131462013 0 0.9238808659488397
    outer loop
      vertex 49.80952453613281 42.400001525878906 19.12523078918457
      vertex 50.131919860839844 36.400001525878906 19.258769989013672
      vertex 50.131919860839844 42.400001525878906 19.258769989013672
    endloop
  endfacet
  facet normal -0.3826802131462013 0 0.9238808659488397
    outer loop
      vertex 50.131919860839844 36.400001525878906 19.258769989013672
      vertex 49.80952453613281 42.400001525878906 19.12523078918457
      vertex 49.80952453613281 36.400001525878906 19.12523078918457
    endloop
  endfacet
  facet normal 0.5372998367931274 0 0.843391300276496
    outer loop
      vertex 53.5 42.400001525878906 18.964099884033203
      vertex 53.79430389404297 36.400001525878906 18.776607513427734
      vertex 53.79430389404297 42.400001525878906 18.776607513427734
    endloop
  endfacet
  facet normal 0.5372998367931274 0 0.843391300276496
    outer loop
      vertex 53.79430389404297 36.400001525878906 18.776607513427734
      vertex 53.5 42.400001525878906 18.964099884033203
      vertex 53.5 36.400001525878906 18.964099884033203
    endloop
  endfacet
  facet normal -0.30070781860583173 0 0.953716314125601
    outer loop
      vertex 50.131919860839844 42.400001525878906 19.258769989013672
      vertex 50.4647216796875 36.400001525878906 19.36370277404785
      vertex 50.4647216796875 42.400001525878906 19.36370277404785
    endloop
  endfacet
  facet normal -0.30070781860583173 0 0.953716314125601
    outer loop
      vertex 50.4647216796875 36.400001525878906 19.36370277404785
      vertex 50.131919860839844 42.400001525878906 19.258769989013672
      vertex 50.131919860839844 36.400001525878906 19.258769989013672
    endloop
  endfacet
  facet normal -0.1305252077569113 0 0.9914449909803444
    outer loop
      vertex 50.80540466308594 42.400001525878906 19.439231872558594
      vertex 51.15137481689453 36.400001525878906 19.484779357910156
      vertex 51.15137481689453 42.400001525878906 19.484779357910156
    endloop
  endfacet
  facet normal -0.1305252077569113 0 0.9914449909803444
    outer loop
      vertex 51.15137481689453 36.400001525878906 19.484779357910156
      vertex 50.80540466308594 42.400001525878906 19.439231872558594
      vertex 50.80540466308594 36.400001525878906 19.439231872558594
    endloop
  endfacet
  facet normal 0.043617969898352024 0 0.9990482834687953
    outer loop
      vertex 51.5 42.400001525878906 19.5
      vertex 51.8486213684082 36.400001525878906 19.484779357910156
      vertex 51.8486213684082 42.400001525878906 19.484779357910156
    endloop
  endfacet
  facet normal 0.043617969898352024 0 0.9990482834687953
    outer loop
      vertex 51.8486213684082 36.400001525878906 19.484779357910156
      vertex 51.5 42.400001525878906 19.5
      vertex 51.5 36.400001525878906 19.5
    endloop
  endfacet
  facet normal -0.6087546253442926 0 0.7933585608802177
    outer loop
      vertex 48.92884826660156 42.400001525878906 18.564178466796875
      vertex 49.20569610595703 36.400001525878906 18.776607513427734
      vertex 49.20569610595703 42.400001525878906 18.776607513427734
    endloop
  endfacet
  facet normal -0.6087546253442926 0 0.7933585608802177
    outer loop
      vertex 49.20569610595703 36.400001525878906 18.776607513427734
      vertex 48.92884826660156 42.400001525878906 18.564178466796875
      vertex 48.92884826660156 36.400001525878906 18.564178466796875
    endloop
  endfacet
  facet normal 0.9762939441034773 0 0.21644891939410635
    outer loop
      vertex 55.36370086669922 36.400001525878906 16.535274505615234
      vertex 55.439231872558594 42.400001525878906 16.194591522216797
      vertex 55.36370086669922 42.400001525878906 16.535274505615234
    endloop
  endfacet
  facet normal 0.9762939441034773 0 0.21644891939410635
    outer loop
      vertex 55.439231872558594 42.400001525878906 16.194591522216797
      vertex 55.36370086669922 36.400001525878906 16.535274505615234
      vertex 55.439231872558594 36.400001525878906 16.194591522216797
    endloop
  endfacet
  facet normal -0.21644370958035686 0 0.9762950991288927
    outer loop
      vertex 50.4647216796875 42.400001525878906 19.36370277404785
      vertex 50.80540466308594 36.400001525878906 19.439231872558594
      vertex 50.80540466308594 42.400001525878906 19.439231872558594
    endloop
  endfacet
  facet normal -0.21644370958035686 0 0.9762950991288927
    outer loop
      vertex 50.80540466308594 36.400001525878906 19.439231872558594
      vertex 50.4647216796875 42.400001525878906 19.36370277404785
      vertex 50.4647216796875 36.400001525878906 19.36370277404785
    endloop
  endfacet
  facet normal -0.7372750582327879 0 0.6755926942380589
    outer loop
      vertex 48.435821533203125 36.400001525878906 18.071149826049805
      vertex 48.671573638916016 42.400001525878906 18.328426361083984
      vertex 48.435821533203125 42.400001525878906 18.071149826049805
    endloop
  endfacet
  facet normal -0.7372750582327879 0 0.6755926942380589
    outer loop
      vertex 48.671573638916016 42.400001525878906 18.328426361083984
      vertex 48.435821533203125 36.400001525878906 18.071149826049805
      vertex 48.671573638916016 36.400001525878906 18.328426361083984
    endloop
  endfacet
  facet normal 0.9990482886682965 0 0.04361785080615612
    outer loop
      vertex 55.484779357910156 36.400001525878906 15.84862232208252
      vertex 55.5 42.400001525878906 15.5
      vertex 55.484779357910156 42.400001525878906 15.84862232208252
    endloop
  endfacet
  facet normal 0.9990482886682965 0 0.04361785080615612
    outer loop
      vertex 55.5 42.400001525878906 15.5
      vertex 55.484779357910156 36.400001525878906 15.84862232208252
      vertex 55.5 36.400001525878906 15.5
    endloop
  endfacet
  facet normal 0.3007046834926243 0 0.9537173026246304
    outer loop
      vertex 52.535274505615234 42.400001525878906 19.36370277404785
      vertex 52.868080139160156 36.400001525878906 19.258769989013672
      vertex 52.868080139160156 42.400001525878906 19.258769989013672
    endloop
  endfacet
  facet normal 0.3007046834926243 0 0.9537173026246304
    outer loop
      vertex 52.868080139160156 36.400001525878906 19.258769989013672
      vertex 52.535274505615234 42.400001525878906 19.36370277404785
      vertex 52.535274505615234 36.400001525878906 19.36370277404785
    endloop
  endfacet
  facet normal 0.6087546253442926 0 0.7933585608802177
    outer loop
      vertex 53.79430389404297 42.400001525878906 18.776607513427734
      vertex 54.07115173339844 36.400001525878906 18.564178466796875
      vertex 54.07115173339844 42.400001525878906 18.564178466796875
    endloop
  endfacet
  facet normal 0.6087546253442926 0 0.7933585608802177
    outer loop
      vertex 54.07115173339844 36.400001525878906 18.564178466796875
      vertex 53.79430389404297 42.400001525878906 18.776607513427734
      vertex 53.79430389404297 36.400001525878906 18.776607513427734
    endloop
  endfacet
  facet normal -0.0436174935334666 0 0.9990483042665446
    outer loop
      vertex 51.15137481689453 42.400001525878906 19.484779357910156
      vertex 51.5 36.400001525878906 19.5
      vertex 51.5 42.400001525878906 19.5
    endloop
  endfacet
  facet normal -0.0436174935334666 0 0.9990483042665446
    outer loop
      vertex 51.5 36.400001525878906 19.5
      vertex 51.15137481689453 42.400001525878906 19.484779357910156
      vertex 51.15137481689453 36.400001525878906 19.484779357910156
    endloop
  endfacet
  facet normal -0.9990482886682965 0 0.04361785080615612
    outer loop
      vertex 47.5 36.400001525878906 15.5
      vertex 47.515220642089844 42.400001525878906 15.84862232208252
      vertex 47.5 42.400001525878906 15.5
    endloop
  endfacet
  facet normal -0.9990482886682965 0 0.04361785080615612
    outer loop
      vertex 47.515220642089844 42.400001525878906 15.84862232208252
      vertex 47.5 36.400001525878906 15.5
      vertex 47.515220642089844 36.400001525878906 15.84862232208252
    endloop
  endfacet
  facet normal -0.5372998367931274 0 0.843391300276496
    outer loop
      vertex 49.20569610595703 42.400001525878906 18.776607513427734
      vertex 49.5 36.400001525878906 18.964099884033203
      vertex 49.5 42.400001525878906 18.964099884033203
    endloop
  endfacet
  facet normal -0.5372998367931274 0 0.843391300276496
    outer loop
      vertex 49.5 36.400001525878906 18.964099884033203
      vertex 49.20569610595703 42.400001525878906 18.776607513427734
      vertex 49.20569610595703 36.400001525878906 18.776607513427734
    endloop
  endfacet
  facet normal -0.8870123154045454 0 0.46174576589359995
    outer loop
      vertex 47.8747673034668 36.400001525878906 17.190471649169922
      vertex 48.03589630126953 42.400001525878906 17.5
      vertex 47.8747673034668 42.400001525878906 17.190471649169922
    endloop
  endfacet
  facet normal -0.8870123154045454 0 0.46174576589359995
    outer loop
      vertex 48.03589630126953 42.400001525878906 17.5
      vertex 47.8747673034668 36.400001525878906 17.190471649169922
      vertex 48.03589630126953 36.400001525878906 17.5
    endloop
  endfacet
  facet normal -0.9537157350731755 0 0.3007096551057725
    outer loop
      vertex 47.636295318603516 36.400001525878906 16.535274505615234
      vertex 47.74123001098633 42.400001525878906 16.868080139160156
      vertex 47.636295318603516 42.400001525878906 16.535274505615234
    endloop
  endfacet
  facet normal -0.9537157350731755 0 0.3007096551057725
    outer loop
      vertex 47.74123001098633 42.400001525878906 16.868080139160156
      vertex 47.636295318603516 36.400001525878906 16.535274505615234
      vertex 47.74123001098633 36.400001525878906 16.868080139160156
    endloop
  endfacet
  facet normal -0.9762962541292395 0 0.21643849974811677
    outer loop
      vertex 47.560768127441406 36.400001525878906 16.194591522216797
      vertex 47.636295318603516 42.400001525878906 16.535274505615234
      vertex 47.560768127441406 42.400001525878906 16.194591522216797
    endloop
  endfacet
  facet normal -0.9762962541292395 0 0.21643849974811677
    outer loop
      vertex 47.636295318603516 42.400001525878906 16.535274505615234
      vertex 47.560768127441406 36.400001525878906 16.194591522216797
      vertex 47.636295318603516 36.400001525878906 16.535274505615234
    endloop
  endfacet
  facet normal 0.21644370958035686 0 0.9762950991288927
    outer loop
      vertex 52.1945915222168 42.400001525878906 19.439231872558594
      vertex 52.535274505615234 36.400001525878906 19.36370277404785
      vertex 52.535274505615234 42.400001525878906 19.36370277404785
    endloop
  endfacet
  facet normal 0.21644370958035686 0 0.9762950991288927
    outer loop
      vertex 52.535274505615234 36.400001525878906 19.36370277404785
      vertex 52.1945915222168 42.400001525878906 19.439231872558594
      vertex 52.1945915222168 36.400001525878906 19.439231872558594
    endloop
  endfacet
  facet normal -0.7933565353168726 0 0.6087572651476184
    outer loop
      vertex 48.223392486572266 36.400001525878906 17.79430389404297
      vertex 48.435821533203125 42.400001525878906 18.071149826049805
      vertex 48.223392486572266 42.400001525878906 17.79430389404297
    endloop
  endfacet
  facet normal -0.7933565353168726 0 0.6087572651476184
    outer loop
      vertex 48.435821533203125 42.400001525878906 18.071149826049805
      vertex 48.223392486572266 36.400001525878906 17.79430389404297
      vertex 48.435821533203125 36.400001525878906 18.071149826049805
    endloop
  endfacet
  facet normal 1 0 0
    outer loop
      vertex 55.5 -42.400001525878906 15.5
      vertex 55.5 -36.400001525878906 1.7999992370605469
      vertex 55.5 -36.400001525878906 15.5
    endloop
  endfacet
  facet normal 1 0 0
    outer loop
      vertex 55.5 -36.400001525878906 1.7999992370605469
      vertex 55.5 -42.400001525878906 15.5
      vertex 55.5 -42.400001525878906 1.7999992370605469
    endloop
  endfacet
  facet normal 0 0 1
    outer loop
      vertex 46 -36.400001525878906 15.5
      vertex 47.5 -42.400001525878906 15.5
      vertex 47.5 -36.400001525878906 15.5
    endloop
  endfacet
  facet normal 0 0 1
    outer loop
      vertex 47.5 -42.400001525878906 15.5
      vertex 46 -36.400001525878906 15.5
      vertex 46 -42.400001525878906 15.5
    endloop
  endfacet
  facet normal -1 0 0
    outer loop
      vertex 46 -42.400001525878906 11.5
      vertex 46 -36.400001525878906 15.5
      vertex 46 -36.400001525878906 11.5
    endloop
  endfacet
  facet normal -1 0 0
    outer loop
      vertex 46 -36.400001525878906 15.5
      vertex 46 -42.400001525878906 11.5
      vertex 46 -42.400001525878906 15.5
    endloop
  endfacet
  facet normal 0 1 0
    outer loop
      vertex 51.5 -36.400001525878906 17
      vertex 51.5 -36.400001525878906 19.5
      vertex 51.8486213684082 -36.400001525878906 19.484779357910156
    endloop
  endfacet
  facet normal 0 1 0
    outer loop
      vertex 51.630733489990234 -36.400001525878906 16.994291305541992
      vertex 51.8486213684082 -36.400001525878906 19.484779357910156
      vertex 52.1945915222168 -36.400001525878906 19.439231872558594
    endloop
  endfacet
  facet normal 0 1 0
    outer loop
      vertex 51.5 -36.400001525878906 19.5
      vertex 51.5 -36.400001525878906 17
      vertex 51.15137481689453 -36.400001525878906 19.484779357910156
    endloop
  endfacet
  facet normal 0 1 0
    outer loop
      vertex 51.76047134399414 -36.400001525878906 16.977210998535156
      vertex 52.1945915222168 -36.400001525878906 19.439231872558594
      vertex 52.535274505615234 -36.400001525878906 19.36370277404785
    endloop
  endfacet
  facet normal 0 1 0
    outer loop
      vertex 51.369266510009766 -36.400001525878906 16.994291305541992
      vertex 51.15137481689453 -36.400001525878906 19.484779357910156
      vertex 51.5 -36.400001525878906 17
    endloop
  endfacet
  facet normal 0 1 0
    outer loop
      vertex 51.88822937011719 -36.400001525878906 16.94888687133789
      vertex 52.535274505615234 -36.400001525878906 19.36370277404785
      vertex 52.868080139160156 -36.400001525878906 19.258769989013672
    endloop
  endfacet
  facet normal 0 1 0
    outer loop
      vertex 51.15137481689453 -36.400001525878906 19.484779357910156
      vertex 51.369266510009766 -36.400001525878906 16.994291305541992
      vertex 50.80540466308594 -36.400001525878906 19.439231872558594
    endloop
  endfacet
  facet normal 0 1 0
    outer loop
      vertex 52.013031005859375 -36.400001525878906 16.90953826904297
      vertex 52.868080139160156 -36.400001525878906 19.258769989013672
      vertex 53.19047164916992 -36.400001525878906 19.12523078918457
    endloop
  endfacet
  facet normal 0 1 0
    outer loop
      vertex 51.23952865600586 -36.400001525878906 16.977210998535156
      vertex 50.80540466308594 -36.400001525878906 19.439231872558594
      vertex 51.369266510009766 -36.400001525878906 16.994291305541992
    endloop
  endfacet
  facet normal 0 1 0
    outer loop
      vertex 52.13392639160156 -36.400001525878906 16.859460830688477
      vertex 53.19047164916992 -36.400001525878906 19.12523078918457
      vertex 53.5 -36.400001525878906 18.964099884033203
    endloop
  endfacet
  facet normal 0 1 0
    outer loop
      vertex 50.80540466308594 -36.400001525878906 19.439231872558594
      vertex 51.23952865600586 -36.400001525878906 16.977210998535156
      vertex 50.4647216796875 -36.400001525878906 19.36370277404785
    endloop
  endfacet
  facet normal 0 1 0
    outer loop
      vertex 52.25 -36.400001525878906 16.79903793334961
      vertex 53.5 -36.400001525878906 18.964099884033203
      vertex 53.79430389404297 -36.400001525878906 18.776607513427734
    endloop
  endfacet
  facet normal 0 1 0
    outer loop
      vertex 51.11177062988281 -36.400001525878906 16.94888687133789
      vertex 50.4647216796875 -36.400001525878906 19.36370277404785
      vertex 51.23952865600586 -36.400001525878906 16.977210998535156
    endloop
  endfacet
  facet normal 0 1 0
    outer loop
      vertex 52.3603630065918 -36.400001525878906 16.728727340698242
      vertex 53.79430389404297 -36.400001525878906 18.776607513427734
      vertex 54.07115173339844 -36.400001525878906 18.564178466796875
    endloop
  endfacet
  facet normal 0 1 0
    outer loop
      vertex 50.4647216796875 -36.400001525878906 19.36370277404785
      vertex 51.11177062988281 -36.400001525878906 16.94888687133789
      vertex 50.131919860839844 -36.400001525878906 19.258769989013672
    endloop
  endfacet
  facet normal 0 1 0
    outer loop
      vertex 52.46417999267578 -36.400001525878906 16.649066925048828
      vertex 54.07115173339844 -36.400001525878906 18.564178466796875
      vertex 54.328426361083984 -36.400001525878906 18.328426361083984
    endloop
  endfacet
  facet normal 0 1 0
    outer loop
      vertex 50.986968994140625 -36.400001525878906 16.90953826904297
      vertex 50.131919860839844 -36.400001525878906 19.258769989013672
      vertex 51.11177062988281 -36.400001525878906 16.94888687133789
    endloop
  endfacet
  facet normal 0 1 0
    outer loop
      vertex 52.56066131591797 -36.400001525878906 16.560659408569336
      vertex 54.328426361083984 -36.400001525878906 18.328426361083984
      vertex 54.564178466796875 -36.400001525878906 18.071149826049805
    endloop
  endfacet
  facet normal 0 1 0
    outer loop
      vertex 50.131919860839844 -36.400001525878906 19.258769989013672
      vertex 50.986968994140625 -36.400001525878906 16.90953826904297
      vertex 49.80952453613281 -36.400001525878906 19.12523078918457
    endloop
  endfacet
  facet normal 0 1 0
    outer loop
      vertex 52.64906692504883 -36.400001525878906 16.46417999267578
      vertex 54.564178466796875 -36.400001525878906 18.071149826049805
      vertex 54.776607513427734 -36.400001525878906 17.79430389404297
    endloop
  endfacet
  facet normal 0 1 0
    outer loop
      vertex 50.86607360839844 -36.400001525878906 16.859460830688477
      vertex 49.80952453613281 -36.400001525878906 19.12523078918457
      vertex 50.986968994140625 -36.400001525878906 16.90953826904297
    endloop
  endfacet
  facet normal 0 1 0
    outer loop
      vertex 52.728729248046875 -36.400001525878906 16.360363006591797
      vertex 54.776607513427734 -36.400001525878906 17.79430389404297
      vertex 54.9640998840332 -36.400001525878906 17.5
    endloop
  endfacet
  facet normal 0 1 0
    outer loop
      vertex 49.80952453613281 -36.400001525878906 19.12523078918457
      vertex 50.86607360839844 -36.400001525878906 16.859460830688477
      vertex 49.5 -36.400001525878906 18.964099884033203
    endloop
  endfacet
  facet normal 0 1 0
    outer loop
      vertex 52.79903793334961 -36.400001525878906 16.25
      vertex 54.9640998840332 -36.400001525878906 17.5
      vertex 55.12522888183594 -36.400001525878906 17.190471649169922
    endloop
  endfacet
  facet normal 0 1 0
    outer loop
      vertex 50.75 -36.400001525878906 16.79903793334961
      vertex 49.5 -36.400001525878906 18.964099884033203
      vertex 50.86607360839844 -36.400001525878906 16.859460830688477
    endloop
  endfacet
  facet normal 0 1 0
    outer loop
      vertex 49.5 -36.400001525878906 18.964099884033203
      vertex 50.75 -36.400001525878906 16.79903793334961
      vertex 49.20569610595703 -36.400001525878906 18.776607513427734
    endloop
  endfacet
  facet normal 0 1 0
    outer loop
      vertex 51.8486213684082 -36.400001525878906 19.484779357910156
      vertex 51.630733489990234 -36.400001525878906 16.994291305541992
      vertex 51.5 -36.400001525878906 17
    endloop
  endfacet
  facet normal 0 1 0
    outer loop
      vertex 52.1945915222168 -36.400001525878906 19.439231872558594
      vertex 51.76047134399414 -36.400001525878906 16.977210998535156
      vertex 51.630733489990234 -36.400001525878906 16.994291305541992
    endloop
  endfacet
  facet normal 0 1 0
    outer loop
      vertex 52.535274505615234 -36.400001525878906 19.36370277404785
      vertex 51.88822937011719 -36.400001525878906 16.94888687133789
      vertex 51.76047134399414 -36.400001525878906 16.977210998535156
    endloop
  endfacet
  facet normal 0 1 0
    outer loop
      vertex 52.868080139160156 -36.400001525878906 19.258769989013672
      vertex 52.013031005859375 -36.400001525878906 16.90953826904297
      vertex 51.88822937011719 -36.400001525878906 16.94888687133789
    endloop
  endfacet
  facet normal 0 1 0
    outer loop
      vertex 52.859458923339844 -36.400001525878906 16.133926391601562
      vertex 55.12522888183594 -36.400001525878906 17.190471649169922
      vertex 55.25876998901367 -36.400001525878906 16.868080139160156
    endloop
  endfacet
  facet normal 0 1 0
    outer loop
      vertex 53.19047164916992 -36.400001525878906 19.12523078918457
      vertex 52.13392639160156 -36.400001525878906 16.859460830688477
      vertex 52.013031005859375 -36.400001525878906 16.90953826904297
    endloop
  endfacet
  facet normal 0 1 0
    outer loop
      vertex 53.5 -36.400001525878906 18.964099884033203
      vertex 52.25 -36.400001525878906 16.79903793334961
      vertex 52.13392639160156 -36.400001525878906 16.859460830688477
    endloop
  endfacet
  facet normal 0 1 0
    outer loop
      vertex 53.79430389404297 -36.400001525878906 18.776607513427734
      vertex 52.3603630065918 -36.400001525878906 16.728727340698242
      vertex 52.25 -36.400001525878906 16.79903793334961
    endloop
  endfacet
  facet normal 0 1 0
    outer loop
      vertex 54.07115173339844 -36.400001525878906 18.564178466796875
      vertex 52.46417999267578 -36.400001525878906 16.649066925048828
      vertex 52.3603630065918 -36.400001525878906 16.728727340698242
    endloop
  endfacet
  facet normal 0 1 0
    outer loop
      vertex 54.328426361083984 -36.400001525878906 18.328426361083984
      vertex 52.56066131591797 -36.400001525878906 16.560659408569336
      vertex 52.46417999267578 -36.400001525878906 16.649066925048828
    endloop
  endfacet
  facet normal 0 1 0
    outer loop
      vertex 52.90953826904297 -36.400001525878906 16.013031005859375
      vertex 55.25876998901367 -36.400001525878906 16.868080139160156
      vertex 55.36370086669922 -36.400001525878906 16.535274505615234
    endloop
  endfacet
  facet normal 0 1 0
    outer loop
      vertex 54.564178466796875 -36.400001525878906 18.071149826049805
      vertex 52.64906692504883 -36.400001525878906 16.46417999267578
      vertex 52.56066131591797 -36.400001525878906 16.560659408569336
    endloop
  endfacet
  facet normal 0 1 0
    outer loop
      vertex 54.776607513427734 -36.400001525878906 17.79430389404297
      vertex 52.728729248046875 -36.400001525878906 16.360363006591797
      vertex 52.64906692504883 -36.400001525878906 16.46417999267578
    endloop
  endfacet
  facet normal 0 1 0
    outer loop
      vertex 54.9640998840332 -36.400001525878906 17.5
      vertex 52.79903793334961 -36.400001525878906 16.25
      vertex 52.728729248046875 -36.400001525878906 16.360363006591797
    endloop
  endfacet
  facet normal 0 1 0
    outer loop
      vertex 52.94888687133789 -36.400001525878906 15.888228416442871
      vertex 55.36370086669922 -36.400001525878906 16.535274505615234
      vertex 55.439231872558594 -36.400001525878906 16.194591522216797
    endloop
  endfacet
  facet normal 0 1 0
    outer loop
      vertex 55.12522888183594 -36.400001525878906 17.190471649169922
      vertex 52.859458923339844 -36.400001525878906 16.133926391601562
      vertex 52.79903793334961 -36.400001525878906 16.25
    endloop
  endfacet
  facet normal 0 1 0
    outer loop
      vertex 55.25876998901367 -36.400001525878906 16.868080139160156
      vertex 52.90953826904297 -36.400001525878906 16.013031005859375
      vertex 52.859458923339844 -36.400001525878906 16.133926391601562
    endloop
  endfacet
  facet normal 0 1 0
    outer loop
      vertex 55.36370086669922 -36.400001525878906 16.535274505615234
      vertex 52.94888687133789 -36.400001525878906 15.888228416442871
      vertex 52.90953826904297 -36.400001525878906 16.013031005859375
    endloop
  endfacet
  facet normal 0 1 0
    outer loop
      vertex 52.977210998535156 -36.400001525878906 15.76047134399414
      vertex 55.439231872558594 -36.400001525878906 16.194591522216797
      vertex 55.484779357910156 -36.400001525878906 15.84862232208252
    endloop
  endfacet
  facet normal 0 1 0
    outer loop
      vertex 55.439231872558594 -36.400001525878906 16.194591522216797
      vertex 52.977210998535156 -36.400001525878906 15.76047134399414
      vertex 52.94888687133789 -36.400001525878906 15.888228416442871
    endloop
  endfacet
  facet normal 0 1 0
    outer loop
      vertex 55.484779357910156 -36.400001525878906 15.84862232208252
      vertex 52.994293212890625 -36.400001525878906 15.630733489990234
      vertex 52.977210998535156 -36.400001525878906 15.76047134399414
    endloop
  endfacet
  facet normal 0 1 0
    outer loop
      vertex 55.5 -36.400001525878906 15.5
      vertex 52.994293212890625 -36.400001525878906 15.630733489990234
      vertex 55.484779357910156 -36.400001525878906 15.84862232208252
    endloop
  endfacet
  facet normal 0 1 0
    outer loop
      vertex 55.5 -36.400001525878906 15.5
      vertex 53 -36.400001525878906 15.5
      vertex 52.994293212890625 -36.400001525878906 15.630733489990234
    endloop
  endfacet
  facet normal 0 1 0
    outer loop
      vertex 55.5 -36.400001525878906 15.5
      vertex 52.994293212890625 -36.400001525878906 15.36926555633545
      vertex 53 -36.400001525878906 15.5
    endloop
  endfacet
  facet normal 0 1 0
    outer loop
      vertex 55.5 -36.400001525878906 15.5
      vertex 52.977210998535156 -36.400001525878906 15.239527702331543
      vertex 52.994293212890625 -36.400001525878906 15.36926555633545
    endloop
  endfacet
  facet normal 0 1 0
    outer loop
      vertex 55.5 -36.400001525878906 15.5
      vertex 52.94888687133789 -36.400001525878906 15.111770629882812
      vertex 52.977210998535156 -36.400001525878906 15.239527702331543
    endloop
  endfacet
  facet normal 0 1 0
    outer loop
      vertex 55.5 -36.400001525878906 15.5
      vertex 52.90953826904297 -36.400001525878906 14.986968994140625
      vertex 52.94888687133789 -36.400001525878906 15.111770629882812
    endloop
  endfacet
  facet normal 0 1 0
    outer loop
      vertex 55.5 -36.400001525878906 15.5
      vertex 52.859458923339844 -36.400001525878906 14.866071701049805
      vertex 52.90953826904297 -36.400001525878906 14.986968994140625
    endloop
  endfacet
  facet normal 0 1 0
    outer loop
      vertex 55.5 -36.400001525878906 15.5
      vertex 52.79903793334961 -36.400001525878906 14.75
      vertex 52.859458923339844 -36.400001525878906 14.866071701049805
    endloop
  endfacet
  facet normal 0 1 0
    outer loop
      vertex 55.5 -36.400001525878906 15.5
      vertex 52.728729248046875 -36.400001525878906 14.63963508605957
      vertex 52.79903793334961 -36.400001525878906 14.75
    endloop
  endfacet
  facet normal 0 1 0
    outer loop
      vertex 55.5 -36.400001525878906 15.5
      vertex 52.64906692504883 -36.400001525878906 14.535818099975586
      vertex 52.728729248046875 -36.400001525878906 14.63963508605957
    endloop
  endfacet
  facet normal 0 1 0
    outer loop
      vertex 55.5 -36.400001525878906 15.5
      vertex 52.56066131591797 -36.400001525878906 14.439339637756348
      vertex 52.64906692504883 -36.400001525878906 14.535818099975586
    endloop
  endfacet
  facet normal 0 1 0
    outer loop
      vertex 55.5 -36.400001525878906 15.5
      vertex 52.46417999267578 -36.400001525878906 14.350933074951172
      vertex 52.56066131591797 -36.400001525878906 14.439339637756348
    endloop
  endfacet
  facet normal 0 1 0
    outer loop
      vertex 55.5 -36.400001525878906 15.5
      vertex 52.3603630065918 -36.400001525878906 14.271271705627441
      vertex 52.46417999267578 -36.400001525878906 14.350933074951172
    endloop
  endfacet
  facet normal 0 1 0
    outer loop
      vertex 55.5 -36.400001525878906 1.7999992370605469
      vertex 52.3603630065918 -36.400001525878906 14.271271705627441
      vertex 55.5 -36.400001525878906 15.5
    endloop
  endfacet
  facet normal 0 1 0
    outer loop
      vertex 52.3603630065918 -36.400001525878906 14.271271705627441
      vertex 55.5 -36.400001525878906 1.7999992370605469
      vertex 52.25 -36.400001525878906 14.200961112976074
    endloop
  endfacet
  facet normal 0 1 0
    outer loop
      vertex 52.25 -36.400001525878906 14.200961112976074
      vertex 55.5 -36.400001525878906 1.7999992370605469
      vertex 52.13392639160156 -36.400001525878906 14.140538215637207
    endloop
  endfacet
  facet normal 0 1 0
    outer loop
      vertex 51.630733489990234 -36.400001525878906 14.005707740783691
      vertex 48 -36.400001525878906 11.5
      vertex 51.5 -36.400001525878906 14
    endloop
  endfacet
  facet normal 0 1 0
    outer loop
      vertex 51.76047134399414 -36.400001525878906 14.022788047790527
      vertex 48 -36.400001525878906 11.5
      vertex 51.630733489990234 -36.400001525878906 14.005707740783691
    endloop
  endfacet
  facet normal 0 1 0
    outer loop
      vertex 51.88822937011719 -36.400001525878906 14.051111221313477
      vertex 48 -36.400001525878906 11.5
      vertex 51.76047134399414 -36.400001525878906 14.022788047790527
    endloop
  endfacet
  facet normal 0 1 0
    outer loop
      vertex 55.5 -36.400001525878906 1.7999992370605469
      vertex 51.88822937011719 -36.400001525878906 14.051111221313477
      vertex 52.013031005859375 -36.400001525878906 14.090460777282715
    endloop
  endfacet
  facet normal 0 1 0
    outer loop
      vertex 52.13392639160156 -36.400001525878906 14.140538215637207
      vertex 55.5 -36.400001525878906 1.7999992370605469
      vertex 52.013031005859375 -36.400001525878906 14.090460777282715
    endloop
  endfacet
  facet normal 0 1 0
    outer loop
      vertex 51.88822937011719 -36.400001525878906 14.051111221313477
      vertex 55.5 -36.400001525878906 1.7999992370605469
      vertex 48 -36.400001525878906 11.5
    endloop
  endfacet
  facet normal 0 1 0
    outer loop
      vertex 48 -36.400001525878906 11.5
      vertex 55.5 -36.400001525878906 1.7999992370605469
      vertex 48 -36.400001525878906 1.7999992370605469
    endloop
  endfacet
  facet normal 0 1 0
    outer loop
      vertex 50.63963317871094 -36.400001525878906 16.728727340698242
      vertex 49.20569610595703 -36.400001525878906 18.776607513427734
      vertex 50.75 -36.400001525878906 16.79903793334961
    endloop
  endfacet
  facet normal 0 1 0
    outer loop
      vertex 49.20569610595703 -36.400001525878906 18.776607513427734
      vertex 50.63963317871094 -36.400001525878906 16.728727340698242
      vertex 48.92884826660156 -36.400001525878906 18.564178466796875
    endloop
  endfacet
  facet normal 0 1 0
    outer loop
      vertex 50.53582000732422 -36.400001525878906 16.649066925048828
      vertex 48.92884826660156 -36.400001525878906 18.564178466796875
      vertex 50.63963317871094 -36.400001525878906 16.728727340698242
    endloop
  endfacet
  facet normal 0 1 0
    outer loop
      vertex 48.92884826660156 -36.400001525878906 18.564178466796875
      vertex 50.53582000732422 -36.400001525878906 16.649066925048828
      vertex 48.671573638916016 -36.400001525878906 18.328426361083984
    endloop
  endfacet
  facet normal 0 1 0
    outer loop
      vertex 50.43933868408203 -36.400001525878906 16.560659408569336
      vertex 48.671573638916016 -36.400001525878906 18.328426361083984
      vertex 50.53582000732422 -36.400001525878906 16.649066925048828
    endloop
  endfacet
  facet normal 0 1 0
    outer loop
      vertex 48.671573638916016 -36.400001525878906 18.328426361083984
      vertex 50.43933868408203 -36.400001525878906 16.560659408569336
      vertex 48.435821533203125 -36.400001525878906 18.071149826049805
    endloop
  endfacet
  facet normal 0 1 0
    outer loop
      vertex 50.35093307495117 -36.400001525878906 16.46417999267578
      vertex 48.435821533203125 -36.400001525878906 18.071149826049805
      vertex 50.43933868408203 -36.400001525878906 16.560659408569336
    endloop
  endfacet
  facet normal 0 1 0
    outer loop
      vertex 48.435821533203125 -36.400001525878906 18.071149826049805
      vertex 50.35093307495117 -36.400001525878906 16.46417999267578
      vertex 48.223392486572266 -36.400001525878906 17.79430389404297
    endloop
  endfacet
  facet normal 0 1 0
    outer loop
      vertex 50.271270751953125 -36.400001525878906 16.360363006591797
      vertex 48.223392486572266 -36.400001525878906 17.79430389404297
      vertex 50.35093307495117 -36.400001525878906 16.46417999267578
    endloop
  endfacet
  facet normal 0 1 0
    outer loop
      vertex 48.223392486572266 -36.400001525878906 17.79430389404297
      vertex 50.271270751953125 -36.400001525878906 16.360363006591797
      vertex 48.03589630126953 -36.400001525878906 17.5
    endloop
  endfacet
  facet normal 0 1 0
    outer loop
      vertex 50.20096206665039 -36.400001525878906 16.25
      vertex 48.03589630126953 -36.400001525878906 17.5
      vertex 50.271270751953125 -36.400001525878906 16.360363006591797
    endloop
  endfacet
  facet normal 0 1 0
    outer loop
      vertex 48.03589630126953 -36.400001525878906 17.5
      vertex 50.20096206665039 -36.400001525878906 16.25
      vertex 47.8747673034668 -36.400001525878906 17.190471649169922
    endloop
  endfacet
  facet normal 0 1 0
    outer loop
      vertex 50.14053726196289 -36.400001525878906 16.133926391601562
      vertex 47.8747673034668 -36.400001525878906 17.190471649169922
      vertex 50.20096206665039 -36.400001525878906 16.25
    endloop
  endfacet
  facet normal 0 1 0
    outer loop
      vertex 47.8747673034668 -36.400001525878906 17.190471649169922
      vertex 50.14053726196289 -36.400001525878906 16.133926391601562
      vertex 47.74123001098633 -36.400001525878906 16.868080139160156
    endloop
  endfacet
  facet normal 0 1 0
    outer loop
      vertex 50.09046173095703 -36.400001525878906 16.013031005859375
      vertex 47.74123001098633 -36.400001525878906 16.868080139160156
      vertex 50.14053726196289 -36.400001525878906 16.133926391601562
    endloop
  endfacet
  facet normal 0 1 0
    outer loop
      vertex 47.74123001098633 -36.400001525878906 16.868080139160156
      vertex 50.09046173095703 -36.400001525878906 16.013031005859375
      vertex 47.636295318603516 -36.400001525878906 16.535274505615234
    endloop
  endfacet
  facet normal 0 1 0
    outer loop
      vertex 50.051109313964844 -36.400001525878906 15.888228416442871
      vertex 47.636295318603516 -36.400001525878906 16.535274505615234
      vertex 50.09046173095703 -36.400001525878906 16.013031005859375
    endloop
  endfacet
  facet normal 0 1 0
    outer loop
      vertex 47.636295318603516 -36.400001525878906 16.535274505615234
      vertex 50.051109313964844 -36.400001525878906 15.888228416442871
      vertex 47.560768127441406 -36.400001525878906 16.194591522216797
    endloop
  endfacet
  facet normal 0 1 0
    outer loop
      vertex 50.022789001464844 -36.400001525878906 15.76047134399414
      vertex 47.560768127441406 -36.400001525878906 16.194591522216797
      vertex 50.051109313964844 -36.400001525878906 15.888228416442871
    endloop
  endfacet
  facet normal 0 1 0
    outer loop
      vertex 47.560768127441406 -36.400001525878906 16.194591522216797
      vertex 50.022789001464844 -36.400001525878906 15.76047134399414
      vertex 47.515220642089844 -36.400001525878906 15.84862232208252
    endloop
  endfacet
  facet normal 0 1 0
    outer loop
      vertex 50.005706787109375 -36.400001525878906 15.630733489990234
      vertex 47.515220642089844 -36.400001525878906 15.84862232208252
      vertex 50.022789001464844 -36.400001525878906 15.76047134399414
    endloop
  endfacet
  facet normal 0 1 0
    outer loop
      vertex 50 -36.400001525878906 15.5
      vertex 47.515220642089844 -36.400001525878906 15.84862232208252
      vertex 50.005706787109375 -36.400001525878906 15.630733489990234
    endloop
  endfacet
  facet normal 0 1 0
    outer loop
      vertex 50 -36.400001525878906 15.5
      vertex 47.5 -36.400001525878906 15.5
      vertex 47.515220642089844 -36.400001525878906 15.84862232208252
    endloop
  endfacet
  facet normal 0 1 0
    outer loop
      vertex 50.005706787109375 -36.400001525878906 15.36926555633545
      vertex 47.5 -36.400001525878906 15.5
      vertex 50 -36.400001525878906 15.5
    endloop
  endfacet
  facet normal 0 1 0
    outer loop
      vertex 50.022789001464844 -36.400001525878906 15.239527702331543
      vertex 47.5 -36.400001525878906 15.5
      vertex 50.005706787109375 -36.400001525878906 15.36926555633545
    endloop
  endfacet
  facet normal 0 1 0
    outer loop
      vertex 50.051109313964844 -36.400001525878906 15.111770629882812
      vertex 47.5 -36.400001525878906 15.5
      vertex 50.022789001464844 -36.400001525878906 15.239527702331543
    endloop
  endfacet
  facet normal 0 1 0
    outer loop
      vertex 50.09046173095703 -36.400001525878906 14.986968994140625
      vertex 47.5 -36.400001525878906 15.5
      vertex 50.051109313964844 -36.400001525878906 15.111770629882812
    endloop
  endfacet
  facet normal 0 1 0
    outer loop
      vertex 50.14053726196289 -36.400001525878906 14.866071701049805
      vertex 47.5 -36.400001525878906 15.5
      vertex 50.09046173095703 -36.400001525878906 14.986968994140625
    endloop
  endfacet
  facet normal 0 1 0
    outer loop
      vertex 50.20096206665039 -36.400001525878906 14.75
      vertex 47.5 -36.400001525878906 15.5
      vertex 50.14053726196289 -36.400001525878906 14.866071701049805
    endloop
  endfacet
  facet normal 0 1 0
    outer loop
      vertex 47.5 -36.400001525878906 15.5
      vertex 50.20096206665039 -36.400001525878906 14.75
      vertex 48 -36.400001525878906 11.5
    endloop
  endfacet
  facet normal 0 1 0
    outer loop
      vertex 48 -36.400001525878906 11.5
      vertex 50.20096206665039 -36.400001525878906 14.75
      vertex 50.271270751953125 -36.400001525878906 14.63963508605957
    endloop
  endfacet
  facet normal 0 1 0
    outer loop
      vertex 48 -36.400001525878906 11.5
      vertex 50.271270751953125 -36.400001525878906 14.63963508605957
      vertex 50.35093307495117 -36.400001525878906 14.535818099975586
    endloop
  endfacet
  facet normal 0 1 0
    outer loop
      vertex 48 -36.400001525878906 11.5
      vertex 50.35093307495117 -36.400001525878906 14.535818099975586
      vertex 50.43933868408203 -36.400001525878906 14.439339637756348
    endloop
  endfacet
  facet normal 0 1 0
    outer loop
      vertex 48 -36.400001525878906 11.5
      vertex 50.43933868408203 -36.400001525878906 14.439339637756348
      vertex 50.53582000732422 -36.400001525878906 14.350933074951172
    endloop
  endfacet
  facet normal 0 1 0
    outer loop
      vertex 48 -36.400001525878906 11.5
      vertex 50.53582000732422 -36.400001525878906 14.350933074951172
      vertex 50.63963317871094 -36.400001525878906 14.271271705627441
    endloop
  endfacet
  facet normal 0 1 0
    outer loop
      vertex 48 -36.400001525878906 11.5
      vertex 50.63963317871094 -36.400001525878906 14.271271705627441
      vertex 50.75 -36.400001525878906 14.200961112976074
    endloop
  endfacet
  facet normal 0 1 0
    outer loop
      vertex 48 -36.400001525878906 11.5
      vertex 50.75 -36.400001525878906 14.200961112976074
      vertex 50.86607360839844 -36.400001525878906 14.140538215637207
    endloop
  endfacet
  facet normal 0 1 0
    outer loop
      vertex 48 -36.400001525878906 11.5
      vertex 50.86607360839844 -36.400001525878906 14.140538215637207
      vertex 50.986968994140625 -36.400001525878906 14.090460777282715
    endloop
  endfacet
  facet normal 0 1 0
    outer loop
      vertex 48 -36.400001525878906 11.5
      vertex 50.986968994140625 -36.400001525878906 14.090460777282715
      vertex 51.11177062988281 -36.400001525878906 14.051111221313477
    endloop
  endfacet
  facet normal 0 1 0
    outer loop
      vertex 48 -36.400001525878906 11.5
      vertex 51.369266510009766 -36.400001525878906 14.005707740783691
      vertex 51.5 -36.400001525878906 14
    endloop
  endfacet
  facet normal 0 1 0
    outer loop
      vertex 48 -36.400001525878906 11.5
      vertex 51.23952865600586 -36.400001525878906 14.022788047790527
      vertex 51.369266510009766 -36.400001525878906 14.005707740783691
    endloop
  endfacet
  facet normal 0 1 0
    outer loop
      vertex 48 -36.400001525878906 11.5
      vertex 51.11177062988281 -36.400001525878906 14.051111221313477
      vertex 51.23952865600586 -36.400001525878906 14.022788047790527
    endloop
  endfacet
  facet normal 0 1 0
    outer loop
      vertex 46 -36.400001525878906 11.5
      vertex 47.5 -36.400001525878906 15.5
      vertex 48 -36.400001525878906 11.5
    endloop
  endfacet
  facet normal 0 1 0
    outer loop
      vertex 47.5 -36.400001525878906 15.5
      vertex 46 -36.400001525878906 11.5
      vertex 46 -36.400001525878906 15.5
    endloop
  endfacet
  facet normal 0 -1 0
    outer loop
      vertex -28 -42.400001525878906 0
      vertex 46 -42.400001525878906 11.5
      vertex -28 -42.400001525878906 11.5
    endloop
  endfacet
  facet normal 0 -1 0
    outer loop
      vertex 46 -42.400001525878906 11.5
      vertex -28 -42.400001525878906 0
      vertex 55.5 -42.400001525878906 1.7999992370605469
    endloop
  endfacet
  facet normal 0 -1 0
    outer loop
      vertex 63 -42.400001525878906 0
      vertex 55.5 -42.400001525878906 1.7999992370605469
      vertex -28 -42.400001525878906 0
    endloop
  endfacet
  facet normal 0 -1 0
    outer loop
      vertex 55.5 -42.400001525878906 1.7999992370605469
      vertex 63 -42.400001525878906 0
      vertex 63 -42.400001525878906 1.7999992370605469
    endloop
  endfacet
  facet normal 0 -1 0
    outer loop
      vertex 46 -42.400001525878906 11.5
      vertex 47.5 -42.400001525878906 15.5
      vertex 46 -42.400001525878906 15.5
    endloop
  endfacet
  facet normal 0 -1 0
    outer loop
      vertex 47.5 -42.400001525878906 15.5
      vertex 50.005706787109375 -42.400001525878906 15.36926555633545
      vertex 50 -42.400001525878906 15.5
    endloop
  endfacet
  facet normal 0 -1 0
    outer loop
      vertex 47.5 -42.400001525878906 15.5
      vertex 50.022789001464844 -42.400001525878906 15.239527702331543
      vertex 50.005706787109375 -42.400001525878906 15.36926555633545
    endloop
  endfacet
  facet normal 0 -1 0
    outer loop
      vertex 47.5 -42.400001525878906 15.5
      vertex 50.051109313964844 -42.400001525878906 15.111770629882812
      vertex 50.022789001464844 -42.400001525878906 15.239527702331543
    endloop
  endfacet
  facet normal 0 -1 0
    outer loop
      vertex 47.5 -42.400001525878906 15.5
      vertex 50.09046173095703 -42.400001525878906 14.986968994140625
      vertex 50.051109313964844 -42.400001525878906 15.111770629882812
    endloop
  endfacet
  facet normal 0 -1 0
    outer loop
      vertex 47.5 -42.400001525878906 15.5
      vertex 50.14053726196289 -42.400001525878906 14.866071701049805
      vertex 50.09046173095703 -42.400001525878906 14.986968994140625
    endloop
  endfacet
  facet normal 0 -1 0
    outer loop
      vertex 47.5 -42.400001525878906 15.5
      vertex 50.20096206665039 -42.400001525878906 14.75
      vertex 50.14053726196289 -42.400001525878906 14.866071701049805
    endloop
  endfacet
  facet normal 0 -1 0
    outer loop
      vertex 50.35093307495117 -42.400001525878906 14.535818099975586
      vertex 47.5 -42.400001525878906 15.5
      vertex 46 -42.400001525878906 11.5
    endloop
  endfacet
  facet normal 0 -1 0
    outer loop
      vertex 47.5 -42.400001525878906 15.5
      vertex 50.271270751953125 -42.400001525878906 14.63963508605957
      vertex 50.20096206665039 -42.400001525878906 14.75
    endloop
  endfacet
  facet normal 0 -1 0
    outer loop
      vertex 47.5 -42.400001525878906 15.5
      vertex 50.35093307495117 -42.400001525878906 14.535818099975586
      vertex 50.271270751953125 -42.400001525878906 14.63963508605957
    endloop
  endfacet
  facet normal 0 -1 0
    outer loop
      vertex 50.35093307495117 -42.400001525878906 14.535818099975586
      vertex 46 -42.400001525878906 11.5
      vertex 50.43933868408203 -42.400001525878906 14.439339637756348
    endloop
  endfacet
  facet normal 0 -1 0
    outer loop
      vertex 50.43933868408203 -42.400001525878906 14.439339637756348
      vertex 46 -42.400001525878906 11.5
      vertex 50.53582000732422 -42.400001525878906 14.350933074951172
    endloop
  endfacet
  facet normal 0 -1 0
    outer loop
      vertex 50.53582000732422 -42.400001525878906 14.350933074951172
      vertex 46 -42.400001525878906 11.5
      vertex 50.63963317871094 -42.400001525878906 14.271271705627441
    endloop
  endfacet
  facet normal 0 -1 0
    outer loop
      vertex 50.63963317871094 -42.400001525878906 14.271271705627441
      vertex 46 -42.400001525878906 11.5
      vertex 50.75 -42.400001525878906 14.200961112976074
    endloop
  endfacet
  facet normal 0 -1 0
    outer loop
      vertex 50.75 -42.400001525878906 14.200961112976074
      vertex 46 -42.400001525878906 11.5
      vertex 50.86607360839844 -42.400001525878906 14.140538215637207
    endloop
  endfacet
  facet normal 0 -1 0
    outer loop
      vertex 50.86607360839844 -42.400001525878906 14.140538215637207
      vertex 46 -42.400001525878906 11.5
      vertex 50.986968994140625 -42.400001525878906 14.090460777282715
    endloop
  endfacet
  facet normal 0 -1 0
    outer loop
      vertex 51.369266510009766 -42.400001525878906 14.005707740783691
      vertex 46 -42.400001525878906 11.5
      vertex 51.5 -42.400001525878906 14
    endloop
  endfacet
  facet normal 0 -1 0
    outer loop
      vertex 51.23952865600586 -42.400001525878906 14.022788047790527
      vertex 46 -42.400001525878906 11.5
      vertex 51.369266510009766 -42.400001525878906 14.005707740783691
    endloop
  endfacet
  facet normal 0 -1 0
    outer loop
      vertex 51.11177062988281 -42.400001525878906 14.051111221313477
      vertex 46 -42.400001525878906 11.5
      vertex 51.23952865600586 -42.400001525878906 14.022788047790527
    endloop
  endfacet
  facet normal 0 -1 0
    outer loop
      vertex 50.986968994140625 -42.400001525878906 14.090460777282715
      vertex 46 -42.400001525878906 11.5
      vertex 51.11177062988281 -42.400001525878906 14.051111221313477
    endloop
  endfacet
  facet normal 0 -1 0
    outer loop
      vertex 51.5 -42.400001525878906 17
      vertex 51.5 -42.400001525878906 19.5
      vertex 51.15137481689453 -42.400001525878906 19.484779357910156
    endloop
  endfacet
  facet normal 0 -1 0
    outer loop
      vertex 51.369266510009766 -42.400001525878906 16.994291305541992
      vertex 51.15137481689453 -42.400001525878906 19.484779357910156
      vertex 50.80540466308594 -42.400001525878906 19.439231872558594
    endloop
  endfacet
  facet normal 0 -1 0
    outer loop
      vertex 51.5 -42.400001525878906 19.5
      vertex 51.5 -42.400001525878906 17
      vertex 51.8486213684082 -42.400001525878906 19.484779357910156
    endloop
  endfacet
  facet normal 0 -1 0
    outer loop
      vertex 51.23952865600586 -42.400001525878906 16.977210998535156
      vertex 50.80540466308594 -42.400001525878906 19.439231872558594
      vertex 50.4647216796875 -42.400001525878906 19.36370277404785
    endloop
  endfacet
  facet normal 0 -1 0
    outer loop
      vertex 51.630733489990234 -42.400001525878906 16.994291305541992
      vertex 51.8486213684082 -42.400001525878906 19.484779357910156
      vertex 51.5 -42.400001525878906 17
    endloop
  endfacet
  facet normal 0 -1 0
    outer loop
      vertex 51.11177062988281 -42.400001525878906 16.94888687133789
      vertex 50.4647216796875 -42.400001525878906 19.36370277404785
      vertex 50.131919860839844 -42.400001525878906 19.258769989013672
    endloop
  endfacet
  facet normal 0 -1 0
    outer loop
      vertex 51.8486213684082 -42.400001525878906 19.484779357910156
      vertex 51.630733489990234 -42.400001525878906 16.994291305541992
      vertex 52.1945915222168 -42.400001525878906 19.439231872558594
    endloop
  endfacet
  facet normal 0 -1 0
    outer loop
      vertex 50.986968994140625 -42.400001525878906 16.90953826904297
      vertex 50.131919860839844 -42.400001525878906 19.258769989013672
      vertex 49.80952453613281 -42.400001525878906 19.12523078918457
    endloop
  endfacet
  facet normal 0 -1 0
    outer loop
      vertex 51.76047134399414 -42.400001525878906 16.977210998535156
      vertex 52.1945915222168 -42.400001525878906 19.439231872558594
      vertex 51.630733489990234 -42.400001525878906 16.994291305541992
    endloop
  endfacet
  facet normal 0 -1 0
    outer loop
      vertex 50.86607360839844 -42.400001525878906 16.859460830688477
      vertex 49.80952453613281 -42.400001525878906 19.12523078918457
      vertex 49.5 -42.400001525878906 18.964099884033203
    endloop
  endfacet
  facet normal 0 -1 0
    outer loop
      vertex 52.1945915222168 -42.400001525878906 19.439231872558594
      vertex 51.76047134399414 -42.400001525878906 16.977210998535156
      vertex 52.535274505615234 -42.400001525878906 19.36370277404785
    endloop
  endfacet
  facet normal 0 -1 0
    outer loop
      vertex 50.75 -42.400001525878906 16.79903793334961
      vertex 49.5 -42.400001525878906 18.964099884033203
      vertex 49.20569610595703 -42.400001525878906 18.776607513427734
    endloop
  endfacet
  facet normal 0 -1 0
    outer loop
      vertex 51.88822937011719 -42.400001525878906 16.94888687133789
      vertex 52.535274505615234 -42.400001525878906 19.36370277404785
      vertex 51.76047134399414 -42.400001525878906 16.977210998535156
    endloop
  endfacet
  facet normal 0 -1 0
    outer loop
      vertex 50.63963317871094 -42.400001525878906 16.728727340698242
      vertex 49.20569610595703 -42.400001525878906 18.776607513427734
      vertex 48.92884826660156 -42.400001525878906 18.564178466796875
    endloop
  endfacet
  facet normal 0 -1 0
    outer loop
      vertex 52.535274505615234 -42.400001525878906 19.36370277404785
      vertex 51.88822937011719 -42.400001525878906 16.94888687133789
      vertex 52.868080139160156 -42.400001525878906 19.258769989013672
    endloop
  endfacet
  facet normal 0 -1 0
    outer loop
      vertex 50.53582000732422 -42.400001525878906 16.649066925048828
      vertex 48.92884826660156 -42.400001525878906 18.564178466796875
      vertex 48.671573638916016 -42.400001525878906 18.328426361083984
    endloop
  endfacet
  facet normal 0 -1 0
    outer loop
      vertex 52.013031005859375 -42.400001525878906 16.90953826904297
      vertex 52.868080139160156 -42.400001525878906 19.258769989013672
      vertex 51.88822937011719 -42.400001525878906 16.94888687133789
    endloop
  endfacet
  facet normal 0 -1 0
    outer loop
      vertex 50.43933868408203 -42.400001525878906 16.560659408569336
      vertex 48.671573638916016 -42.400001525878906 18.328426361083984
      vertex 48.435821533203125 -42.400001525878906 18.071149826049805
    endloop
  endfacet
  facet normal 0 -1 0
    outer loop
      vertex 52.868080139160156 -42.400001525878906 19.258769989013672
      vertex 52.013031005859375 -42.400001525878906 16.90953826904297
      vertex 53.19047164916992 -42.400001525878906 19.12523078918457
    endloop
  endfacet
  facet normal 0 -1 0
    outer loop
      vertex 50.35093307495117 -42.400001525878906 16.46417999267578
      vertex 48.435821533203125 -42.400001525878906 18.071149826049805
      vertex 48.223392486572266 -42.400001525878906 17.79430389404297
    endloop
  endfacet
  facet normal 0 -1 0
    outer loop
      vertex 52.13392639160156 -42.400001525878906 16.859460830688477
      vertex 53.19047164916992 -42.400001525878906 19.12523078918457
      vertex 52.013031005859375 -42.400001525878906 16.90953826904297
    endloop
  endfacet
  facet normal 0 -1 0
    outer loop
      vertex 50.271270751953125 -42.400001525878906 16.360363006591797
      vertex 48.223392486572266 -42.400001525878906 17.79430389404297
      vertex 48.03589630126953 -42.400001525878906 17.5
    endloop
  endfacet
  facet normal 0 -1 0
    outer loop
      vertex 53.19047164916992 -42.400001525878906 19.12523078918457
      vertex 52.13392639160156 -42.400001525878906 16.859460830688477
      vertex 53.5 -42.400001525878906 18.964099884033203
    endloop
  endfacet
  facet normal 0 -1 0
    outer loop
      vertex 50.20096206665039 -42.400001525878906 16.25
      vertex 48.03589630126953 -42.400001525878906 17.5
      vertex 47.8747673034668 -42.400001525878906 17.190471649169922
    endloop
  endfacet
  facet normal 0 -1 0
    outer loop
      vertex 52.25 -42.400001525878906 16.79903793334961
      vertex 53.5 -42.400001525878906 18.964099884033203
      vertex 52.13392639160156 -42.400001525878906 16.859460830688477
    endloop
  endfacet
  facet normal 0 -1 0
    outer loop
      vertex 53.5 -42.400001525878906 18.964099884033203
      vertex 52.25 -42.400001525878906 16.79903793334961
      vertex 53.79430389404297 -42.400001525878906 18.776607513427734
    endloop
  endfacet
  facet normal 0 -1 0
    outer loop
      vertex 51.15137481689453 -42.400001525878906 19.484779357910156
      vertex 51.369266510009766 -42.400001525878906 16.994291305541992
      vertex 51.5 -42.400001525878906 17
    endloop
  endfacet
  facet normal 0 -1 0
    outer loop
      vertex 50.80540466308594 -42.400001525878906 19.439231872558594
      vertex 51.23952865600586 -42.400001525878906 16.977210998535156
      vertex 51.369266510009766 -42.400001525878906 16.994291305541992
    endloop
  endfacet
  facet normal 0 -1 0
    outer loop
      vertex 50.4647216796875 -42.400001525878906 19.36370277404785
      vertex 51.11177062988281 -42.400001525878906 16.94888687133789
      vertex 51.23952865600586 -42.400001525878906 16.977210998535156
    endloop
  endfacet
  facet normal 0 -1 0
    outer loop
      vertex 50.131919860839844 -42.400001525878906 19.258769989013672
      vertex 50.986968994140625 -42.400001525878906 16.90953826904297
      vertex 51.11177062988281 -42.400001525878906 16.94888687133789
    endloop
  endfacet
  facet normal 0 -1 0
    outer loop
      vertex 50.14053726196289 -42.400001525878906 16.133926391601562
      vertex 47.8747673034668 -42.400001525878906 17.190471649169922
      vertex 47.74123001098633 -42.400001525878906 16.868080139160156
    endloop
  endfacet
  facet normal 0 -1 0
    outer loop
      vertex 49.80952453613281 -42.400001525878906 19.12523078918457
      vertex 50.86607360839844 -42.400001525878906 16.859460830688477
      vertex 50.986968994140625 -42.400001525878906 16.90953826904297
    endloop
  endfacet
  facet normal 0 -1 0
    outer loop
      vertex 49.5 -42.400001525878906 18.964099884033203
      vertex 50.75 -42.400001525878906 16.79903793334961
      vertex 50.86607360839844 -42.400001525878906 16.859460830688477
    endloop
  endfacet
  facet normal 0 -1 0
    outer loop
      vertex 49.20569610595703 -42.400001525878906 18.776607513427734
      vertex 50.63963317871094 -42.400001525878906 16.728727340698242
      vertex 50.75 -42.400001525878906 16.79903793334961
    endloop
  endfacet
  facet normal 0 -1 0
    outer loop
      vertex 48.92884826660156 -42.400001525878906 18.564178466796875
      vertex 50.53582000732422 -42.400001525878906 16.649066925048828
      vertex 50.63963317871094 -42.400001525878906 16.728727340698242
    endloop
  endfacet
  facet normal 0 -1 0
    outer loop
      vertex 48.671573638916016 -42.400001525878906 18.328426361083984
      vertex 50.43933868408203 -42.400001525878906 16.560659408569336
      vertex 50.53582000732422 -42.400001525878906 16.649066925048828
    endloop
  endfacet
  facet normal 0 -1 0
    outer loop
      vertex 50.09046173095703 -42.400001525878906 16.013031005859375
      vertex 47.74123001098633 -42.400001525878906 16.868080139160156
      vertex 47.636295318603516 -42.400001525878906 16.535274505615234
    endloop
  endfacet
  facet normal 0 -1 0
    outer loop
      vertex 48.435821533203125 -42.400001525878906 18.071149826049805
      vertex 50.35093307495117 -42.400001525878906 16.46417999267578
      vertex 50.43933868408203 -42.400001525878906 16.560659408569336
    endloop
  endfacet
  facet normal 0 -1 0
    outer loop
      vertex 48.223392486572266 -42.400001525878906 17.79430389404297
      vertex 50.271270751953125 -42.400001525878906 16.360363006591797
      vertex 50.35093307495117 -42.400001525878906 16.46417999267578
    endloop
  endfacet
  facet normal 0 -1 0
    outer loop
      vertex 48.03589630126953 -42.400001525878906 17.5
      vertex 50.20096206665039 -42.400001525878906 16.25
      vertex 50.271270751953125 -42.400001525878906 16.360363006591797
    endloop
  endfacet
  facet normal 0 -1 0
    outer loop
      vertex 50.051109313964844 -42.400001525878906 15.888228416442871
      vertex 47.636295318603516 -42.400001525878906 16.535274505615234
      vertex 47.560768127441406 -42.400001525878906 16.194591522216797
    endloop
  endfacet
  facet normal 0 -1 0
    outer loop
      vertex 47.8747673034668 -42.400001525878906 17.190471649169922
      vertex 50.14053726196289 -42.400001525878906 16.133926391601562
      vertex 50.20096206665039 -42.400001525878906 16.25
    endloop
  endfacet
  facet normal 0 -1 0
    outer loop
      vertex 47.74123001098633 -42.400001525878906 16.868080139160156
      vertex 50.09046173095703 -42.400001525878906 16.013031005859375
      vertex 50.14053726196289 -42.400001525878906 16.133926391601562
    endloop
  endfacet
  facet normal 0 -1 0
    outer loop
      vertex 47.636295318603516 -42.400001525878906 16.535274505615234
      vertex 50.051109313964844 -42.400001525878906 15.888228416442871
      vertex 50.09046173095703 -42.400001525878906 16.013031005859375
    endloop
  endfacet
  facet normal 0 -1 0
    outer loop
      vertex 50.022789001464844 -42.400001525878906 15.76047134399414
      vertex 47.560768127441406 -42.400001525878906 16.194591522216797
      vertex 47.515220642089844 -42.400001525878906 15.84862232208252
    endloop
  endfacet
  facet normal 0 -1 0
    outer loop
      vertex 47.560768127441406 -42.400001525878906 16.194591522216797
      vertex 50.022789001464844 -42.400001525878906 15.76047134399414
      vertex 50.051109313964844 -42.400001525878906 15.888228416442871
    endloop
  endfacet
  facet normal 0 -1 0
    outer loop
      vertex 47.515220642089844 -42.400001525878906 15.84862232208252
      vertex 50.005706787109375 -42.400001525878906 15.630733489990234
      vertex 50.022789001464844 -42.400001525878906 15.76047134399414
    endloop
  endfacet
  facet normal 0 -1 0
    outer loop
      vertex 47.5 -42.400001525878906 15.5
      vertex 50.005706787109375 -42.400001525878906 15.630733489990234
      vertex 47.515220642089844 -42.400001525878906 15.84862232208252
    endloop
  endfacet
  facet normal 0 -1 0
    outer loop
      vertex 50.005706787109375 -42.400001525878906 15.630733489990234
      vertex 47.5 -42.400001525878906 15.5
      vertex 50 -42.400001525878906 15.5
    endloop
  endfacet
  facet normal 0 -1 0
    outer loop
      vertex 52.3603630065918 -42.400001525878906 16.728727340698242
      vertex 53.79430389404297 -42.400001525878906 18.776607513427734
      vertex 52.25 -42.400001525878906 16.79903793334961
    endloop
  endfacet
  facet normal 0 -1 0
    outer loop
      vertex 53.79430389404297 -42.400001525878906 18.776607513427734
      vertex 52.3603630065918 -42.400001525878906 16.728727340698242
      vertex 54.07115173339844 -42.400001525878906 18.564178466796875
    endloop
  endfacet
  facet normal 0 -1 0
    outer loop
      vertex 52.46417999267578 -42.400001525878906 16.649066925048828
      vertex 54.07115173339844 -42.400001525878906 18.564178466796875
      vertex 52.3603630065918 -42.400001525878906 16.728727340698242
    endloop
  endfacet
  facet normal 0 -1 0
    outer loop
      vertex 54.07115173339844 -42.400001525878906 18.564178466796875
      vertex 52.46417999267578 -42.400001525878906 16.649066925048828
      vertex 54.328426361083984 -42.400001525878906 18.328426361083984
    endloop
  endfacet
  facet normal 0 -1 0
    outer loop
      vertex 52.56066131591797 -42.400001525878906 16.560659408569336
      vertex 54.328426361083984 -42.400001525878906 18.328426361083984
      vertex 52.46417999267578 -42.400001525878906 16.649066925048828
    endloop
  endfacet
  facet normal 0 -1 0
    outer loop
      vertex 54.328426361083984 -42.400001525878906 18.328426361083984
      vertex 52.56066131591797 -42.400001525878906 16.560659408569336
      vertex 54.564178466796875 -42.400001525878906 18.071149826049805
    endloop
  endfacet
  facet normal 0 -1 0
    outer loop
      vertex 52.64906692504883 -42.400001525878906 16.46417999267578
      vertex 54.564178466796875 -42.400001525878906 18.071149826049805
      vertex 52.56066131591797 -42.400001525878906 16.560659408569336
    endloop
  endfacet
  facet normal 0 -1 0
    outer loop
      vertex 54.564178466796875 -42.400001525878906 18.071149826049805
      vertex 52.64906692504883 -42.400001525878906 16.46417999267578
      vertex 54.776607513427734 -42.400001525878906 17.79430389404297
    endloop
  endfacet
  facet normal 0 -1 0
    outer loop
      vertex 52.728729248046875 -42.400001525878906 16.360363006591797
      vertex 54.776607513427734 -42.400001525878906 17.79430389404297
      vertex 52.64906692504883 -42.400001525878906 16.46417999267578
    endloop
  endfacet
  facet normal 0 -1 0
    outer loop
      vertex 54.776607513427734 -42.400001525878906 17.79430389404297
      vertex 52.728729248046875 -42.400001525878906 16.360363006591797
      vertex 54.9640998840332 -42.400001525878906 17.5
    endloop
  endfacet
  facet normal 0 -1 0
    outer loop
      vertex 52.79903793334961 -42.400001525878906 16.25
      vertex 54.9640998840332 -42.400001525878906 17.5
      vertex 52.728729248046875 -42.400001525878906 16.360363006591797
    endloop
  endfacet
  facet normal 0 -1 0
    outer loop
      vertex 54.9640998840332 -42.400001525878906 17.5
      vertex 52.79903793334961 -42.400001525878906 16.25
      vertex 55.12522888183594 -42.400001525878906 17.190471649169922
    endloop
  endfacet
  facet normal 0 -1 0
    outer loop
      vertex 52.859458923339844 -42.400001525878906 16.133926391601562
      vertex 55.12522888183594 -42.400001525878906 17.190471649169922
      vertex 52.79903793334961 -42.400001525878906 16.25
    endloop
  endfacet
  facet normal 0 -1 0
    outer loop
      vertex 55.12522888183594 -42.400001525878906 17.190471649169922
      vertex 52.859458923339844 -42.400001525878906 16.133926391601562
      vertex 55.25876998901367 -42.400001525878906 16.868080139160156
    endloop
  endfacet
  facet normal 0 -1 0
    outer loop
      vertex 52.90953826904297 -42.400001525878906 16.013031005859375
      vertex 55.25876998901367 -42.400001525878906 16.868080139160156
      vertex 52.859458923339844 -42.400001525878906 16.133926391601562
    endloop
  endfacet
  facet normal 0 -1 0
    outer loop
      vertex 55.25876998901367 -42.400001525878906 16.868080139160156
      vertex 52.90953826904297 -42.400001525878906 16.013031005859375
      vertex 55.36370086669922 -42.400001525878906 16.535274505615234
    endloop
  endfacet
  facet normal 0 -1 0
    outer loop
      vertex 52.94888687133789 -42.400001525878906 15.888228416442871
      vertex 55.36370086669922 -42.400001525878906 16.535274505615234
      vertex 52.90953826904297 -42.400001525878906 16.013031005859375
    endloop
  endfacet
  facet normal 0 -1 0
    outer loop
      vertex 55.36370086669922 -42.400001525878906 16.535274505615234
      vertex 52.94888687133789 -42.400001525878906 15.888228416442871
      vertex 55.439231872558594 -42.400001525878906 16.194591522216797
    endloop
  endfacet
  facet normal 0 -1 0
    outer loop
      vertex 52.977210998535156 -42.400001525878906 15.76047134399414
      vertex 55.439231872558594 -42.400001525878906 16.194591522216797
      vertex 52.94888687133789 -42.400001525878906 15.888228416442871
    endloop
  endfacet
  facet normal 0 -1 0
    outer loop
      vertex 55.439231872558594 -42.400001525878906 16.194591522216797
      vertex 52.977210998535156 -42.400001525878906 15.76047134399414
      vertex 55.484779357910156 -42.400001525878906 15.84862232208252
    endloop
  endfacet
  facet normal 0 -1 0
    outer loop
      vertex 52.994293212890625 -42.400001525878906 15.630733489990234
      vertex 55.484779357910156 -42.400001525878906 15.84862232208252
      vertex 52.977210998535156 -42.400001525878906 15.76047134399414
    endloop
  endfacet
  facet normal 0 -1 0
    outer loop
      vertex 53 -42.400001525878906 15.5
      vertex 55.484779357910156 -42.400001525878906 15.84862232208252
      vertex 52.994293212890625 -42.400001525878906 15.630733489990234
    endloop
  endfacet
  facet normal 0 -1 0
    outer loop
      vertex 53 -42.400001525878906 15.5
      vertex 55.5 -42.400001525878906 15.5
      vertex 55.484779357910156 -42.400001525878906 15.84862232208252
    endloop
  endfacet
  facet normal 0 -1 0
    outer loop
      vertex 52.994293212890625 -42.400001525878906 15.36926555633545
      vertex 55.5 -42.400001525878906 15.5
      vertex 53 -42.400001525878906 15.5
    endloop
  endfacet
  facet normal 0 -1 0
    outer loop
      vertex 52.977210998535156 -42.400001525878906 15.239527702331543
      vertex 55.5 -42.400001525878906 15.5
      vertex 52.994293212890625 -42.400001525878906 15.36926555633545
    endloop
  endfacet
  facet normal 0 -1 0
    outer loop
      vertex 52.94888687133789 -42.400001525878906 15.111770629882812
      vertex 55.5 -42.400001525878906 15.5
      vertex 52.977210998535156 -42.400001525878906 15.239527702331543
    endloop
  endfacet
  facet normal 0 -1 0
    outer loop
      vertex 52.90953826904297 -42.400001525878906 14.986968994140625
      vertex 55.5 -42.400001525878906 15.5
      vertex 52.94888687133789 -42.400001525878906 15.111770629882812
    endloop
  endfacet
  facet normal 0 -1 0
    outer loop
      vertex 52.859458923339844 -42.400001525878906 14.866071701049805
      vertex 55.5 -42.400001525878906 15.5
      vertex 52.90953826904297 -42.400001525878906 14.986968994140625
    endloop
  endfacet
  facet normal 0 -1 0
    outer loop
      vertex 52.79903793334961 -42.400001525878906 14.75
      vertex 55.5 -42.400001525878906 15.5
      vertex 52.859458923339844 -42.400001525878906 14.866071701049805
    endloop
  endfacet
  facet normal 0 -1 0
    outer loop
      vertex 52.728729248046875 -42.400001525878906 14.63963508605957
      vertex 55.5 -42.400001525878906 15.5
      vertex 52.79903793334961 -42.400001525878906 14.75
    endloop
  endfacet
  facet normal 0 -1 0
    outer loop
      vertex 52.64906692504883 -42.400001525878906 14.535818099975586
      vertex 55.5 -42.400001525878906 15.5
      vertex 52.728729248046875 -42.400001525878906 14.63963508605957
    endloop
  endfacet
  facet normal 0 -1 0
    outer loop
      vertex 52.56066131591797 -42.400001525878906 14.439339637756348
      vertex 55.5 -42.400001525878906 15.5
      vertex 52.64906692504883 -42.400001525878906 14.535818099975586
    endloop
  endfacet
  facet normal 0 -1 0
    outer loop
      vertex 52.46417999267578 -42.400001525878906 14.350933074951172
      vertex 55.5 -42.400001525878906 15.5
      vertex 52.56066131591797 -42.400001525878906 14.439339637756348
    endloop
  endfacet
  facet normal 0 -1 0
    outer loop
      vertex 52.3603630065918 -42.400001525878906 14.271271705627441
      vertex 55.5 -42.400001525878906 15.5
      vertex 52.46417999267578 -42.400001525878906 14.350933074951172
    endloop
  endfacet
  facet normal 0 -1 0
    outer loop
      vertex 55.5 -42.400001525878906 1.7999992370605469
      vertex 52.3603630065918 -42.400001525878906 14.271271705627441
      vertex 52.25 -42.400001525878906 14.200961112976074
    endloop
  endfacet
  facet normal 0 -1 0
    outer loop
      vertex 55.5 -42.400001525878906 1.7999992370605469
      vertex 52.25 -42.400001525878906 14.200961112976074
      vertex 52.13392639160156 -42.400001525878906 14.140538215637207
    endloop
  endfacet
  facet normal 0 -1 0
    outer loop
      vertex 55.5 -42.400001525878906 1.7999992370605469
      vertex 52.13392639160156 -42.400001525878906 14.140538215637207
      vertex 52.013031005859375 -42.400001525878906 14.090460777282715
    endloop
  endfacet
  facet normal 0 -1 0
    outer loop
      vertex 55.5 -42.400001525878906 1.7999992370605469
      vertex 51.5 -42.400001525878906 14
      vertex 46 -42.400001525878906 11.5
    endloop
  endfacet
  facet normal 0 -1 0
    outer loop
      vertex 51.5 -42.400001525878906 14
      vertex 55.5 -42.400001525878906 1.7999992370605469
      vertex 51.630733489990234 -42.400001525878906 14.005707740783691
    endloop
  endfacet
  facet normal 0 -1 0
    outer loop
      vertex 51.630733489990234 -42.400001525878906 14.005707740783691
      vertex 55.5 -42.400001525878906 1.7999992370605469
      vertex 51.76047134399414 -42.400001525878906 14.022788047790527
    endloop
  endfacet
  facet normal 0 -1 0
    outer loop
      vertex 51.76047134399414 -42.400001525878906 14.022788047790527
      vertex 55.5 -42.400001525878906 1.7999992370605469
      vertex 51.88822937011719 -42.400001525878906 14.051111221313477
    endloop
  endfacet
  facet normal 0 -1 0
    outer loop
      vertex 51.88822937011719 -42.400001525878906 14.051111221313477
      vertex 55.5 -42.400001525878906 1.7999992370605469
      vertex 52.013031005859375 -42.400001525878906 14.090460777282715
    endloop
  endfacet
  facet normal 0 -1 0
    outer loop
      vertex 52.3603630065918 -42.400001525878906 14.271271705627441
      vertex 55.5 -42.400001525878906 1.7999992370605469
      vertex 55.5 -42.400001525878906 15.5
    endloop
  endfacet
  facet normal 0 -1 0
    outer loop
      vertex 81 -42.400001525878906 1.7999992370605469
      vertex 81 -42.400001525878906 0
      vertex 82 -42.400001525878906 1.7999992370605469
    endloop
  endfacet
  facet normal 0 -1 0
    outer loop
      vertex 82 -42.400001525878906 1.7999992370605469
      vertex 102 -42.400001525878906 3
      vertex 82 -42.400001525878906 3
    endloop
  endfacet
  facet normal 0 -1 0
    outer loop
      vertex 102 -42.400001525878906 0
      vertex 82 -42.400001525878906 1.7999992370605469
      vertex 81 -42.400001525878906 0
    endloop
  endfacet
  facet normal 0 -1 0
    outer loop
      vertex 82 -42.400001525878906 1.7999992370605469
      vertex 102 -42.400001525878906 0
      vertex 102 -42.400001525878906 3
    endloop
  endfacet
  facet normal 0.9238773325445312 0 0.38268874351148824
    outer loop
      vertex 55.12522888183594 -42.400001525878906 17.190471649169922
      vertex 55.25876998901367 -36.400001525878906 16.868080139160156
      vertex 55.12522888183594 -36.400001525878906 17.190471649169922
    endloop
  endfacet
  facet normal 0.9238773325445312 0 0.38268874351148824
    outer loop
      vertex 55.25876998901367 -36.400001525878906 16.868080139160156
      vertex 55.12522888183594 -42.400001525878906 17.190471649169922
      vertex 55.25876998901367 -42.400001525878906 16.868080139160156
    endloop
  endfacet
  facet normal 0.3007046834926243 0 0.9537173026246304
    outer loop
      vertex 52.535274505615234 -36.400001525878906 19.36370277404785
      vertex 52.868080139160156 -42.400001525878906 19.258769989013672
      vertex 52.868080139160156 -36.400001525878906 19.258769989013672
    endloop
  endfacet
  facet normal 0.3007046834926243 0 0.9537173026246304
    outer loop
      vertex 52.868080139160156 -42.400001525878906 19.258769989013672
      vertex 52.535274505615234 -36.400001525878906 19.36370277404785
      vertex 52.535274505615234 -42.400001525878906 19.36370277404785
    endloop
  endfacet
  facet normal 0.9914449444195237 0 0.1305255614236826
    outer loop
      vertex 55.439231872558594 -42.400001525878906 16.194591522216797
      vertex 55.484779357910156 -36.400001525878906 15.84862232208252
      vertex 55.439231872558594 -36.400001525878906 16.194591522216797
    endloop
  endfacet
  facet normal 0.9914449444195237 0 0.1305255614236826
    outer loop
      vertex 55.484779357910156 -36.400001525878906 15.84862232208252
      vertex 55.439231872558594 -42.400001525878906 16.194591522216797
      vertex 55.484779357910156 -42.400001525878906 15.84862232208252
    endloop
  endfacet
  facet normal 0.843391300276496 0 0.5372998367931274
    outer loop
      vertex 54.776607513427734 -42.400001525878906 17.79430389404297
      vertex 54.9640998840332 -36.400001525878906 17.5
      vertex 54.776607513427734 -36.400001525878906 17.79430389404297
    endloop
  endfacet
  facet normal 0.843391300276496 0 0.5372998367931274
    outer loop
      vertex 54.9640998840332 -36.400001525878906 17.5
      vertex 54.776607513427734 -42.400001525878906 17.79430389404297
      vertex 54.9640998840332 -42.400001525878906 17.5
    endloop
  endfacet
  facet normal 0.7372750582327879 0 0.6755926942380589
    outer loop
      vertex 54.328426361083984 -42.400001525878906 18.328426361083984
      vertex 54.564178466796875 -36.400001525878906 18.071149826049805
      vertex 54.328426361083984 -36.400001525878906 18.328426361083984
    endloop
  endfacet
  facet normal 0.7372750582327879 0 0.6755926942380589
    outer loop
      vertex 54.564178466796875 -36.400001525878906 18.071149826049805
      vertex 54.328426361083984 -42.400001525878906 18.328426361083984
      vertex 54.564178466796875 -42.400001525878906 18.071149826049805
    endloop
  endfacet
  facet normal -0.46175454378889946 0 0.8870077459020893
    outer loop
      vertex 49.5 -36.400001525878906 18.964099884033203
      vertex 49.80952453613281 -42.400001525878906 19.12523078918457
      vertex 49.80952453613281 -36.400001525878906 19.12523078918457
    endloop
  endfacet
  facet normal -0.46175454378889946 0 0.8870077459020893
    outer loop
      vertex 49.80952453613281 -42.400001525878906 19.12523078918457
      vertex 49.5 -36.400001525878906 18.964099884033203
      vertex 49.5 -42.400001525878906 18.964099884033203
    endloop
  endfacet
  facet normal -0.9762962541292395 0 0.21643849974811677
    outer loop
      vertex 47.560768127441406 -42.400001525878906 16.194591522216797
      vertex 47.636295318603516 -36.400001525878906 16.535274505615234
      vertex 47.560768127441406 -36.400001525878906 16.194591522216797
    endloop
  endfacet
  facet normal -0.9762962541292395 0 0.21643849974811677
    outer loop
      vertex 47.636295318603516 -36.400001525878906 16.535274505615234
      vertex 47.560768127441406 -42.400001525878906 16.194591522216797
      vertex 47.636295318603516 -42.400001525878906 16.535274505615234
    endloop
  endfacet
  facet normal 0.9762939441034773 0 0.21644891939410635
    outer loop
      vertex 55.36370086669922 -42.400001525878906 16.535274505615234
      vertex 55.439231872558594 -36.400001525878906 16.194591522216797
      vertex 55.36370086669922 -36.400001525878906 16.535274505615234
    endloop
  endfacet
  facet normal 0.9762939441034773 0 0.21644891939410635
    outer loop
      vertex 55.439231872558594 -36.400001525878906 16.194591522216797
      vertex 55.36370086669922 -42.400001525878906 16.535274505615234
      vertex 55.439231872558594 -42.400001525878906 16.194591522216797
    endloop
  endfacet
  facet normal 0.7933565353168726 0 0.6087572651476184
    outer loop
      vertex 54.564178466796875 -42.400001525878906 18.071149826049805
      vertex 54.776607513427734 -36.400001525878906 17.79430389404297
      vertex 54.564178466796875 -36.400001525878906 18.071149826049805
    endloop
  endfacet
  facet normal 0.7933565353168726 0 0.6087572651476184
    outer loop
      vertex 54.776607513427734 -36.400001525878906 17.79430389404297
      vertex 54.564178466796875 -42.400001525878906 18.071149826049805
      vertex 54.776607513427734 -42.400001525878906 17.79430389404297
    endloop
  endfacet
  facet normal 0.9537188701553215 0 0.30069971185496175
    outer loop
      vertex 55.25876998901367 -42.400001525878906 16.868080139160156
      vertex 55.36370086669922 -36.400001525878906 16.535274505615234
      vertex 55.25876998901367 -36.400001525878906 16.868080139160156
    endloop
  endfacet
  facet normal 0.9537188701553215 0 0.30069971185496175
    outer loop
      vertex 55.36370086669922 -36.400001525878906 16.535274505615234
      vertex 55.25876998901367 -42.400001525878906 16.868080139160156
      vertex 55.36370086669922 -42.400001525878906 16.535274505615234
    endloop
  endfacet
  facet normal 0.8870123154045454 0 0.46174576589359995
    outer loop
      vertex 54.9640998840332 -42.400001525878906 17.5
      vertex 55.12522888183594 -36.400001525878906 17.190471649169922
      vertex 54.9640998840332 -36.400001525878906 17.5
    endloop
  endfacet
  facet normal 0.8870123154045454 0 0.46174576589359995
    outer loop
      vertex 55.12522888183594 -36.400001525878906 17.190471649169922
      vertex 54.9640998840332 -42.400001525878906 17.5
      vertex 55.12522888183594 -42.400001525878906 17.190471649169922
    endloop
  endfacet
  facet normal -0.8433863464635512 0 0.5373076126381077
    outer loop
      vertex 48.03589630126953 -42.400001525878906 17.5
      vertex 48.223392486572266 -36.400001525878906 17.79430389404297
      vertex 48.03589630126953 -36.400001525878906 17.5
    endloop
  endfacet
  facet normal -0.8433863464635512 0 0.5373076126381077
    outer loop
      vertex 48.223392486572266 -36.400001525878906 17.79430389404297
      vertex 48.03589630126953 -42.400001525878906 17.5
      vertex 48.223392486572266 -42.400001525878906 17.79430389404297
    endloop
  endfacet
  facet normal -0.9238811975251051 0 0.3826794126414141
    outer loop
      vertex 47.74123001098633 -42.400001525878906 16.868080139160156
      vertex 47.8747673034668 -36.400001525878906 17.190471649169922
      vertex 47.74123001098633 -36.400001525878906 16.868080139160156
    endloop
  endfacet
  facet normal -0.9238811975251051 0 0.3826794126414141
    outer loop
      vertex 47.8747673034668 -36.400001525878906 17.190471649169922
      vertex 47.74123001098633 -42.400001525878906 16.868080139160156
      vertex 47.8747673034668 -42.400001525878906 17.190471649169922
    endloop
  endfacet
  facet normal -0.6755954167823167 0 0.7372725634544715
    outer loop
      vertex 48.671573638916016 -36.400001525878906 18.328426361083984
      vertex 48.92884826660156 -42.400001525878906 18.564178466796875
      vertex 48.92884826660156 -36.400001525878906 18.564178466796875
    endloop
  endfacet
  facet normal -0.6755954167823167 0 0.7372725634544715
    outer loop
      vertex 48.92884826660156 -42.400001525878906 18.564178466796875
      vertex 48.671573638916016 -36.400001525878906 18.328426361083984
      vertex 48.671573638916016 -42.400001525878906 18.328426361083984
    endloop
  endfacet
  facet normal -0.9914449444195237 0 0.1305255614236826
    outer loop
      vertex 47.515220642089844 -42.400001525878906 15.84862232208252
      vertex 47.560768127441406 -36.400001525878906 16.194591522216797
      vertex 47.515220642089844 -36.400001525878906 15.84862232208252
    endloop
  endfacet
  facet normal -0.9914449444195237 0 0.1305255614236826
    outer loop
      vertex 47.560768127441406 -36.400001525878906 16.194591522216797
      vertex 47.515220642089844 -42.400001525878906 15.84862232208252
      vertex 47.560768127441406 -42.400001525878906 16.194591522216797
    endloop
  endfacet
  facet normal 0.043617969898352024 0 0.9990482834687953
    outer loop
      vertex 51.5 -36.400001525878906 19.5
      vertex 51.8486213684082 -42.400001525878906 19.484779357910156
      vertex 51.8486213684082 -36.400001525878906 19.484779357910156
    endloop
  endfacet
  facet normal 0.043617969898352024 0 0.9990482834687953
    outer loop
      vertex 51.8486213684082 -42.400001525878906 19.484779357910156
      vertex 51.5 -36.400001525878906 19.5
      vertex 51.5 -42.400001525878906 19.5
    endloop
  endfacet
  facet normal -0.30070781860583173 0 0.953716314125601
    outer loop
      vertex 50.131919860839844 -36.400001525878906 19.258769989013672
      vertex 50.4647216796875 -42.400001525878906 19.36370277404785
      vertex 50.4647216796875 -36.400001525878906 19.36370277404785
    endloop
  endfacet
  facet normal -0.30070781860583173 0 0.953716314125601
    outer loop
      vertex 50.4647216796875 -42.400001525878906 19.36370277404785
      vertex 50.131919860839844 -36.400001525878906 19.258769989013672
      vertex 50.131919860839844 -42.400001525878906 19.258769989013672
    endloop
  endfacet
  facet normal 0.5372998367931274 0 0.843391300276496
    outer loop
      vertex 53.5 -36.400001525878906 18.964099884033203
      vertex 53.79430389404297 -42.400001525878906 18.776607513427734
      vertex 53.79430389404297 -36.400001525878906 18.776607513427734
    endloop
  endfacet
  facet normal 0.5372998367931274 0 0.843391300276496
    outer loop
      vertex 53.79430389404297 -42.400001525878906 18.776607513427734
      vertex 53.5 -36.400001525878906 18.964099884033203
      vertex 53.5 -42.400001525878906 18.964099884033203
    endloop
  endfacet
  facet normal -0.8870123154045454 0 0.46174576589359995
    outer loop
      vertex 47.8747673034668 -42.400001525878906 17.190471649169922
      vertex 48.03589630126953 -36.400001525878906 17.5
      vertex 47.8747673034668 -36.400001525878906 17.190471649169922
    endloop
  endfacet
  facet normal -0.8870123154045454 0 0.46174576589359995
    outer loop
      vertex 48.03589630126953 -36.400001525878906 17.5
      vertex 47.8747673034668 -42.400001525878906 17.190471649169922
      vertex 48.03589630126953 -42.400001525878906 17.5
    endloop
  endfacet
  facet normal -0.9537157350731755 0 0.3007096551057725
    outer loop
      vertex 47.636295318603516 -42.400001525878906 16.535274505615234
      vertex 47.74123001098633 -36.400001525878906 16.868080139160156
      vertex 47.636295318603516 -36.400001525878906 16.535274505615234
    endloop
  endfacet
  facet normal -0.9537157350731755 0 0.3007096551057725
    outer loop
      vertex 47.74123001098633 -36.400001525878906 16.868080139160156
      vertex 47.636295318603516 -42.400001525878906 16.535274505615234
      vertex 47.74123001098633 -42.400001525878906 16.868080139160156
    endloop
  endfacet
  facet normal -0.21644370958035686 0 0.9762950991288927
    outer loop
      vertex 50.4647216796875 -36.400001525878906 19.36370277404785
      vertex 50.80540466308594 -42.400001525878906 19.439231872558594
      vertex 50.80540466308594 -36.400001525878906 19.439231872558594
    endloop
  endfacet
  facet normal -0.21644370958035686 0 0.9762950991288927
    outer loop
      vertex 50.80540466308594 -42.400001525878906 19.439231872558594
      vertex 50.4647216796875 -36.400001525878906 19.36370277404785
      vertex 50.4647216796875 -42.400001525878906 19.36370277404785
    endloop
  endfacet
  facet normal 0.6755954167823167 0 0.7372725634544715
    outer loop
      vertex 54.07115173339844 -36.400001525878906 18.564178466796875
      vertex 54.328426361083984 -42.400001525878906 18.328426361083984
      vertex 54.328426361083984 -36.400001525878906 18.328426361083984
    endloop
  endfacet
  facet normal 0.6755954167823167 0 0.7372725634544715
    outer loop
      vertex 54.328426361083984 -42.400001525878906 18.328426361083984
      vertex 54.07115173339844 -36.400001525878906 18.564178466796875
      vertex 54.07115173339844 -42.400001525878906 18.564178466796875
    endloop
  endfacet
  facet normal 0.9990482886682965 0 0.04361785080615612
    outer loop
      vertex 55.484779357910156 -42.400001525878906 15.84862232208252
      vertex 55.5 -36.400001525878906 15.5
      vertex 55.484779357910156 -36.400001525878906 15.84862232208252
    endloop
  endfacet
  facet normal 0.9990482886682965 0 0.04361785080615612
    outer loop
      vertex 55.5 -36.400001525878906 15.5
      vertex 55.484779357910156 -42.400001525878906 15.84862232208252
      vertex 55.5 -42.400001525878906 15.5
    endloop
  endfacet
  facet normal 0.3826840780910893 0 0.9238792650425558
    outer loop
      vertex 52.868080139160156 -36.400001525878906 19.258769989013672
      vertex 53.19047164916992 -42.400001525878906 19.12523078918457
      vertex 53.19047164916992 -36.400001525878906 19.12523078918457
    endloop
  endfacet
  facet normal 0.3826840780910893 0 0.9238792650425558
    outer loop
      vertex 53.19047164916992 -42.400001525878906 19.12523078918457
      vertex 52.868080139160156 -36.400001525878906 19.258769989013672
      vertex 52.868080139160156 -42.400001525878906 19.258769989013672
    endloop
  endfacet
  facet normal -0.9990482886682965 0 0.04361785080615612
    outer loop
      vertex 47.5 -42.400001525878906 15.5
      vertex 47.515220642089844 -36.400001525878906 15.84862232208252
      vertex 47.5 -36.400001525878906 15.5
    endloop
  endfacet
  facet normal -0.9990482886682965 0 0.04361785080615612
    outer loop
      vertex 47.515220642089844 -36.400001525878906 15.84862232208252
      vertex 47.5 -42.400001525878906 15.5
      vertex 47.515220642089844 -42.400001525878906 15.84862232208252
    endloop
  endfacet
  facet normal -0.5372998367931274 0 0.843391300276496
    outer loop
      vertex 49.20569610595703 -36.400001525878906 18.776607513427734
      vertex 49.5 -42.400001525878906 18.964099884033203
      vertex 49.5 -36.400001525878906 18.964099884033203
    endloop
  endfacet
  facet normal -0.5372998367931274 0 0.843391300276496
    outer loop
      vertex 49.5 -42.400001525878906 18.964099884033203
      vertex 49.20569610595703 -36.400001525878906 18.776607513427734
      vertex 49.20569610595703 -42.400001525878906 18.776607513427734
    endloop
  endfacet
  facet normal -0.1305252077569113 0 0.9914449909803444
    outer loop
      vertex 50.80540466308594 -36.400001525878906 19.439231872558594
      vertex 51.15137481689453 -42.400001525878906 19.484779357910156
      vertex 51.15137481689453 -36.400001525878906 19.484779357910156
    endloop
  endfacet
  facet normal -0.1305252077569113 0 0.9914449909803444
    outer loop
      vertex 51.15137481689453 -42.400001525878906 19.484779357910156
      vertex 50.80540466308594 -36.400001525878906 19.439231872558594
      vertex 50.80540466308594 -42.400001525878906 19.439231872558594
    endloop
  endfacet
  facet normal 0.1305252077569113 0 0.9914449909803444
    outer loop
      vertex 51.8486213684082 -36.400001525878906 19.484779357910156
      vertex 52.1945915222168 -42.400001525878906 19.439231872558594
      vertex 52.1945915222168 -36.400001525878906 19.439231872558594
    endloop
  endfacet
  facet normal 0.1305252077569113 0 0.9914449909803444
    outer loop
      vertex 52.1945915222168 -42.400001525878906 19.439231872558594
      vertex 51.8486213684082 -36.400001525878906 19.484779357910156
      vertex 51.8486213684082 -42.400001525878906 19.484779357910156
    endloop
  endfacet
  facet normal 0.21644370958035686 0 0.9762950991288927
    outer loop
      vertex 52.1945915222168 -36.400001525878906 19.439231872558594
      vertex 52.535274505615234 -42.400001525878906 19.36370277404785
      vertex 52.535274505615234 -36.400001525878906 19.36370277404785
    endloop
  endfacet
  facet normal 0.21644370958035686 0 0.9762950991288927
    outer loop
      vertex 52.535274505615234 -42.400001525878906 19.36370277404785
      vertex 52.1945915222168 -36.400001525878906 19.439231872558594
      vertex 52.1945915222168 -42.400001525878906 19.439231872558594
    endloop
  endfacet
  facet normal -0.0436174935334666 0 0.9990483042665446
    outer loop
      vertex 51.15137481689453 -36.400001525878906 19.484779357910156
      vertex 51.5 -42.400001525878906 19.5
      vertex 51.5 -36.400001525878906 19.5
    endloop
  endfacet
  facet normal -0.0436174935334666 0 0.9990483042665446
    outer loop
      vertex 51.5 -42.400001525878906 19.5
      vertex 51.15137481689453 -36.400001525878906 19.484779357910156
      vertex 51.15137481689453 -42.400001525878906 19.484779357910156
    endloop
  endfacet
  facet normal -0.6087546253442926 0 0.7933585608802177
    outer loop
      vertex 48.92884826660156 -36.400001525878906 18.564178466796875
      vertex 49.20569610595703 -42.400001525878906 18.776607513427734
      vertex 49.20569610595703 -36.400001525878906 18.776607513427734
    endloop
  endfacet
  facet normal -0.6087546253442926 0 0.7933585608802177
    outer loop
      vertex 49.20569610595703 -42.400001525878906 18.776607513427734
      vertex 48.92884826660156 -36.400001525878906 18.564178466796875
      vertex 48.92884826660156 -42.400001525878906 18.564178466796875
    endloop
  endfacet
  facet normal -0.7372750582327879 0 0.6755926942380589
    outer loop
      vertex 48.435821533203125 -42.400001525878906 18.071149826049805
      vertex 48.671573638916016 -36.400001525878906 18.328426361083984
      vertex 48.435821533203125 -36.400001525878906 18.071149826049805
    endloop
  endfacet
  facet normal -0.7372750582327879 0 0.6755926942380589
    outer loop
      vertex 48.671573638916016 -36.400001525878906 18.328426361083984
      vertex 48.435821533203125 -42.400001525878906 18.071149826049805
      vertex 48.671573638916016 -42.400001525878906 18.328426361083984
    endloop
  endfacet
  facet normal 0.46175006637381016 0 0.887010076720542
    outer loop
      vertex 53.19047164916992 -36.400001525878906 19.12523078918457
      vertex 53.5 -42.400001525878906 18.964099884033203
      vertex 53.5 -36.400001525878906 18.964099884033203
    endloop
  endfacet
  facet normal 0.46175006637381016 0 0.887010076720542
    outer loop
      vertex 53.5 -42.400001525878906 18.964099884033203
      vertex 53.19047164916992 -36.400001525878906 19.12523078918457
      vertex 53.19047164916992 -42.400001525878906 19.12523078918457
    endloop
  endfacet
  facet normal -0.3826802131462013 0 0.9238808659488397
    outer loop
      vertex 49.80952453613281 -36.400001525878906 19.12523078918457
      vertex 50.131919860839844 -42.400001525878906 19.258769989013672
      vertex 50.131919860839844 -36.400001525878906 19.258769989013672
    endloop
  endfacet
  facet normal -0.3826802131462013 0 0.9238808659488397
    outer loop
      vertex 50.131919860839844 -42.400001525878906 19.258769989013672
      vertex 49.80952453613281 -36.400001525878906 19.12523078918457
      vertex 49.80952453613281 -42.400001525878906 19.12523078918457
    endloop
  endfacet
  facet normal 0.6087546253442926 0 0.7933585608802177
    outer loop
      vertex 53.79430389404297 -36.400001525878906 18.776607513427734
      vertex 54.07115173339844 -42.400001525878906 18.564178466796875
      vertex 54.07115173339844 -36.400001525878906 18.564178466796875
    endloop
  endfacet
  facet normal 0.6087546253442926 0 0.7933585608802177
    outer loop
      vertex 54.07115173339844 -42.400001525878906 18.564178466796875
      vertex 53.79430389404297 -36.400001525878906 18.776607513427734
      vertex 53.79430389404297 -42.400001525878906 18.776607513427734
    endloop
  endfacet
  facet normal -0.7933565353168726 0 0.6087572651476184
    outer loop
      vertex 48.223392486572266 -42.400001525878906 17.79430389404297
      vertex 48.435821533203125 -36.400001525878906 18.071149826049805
      vertex 48.223392486572266 -36.400001525878906 17.79430389404297
    endloop
  endfacet
  facet normal -0.7933565353168726 0 0.6087572651476184
    outer loop
      vertex 48.435821533203125 -36.400001525878906 18.071149826049805
      vertex 48.223392486572266 -42.400001525878906 17.79430389404297
      vertex 48.435821533203125 -42.400001525878906 18.071149826049805
    endloop
  endfacet
  facet normal 1 0 0
    outer loop
      vertex 48 8 11.5
      vertex 48 36.400001525878906 1.7999992370605469
      vertex 48 36.400001525878906 11.5
    endloop
  endfacet
  facet normal 1 0 0
    outer loop
      vertex 48 36.400001525878906 1.7999992370605469
      vertex 48 8 11.5
      vertex 48 8 1.7999992370605469
    endloop
  endfacet
  facet normal 1 0 0
    outer loop
      vertex 48 -36.400001525878906 11.5
      vertex 48 -8 1.7999992370605469
      vertex 48 -8 11.5
    endloop
  endfacet
  facet normal 1 0 0
    outer loop
      vertex 48 -8 1.7999992370605469
      vertex 48 -36.400001525878906 11.5
      vertex 48 -36.400001525878906 1.7999992370605469
    endloop
  endfacet
  facet normal 0 0 1
    outer loop
      vertex -25 2 11.5
      vertex -21.5 -2 11.5
      vertex -21.5 2 11.5
    endloop
  endfacet
  facet normal 0 0 1
    outer loop
      vertex -21.5 -2 11.5
      vertex -25 2 11.5
      vertex -25 -2 11.5
    endloop
  endfacet
  facet normal 0 0 1
    outer loop
      vertex -18.5 -2 11.5
      vertex -21.5 -2 11.5
      vertex -18.5 -25.546104431152344 11.5
    endloop
  endfacet
  facet normal 0 0 1
    outer loop
      vertex -21.5 -25.546104431152344 11.5
      vertex -18.5 -25.546104431152344 11.5
      vertex -21.5 -2 11.5
    endloop
  endfacet
  facet normal 0 0 1
    outer loop
      vertex -18.5 -25.546104431152344 11.5
      vertex -21.5 -25.546104431152344 11.5
      vertex -20 -28.60799217224121 11.5
    endloop
  endfacet
  facet normal 0 0 1
    outer loop
      vertex -22.070552825927734 -25.672592163085938 11.5
      vertex -20 -28.60799217224121 11.5
      vertex -21.5 -25.546104431152344 11.5
    endloop
  endfacet
  facet normal 0 0 1
    outer loop
      vertex -22.736160278320312 -25.882457733154297 11.5
      vertex -20 -28.60799217224121 11.5
      vertex -22.070552825927734 -25.672592163085938 11.5
    endloop
  endfacet
  facet normal 0 0 1
    outer loop
      vertex -23.380945205688477 -26.1495361328125 11.5
      vertex -20 -28.60799217224121 11.5
      vertex -22.736160278320312 -25.882457733154297 11.5
    endloop
  endfacet
  facet normal 0 0 1
    outer loop
      vertex -24 -26.4717960357666 11.5
      vertex -20 -28.60799217224121 11.5
      vertex -23.380945205688477 -26.1495361328125 11.5
    endloop
  endfacet
  facet normal 0 0 1
    outer loop
      vertex -24 -26.4717960357666 11.5
      vertex -24.149999618530273 -31.003995895385742 11.5
      vertex -20 -28.60799217224121 11.5
    endloop
  endfacet
  facet normal 0 0 1
    outer loop
      vertex -25 -27.162452697753906 11.5
      vertex -24.149999618530273 -31.003995895385742 11.5
      vertex -24.588611602783203 -26.846782684326172 11.5
    endloop
  endfacet
  facet normal 0 0 1
    outer loop
      vertex -24.588611602783203 -26.846782684326172 11.5
      vertex -24.149999618530273 -31.003995895385742 11.5
      vertex -24 -26.4717960357666 11.5
    endloop
  endfacet
  facet normal 0 0 1
    outer loop
      vertex -15.84999942779541 -31.003995895385742 11.5
      vertex -12 -33.400001525878906 11.5
      vertex -12.030442237854004 -32.702754974365234 11.5
    endloop
  endfacet
  facet normal 0 0 1
    outer loop
      vertex -12 -33.400001525878906 11.5
      vertex -15.84999942779541 -31.003995895385742 11.5
      vertex -12 -35.400001525878906 11.5
    endloop
  endfacet
  facet normal 0 0 1
    outer loop
      vertex -15.84999942779541 -31.003995895385742 11.5
      vertex -12.030442237854004 -32.702754974365234 11.5
      vertex -12.121537208557129 -32.01081466674805 11.5
    endloop
  endfacet
  facet normal 0 0 1
    outer loop
      vertex -15.84999942779541 -37.79600524902344 11.5
      vertex -12 -35.400001525878906 11.5
      vertex -15.84999942779541 -31.003995895385742 11.5
    endloop
  endfacet
  facet normal 0 0 1
    outer loop
      vertex -15.84999942779541 -31.003995895385742 11.5
      vertex -12.121537208557129 -32.01081466674805 11.5
      vertex -12.272592544555664 -31.32944679260254 11.5
    endloop
  endfacet
  facet normal 0 0 1
    outer loop
      vertex -12 -35.400001525878906 11.5
      vertex -15.84999942779541 -37.79600524902344 11.5
      vertex -12.030442237854004 -36.09724426269531 11.5
    endloop
  endfacet
  facet normal 0 0 1
    outer loop
      vertex -15.84999942779541 -31.003995895385742 11.5
      vertex -12.272592544555664 -31.32944679260254 11.5
      vertex -12.482458114624023 -30.663837432861328 11.5
    endloop
  endfacet
  facet normal 0 0 1
    outer loop
      vertex -12.030442237854004 -36.09724426269531 11.5
      vertex -15.84999942779541 -37.79600524902344 11.5
      vertex -12.121537208557129 -36.7891845703125 11.5
    endloop
  endfacet
  facet normal 0 0 1
    outer loop
      vertex -15.84999942779541 -31.003995895385742 11.5
      vertex -12.482458114624023 -30.663837432861328 11.5
      vertex -12.749537467956543 -30.019054412841797 11.5
    endloop
  endfacet
  facet normal 0 0 1
    outer loop
      vertex -12.121537208557129 -36.7891845703125 11.5
      vertex -15.84999942779541 -37.79600524902344 11.5
      vertex -12.272592544555664 -37.470550537109375 11.5
    endloop
  endfacet
  facet normal 0 0 1
    outer loop
      vertex -15.84999942779541 -31.003995895385742 11.5
      vertex -12.749537467956543 -30.019054412841797 11.5
      vertex -13.071796417236328 -29.399999618530273 11.5
    endloop
  endfacet
  facet normal 0 0 1
    outer loop
      vertex -12.272592544555664 -37.470550537109375 11.5
      vertex -15.84999942779541 -37.79600524902344 11.5
      vertex -12.482458114624023 -38.13616180419922 11.5
    endloop
  endfacet
  facet normal 0 0 1
    outer loop
      vertex -15.84999942779541 -31.003995895385742 11.5
      vertex -13.071796417236328 -29.399999618530273 11.5
      vertex -13.446783065795898 -28.81138801574707 11.5
    endloop
  endfacet
  facet normal 0 0 1
    outer loop
      vertex 2.272592544555664 -31.32944679260254 11.5
      vertex 5.84999942779541 -31.003995895385742 11.5
      vertex 2.4824581146240234 -30.663837432861328 11.5
    endloop
  endfacet
  facet normal 0 0 1
    outer loop
      vertex 2 -35.400001525878906 11.5
      vertex 5.84999942779541 -37.79600524902344 11.5
      vertex 2 -33.400001525878906 11.5
    endloop
  endfacet
  facet normal 0 0 1
    outer loop
      vertex 2.121537208557129 -32.01081466674805 11.5
      vertex 5.84999942779541 -31.003995895385742 11.5
      vertex 2.272592544555664 -31.32944679260254 11.5
    endloop
  endfacet
  facet normal 0 0 1
    outer loop
      vertex 2.030442237854004 -36.09724426269531 11.5
      vertex 5.84999942779541 -37.79600524902344 11.5
      vertex 2 -35.400001525878906 11.5
    endloop
  endfacet
  facet normal 0 0 1
    outer loop
      vertex 2.030442237854004 -32.702754974365234 11.5
      vertex 5.84999942779541 -31.003995895385742 11.5
      vertex 2.121537208557129 -32.01081466674805 11.5
    endloop
  endfacet
  facet normal 0 0 1
    outer loop
      vertex 5.84999942779541 -37.79600524902344 11.5
      vertex 2.749537467956543 -38.78094482421875 11.5
      vertex 3.071796417236328 -39.400001525878906 11.5
    endloop
  endfacet
  facet normal 0 0 1
    outer loop
      vertex 2 -33.400001525878906 11.5
      vertex 5.84999942779541 -31.003995895385742 11.5
      vertex 2.030442237854004 -32.702754974365234 11.5
    endloop
  endfacet
  facet normal 0 0 1
    outer loop
      vertex 5.84999942779541 -37.79600524902344 11.5
      vertex 2.4824581146240234 -38.13616180419922 11.5
      vertex 2.749537467956543 -38.78094482421875 11.5
    endloop
  endfacet
  facet normal 0 0 1
    outer loop
      vertex 5.84999942779541 -31.003995895385742 11.5
      vertex 2 -33.400001525878906 11.5
      vertex 5.84999942779541 -37.79600524902344 11.5
    endloop
  endfacet
  facet normal 0 0 1
    outer loop
      vertex 5.84999942779541 -37.79600524902344 11.5
      vertex 2.272592544555664 -37.470550537109375 11.5
      vertex 2.4824581146240234 -38.13616180419922 11.5
    endloop
  endfacet
  facet normal 0 0 1
    outer loop
      vertex 5.84999942779541 -37.79600524902344 11.5
      vertex 2.121537208557129 -36.7891845703125 11.5
      vertex 2.272592544555664 -37.470550537109375 11.5
    endloop
  endfacet
  facet normal 0 0 1
    outer loop
      vertex 5.84999942779541 -37.79600524902344 11.5
      vertex 2.030442237854004 -36.09724426269531 11.5
      vertex 2.121537208557129 -36.7891845703125 11.5
    endloop
  endfacet
  facet normal 0 0 1
    outer loop
      vertex 2.749537467956543 37.78094482421875 11.5
      vertex 5.84999942779541 36.79600524902344 11.5
      vertex 3.071796417236328 38.400001525878906 11.5
    endloop
  endfacet
  facet normal 0 0 1
    outer loop
      vertex 5.84999942779541 32.003997802734375 11.5
      vertex 3.4467830657958984 29.81138801574707 11.5
      vertex 3.8716440200805664 29.25769805908203 11.5
    endloop
  endfacet
  facet normal 0 0 1
    outer loop
      vertex 2.4824581146240234 37.13616180419922 11.5
      vertex 5.84999942779541 36.79600524902344 11.5
      vertex 2.749537467956543 37.78094482421875 11.5
    endloop
  endfacet
  facet normal 0 0 1
    outer loop
      vertex 5.84999942779541 32.003997802734375 11.5
      vertex 3.071796417236328 30.399999618530273 11.5
      vertex 3.4467830657958984 29.81138801574707 11.5
    endloop
  endfacet
  facet normal 0 0 1
    outer loop
      vertex 2.272592544555664 36.470550537109375 11.5
      vertex 5.84999942779541 36.79600524902344 11.5
      vertex 2.4824581146240234 37.13616180419922 11.5
    endloop
  endfacet
  facet normal 0 0 1
    outer loop
      vertex 5.84999942779541 32.003997802734375 11.5
      vertex 2.749537467956543 31.019054412841797 11.5
      vertex 3.071796417236328 30.399999618530273 11.5
    endloop
  endfacet
  facet normal 0 0 1
    outer loop
      vertex 2.121537208557129 35.7891845703125 11.5
      vertex 5.84999942779541 36.79600524902344 11.5
      vertex 2.272592544555664 36.470550537109375 11.5
    endloop
  endfacet
  facet normal 0 0 1
    outer loop
      vertex 5.84999942779541 32.003997802734375 11.5
      vertex 2.4824581146240234 31.663837432861328 11.5
      vertex 2.749537467956543 31.019054412841797 11.5
    endloop
  endfacet
  facet normal 0 0 1
    outer loop
      vertex 2.030442237854004 35.09724426269531 11.5
      vertex 5.84999942779541 36.79600524902344 11.5
      vertex 2.121537208557129 35.7891845703125 11.5
    endloop
  endfacet
  facet normal 0 0 1
    outer loop
      vertex 5.84999942779541 32.003997802734375 11.5
      vertex 2.272592544555664 32.329444885253906 11.5
      vertex 2.4824581146240234 31.663837432861328 11.5
    endloop
  endfacet
  facet normal 0 0 1
    outer loop
      vertex 2 34.400001525878906 11.5
      vertex 5.84999942779541 36.79600524902344 11.5
      vertex 2.030442237854004 35.09724426269531 11.5
    endloop
  endfacet
  facet normal 0 0 1
    outer loop
      vertex 5.84999942779541 32.003997802734375 11.5
      vertex 2.121537208557129 33.01081466674805 11.5
      vertex 2.272592544555664 32.329444885253906 11.5
    endloop
  endfacet
  facet normal 0 0 1
    outer loop
      vertex 5.84999942779541 36.79600524902344 11.5
      vertex 2 34.400001525878906 11.5
      vertex 5.84999942779541 32.003997802734375 11.5
    endloop
  endfacet
  facet normal 0 0 1
    outer loop
      vertex 5.84999942779541 32.003997802734375 11.5
      vertex 2.030442237854004 33.702754974365234 11.5
      vertex 2.121537208557129 33.01081466674805 11.5
    endloop
  endfacet
  facet normal 0 0 1
    outer loop
      vertex 5.84999942779541 32.003997802734375 11.5
      vertex 2 34.400001525878906 11.5
      vertex 2.030442237854004 33.702754974365234 11.5
    endloop
  endfacet
  facet normal 0 0 1
    outer loop
      vertex -16 -26.4717960357666 11.5
      vertex -15.84999942779541 -31.003995895385742 11.5
      vertex -15.411388397216797 -26.846782684326172 11.5
    endloop
  endfacet
  facet normal 0 0 1
    outer loop
      vertex -20 -28.60799217224121 11.5
      vertex -16 -26.4717960357666 11.5
      vertex -16.61905288696289 -26.1495361328125 11.5
    endloop
  endfacet
  facet normal 0 0 1
    outer loop
      vertex -20 -28.60799217224121 11.5
      vertex -16.61905288696289 -26.1495361328125 11.5
      vertex -17.263839721679688 -25.882457733154297 11.5
    endloop
  endfacet
  facet normal 0 0 1
    outer loop
      vertex -20 -28.60799217224121 11.5
      vertex -17.263839721679688 -25.882457733154297 11.5
      vertex -17.929447174072266 -25.672592163085938 11.5
    endloop
  endfacet
  facet normal 0 0 1
    outer loop
      vertex -20 -28.60799217224121 11.5
      vertex -17.929447174072266 -25.672592163085938 11.5
      vertex -18.5 -25.546104431152344 11.5
    endloop
  endfacet
  facet normal 0 0 1
    outer loop
      vertex -16 -26.4717960357666 11.5
      vertex -20 -28.60799217224121 11.5
      vertex -15.84999942779541 -31.003995895385742 11.5
    endloop
  endfacet
  facet normal 0 0 1
    outer loop
      vertex -21.5 -2 11.5
      vertex -18.5 -2 11.5
      vertex -21.5 2 11.5
    endloop
  endfacet
  facet normal 0 0 1
    outer loop
      vertex -18.5 2 11.5
      vertex -21.5 2 11.5
      vertex -18.5 -2 11.5
    endloop
  endfacet
  facet normal 0 0 1
    outer loop
      vertex -20 29.60799217224121 11.5
      vertex -22.070552825927734 26.672592163085938 11.5
      vertex -21.5 26.546104431152344 11.5
    endloop
  endfacet
  facet normal 0 0 1
    outer loop
      vertex -20 29.60799217224121 11.5
      vertex -22.736160278320312 26.882457733154297 11.5
      vertex -22.070552825927734 26.672592163085938 11.5
    endloop
  endfacet
  facet normal 0 0 1
    outer loop
      vertex -20 29.60799217224121 11.5
      vertex -23.380945205688477 27.1495361328125 11.5
      vertex -22.736160278320312 26.882457733154297 11.5
    endloop
  endfacet
  facet normal 0 0 1
    outer loop
      vertex -20 29.60799217224121 11.5
      vertex -24 27.4717960357666 11.5
      vertex -23.380945205688477 27.1495361328125 11.5
    endloop
  endfacet
  facet normal 0 0 1
    outer loop
      vertex -24.149999618530273 32.003997802734375 11.5
      vertex -24 27.4717960357666 11.5
      vertex -20 29.60799217224121 11.5
    endloop
  endfacet
  facet normal 0 0 1
    outer loop
      vertex -24 27.4717960357666 11.5
      vertex -24.149999618530273 32.003997802734375 11.5
      vertex -24.588611602783203 27.846782684326172 11.5
    endloop
  endfacet
  facet normal 0 0 1
    outer loop
      vertex -15.84999942779541 36.79600524902344 11.5
      vertex -12 34.400001525878906 11.5
      vertex -12.030442237854004 35.09724426269531 11.5
    endloop
  endfacet
  facet normal 0 0 1
    outer loop
      vertex -15.84999942779541 36.79600524902344 11.5
      vertex -12.030442237854004 35.09724426269531 11.5
      vertex -12.121537208557129 35.7891845703125 11.5
    endloop
  endfacet
  facet normal 0 0 1
    outer loop
      vertex -15.84999942779541 32.003997802734375 11.5
      vertex -12 34.400001525878906 11.5
      vertex -15.84999942779541 36.79600524902344 11.5
    endloop
  endfacet
  facet normal 0 0 1
    outer loop
      vertex -15.84999942779541 36.79600524902344 11.5
      vertex -12.121537208557129 35.7891845703125 11.5
      vertex -12.272592544555664 36.470550537109375 11.5
    endloop
  endfacet
  facet normal 0 0 1
    outer loop
      vertex -12 34.400001525878906 11.5
      vertex -15.84999942779541 32.003997802734375 11.5
      vertex -12.030442237854004 33.702754974365234 11.5
    endloop
  endfacet
  facet normal 0 0 1
    outer loop
      vertex -15.84999942779541 36.79600524902344 11.5
      vertex -12.272592544555664 36.470550537109375 11.5
      vertex -12.482458114624023 37.13616180419922 11.5
    endloop
  endfacet
  facet normal 0 0 1
    outer loop
      vertex -12.030442237854004 33.702754974365234 11.5
      vertex -15.84999942779541 32.003997802734375 11.5
      vertex -12.121537208557129 33.01081466674805 11.5
    endloop
  endfacet
  facet normal 0 0 1
    outer loop
      vertex -15.84999942779541 36.79600524902344 11.5
      vertex -12.482458114624023 37.13616180419922 11.5
      vertex -12.749537467956543 37.78094482421875 11.5
    endloop
  endfacet
  facet normal 0 0 1
    outer loop
      vertex -12.121537208557129 33.01081466674805 11.5
      vertex -15.84999942779541 32.003997802734375 11.5
      vertex -12.272592544555664 32.329444885253906 11.5
    endloop
  endfacet
  facet normal 0 0 1
    outer loop
      vertex -15.84999942779541 36.79600524902344 11.5
      vertex -12.749537467956543 37.78094482421875 11.5
      vertex -13.071796417236328 38.400001525878906 11.5
    endloop
  endfacet
  facet normal 0 0 1
    outer loop
      vertex -12.272592544555664 32.329444885253906 11.5
      vertex -15.84999942779541 32.003997802734375 11.5
      vertex -12.482458114624023 31.663837432861328 11.5
    endloop
  endfacet
  facet normal 0 0 1
    outer loop
      vertex -15.84999942779541 36.79600524902344 11.5
      vertex -13.071796417236328 38.400001525878906 11.5
      vertex -13.446783065795898 38.988609313964844 11.5
    endloop
  endfacet
  facet normal 0 0 1
    outer loop
      vertex -12.482458114624023 31.663837432861328 11.5
      vertex -15.84999942779541 32.003997802734375 11.5
      vertex -12.749537467956543 31.019054412841797 11.5
    endloop
  endfacet
  facet normal 0 0 1
    outer loop
      vertex -15.84999942779541 36.79600524902344 11.5
      vertex -13.446783065795898 38.988609313964844 11.5
      vertex -13.762453079223633 39.400001525878906 11.5
    endloop
  endfacet
  facet normal 0 0 1
    outer loop
      vertex -12.749537467956543 31.019054412841797 11.5
      vertex -15.84999942779541 32.003997802734375 11.5
      vertex -13.071796417236328 30.399999618530273 11.5
    endloop
  endfacet
  facet normal 0 0 1
    outer loop
      vertex -14.857698440551758 28.271644592285156 11.5
      vertex -15.84999942779541 32.003997802734375 11.5
      vertex -15.411388397216797 27.846782684326172 11.5
    endloop
  endfacet
  facet normal 0 0 1
    outer loop
      vertex -15.84999942779541 32.003997802734375 11.5
      vertex -16 27.4717960357666 11.5
      vertex -15.411388397216797 27.846782684326172 11.5
    endloop
  endfacet
  facet normal 0 0 1
    outer loop
      vertex -20 29.60799217224121 11.5
      vertex -16 27.4717960357666 11.5
      vertex -15.84999942779541 32.003997802734375 11.5
    endloop
  endfacet
  facet normal 0 0 1
    outer loop
      vertex -16 27.4717960357666 11.5
      vertex -20 29.60799217224121 11.5
      vertex -16.61905288696289 27.1495361328125 11.5
    endloop
  endfacet
  facet normal 0 0 1
    outer loop
      vertex -16.61905288696289 27.1495361328125 11.5
      vertex -20 29.60799217224121 11.5
      vertex -17.263839721679688 26.882457733154297 11.5
    endloop
  endfacet
  facet normal 0 0 1
    outer loop
      vertex -17.263839721679688 26.882457733154297 11.5
      vertex -20 29.60799217224121 11.5
      vertex -17.929447174072266 26.672592163085938 11.5
    endloop
  endfacet
  facet normal 0 0 1
    outer loop
      vertex -21.5 26.546104431152344 11.5
      vertex -18.5 26.546104431152344 11.5
      vertex -20 29.60799217224121 11.5
    endloop
  endfacet
  facet normal 0 0 1
    outer loop
      vertex -18.5 26.546104431152344 11.5
      vertex -21.5 26.546104431152344 11.5
      vertex -18.5 2 11.5
    endloop
  endfacet
  facet normal 0 0 1
    outer loop
      vertex -21.5 2 11.5
      vertex -18.5 2 11.5
      vertex -21.5 26.546104431152344 11.5
    endloop
  endfacet
  facet normal 0 0 1
    outer loop
      vertex -17.929447174072266 26.672592163085938 11.5
      vertex -20 29.60799217224121 11.5
      vertex -18.5 26.546104431152344 11.5
    endloop
  endfacet
  facet normal 0 0 1
    outer loop
      vertex -18.5 2 11.5
      vertex 8.5 -2 11.5
      vertex 8.5 2 11.5
    endloop
  endfacet
  facet normal 0 0 1
    outer loop
      vertex 8.5 -2 11.5
      vertex -18.5 2 11.5
      vertex -18.5 -2 11.5
    endloop
  endfacet
  facet normal 0 0 1
    outer loop
      vertex 11.5 -2 11.5
      vertex 8.5 -2 11.5
      vertex 11.5 -25.546104431152344 11.5
    endloop
  endfacet
  facet normal 0 0 1
    outer loop
      vertex 8.5 -25.546104431152344 11.5
      vertex 11.5 -25.546104431152344 11.5
      vertex 8.5 -2 11.5
    endloop
  endfacet
  facet normal 0 0 1
    outer loop
      vertex 11.5 -25.546104431152344 11.5
      vertex 8.5 -25.546104431152344 11.5
      vertex 10 -28.60799217224121 11.5
    endloop
  endfacet
  facet normal 0 0 1
    outer loop
      vertex 7.929447174072266 -25.672592163085938 11.5
      vertex 10 -28.60799217224121 11.5
      vertex 8.5 -25.546104431152344 11.5
    endloop
  endfacet
  facet normal 0 0 1
    outer loop
      vertex 7.263838768005371 -25.882457733154297 11.5
      vertex 10 -28.60799217224121 11.5
      vertex 7.929447174072266 -25.672592163085938 11.5
    endloop
  endfacet
  facet normal 0 0 1
    outer loop
      vertex 6.619053840637207 -26.1495361328125 11.5
      vertex 10 -28.60799217224121 11.5
      vertex 7.263838768005371 -25.882457733154297 11.5
    endloop
  endfacet
  facet normal 0 0 1
    outer loop
      vertex 6 -26.4717960357666 11.5
      vertex 10 -28.60799217224121 11.5
      vertex 6.619053840637207 -26.1495361328125 11.5
    endloop
  endfacet
  facet normal 0 0 1
    outer loop
      vertex 6 -26.4717960357666 11.5
      vertex 5.84999942779541 -31.003995895385742 11.5
      vertex 10 -28.60799217224121 11.5
    endloop
  endfacet
  facet normal 0 0 1
    outer loop
      vertex 4.857698440551758 -27.271644592285156 11.5
      vertex 5.84999942779541 -31.003995895385742 11.5
      vertex 5.411388397216797 -26.846782684326172 11.5
    endloop
  endfacet
  facet normal 0 0 1
    outer loop
      vertex 5.411388397216797 -26.846782684326172 11.5
      vertex 5.84999942779541 -31.003995895385742 11.5
      vertex 6 -26.4717960357666 11.5
    endloop
  endfacet
  facet normal 0 0 1
    outer loop
      vertex 14.149999618530273 -31.003995895385742 11.5
      vertex 18 -33.400001525878906 11.5
      vertex 17.96955680847168 -32.702754974365234 11.5
    endloop
  endfacet
  facet normal 0 0 1
    outer loop
      vertex 18 -33.400001525878906 11.5
      vertex 14.149999618530273 -31.003995895385742 11.5
      vertex 18 -35.400001525878906 11.5
    endloop
  endfacet
  facet normal 0 0 1
    outer loop
      vertex 14.149999618530273 -31.003995895385742 11.5
      vertex 17.96955680847168 -32.702754974365234 11.5
      vertex 17.878461837768555 -32.01081466674805 11.5
    endloop
  endfacet
  facet normal 0 0 1
    outer loop
      vertex 14.149999618530273 -37.79600524902344 11.5
      vertex 18 -35.400001525878906 11.5
      vertex 14.149999618530273 -31.003995895385742 11.5
    endloop
  endfacet
  facet normal 0 0 1
    outer loop
      vertex 14.149999618530273 -31.003995895385742 11.5
      vertex 17.878461837768555 -32.01081466674805 11.5
      vertex 17.727405548095703 -31.32944679260254 11.5
    endloop
  endfacet
  facet normal 0 0 1
    outer loop
      vertex 18 -35.400001525878906 11.5
      vertex 14.149999618530273 -37.79600524902344 11.5
      vertex 17.96955680847168 -36.09724426269531 11.5
    endloop
  endfacet
  facet normal 0 0 1
    outer loop
      vertex 14.149999618530273 -31.003995895385742 11.5
      vertex 17.727405548095703 -31.32944679260254 11.5
      vertex 17.517539978027344 -30.663837432861328 11.5
    endloop
  endfacet
  facet normal 0 0 1
    outer loop
      vertex 17.96955680847168 -36.09724426269531 11.5
      vertex 14.149999618530273 -37.79600524902344 11.5
      vertex 17.878461837768555 -36.7891845703125 11.5
    endloop
  endfacet
  facet normal 0 0 1
    outer loop
      vertex 14.149999618530273 -31.003995895385742 11.5
      vertex 17.517539978027344 -30.663837432861328 11.5
      vertex 17.25046157836914 -30.019054412841797 11.5
    endloop
  endfacet
  facet normal 0 0 1
    outer loop
      vertex 17.878461837768555 -36.7891845703125 11.5
      vertex 14.149999618530273 -37.79600524902344 11.5
      vertex 17.727405548095703 -37.470550537109375 11.5
    endloop
  endfacet
  facet normal 0 0 1
    outer loop
      vertex 14.149999618530273 -31.003995895385742 11.5
      vertex 17.25046157836914 -30.019054412841797 11.5
      vertex 16.928203582763672 -29.399999618530273 11.5
    endloop
  endfacet
  facet normal 0 0 1
    outer loop
      vertex 17.727405548095703 -37.470550537109375 11.5
      vertex 14.149999618530273 -37.79600524902344 11.5
      vertex 17.517539978027344 -38.13616180419922 11.5
    endloop
  endfacet
  facet normal 0 0 1
    outer loop
      vertex 14.149999618530273 -31.003995895385742 11.5
      vertex 16.928203582763672 -29.399999618530273 11.5
      vertex 16.55321502685547 -28.81138801574707 11.5
    endloop
  endfacet
  facet normal 0 0 1
    outer loop
      vertex 11.5 2 11.5
      vertex 24 -2 11.5
      vertex 24 2 11.5
    endloop
  endfacet
  facet normal 0 0 1
    outer loop
      vertex 24 -2 11.5
      vertex 11.5 2 11.5
      vertex 11.5 -2 11.5
    endloop
  endfacet
  facet normal 0 0 1
    outer loop
      vertex 14 -26.4717960357666 11.5
      vertex 14.149999618530273 -31.003995895385742 11.5
      vertex 14.588610649108887 -26.846782684326172 11.5
    endloop
  endfacet
  facet normal 0 0 1
    outer loop
      vertex 10 -28.60799217224121 11.5
      vertex 14 -26.4717960357666 11.5
      vertex 13.380945205688477 -26.1495361328125 11.5
    endloop
  endfacet
  facet normal 0 0 1
    outer loop
      vertex 10 -28.60799217224121 11.5
      vertex 13.380945205688477 -26.1495361328125 11.5
      vertex 12.736160278320312 -25.882457733154297 11.5
    endloop
  endfacet
  facet normal 0 0 1
    outer loop
      vertex 10 -28.60799217224121 11.5
      vertex 12.736160278320312 -25.882457733154297 11.5
      vertex 12.070551872253418 -25.672592163085938 11.5
    endloop
  endfacet
  facet normal 0 0 1
    outer loop
      vertex 10 -28.60799217224121 11.5
      vertex 12.070551872253418 -25.672592163085938 11.5
      vertex 11.5 -25.546104431152344 11.5
    endloop
  endfacet
  facet normal 0 0 1
    outer loop
      vertex 14 -26.4717960357666 11.5
      vertex 10 -28.60799217224121 11.5
      vertex 14.149999618530273 -31.003995895385742 11.5
    endloop
  endfacet
  facet normal 0 0 1
    outer loop
      vertex 8.5 -2 11.5
      vertex 11.5 -2 11.5
      vertex 8.5 2 11.5
    endloop
  endfacet
  facet normal 0 0 1
    outer loop
      vertex 11.5 2 11.5
      vertex 8.5 2 11.5
      vertex 11.5 -2 11.5
    endloop
  endfacet
  facet normal 0 0 1
    outer loop
      vertex 10 29.60799217224121 11.5
      vertex 7.929447174072266 26.672592163085938 11.5
      vertex 8.5 26.546104431152344 11.5
    endloop
  endfacet
  facet normal 0 0 1
    outer loop
      vertex 10 29.60799217224121 11.5
      vertex 7.263838768005371 26.882457733154297 11.5
      vertex 7.929447174072266 26.672592163085938 11.5
    endloop
  endfacet
  facet normal 0 0 1
    outer loop
      vertex 10 29.60799217224121 11.5
      vertex 6.619053840637207 27.1495361328125 11.5
      vertex 7.263838768005371 26.882457733154297 11.5
    endloop
  endfacet
  facet normal 0 0 1
    outer loop
      vertex 10 29.60799217224121 11.5
      vertex 6 27.4717960357666 11.5
      vertex 6.619053840637207 27.1495361328125 11.5
    endloop
  endfacet
  facet normal 0 0 1
    outer loop
      vertex 5.84999942779541 32.003997802734375 11.5
      vertex 6 27.4717960357666 11.5
      vertex 10 29.60799217224121 11.5
    endloop
  endfacet
  facet normal 0 0 1
    outer loop
      vertex 6 27.4717960357666 11.5
      vertex 5.84999942779541 32.003997802734375 11.5
      vertex 5.411388397216797 27.846782684326172 11.5
    endloop
  endfacet
  facet normal 0 0 1
    outer loop
      vertex 14.149999618530273 36.79600524902344 11.5
      vertex 18 34.400001525878906 11.5
      vertex 17.96955680847168 35.09724426269531 11.5
    endloop
  endfacet
  facet normal 0 0 1
    outer loop
      vertex 14.149999618530273 36.79600524902344 11.5
      vertex 17.96955680847168 35.09724426269531 11.5
      vertex 17.878461837768555 35.7891845703125 11.5
    endloop
  endfacet
  facet normal 0 0 1
    outer loop
      vertex 14.149999618530273 32.003997802734375 11.5
      vertex 18 34.400001525878906 11.5
      vertex 14.149999618530273 36.79600524902344 11.5
    endloop
  endfacet
  facet normal 0 0 1
    outer loop
      vertex 14.149999618530273 36.79600524902344 11.5
      vertex 17.878461837768555 35.7891845703125 11.5
      vertex 17.727405548095703 36.470550537109375 11.5
    endloop
  endfacet
  facet normal 0 0 1
    outer loop
      vertex 18 34.400001525878906 11.5
      vertex 14.149999618530273 32.003997802734375 11.5
      vertex 17.96955680847168 33.702754974365234 11.5
    endloop
  endfacet
  facet normal 0 0 1
    outer loop
      vertex 14.149999618530273 36.79600524902344 11.5
      vertex 17.727405548095703 36.470550537109375 11.5
      vertex 17.517539978027344 37.13616180419922 11.5
    endloop
  endfacet
  facet normal 0 0 1
    outer loop
      vertex 17.96955680847168 33.702754974365234 11.5
      vertex 14.149999618530273 32.003997802734375 11.5
      vertex 17.878461837768555 33.01081466674805 11.5
    endloop
  endfacet
  facet normal 0 0 1
    outer loop
      vertex 14.149999618530273 36.79600524902344 11.5
      vertex 17.517539978027344 37.13616180419922 11.5
      vertex 17.25046157836914 37.78094482421875 11.5
    endloop
  endfacet
  facet normal 0 0 1
    outer loop
      vertex 17.878461837768555 33.01081466674805 11.5
      vertex 14.149999618530273 32.003997802734375 11.5
      vertex 17.727405548095703 32.329444885253906 11.5
    endloop
  endfacet
  facet normal 0 0 1
    outer loop
      vertex 14.149999618530273 36.79600524902344 11.5
      vertex 17.25046157836914 37.78094482421875 11.5
      vertex 16.928203582763672 38.400001525878906 11.5
    endloop
  endfacet
  facet normal 0 0 1
    outer loop
      vertex 17.727405548095703 32.329444885253906 11.5
      vertex 14.149999618530273 32.003997802734375 11.5
      vertex 17.517539978027344 31.663837432861328 11.5
    endloop
  endfacet
  facet normal 0 0 1
    outer loop
      vertex 14.149999618530273 36.79600524902344 11.5
      vertex 16.928203582763672 38.400001525878906 11.5
      vertex 16.55321502685547 38.988609313964844 11.5
    endloop
  endfacet
  facet normal 0 0 1
    outer loop
      vertex 17.517539978027344 31.663837432861328 11.5
      vertex 14.149999618530273 32.003997802734375 11.5
      vertex 17.25046157836914 31.019054412841797 11.5
    endloop
  endfacet
  facet normal 0 0 1
    outer loop
      vertex 14.149999618530273 36.79600524902344 11.5
      vertex 16.55321502685547 38.988609313964844 11.5
      vertex 16.237546920776367 39.400001525878906 11.5
    endloop
  endfacet
  facet normal 0 0 1
    outer loop
      vertex 17.25046157836914 31.019054412841797 11.5
      vertex 14.149999618530273 32.003997802734375 11.5
      vertex 16.928203582763672 30.399999618530273 11.5
    endloop
  endfacet
  facet normal 0 0 1
    outer loop
      vertex 15.142300605773926 28.271644592285156 11.5
      vertex 14.149999618530273 32.003997802734375 11.5
      vertex 14.588610649108887 27.846782684326172 11.5
    endloop
  endfacet
  facet normal 0 0 1
    outer loop
      vertex 14.149999618530273 32.003997802734375 11.5
      vertex 14 27.4717960357666 11.5
      vertex 14.588610649108887 27.846782684326172 11.5
    endloop
  endfacet
  facet normal 0 0 1
    outer loop
      vertex 10 29.60799217224121 11.5
      vertex 14 27.4717960357666 11.5
      vertex 14.149999618530273 32.003997802734375 11.5
    endloop
  endfacet
  facet normal 0 0 1
    outer loop
      vertex 14 27.4717960357666 11.5
      vertex 10 29.60799217224121 11.5
      vertex 13.380945205688477 27.1495361328125 11.5
    endloop
  endfacet
  facet normal 0 0 1
    outer loop
      vertex 13.380945205688477 27.1495361328125 11.5
      vertex 10 29.60799217224121 11.5
      vertex 12.736160278320312 26.882457733154297 11.5
    endloop
  endfacet
  facet normal 0 0 1
    outer loop
      vertex 12.736160278320312 26.882457733154297 11.5
      vertex 10 29.60799217224121 11.5
      vertex 12.070551872253418 26.672592163085938 11.5
    endloop
  endfacet
  facet normal 0 0 1
    outer loop
      vertex 8.5 26.546104431152344 11.5
      vertex 11.5 26.546104431152344 11.5
      vertex 10 29.60799217224121 11.5
    endloop
  endfacet
  facet normal 0 0 1
    outer loop
      vertex 11.5 26.546104431152344 11.5
      vertex 8.5 26.546104431152344 11.5
      vertex 11.5 2 11.5
    endloop
  endfacet
  facet normal 0 0 1
    outer loop
      vertex 8.5 2 11.5
      vertex 11.5 2 11.5
      vertex 8.5 26.546104431152344 11.5
    endloop
  endfacet
  facet normal 0 0 1
    outer loop
      vertex 12.070551872253418 26.672592163085938 11.5
      vertex 10 29.60799217224121 11.5
      vertex 11.5 26.546104431152344 11.5
    endloop
  endfacet
  facet normal 0 0 1
    outer loop
      vertex 44 9 11.5
      vertex 37 6 11.5
      vertex 44 -9 11.5
    endloop
  endfacet
  facet normal 0 0 1
    outer loop
      vertex 24 9 11.5
      vertex 37 6 11.5
      vertex 44 9 11.5
    endloop
  endfacet
  facet normal 0 0 1
    outer loop
      vertex 24 2 11.5
      vertex 27 6 11.5
      vertex 24 9 11.5
    endloop
  endfacet
  facet normal 0 0 1
    outer loop
      vertex 37 6 11.5
      vertex 24 9 11.5
      vertex 27 6 11.5
    endloop
  endfacet
  facet normal 0 0 1
    outer loop
      vertex 44 39.400001525878906 11.5
      vertex 46 36.400001525878906 11.5
      vertex 46 42.400001525878906 11.5
    endloop
  endfacet
  facet normal 0 0 1
    outer loop
      vertex 46 36.400001525878906 11.5
      vertex 44 9 11.5
      vertex 46 -36.400001525878906 11.5
    endloop
  endfacet
  facet normal 0 0 1
    outer loop
      vertex 46 36.400001525878906 11.5
      vertex 44 39.400001525878906 11.5
      vertex 44 9 11.5
    endloop
  endfacet
  facet normal 0 0 1
    outer loop
      vertex 46 42.400001525878906 11.5
      vertex 16.237546920776367 39.400001525878906 11.5
      vertex 44 39.400001525878906 11.5
    endloop
  endfacet
  facet normal 0 0 1
    outer loop
      vertex 16.928203582763672 30.399999618530273 11.5
      vertex 14.149999618530273 32.003997802734375 11.5
      vertex 16.55321502685547 29.81138801574707 11.5
    endloop
  endfacet
  facet normal 0 0 1
    outer loop
      vertex 16.55321502685547 29.81138801574707 11.5
      vertex 14.149999618530273 32.003997802734375 11.5
      vertex 16.128355026245117 29.25769805908203 11.5
    endloop
  endfacet
  facet normal 0 0 1
    outer loop
      vertex 16.128355026245117 29.25769805908203 11.5
      vertex 14.149999618530273 32.003997802734375 11.5
      vertex 15.656853675842285 28.743144989013672 11.5
    endloop
  endfacet
  facet normal 0 0 1
    outer loop
      vertex 15.656853675842285 28.743144989013672 11.5
      vertex 14.149999618530273 32.003997802734375 11.5
      vertex 15.142300605773926 28.271644592285156 11.5
    endloop
  endfacet
  facet normal 0 0 1
    outer loop
      vertex 16.237546920776367 39.400001525878906 11.5
      vertex 10 39.19200897216797 11.5
      vertex 14.149999618530273 36.79600524902344 11.5
    endloop
  endfacet
  facet normal 0 0 1
    outer loop
      vertex 3.7624528408050537 39.400001525878906 11.5
      vertex 16.237546920776367 39.400001525878906 11.5
      vertex 46 42.400001525878906 11.5
    endloop
  endfacet
  facet normal 0 0 1
    outer loop
      vertex 3.4467830657958984 38.988609313964844 11.5
      vertex 5.84999942779541 36.79600524902344 11.5
      vertex 3.7624528408050537 39.400001525878906 11.5
    endloop
  endfacet
  facet normal 0 0 1
    outer loop
      vertex 5.84999942779541 32.003997802734375 11.5
      vertex 4.857698440551758 28.271644592285156 11.5
      vertex 5.411388397216797 27.846782684326172 11.5
    endloop
  endfacet
  facet normal 0 0 1
    outer loop
      vertex 5.84999942779541 32.003997802734375 11.5
      vertex 4.343145370483398 28.743144989013672 11.5
      vertex 4.857698440551758 28.271644592285156 11.5
    endloop
  endfacet
  facet normal 0 0 1
    outer loop
      vertex 5.84999942779541 32.003997802734375 11.5
      vertex 3.8716440200805664 29.25769805908203 11.5
      vertex 4.343145370483398 28.743144989013672 11.5
    endloop
  endfacet
  facet normal 0 0 1
    outer loop
      vertex 3.071796417236328 38.400001525878906 11.5
      vertex 5.84999942779541 36.79600524902344 11.5
      vertex 3.4467830657958984 38.988609313964844 11.5
    endloop
  endfacet
  facet normal 0 0 1
    outer loop
      vertex 10 39.19200897216797 11.5
      vertex 3.7624528408050537 39.400001525878906 11.5
      vertex 5.84999942779541 36.79600524902344 11.5
    endloop
  endfacet
  facet normal 0 0 1
    outer loop
      vertex 16.237546920776367 39.400001525878906 11.5
      vertex 3.7624528408050537 39.400001525878906 11.5
      vertex 10 39.19200897216797 11.5
    endloop
  endfacet
  facet normal 0 0 1
    outer loop
      vertex -28 42.400001525878906 11.5
      vertex 3.7624528408050537 39.400001525878906 11.5
      vertex 46 42.400001525878906 11.5
    endloop
  endfacet
  facet normal 0 0 1
    outer loop
      vertex -13.071796417236328 30.399999618530273 11.5
      vertex -15.84999942779541 32.003997802734375 11.5
      vertex -13.446783065795898 29.81138801574707 11.5
    endloop
  endfacet
  facet normal 0 0 1
    outer loop
      vertex -13.446783065795898 29.81138801574707 11.5
      vertex -15.84999942779541 32.003997802734375 11.5
      vertex -13.871644020080566 29.25769805908203 11.5
    endloop
  endfacet
  facet normal 0 0 1
    outer loop
      vertex -13.871644020080566 29.25769805908203 11.5
      vertex -15.84999942779541 32.003997802734375 11.5
      vertex -14.343145370483398 28.743144989013672 11.5
    endloop
  endfacet
  facet normal 0 0 1
    outer loop
      vertex -14.343145370483398 28.743144989013672 11.5
      vertex -15.84999942779541 32.003997802734375 11.5
      vertex -14.857698440551758 28.271644592285156 11.5
    endloop
  endfacet
  facet normal 0 0 1
    outer loop
      vertex -13.762453079223633 39.400001525878906 11.5
      vertex -20 39.19200897216797 11.5
      vertex -15.84999942779541 36.79600524902344 11.5
    endloop
  endfacet
  facet normal 0 0 1
    outer loop
      vertex 3.7624528408050537 39.400001525878906 11.5
      vertex -28 42.400001525878906 11.5
      vertex -13.762453079223633 39.400001525878906 11.5
    endloop
  endfacet
  facet normal 0 0 1
    outer loop
      vertex -28 42.400001525878906 11.5
      vertex -24.149999618530273 32.003997802734375 11.5
      vertex -24.149999618530273 36.79600524902344 11.5
    endloop
  endfacet
  facet normal 0 0 1
    outer loop
      vertex -24.149999618530273 32.003997802734375 11.5
      vertex -25 28.162452697753906 11.5
      vertex -24.588611602783203 27.846782684326172 11.5
    endloop
  endfacet
  facet normal 0 0 1
    outer loop
      vertex -28 42.400001525878906 11.5
      vertex -25 2 11.5
      vertex -25 28.162452697753906 11.5
    endloop
  endfacet
  facet normal 0 0 1
    outer loop
      vertex -25 2 11.5
      vertex -28 42.400001525878906 11.5
      vertex -25 -2 11.5
    endloop
  endfacet
  facet normal 0 0 1
    outer loop
      vertex -28 -42.400001525878906 11.5
      vertex -25 -2 11.5
      vertex -28 42.400001525878906 11.5
    endloop
  endfacet
  facet normal 0 0 1
    outer loop
      vertex -24.149999618530273 32.003997802734375 11.5
      vertex -28 42.400001525878906 11.5
      vertex -25 28.162452697753906 11.5
    endloop
  endfacet
  facet normal 0 0 1
    outer loop
      vertex -20 39.19200897216797 11.5
      vertex -28 42.400001525878906 11.5
      vertex -24.149999618530273 36.79600524902344 11.5
    endloop
  endfacet
  facet normal 0 0 1
    outer loop
      vertex -13.762453079223633 39.400001525878906 11.5
      vertex -28 42.400001525878906 11.5
      vertex -20 39.19200897216797 11.5
    endloop
  endfacet
  facet normal 0 0 1
    outer loop
      vertex 46 36.400001525878906 11.5
      vertex 48 8 11.5
      vertex 48 36.400001525878906 11.5
    endloop
  endfacet
  facet normal 0 0 1
    outer loop
      vertex 48 8 11.5
      vertex 46 36.400001525878906 11.5
      vertex 48 -8 11.5
    endloop
  endfacet
  facet normal 0 0 1
    outer loop
      vertex 46 -36.400001525878906 11.5
      vertex 48 -8 11.5
      vertex 46 36.400001525878906 11.5
    endloop
  endfacet
  facet normal 0 0 1
    outer loop
      vertex 48 -8 11.5
      vertex 46 -36.400001525878906 11.5
      vertex 48 -36.400001525878906 11.5
    endloop
  endfacet
  facet normal 0 0 1
    outer loop
      vertex 48 8 11.5
      vertex 65 -8 11.5
      vertex 65 8 11.5
    endloop
  endfacet
  facet normal 0 0 1
    outer loop
      vertex 65 -8 11.5
      vertex 48 8 11.5
      vertex 48 -8 11.5
    endloop
  endfacet
  facet normal 0 0 1
    outer loop
      vertex 44 -9 11.5
      vertex 46 -36.400001525878906 11.5
      vertex 44 9 11.5
    endloop
  endfacet
  facet normal 0 0 1
    outer loop
      vertex 44 -39.400001525878906 11.5
      vertex 46 -36.400001525878906 11.5
      vertex 44 -9 11.5
    endloop
  endfacet
  facet normal 0 0 1
    outer loop
      vertex 46 -36.400001525878906 11.5
      vertex 44 -39.400001525878906 11.5
      vertex 46 -42.400001525878906 11.5
    endloop
  endfacet
  facet normal 0 0 1
    outer loop
      vertex 16.928203582763672 -39.400001525878906 11.5
      vertex 46 -42.400001525878906 11.5
      vertex 44 -39.400001525878906 11.5
    endloop
  endfacet
  facet normal 0 0 1
    outer loop
      vertex 14.149999618530273 -31.003995895385742 11.5
      vertex 16.55321502685547 -28.81138801574707 11.5
      vertex 16.128355026245117 -28.25769805908203 11.5
    endloop
  endfacet
  facet normal 0 0 1
    outer loop
      vertex 14.149999618530273 -31.003995895385742 11.5
      vertex 16.128355026245117 -28.25769805908203 11.5
      vertex 15.656853675842285 -27.743144989013672 11.5
    endloop
  endfacet
  facet normal 0 0 1
    outer loop
      vertex 14.149999618530273 -31.003995895385742 11.5
      vertex 15.656853675842285 -27.743144989013672 11.5
      vertex 15.142300605773926 -27.271644592285156 11.5
    endloop
  endfacet
  facet normal 0 0 1
    outer loop
      vertex 14.149999618530273 -31.003995895385742 11.5
      vertex 15.142300605773926 -27.271644592285156 11.5
      vertex 14.588610649108887 -26.846782684326172 11.5
    endloop
  endfacet
  facet normal 0 0 1
    outer loop
      vertex 17.517539978027344 -38.13616180419922 11.5
      vertex 14.149999618530273 -37.79600524902344 11.5
      vertex 17.25046157836914 -38.78094482421875 11.5
    endloop
  endfacet
  facet normal 0 0 1
    outer loop
      vertex 17.25046157836914 -38.78094482421875 11.5
      vertex 14.149999618530273 -37.79600524902344 11.5
      vertex 16.928203582763672 -39.400001525878906 11.5
    endloop
  endfacet
  facet normal 0 0 1
    outer loop
      vertex 10 -40.19200897216797 11.5
      vertex 16.928203582763672 -39.400001525878906 11.5
      vertex 14.149999618530273 -37.79600524902344 11.5
    endloop
  endfacet
  facet normal 0 0 1
    outer loop
      vertex 10 -40.19200897216797 11.5
      vertex 46 -42.400001525878906 11.5
      vertex 16.928203582763672 -39.400001525878906 11.5
    endloop
  endfacet
  facet normal 0 0 1
    outer loop
      vertex 4.343145370483398 -27.743144989013672 11.5
      vertex 5.84999942779541 -31.003995895385742 11.5
      vertex 4.857698440551758 -27.271644592285156 11.5
    endloop
  endfacet
  facet normal 0 0 1
    outer loop
      vertex 3.8716440200805664 -28.25769805908203 11.5
      vertex 5.84999942779541 -31.003995895385742 11.5
      vertex 4.343145370483398 -27.743144989013672 11.5
    endloop
  endfacet
  facet normal 0 0 1
    outer loop
      vertex 3.4467830657958984 -28.81138801574707 11.5
      vertex 5.84999942779541 -31.003995895385742 11.5
      vertex 3.8716440200805664 -28.25769805908203 11.5
    endloop
  endfacet
  facet normal 0 0 1
    outer loop
      vertex 3.071796417236328 -29.399999618530273 11.5
      vertex 5.84999942779541 -31.003995895385742 11.5
      vertex 3.4467830657958984 -28.81138801574707 11.5
    endloop
  endfacet
  facet normal 0 0 1
    outer loop
      vertex 2.749537467956543 -30.019054412841797 11.5
      vertex 5.84999942779541 -31.003995895385742 11.5
      vertex 3.071796417236328 -29.399999618530273 11.5
    endloop
  endfacet
  facet normal 0 0 1
    outer loop
      vertex 2.4824581146240234 -30.663837432861328 11.5
      vertex 5.84999942779541 -31.003995895385742 11.5
      vertex 2.749537467956543 -30.019054412841797 11.5
    endloop
  endfacet
  facet normal 0 0 1
    outer loop
      vertex 3.071796417236328 -39.400001525878906 11.5
      vertex 10 -40.19200897216797 11.5
      vertex 5.84999942779541 -37.79600524902344 11.5
    endloop
  endfacet
  facet normal 0 0 1
    outer loop
      vertex -28 -42.400001525878906 11.5
      vertex 3.071796417236328 -39.400001525878906 11.5
      vertex -13.071796417236328 -39.400001525878906 11.5
    endloop
  endfacet
  facet normal 0 0 1
    outer loop
      vertex 3.071796417236328 -39.400001525878906 11.5
      vertex -28 -42.400001525878906 11.5
      vertex 10 -40.19200897216797 11.5
    endloop
  endfacet
  facet normal 0 0 1
    outer loop
      vertex -15.84999942779541 -31.003995895385742 11.5
      vertex -13.446783065795898 -28.81138801574707 11.5
      vertex -13.871644020080566 -28.25769805908203 11.5
    endloop
  endfacet
  facet normal 0 0 1
    outer loop
      vertex -15.84999942779541 -31.003995895385742 11.5
      vertex -13.871644020080566 -28.25769805908203 11.5
      vertex -14.343145370483398 -27.743144989013672 11.5
    endloop
  endfacet
  facet normal 0 0 1
    outer loop
      vertex -15.84999942779541 -31.003995895385742 11.5
      vertex -14.343145370483398 -27.743144989013672 11.5
      vertex -14.857698440551758 -27.271644592285156 11.5
    endloop
  endfacet
  facet normal 0 0 1
    outer loop
      vertex -15.84999942779541 -31.003995895385742 11.5
      vertex -14.857698440551758 -27.271644592285156 11.5
      vertex -15.411388397216797 -26.846782684326172 11.5
    endloop
  endfacet
  facet normal 0 0 1
    outer loop
      vertex -12.482458114624023 -38.13616180419922 11.5
      vertex -15.84999942779541 -37.79600524902344 11.5
      vertex -12.749537467956543 -38.78094482421875 11.5
    endloop
  endfacet
  facet normal 0 0 1
    outer loop
      vertex -12.749537467956543 -38.78094482421875 11.5
      vertex -15.84999942779541 -37.79600524902344 11.5
      vertex -13.071796417236328 -39.400001525878906 11.5
    endloop
  endfacet
  facet normal 0 0 1
    outer loop
      vertex -20 -40.19200897216797 11.5
      vertex -13.071796417236328 -39.400001525878906 11.5
      vertex -15.84999942779541 -37.79600524902344 11.5
    endloop
  endfacet
  facet normal 0 0 1
    outer loop
      vertex -28 -42.400001525878906 11.5
      vertex -13.071796417236328 -39.400001525878906 11.5
      vertex -20 -40.19200897216797 11.5
    endloop
  endfacet
  facet normal 0 0 1
    outer loop
      vertex -28 -42.400001525878906 11.5
      vertex -24.149999618530273 -31.003995895385742 11.5
      vertex -25 -27.162452697753906 11.5
    endloop
  endfacet
  facet normal 0 0 1
    outer loop
      vertex 10 -40.19200897216797 11.5
      vertex -28 -42.400001525878906 11.5
      vertex 46 -42.400001525878906 11.5
    endloop
  endfacet
  facet normal 0 0 1
    outer loop
      vertex -24.149999618530273 -37.79600524902344 11.5
      vertex -28 -42.400001525878906 11.5
      vertex -20 -40.19200897216797 11.5
    endloop
  endfacet
  facet normal 0 0 1
    outer loop
      vertex -24.149999618530273 -31.003995895385742 11.5
      vertex -28 -42.400001525878906 11.5
      vertex -24.149999618530273 -37.79600524902344 11.5
    endloop
  endfacet
  facet normal 0 0 1
    outer loop
      vertex -25 -2 11.5
      vertex -28 -42.400001525878906 11.5
      vertex -25 -27.162452697753906 11.5
    endloop
  endfacet
  facet normal 0 0 1
    outer loop
      vertex 37 -6 11.5
      vertex 44 -9 11.5
      vertex 37 6 11.5
    endloop
  endfacet
  facet normal 0 0 1
    outer loop
      vertex 24 -9 11.5
      vertex 37 -6 11.5
      vertex 27 -6 11.5
    endloop
  endfacet
  facet normal 0 0 1
    outer loop
      vertex 27 6 11.5
      vertex 24 2 11.5
      vertex 27 -6 11.5
    endloop
  endfacet
  facet normal 0 0 1
    outer loop
      vertex 24 -2 11.5
      vertex 27 -6 11.5
      vertex 24 2 11.5
    endloop
  endfacet
  facet normal 0 0 1
    outer loop
      vertex 37 -6 11.5
      vertex 24 -9 11.5
      vertex 44 -9 11.5
    endloop
  endfacet
  facet normal 0 0 1
    outer loop
      vertex 24 -9 11.5
      vertex 27 -6 11.5
      vertex 24 -2 11.5
    endloop
  endfacet
  facet normal 0 0 1
    outer loop
      vertex 79 8 11.5
      vertex 82 -8 11.5
      vertex 82 8 11.5
    endloop
  endfacet
  facet normal 0 0 1
    outer loop
      vertex 82 -8 11.5
      vertex 79 8 11.5
      vertex 79 -8 11.5
    endloop
  endfacet
  facet normal -1 0 0
    outer loop
      vertex -28 -42.400001525878906 0
      vertex -28 42.400001525878906 11.5
      vertex -28 42.400001525878906 0
    endloop
  endfacet
  facet normal -1 0 0
    outer loop
      vertex -28 42.400001525878906 11.5
      vertex -28 -42.400001525878906 0
      vertex -28 -42.400001525878906 11.5
    endloop
  endfacet
  facet normal 0 0 1
    outer loop
      vertex 55.5 36.400001525878906 1.7999992370605469
      vertex 63 42.400001525878906 1.7999992370605469
      vertex 55.5 42.400001525878906 1.7999992370605469
    endloop
  endfacet
  facet normal 0 0 1
    outer loop
      vertex 81 34 1.7999992370605469
      vertex 82 42.400001525878906 1.7999992370605469
      vertex 81 42.400001525878906 1.7999992370605469
    endloop
  endfacet
  facet normal 0 0 1
    outer loop
      vertex 82 42.400001525878906 1.7999992370605469
      vertex 81 34 1.7999992370605469
      vertex 82 8 1.7999992370605469
    endloop
  endfacet
  facet normal 0 0 1
    outer loop
      vertex 63 34 1.7999992370605469
      vertex 82 8 1.7999992370605469
      vertex 81 34 1.7999992370605469
    endloop
  endfacet
  facet normal 0 0 1
    outer loop
      vertex 63 42.400001525878906 1.7999992370605469
      vertex 55.5 36.400001525878906 1.7999992370605469
      vertex 63 34 1.7999992370605469
    endloop
  endfacet
  facet normal 0 0 1
    outer loop
      vertex 53.79999923706055 28 1.7999992370605469
      vertex 63 34 1.7999992370605469
      vertex 55.5 36.400001525878906 1.7999992370605469
    endloop
  endfacet
  facet normal 0 0 1
    outer loop
      vertex 53.79999923706055 9 1.7999992370605469
      vertex 63 34 1.7999992370605469
      vertex 53.79999923706055 28 1.7999992370605469
    endloop
  endfacet
  facet normal 0 0 1
    outer loop
      vertex 63 34 1.7999992370605469
      vertex 53.79999923706055 9 1.7999992370605469
      vertex 82 8 1.7999992370605469
    endloop
  endfacet
  facet normal 0 0 1
    outer loop
      vertex 48 8 1.7999992370605469
      vertex 53.79999923706055 9 1.7999992370605469
      vertex 50.914581298828125 9 1.7999992370605469
    endloop
  endfacet
  facet normal 0 0 1
    outer loop
      vertex 53.79999923706055 9 1.7999992370605469
      vertex 48 8 1.7999992370605469
      vertex 82 8 1.7999992370605469
    endloop
  endfacet
  facet normal 0 0 1
    outer loop
      vertex 50.914581298828125 28 1.7999992370605469
      vertex 48 8 1.7999992370605469
      vertex 50.914581298828125 9 1.7999992370605469
    endloop
  endfacet
  facet normal 0 0 1
    outer loop
      vertex 55.5 36.400001525878906 1.7999992370605469
      vertex 50.914581298828125 28 1.7999992370605469
      vertex 53.79999923706055 28 1.7999992370605469
    endloop
  endfacet
  facet normal 0 0 1
    outer loop
      vertex 48 8 1.7999992370605469
      vertex 50.914581298828125 28 1.7999992370605469
      vertex 48 36.400001525878906 1.7999992370605469
    endloop
  endfacet
  facet normal 0 0 1
    outer loop
      vertex 48 36.400001525878906 1.7999992370605469
      vertex 50.914581298828125 28 1.7999992370605469
      vertex 55.5 36.400001525878906 1.7999992370605469
    endloop
  endfacet
  facet normal 0 0 1
    outer loop
      vertex 82 -8 1.7999992370605469
      vertex 81 -34 1.7999992370605469
      vertex 82 -42.400001525878906 1.7999992370605469
    endloop
  endfacet
  facet normal 0 0 1
    outer loop
      vertex 82 -8 1.7999992370605469
      vertex 63 -34 1.7999992370605469
      vertex 81 -34 1.7999992370605469
    endloop
  endfacet
  facet normal 0 0 1
    outer loop
      vertex 63 -34 1.7999992370605469
      vertex 55.5 -36.400001525878906 1.7999992370605469
      vertex 63 -42.400001525878906 1.7999992370605469
    endloop
  endfacet
  facet normal 0 0 1
    outer loop
      vertex 53.79999923706055 -9 1.7999992370605469
      vertex 63 -34 1.7999992370605469
      vertex 82 -8 1.7999992370605469
    endloop
  endfacet
  facet normal 0 0 1
    outer loop
      vertex 63 -34 1.7999992370605469
      vertex 53.79999923706055 -9 1.7999992370605469
      vertex 53.79999923706055 -28 1.7999992370605469
    endloop
  endfacet
  facet normal 0 0 1
    outer loop
      vertex 48 -8 1.7999992370605469
      vertex 53.79999923706055 -9 1.7999992370605469
      vertex 82 -8 1.7999992370605469
    endloop
  endfacet
  facet normal 0 0 1
    outer loop
      vertex 50.914581298828125 -9 1.7999992370605469
      vertex 48 -8 1.7999992370605469
      vertex 50.914581298828125 -28 1.7999992370605469
    endloop
  endfacet
  facet normal 0 0 1
    outer loop
      vertex 53.79999923706055 -9 1.7999992370605469
      vertex 48 -8 1.7999992370605469
      vertex 50.914581298828125 -9 1.7999992370605469
    endloop
  endfacet
  facet normal 0 0 1
    outer loop
      vertex 82 -42.400001525878906 1.7999992370605469
      vertex 81 -34 1.7999992370605469
      vertex 81 -42.400001525878906 1.7999992370605469
    endloop
  endfacet
  facet normal 0 0 1
    outer loop
      vertex 63 -42.400001525878906 1.7999992370605469
      vertex 55.5 -36.400001525878906 1.7999992370605469
      vertex 55.5 -42.400001525878906 1.7999992370605469
    endloop
  endfacet
  facet normal 0 0 1
    outer loop
      vertex 63 -34 1.7999992370605469
      vertex 53.79999923706055 -28 1.7999992370605469
      vertex 55.5 -36.400001525878906 1.7999992370605469
    endloop
  endfacet
  facet normal 0 0 1
    outer loop
      vertex 50.914581298828125 -28 1.7999992370605469
      vertex 55.5 -36.400001525878906 1.7999992370605469
      vertex 53.79999923706055 -28 1.7999992370605469
    endloop
  endfacet
  facet normal 0 0 1
    outer loop
      vertex 50.914581298828125 -28 1.7999992370605469
      vertex 48 -36.400001525878906 1.7999992370605469
      vertex 55.5 -36.400001525878906 1.7999992370605469
    endloop
  endfacet
  facet normal 0 0 1
    outer loop
      vertex 48 -36.400001525878906 1.7999992370605469
      vertex 50.914581298828125 -28 1.7999992370605469
      vertex 48 -8 1.7999992370605469
    endloop
  endfacet
  facet normal 0 0 1
    outer loop
      vertex 82 42.400001525878906 3
      vertex 102 37.5 3
      vertex 102 42.400001525878906 3
    endloop
  endfacet
  facet normal 0 0 1
    outer loop
      vertex 102 37.5 3
      vertex 82 42.400001525878906 3
      vertex 82 37.5 3
    endloop
  endfacet
  facet normal 0 0 1
    outer loop
      vertex 82 -37.5 3
      vertex 102 -42.400001525878906 3
      vertex 102 -37.5 3
    endloop
  endfacet
  facet normal 0 0 1
    outer loop
      vertex 102 -42.400001525878906 3
      vertex 82 -37.5 3
      vertex 82 -42.400001525878906 3
    endloop
  endfacet
  facet normal 0 0 1
    outer loop
      vertex 82 34.5 3
      vertex 102 8 3
      vertex 102 34.5 3
    endloop
  endfacet
  facet normal 0 0 1
    outer loop
      vertex 102 8 3
      vertex 82 34.5 3
      vertex 82 8 3
    endloop
  endfacet
  facet normal 0 0 1
    outer loop
      vertex 82 -8 3
      vertex 102 -34.5 3
      vertex 102 -8 3
    endloop
  endfacet
  facet normal 0 0 1
    outer loop
      vertex 102 -34.5 3
      vertex 82 -8 3
      vertex 82 -34.5 3
    endloop
  endfacet
  facet normal 0 1 0
    outer loop
      vertex 102 8 15
      vertex 82 8 11.5
      vertex 82 8 15
    endloop
  endfacet
  facet normal 0 1 0
    outer loop
      vertex 82 8 3
      vertex 79 8 11.5
      vertex 82 8 11.5
    endloop
  endfacet
  facet normal 0 1 0
    outer loop
      vertex 79 8 11.5
      vertex 74.49018859863281 8 11.093646049499512
      vertex 74.55970001220703 8 11.314128875732422
    endloop
  endfacet
  facet normal 0 1 0
    outer loop
      vertex 79 8 11.5
      vertex 74.40171813964844 8 10.880061149597168
      vertex 74.49018859863281 8 11.093646049499512
    endloop
  endfacet
  facet normal 0 1 0
    outer loop
      vertex 79 8 11.5
      vertex 74.29496765136719 8 10.674999237060547
      vertex 74.40171813964844 8 10.880061149597168
    endloop
  endfacet
  facet normal 0 1 0
    outer loop
      vertex 79 8 11.5
      vertex 74.1707534790039 8 10.480022430419922
      vertex 74.29496765136719 8 10.674999237060547
    endloop
  endfacet
  facet normal 0 1 0
    outer loop
      vertex 73.87383270263672 8 10.126166343688965
      vertex 79 8 11.5
      vertex 82 8 3
    endloop
  endfacet
  facet normal 0 1 0
    outer loop
      vertex 79 8 11.5
      vertex 74.03001403808594 8 10.296612739562988
      vertex 74.1707534790039 8 10.480022430419922
    endloop
  endfacet
  facet normal 0 1 0
    outer loop
      vertex 79 8 11.5
      vertex 73.87383270263672 8 10.126166343688965
      vertex 74.03001403808594 8 10.296612739562988
    endloop
  endfacet
  facet normal 0 1 0
    outer loop
      vertex 102 8 3
      vertex 82 8 11.5
      vertex 102 8 15
    endloop
  endfacet
  facet normal 0 1 0
    outer loop
      vertex 73.87383270263672 8 10.126166343688965
      vertex 82 8 3
      vertex 73.70338439941406 8 9.969982147216797
    endloop
  endfacet
  facet normal 0 1 0
    outer loop
      vertex 73.70338439941406 8 9.969982147216797
      vertex 82 8 3
      vertex 73.51997375488281 8 9.829246520996094
    endloop
  endfacet
  facet normal 0 1 0
    outer loop
      vertex 73.51997375488281 8 9.829246520996094
      vertex 82 8 3
      vertex 73.32499694824219 8 9.705032348632812
    endloop
  endfacet
  facet normal 0 1 0
    outer loop
      vertex 73.32499694824219 8 9.705032348632812
      vertex 82 8 3
      vertex 73.11993408203125 8 9.598283767700195
    endloop
  endfacet
  facet normal 0 1 0
    outer loop
      vertex 73.11993408203125 8 9.598283767700195
      vertex 82 8 3
      vertex 72.90635681152344 8 9.509814262390137
    endloop
  endfacet
  facet normal 0 1 0
    outer loop
      vertex 72.90635681152344 8 9.509814262390137
      vertex 82 8 3
      vertex 72.68586730957031 8 9.440296173095703
    endloop
  endfacet
  facet normal 0 1 0
    outer loop
      vertex 72.68586730957031 8 9.440296173095703
      vertex 82 8 1.7999992370605469
      vertex 72.46016693115234 8 9.3902587890625
    endloop
  endfacet
  facet normal 0 1 0
    outer loop
      vertex 82 8 1.7999992370605469
      vertex 72.68586730957031 8 9.440296173095703
      vertex 82 8 3
    endloop
  endfacet
  facet normal 0 1 0
    outer loop
      vertex 82 8 11.5
      vertex 102 8 3
      vertex 82 8 3
    endloop
  endfacet
  facet normal 0 1 0
    outer loop
      vertex 72 8 14.649999618530273
      vertex 72 8 19
      vertex 72.61009216308594 8 18.97336196899414
    endloop
  endfacet
  facet normal 0 1 0
    outer loop
      vertex 72.23096466064453 8 14.639915466308594
      vertex 72.61009216308594 8 18.97336196899414
      vertex 73.21553802490234 8 18.893653869628906
    endloop
  endfacet
  facet normal 0 1 0
    outer loop
      vertex 72 8 19
      vertex 72 8 14.649999618530273
      vertex 71.38990783691406 8 18.97336196899414
    endloop
  endfacet
  facet normal 0 1 0
    outer loop
      vertex 72.46016693115234 8 14.609740257263184
      vertex 73.21553802490234 8 18.893653869628906
      vertex 73.81173706054688 8 18.7614803314209
    endloop
  endfacet
  facet normal 0 1 0
    outer loop
      vertex 71.76903533935547 8 14.639915466308594
      vertex 71.38990783691406 8 18.97336196899414
      vertex 72 8 14.649999618530273
    endloop
  endfacet
  facet normal 0 1 0
    outer loop
      vertex 72.68586730957031 8 14.55970287322998
      vertex 73.81173706054688 8 18.7614803314209
      vertex 74.3941421508789 8 18.57784652709961
    endloop
  endfacet
  facet normal 0 1 0
    outer loop
      vertex 71.38990783691406 8 18.97336196899414
      vertex 71.76903533935547 8 14.639915466308594
      vertex 70.78446197509766 8 18.893653869628906
    endloop
  endfacet
  facet normal 0 1 0
    outer loop
      vertex 72.90635681152344 8 14.490184783935547
      vertex 74.3941421508789 8 18.57784652709961
      vertex 74.95832824707031 8 18.344154357910156
    endloop
  endfacet
  facet normal 0 1 0
    outer loop
      vertex 71.53983306884766 8 14.609740257263184
      vertex 70.78446197509766 8 18.893653869628906
      vertex 71.76903533935547 8 14.639915466308594
    endloop
  endfacet
  facet normal 0 1 0
    outer loop
      vertex 73.11993408203125 8 14.401715278625488
      vertex 74.95832824707031 8 18.344154357910156
      vertex 75.5 8 18.062177658081055
    endloop
  endfacet
  facet normal 0 1 0
    outer loop
      vertex 70.78446197509766 8 18.893653869628906
      vertex 71.53983306884766 8 14.609740257263184
      vertex 70.18826293945312 8 18.7614803314209
    endloop
  endfacet
  facet normal 0 1 0
    outer loop
      vertex 73.32499694824219 8 14.294966697692871
      vertex 75.5 8 18.062177658081055
      vertex 76.0150375366211 8 17.73406410217285
    endloop
  endfacet
  facet normal 0 1 0
    outer loop
      vertex 71.31413269042969 8 14.55970287322998
      vertex 70.18826293945312 8 18.7614803314209
      vertex 71.53983306884766 8 14.609740257263184
    endloop
  endfacet
  facet normal 0 1 0
    outer loop
      vertex 73.51997375488281 8 14.17075252532959
      vertex 76.0150375366211 8 17.73406410217285
      vertex 76.49951171875 8 17.3623104095459
    endloop
  endfacet
  facet normal 0 1 0
    outer loop
      vertex 70.18826293945312 8 18.7614803314209
      vertex 71.31413269042969 8 14.55970287322998
      vertex 69.6058578491211 8 18.57784652709961
    endloop
  endfacet
  facet normal 0 1 0
    outer loop
      vertex 73.70338439941406 8 14.030016899108887
      vertex 76.49951171875 8 17.3623104095459
      vertex 76.94974517822266 8 16.94974708557129
    endloop
  endfacet
  facet normal 0 1 0
    outer loop
      vertex 71.09364318847656 8 14.490184783935547
      vertex 69.6058578491211 8 18.57784652709961
      vertex 71.31413269042969 8 14.55970287322998
    endloop
  endfacet
  facet normal 0 1 0
    outer loop
      vertex 73.87383270263672 8 13.873832702636719
      vertex 76.94974517822266 8 16.94974708557129
      vertex 77.36231231689453 8 16.49951171875
    endloop
  endfacet
  facet normal 0 1 0
    outer loop
      vertex 69.6058578491211 8 18.57784652709961
      vertex 71.09364318847656 8 14.490184783935547
      vertex 69.04167175292969 8 18.344154357910156
    endloop
  endfacet
  facet normal 0 1 0
    outer loop
      vertex 74.03001403808594 8 13.703386306762695
      vertex 77.36231231689453 8 16.49951171875
      vertex 77.73406219482422 8 16.015033721923828
    endloop
  endfacet
  facet normal 0 1 0
    outer loop
      vertex 70.88005828857422 8 14.401715278625488
      vertex 69.04167175292969 8 18.344154357910156
      vertex 71.09364318847656 8 14.490184783935547
    endloop
  endfacet
  facet normal 0 1 0
    outer loop
      vertex 74.1707534790039 8 13.519976615905762
      vertex 77.73406219482422 8 16.015033721923828
      vertex 78.06217956542969 8 15.5
    endloop
  endfacet
  facet normal 0 1 0
    outer loop
      vertex 69.04167175292969 8 18.344154357910156
      vertex 70.88005828857422 8 14.401715278625488
      vertex 68.5 8 18.062177658081055
    endloop
  endfacet
  facet normal 0 1 0
    outer loop
      vertex 74.29496765136719 8 13.324999809265137
      vertex 78.06217956542969 8 15.5
      vertex 78.34415435791016 8 14.958327293395996
    endloop
  endfacet
  facet normal 0 1 0
    outer loop
      vertex 70.67500305175781 8 14.294966697692871
      vertex 68.5 8 18.062177658081055
      vertex 70.88005828857422 8 14.401715278625488
    endloop
  endfacet
  facet normal 0 1 0
    outer loop
      vertex 68.5 8 18.062177658081055
      vertex 70.67500305175781 8 14.294966697692871
      vertex 67.9849624633789 8 17.73406410217285
    endloop
  endfacet
  facet normal 0 1 0
    outer loop
      vertex 72.61009216308594 8 18.97336196899414
      vertex 72.23096466064453 8 14.639915466308594
      vertex 72 8 14.649999618530273
    endloop
  endfacet
  facet normal 0 1 0
    outer loop
      vertex 73.21553802490234 8 18.893653869628906
      vertex 72.46016693115234 8 14.609740257263184
      vertex 72.23096466064453 8 14.639915466308594
    endloop
  endfacet
  facet normal 0 1 0
    outer loop
      vertex 73.81173706054688 8 18.7614803314209
      vertex 72.68586730957031 8 14.55970287322998
      vertex 72.46016693115234 8 14.609740257263184
    endloop
  endfacet
  facet normal 0 1 0
    outer loop
      vertex 74.3941421508789 8 18.57784652709961
      vertex 72.90635681152344 8 14.490184783935547
      vertex 72.68586730957031 8 14.55970287322998
    endloop
  endfacet
  facet normal 0 1 0
    outer loop
      vertex 74.95832824707031 8 18.344154357910156
      vertex 73.11993408203125 8 14.401715278625488
      vertex 72.90635681152344 8 14.490184783935547
    endloop
  endfacet
  facet normal 0 1 0
    outer loop
      vertex 74.40171813964844 8 13.119937896728516
      vertex 78.34415435791016 8 14.958327293395996
      vertex 78.57785034179688 8 14.394140243530273
    endloop
  endfacet
  facet normal 0 1 0
    outer loop
      vertex 75.5 8 18.062177658081055
      vertex 73.32499694824219 8 14.294966697692871
      vertex 73.11993408203125 8 14.401715278625488
    endloop
  endfacet
  facet normal 0 1 0
    outer loop
      vertex 76.0150375366211 8 17.73406410217285
      vertex 73.51997375488281 8 14.17075252532959
      vertex 73.32499694824219 8 14.294966697692871
    endloop
  endfacet
  facet normal 0 1 0
    outer loop
      vertex 76.49951171875 8 17.3623104095459
      vertex 73.70338439941406 8 14.030016899108887
      vertex 73.51997375488281 8 14.17075252532959
    endloop
  endfacet
  facet normal 0 1 0
    outer loop
      vertex 76.94974517822266 8 16.94974708557129
      vertex 73.87383270263672 8 13.873832702636719
      vertex 73.70338439941406 8 14.030016899108887
    endloop
  endfacet
  facet normal 0 1 0
    outer loop
      vertex 74.49018859863281 8 12.906352996826172
      vertex 78.57785034179688 8 14.394140243530273
      vertex 78.76148223876953 8 13.81173324584961
    endloop
  endfacet
  facet normal 0 1 0
    outer loop
      vertex 77.36231231689453 8 16.49951171875
      vertex 74.03001403808594 8 13.703386306762695
      vertex 73.87383270263672 8 13.873832702636719
    endloop
  endfacet
  facet normal 0 1 0
    outer loop
      vertex 77.73406219482422 8 16.015033721923828
      vertex 74.1707534790039 8 13.519976615905762
      vertex 74.03001403808594 8 13.703386306762695
    endloop
  endfacet
  facet normal 0 1 0
    outer loop
      vertex 78.06217956542969 8 15.5
      vertex 74.29496765136719 8 13.324999809265137
      vertex 74.1707534790039 8 13.519976615905762
    endloop
  endfacet
  facet normal 0 1 0
    outer loop
      vertex 74.55970001220703 8 12.685870170593262
      vertex 78.76148223876953 8 13.81173324584961
      vertex 78.8936538696289 8 13.215537071228027
    endloop
  endfacet
  facet normal 0 1 0
    outer loop
      vertex 78.34415435791016 8 14.958327293395996
      vertex 74.40171813964844 8 13.119937896728516
      vertex 74.29496765136719 8 13.324999809265137
    endloop
  endfacet
  facet normal 0 1 0
    outer loop
      vertex 78.57785034179688 8 14.394140243530273
      vertex 74.49018859863281 8 12.906352996826172
      vertex 74.40171813964844 8 13.119937896728516
    endloop
  endfacet
  facet normal 0 1 0
    outer loop
      vertex 78.76148223876953 8 13.81173324584961
      vertex 74.55970001220703 8 12.685870170593262
      vertex 74.49018859863281 8 12.906352996826172
    endloop
  endfacet
  facet normal 0 1 0
    outer loop
      vertex 74.6097412109375 8 12.460166931152344
      vertex 78.8936538696289 8 13.215537071228027
      vertex 78.97335815429688 8 12.610089302062988
    endloop
  endfacet
  facet normal 0 1 0
    outer loop
      vertex 78.8936538696289 8 13.215537071228027
      vertex 74.6097412109375 8 12.460166931152344
      vertex 74.55970001220703 8 12.685870170593262
    endloop
  endfacet
  facet normal 0 1 0
    outer loop
      vertex 78.97335815429688 8 12.610089302062988
      vertex 74.6399154663086 8 12.230961799621582
      vertex 74.6097412109375 8 12.460166931152344
    endloop
  endfacet
  facet normal 0 1 0
    outer loop
      vertex 79 8 12
      vertex 74.6399154663086 8 12.230961799621582
      vertex 78.97335815429688 8 12.610089302062988
    endloop
  endfacet
  facet normal 0 1 0
    outer loop
      vertex 79 8 12
      vertex 74.6500015258789 8 12
      vertex 74.6399154663086 8 12.230961799621582
    endloop
  endfacet
  facet normal 0 1 0
    outer loop
      vertex 79 8 12
      vertex 74.6399154663086 8 11.769037246704102
      vertex 74.6500015258789 8 12
    endloop
  endfacet
  facet normal 0 1 0
    outer loop
      vertex 79 8 11.5
      vertex 74.6399154663086 8 11.769037246704102
      vertex 79 8 12
    endloop
  endfacet
  facet normal 0 1 0
    outer loop
      vertex 74.6399154663086 8 11.769037246704102
      vertex 79 8 11.5
      vertex 74.6097412109375 8 11.53983211517334
    endloop
  endfacet
  facet normal 0 1 0
    outer loop
      vertex 74.6097412109375 8 11.53983211517334
      vertex 79 8 11.5
      vertex 74.55970001220703 8 11.314128875732422
    endloop
  endfacet
  facet normal 0 1 0
    outer loop
      vertex 70.48002624511719 8 14.17075252532959
      vertex 67.9849624633789 8 17.73406410217285
      vertex 70.67500305175781 8 14.294966697692871
    endloop
  endfacet
  facet normal 0 1 0
    outer loop
      vertex 67.9849624633789 8 17.73406410217285
      vertex 70.48002624511719 8 14.17075252532959
      vertex 67.50048828125 8 17.3623104095459
    endloop
  endfacet
  facet normal 0 1 0
    outer loop
      vertex 70.29661560058594 8 14.030016899108887
      vertex 67.50048828125 8 17.3623104095459
      vertex 70.48002624511719 8 14.17075252532959
    endloop
  endfacet
  facet normal 0 1 0
    outer loop
      vertex 67.50048828125 8 17.3623104095459
      vertex 70.29661560058594 8 14.030016899108887
      vertex 67.05025482177734 8 16.94974708557129
    endloop
  endfacet
  facet normal 0 1 0
    outer loop
      vertex 70.12616729736328 8 13.873832702636719
      vertex 67.05025482177734 8 16.94974708557129
      vertex 70.29661560058594 8 14.030016899108887
    endloop
  endfacet
  facet normal 0 1 0
    outer loop
      vertex 67.05025482177734 8 16.94974708557129
      vertex 70.12616729736328 8 13.873832702636719
      vertex 66.63768768310547 8 16.49951171875
    endloop
  endfacet
  facet normal 0 1 0
    outer loop
      vertex 69.96998596191406 8 13.703386306762695
      vertex 66.63768768310547 8 16.49951171875
      vertex 70.12616729736328 8 13.873832702636719
    endloop
  endfacet
  facet normal 0 1 0
    outer loop
      vertex 66.63768768310547 8 16.49951171875
      vertex 69.96998596191406 8 13.703386306762695
      vertex 66.26593780517578 8 16.015033721923828
    endloop
  endfacet
  facet normal 0 1 0
    outer loop
      vertex 69.8292465209961 8 13.519976615905762
      vertex 66.26593780517578 8 16.015033721923828
      vertex 69.96998596191406 8 13.703386306762695
    endloop
  endfacet
  facet normal 0 1 0
    outer loop
      vertex 66.26593780517578 8 16.015033721923828
      vertex 69.8292465209961 8 13.519976615905762
      vertex 65.93782043457031 8 15.5
    endloop
  endfacet
  facet normal 0 1 0
    outer loop
      vertex 69.70503234863281 8 13.324999809265137
      vertex 65.93782043457031 8 15.5
      vertex 69.8292465209961 8 13.519976615905762
    endloop
  endfacet
  facet normal 0 1 0
    outer loop
      vertex 65.93782043457031 8 15.5
      vertex 69.70503234863281 8 13.324999809265137
      vertex 65.65584564208984 8 14.958327293395996
    endloop
  endfacet
  facet normal 0 1 0
    outer loop
      vertex 69.59828186035156 8 13.119937896728516
      vertex 65.65584564208984 8 14.958327293395996
      vertex 69.70503234863281 8 13.324999809265137
    endloop
  endfacet
  facet normal 0 1 0
    outer loop
      vertex 65.65584564208984 8 14.958327293395996
      vertex 69.59828186035156 8 13.119937896728516
      vertex 65.42214965820312 8 14.394140243530273
    endloop
  endfacet
  facet normal 0 1 0
    outer loop
      vertex 69.50981140136719 8 12.906352996826172
      vertex 65.42214965820312 8 14.394140243530273
      vertex 69.59828186035156 8 13.119937896728516
    endloop
  endfacet
  facet normal 0 1 0
    outer loop
      vertex 65.42214965820312 8 14.394140243530273
      vertex 69.50981140136719 8 12.906352996826172
      vertex 65.23851776123047 8 13.81173324584961
    endloop
  endfacet
  facet normal 0 1 0
    outer loop
      vertex 69.44029235839844 8 12.685870170593262
      vertex 65.23851776123047 8 13.81173324584961
      vertex 69.50981140136719 8 12.906352996826172
    endloop
  endfacet
  facet normal 0 1 0
    outer loop
      vertex 65.23851776123047 8 13.81173324584961
      vertex 69.44029235839844 8 12.685870170593262
      vertex 65.1063461303711 8 13.215537071228027
    endloop
  endfacet
  facet normal 0 1 0
    outer loop
      vertex 69.3902587890625 8 12.460166931152344
      vertex 65.1063461303711 8 13.215537071228027
      vertex 69.44029235839844 8 12.685870170593262
    endloop
  endfacet
  facet normal 0 1 0
    outer loop
      vertex 65.1063461303711 8 13.215537071228027
      vertex 69.3902587890625 8 12.460166931152344
      vertex 65.0266342163086 8 12.610089302062988
    endloop
  endfacet
  facet normal 0 1 0
    outer loop
      vertex 69.3600845336914 8 12.230961799621582
      vertex 65.0266342163086 8 12.610089302062988
      vertex 69.3902587890625 8 12.460166931152344
    endloop
  endfacet
  facet normal 0 1 0
    outer loop
      vertex 69.3499984741211 8 12
      vertex 65.0266342163086 8 12.610089302062988
      vertex 69.3600845336914 8 12.230961799621582
    endloop
  endfacet
  facet normal 0 1 0
    outer loop
      vertex 69.3499984741211 8 12
      vertex 65 8 12
      vertex 65.0266342163086 8 12.610089302062988
    endloop
  endfacet
  facet normal 0 1 0
    outer loop
      vertex 69.3600845336914 8 11.769037246704102
      vertex 65 8 12
      vertex 69.3499984741211 8 12
    endloop
  endfacet
  facet normal 0 1 0
    outer loop
      vertex 65 8 11.5
      vertex 69.3600845336914 8 11.769037246704102
      vertex 69.3902587890625 8 11.53983211517334
    endloop
  endfacet
  facet normal 0 1 0
    outer loop
      vertex 69.3600845336914 8 11.769037246704102
      vertex 65 8 11.5
      vertex 65 8 12
    endloop
  endfacet
  facet normal 0 1 0
    outer loop
      vertex 69.44029235839844 8 11.314128875732422
      vertex 65 8 11.5
      vertex 69.3902587890625 8 11.53983211517334
    endloop
  endfacet
  facet normal 0 1 0
    outer loop
      vertex 69.50981140136719 8 11.093646049499512
      vertex 65 8 11.5
      vertex 69.44029235839844 8 11.314128875732422
    endloop
  endfacet
  facet normal 0 1 0
    outer loop
      vertex 69.59828186035156 8 10.880061149597168
      vertex 65 8 11.5
      vertex 69.50981140136719 8 11.093646049499512
    endloop
  endfacet
  facet normal 0 1 0
    outer loop
      vertex 69.70503234863281 8 10.674999237060547
      vertex 65 8 11.5
      vertex 69.59828186035156 8 10.880061149597168
    endloop
  endfacet
  facet normal 0 1 0
    outer loop
      vertex 69.8292465209961 8 10.480022430419922
      vertex 65 8 11.5
      vertex 69.70503234863281 8 10.674999237060547
    endloop
  endfacet
  facet normal 0 1 0
    outer loop
      vertex 69.96998596191406 8 10.296612739562988
      vertex 65 8 11.5
      vertex 69.8292465209961 8 10.480022430419922
    endloop
  endfacet
  facet normal 0 1 0
    outer loop
      vertex 70.12616729736328 8 10.126166343688965
      vertex 65 8 11.5
      vertex 69.96998596191406 8 10.296612739562988
    endloop
  endfacet
  facet normal 0 1 0
    outer loop
      vertex 70.29661560058594 8 9.969982147216797
      vertex 65 8 11.5
      vertex 70.12616729736328 8 10.126166343688965
    endloop
  endfacet
  facet normal 0 1 0
    outer loop
      vertex 70.48002624511719 8 9.829246520996094
      vertex 65 8 11.5
      vertex 70.29661560058594 8 9.969982147216797
    endloop
  endfacet
  facet normal 0 1 0
    outer loop
      vertex 70.67500305175781 8 9.705032348632812
      vertex 65 8 11.5
      vertex 70.48002624511719 8 9.829246520996094
    endloop
  endfacet
  facet normal 0 1 0
    outer loop
      vertex 65 8 11.5
      vertex 70.67500305175781 8 9.705032348632812
      vertex 48 8 1.7999992370605469
    endloop
  endfacet
  facet normal 0 1 0
    outer loop
      vertex 48 8 1.7999992370605469
      vertex 70.67500305175781 8 9.705032348632812
      vertex 70.88005828857422 8 9.598283767700195
    endloop
  endfacet
  facet normal 0 1 0
    outer loop
      vertex 48 8 1.7999992370605469
      vertex 70.88005828857422 8 9.598283767700195
      vertex 71.09364318847656 8 9.509814262390137
    endloop
  endfacet
  facet normal 0 1 0
    outer loop
      vertex 48 8 1.7999992370605469
      vertex 71.09364318847656 8 9.509814262390137
      vertex 71.31413269042969 8 9.440296173095703
    endloop
  endfacet
  facet normal 0 1 0
    outer loop
      vertex 82 8 1.7999992370605469
      vertex 71.31413269042969 8 9.440296173095703
      vertex 71.53983306884766 8 9.3902587890625
    endloop
  endfacet
  facet normal 0 1 0
    outer loop
      vertex 82 8 1.7999992370605469
      vertex 71.53983306884766 8 9.3902587890625
      vertex 71.76903533935547 8 9.36008358001709
    endloop
  endfacet
  facet normal 0 1 0
    outer loop
      vertex 72.46016693115234 8 9.3902587890625
      vertex 82 8 1.7999992370605469
      vertex 72.23096466064453 8 9.36008358001709
    endloop
  endfacet
  facet normal 0 1 0
    outer loop
      vertex 72.23096466064453 8 9.36008358001709
      vertex 82 8 1.7999992370605469
      vertex 72 8 9.34999942779541
    endloop
  endfacet
  facet normal 0 1 0
    outer loop
      vertex 72 8 9.34999942779541
      vertex 82 8 1.7999992370605469
      vertex 71.76903533935547 8 9.36008358001709
    endloop
  endfacet
  facet normal 0 1 0
    outer loop
      vertex 71.31413269042969 8 9.440296173095703
      vertex 82 8 1.7999992370605469
      vertex 48 8 1.7999992370605469
    endloop
  endfacet
  facet normal 0 1 0
    outer loop
      vertex 65 8 11.5
      vertex 48 8 1.7999992370605469
      vertex 48 8 11.5
    endloop
  endfacet
  facet normal 0 -1 0
    outer loop
      vertex 48 -8 1.7999992370605469
      vertex 65 -8 11.5
      vertex 48 -8 11.5
    endloop
  endfacet
  facet normal 0 -1 0
    outer loop
      vertex 65 -8 11.5
      vertex 69.50981140136719 -8 11.093646049499512
      vertex 69.44029235839844 -8 11.314128875732422
    endloop
  endfacet
  facet normal 0 -1 0
    outer loop
      vertex 70.67500305175781 -8 9.705032348632812
      vertex 65 -8 11.5
      vertex 48 -8 1.7999992370605469
    endloop
  endfacet
  facet normal 0 -1 0
    outer loop
      vertex 65 -8 11.5
      vertex 69.59828186035156 -8 10.880061149597168
      vertex 69.50981140136719 -8 11.093646049499512
    endloop
  endfacet
  facet normal 0 -1 0
    outer loop
      vertex 65 -8 11.5
      vertex 69.70503234863281 -8 10.674999237060547
      vertex 69.59828186035156 -8 10.880061149597168
    endloop
  endfacet
  facet normal 0 -1 0
    outer loop
      vertex 65 -8 11.5
      vertex 69.8292465209961 -8 10.480022430419922
      vertex 69.70503234863281 -8 10.674999237060547
    endloop
  endfacet
  facet normal 0 -1 0
    outer loop
      vertex 65 -8 11.5
      vertex 69.96998596191406 -8 10.296612739562988
      vertex 69.8292465209961 -8 10.480022430419922
    endloop
  endfacet
  facet normal 0 -1 0
    outer loop
      vertex 65 -8 11.5
      vertex 70.12616729736328 -8 10.126166343688965
      vertex 69.96998596191406 -8 10.296612739562988
    endloop
  endfacet
  facet normal 0 -1 0
    outer loop
      vertex 65 -8 11.5
      vertex 70.29661560058594 -8 9.969982147216797
      vertex 70.12616729736328 -8 10.126166343688965
    endloop
  endfacet
  facet normal 0 -1 0
    outer loop
      vertex 65 -8 11.5
      vertex 70.48002624511719 -8 9.829246520996094
      vertex 70.29661560058594 -8 9.969982147216797
    endloop
  endfacet
  facet normal 0 -1 0
    outer loop
      vertex 65 -8 11.5
      vertex 70.67500305175781 -8 9.705032348632812
      vertex 70.48002624511719 -8 9.829246520996094
    endloop
  endfacet
  facet normal 0 -1 0
    outer loop
      vertex 70.67500305175781 -8 9.705032348632812
      vertex 48 -8 1.7999992370605469
      vertex 70.88005828857422 -8 9.598283767700195
    endloop
  endfacet
  facet normal 0 -1 0
    outer loop
      vertex 70.88005828857422 -8 9.598283767700195
      vertex 48 -8 1.7999992370605469
      vertex 71.09364318847656 -8 9.509814262390137
    endloop
  endfacet
  facet normal 0 -1 0
    outer loop
      vertex 71.09364318847656 -8 9.509814262390137
      vertex 48 -8 1.7999992370605469
      vertex 71.31413269042969 -8 9.440296173095703
    endloop
  endfacet
  facet normal 0 -1 0
    outer loop
      vertex 82 -8 1.7999992370605469
      vertex 71.31413269042969 -8 9.440296173095703
      vertex 48 -8 1.7999992370605469
    endloop
  endfacet
  facet normal 0 -1 0
    outer loop
      vertex 82 -8 1.7999992370605469
      vertex 72 -8 9.34999942779541
      vertex 71.76903533935547 -8 9.36008358001709
    endloop
  endfacet
  facet normal 0 -1 0
    outer loop
      vertex 71.31413269042969 -8 9.440296173095703
      vertex 82 -8 1.7999992370605469
      vertex 71.53983306884766 -8 9.3902587890625
    endloop
  endfacet
  facet normal 0 -1 0
    outer loop
      vertex 71.53983306884766 -8 9.3902587890625
      vertex 82 -8 1.7999992370605469
      vertex 71.76903533935547 -8 9.36008358001709
    endloop
  endfacet
  facet normal 0 -1 0
    outer loop
      vertex 72 -8 9.34999942779541
      vertex 82 -8 1.7999992370605469
      vertex 82 -8 3
    endloop
  endfacet
  facet normal 0 -1 0
    outer loop
      vertex 72 -8 14.649999618530273
      vertex 72 -8 19
      vertex 71.38990783691406 -8 18.97336196899414
    endloop
  endfacet
  facet normal 0 -1 0
    outer loop
      vertex 71.76903533935547 -8 14.639915466308594
      vertex 71.38990783691406 -8 18.97336196899414
      vertex 70.78446197509766 -8 18.893653869628906
    endloop
  endfacet
  facet normal 0 -1 0
    outer loop
      vertex 72 -8 19
      vertex 72 -8 14.649999618530273
      vertex 72.61009216308594 -8 18.97336196899414
    endloop
  endfacet
  facet normal 0 -1 0
    outer loop
      vertex 71.53983306884766 -8 14.609740257263184
      vertex 70.78446197509766 -8 18.893653869628906
      vertex 70.18826293945312 -8 18.7614803314209
    endloop
  endfacet
  facet normal 0 -1 0
    outer loop
      vertex 72.23096466064453 -8 14.639915466308594
      vertex 72.61009216308594 -8 18.97336196899414
      vertex 72 -8 14.649999618530273
    endloop
  endfacet
  facet normal 0 -1 0
    outer loop
      vertex 71.31413269042969 -8 14.55970287322998
      vertex 70.18826293945312 -8 18.7614803314209
      vertex 69.6058578491211 -8 18.57784652709961
    endloop
  endfacet
  facet normal 0 -1 0
    outer loop
      vertex 72.61009216308594 -8 18.97336196899414
      vertex 72.23096466064453 -8 14.639915466308594
      vertex 73.21553802490234 -8 18.893653869628906
    endloop
  endfacet
  facet normal 0 -1 0
    outer loop
      vertex 71.09364318847656 -8 14.490184783935547
      vertex 69.6058578491211 -8 18.57784652709961
      vertex 69.04167175292969 -8 18.344154357910156
    endloop
  endfacet
  facet normal 0 -1 0
    outer loop
      vertex 72.46016693115234 -8 14.609740257263184
      vertex 73.21553802490234 -8 18.893653869628906
      vertex 72.23096466064453 -8 14.639915466308594
    endloop
  endfacet
  facet normal 0 -1 0
    outer loop
      vertex 70.88005828857422 -8 14.401715278625488
      vertex 69.04167175292969 -8 18.344154357910156
      vertex 68.5 -8 18.062177658081055
    endloop
  endfacet
  facet normal 0 -1 0
    outer loop
      vertex 73.21553802490234 -8 18.893653869628906
      vertex 72.46016693115234 -8 14.609740257263184
      vertex 73.81173706054688 -8 18.7614803314209
    endloop
  endfacet
  facet normal 0 -1 0
    outer loop
      vertex 70.67500305175781 -8 14.294966697692871
      vertex 68.5 -8 18.062177658081055
      vertex 67.9849624633789 -8 17.73406410217285
    endloop
  endfacet
  facet normal 0 -1 0
    outer loop
      vertex 72.68586730957031 -8 14.55970287322998
      vertex 73.81173706054688 -8 18.7614803314209
      vertex 72.46016693115234 -8 14.609740257263184
    endloop
  endfacet
  facet normal 0 -1 0
    outer loop
      vertex 70.48002624511719 -8 14.17075252532959
      vertex 67.9849624633789 -8 17.73406410217285
      vertex 67.50048828125 -8 17.3623104095459
    endloop
  endfacet
  facet normal 0 -1 0
    outer loop
      vertex 73.81173706054688 -8 18.7614803314209
      vertex 72.68586730957031 -8 14.55970287322998
      vertex 74.3941421508789 -8 18.57784652709961
    endloop
  endfacet
  facet normal 0 -1 0
    outer loop
      vertex 70.29661560058594 -8 14.030016899108887
      vertex 67.50048828125 -8 17.3623104095459
      vertex 67.05025482177734 -8 16.94974708557129
    endloop
  endfacet
  facet normal 0 -1 0
    outer loop
      vertex 72.90635681152344 -8 14.490184783935547
      vertex 74.3941421508789 -8 18.57784652709961
      vertex 72.68586730957031 -8 14.55970287322998
    endloop
  endfacet
  facet normal 0 -1 0
    outer loop
      vertex 70.12616729736328 -8 13.873832702636719
      vertex 67.05025482177734 -8 16.94974708557129
      vertex 66.63768768310547 -8 16.49951171875
    endloop
  endfacet
  facet normal 0 -1 0
    outer loop
      vertex 74.3941421508789 -8 18.57784652709961
      vertex 72.90635681152344 -8 14.490184783935547
      vertex 74.95832824707031 -8 18.344154357910156
    endloop
  endfacet
  facet normal 0 -1 0
    outer loop
      vertex 69.96998596191406 -8 13.703386306762695
      vertex 66.63768768310547 -8 16.49951171875
      vertex 66.26593780517578 -8 16.015033721923828
    endloop
  endfacet
  facet normal 0 -1 0
    outer loop
      vertex 73.11993408203125 -8 14.401715278625488
      vertex 74.95832824707031 -8 18.344154357910156
      vertex 72.90635681152344 -8 14.490184783935547
    endloop
  endfacet
  facet normal 0 -1 0
    outer loop
      vertex 69.8292465209961 -8 13.519976615905762
      vertex 66.26593780517578 -8 16.015033721923828
      vertex 65.93782043457031 -8 15.5
    endloop
  endfacet
  facet normal 0 -1 0
    outer loop
      vertex 74.95832824707031 -8 18.344154357910156
      vertex 73.11993408203125 -8 14.401715278625488
      vertex 75.5 -8 18.062177658081055
    endloop
  endfacet
  facet normal 0 -1 0
    outer loop
      vertex 69.70503234863281 -8 13.324999809265137
      vertex 65.93782043457031 -8 15.5
      vertex 65.65584564208984 -8 14.958327293395996
    endloop
  endfacet
  facet normal 0 -1 0
    outer loop
      vertex 73.32499694824219 -8 14.294966697692871
      vertex 75.5 -8 18.062177658081055
      vertex 73.11993408203125 -8 14.401715278625488
    endloop
  endfacet
  facet normal 0 -1 0
    outer loop
      vertex 75.5 -8 18.062177658081055
      vertex 73.32499694824219 -8 14.294966697692871
      vertex 76.0150375366211 -8 17.73406410217285
    endloop
  endfacet
  facet normal 0 -1 0
    outer loop
      vertex 71.38990783691406 -8 18.97336196899414
      vertex 71.76903533935547 -8 14.639915466308594
      vertex 72 -8 14.649999618530273
    endloop
  endfacet
  facet normal 0 -1 0
    outer loop
      vertex 70.78446197509766 -8 18.893653869628906
      vertex 71.53983306884766 -8 14.609740257263184
      vertex 71.76903533935547 -8 14.639915466308594
    endloop
  endfacet
  facet normal 0 -1 0
    outer loop
      vertex 70.18826293945312 -8 18.7614803314209
      vertex 71.31413269042969 -8 14.55970287322998
      vertex 71.53983306884766 -8 14.609740257263184
    endloop
  endfacet
  facet normal 0 -1 0
    outer loop
      vertex 69.6058578491211 -8 18.57784652709961
      vertex 71.09364318847656 -8 14.490184783935547
      vertex 71.31413269042969 -8 14.55970287322998
    endloop
  endfacet
  facet normal 0 -1 0
    outer loop
      vertex 69.04167175292969 -8 18.344154357910156
      vertex 70.88005828857422 -8 14.401715278625488
      vertex 71.09364318847656 -8 14.490184783935547
    endloop
  endfacet
  facet normal 0 -1 0
    outer loop
      vertex 69.59828186035156 -8 13.119937896728516
      vertex 65.65584564208984 -8 14.958327293395996
      vertex 65.42214965820312 -8 14.394140243530273
    endloop
  endfacet
  facet normal 0 -1 0
    outer loop
      vertex 68.5 -8 18.062177658081055
      vertex 70.67500305175781 -8 14.294966697692871
      vertex 70.88005828857422 -8 14.401715278625488
    endloop
  endfacet
  facet normal 0 -1 0
    outer loop
      vertex 67.9849624633789 -8 17.73406410217285
      vertex 70.48002624511719 -8 14.17075252532959
      vertex 70.67500305175781 -8 14.294966697692871
    endloop
  endfacet
  facet normal 0 -1 0
    outer loop
      vertex 67.50048828125 -8 17.3623104095459
      vertex 70.29661560058594 -8 14.030016899108887
      vertex 70.48002624511719 -8 14.17075252532959
    endloop
  endfacet
  facet normal 0 -1 0
    outer loop
      vertex 67.05025482177734 -8 16.94974708557129
      vertex 70.12616729736328 -8 13.873832702636719
      vertex 70.29661560058594 -8 14.030016899108887
    endloop
  endfacet
  facet normal 0 -1 0
    outer loop
      vertex 69.50981140136719 -8 12.906352996826172
      vertex 65.42214965820312 -8 14.394140243530273
      vertex 65.23851776123047 -8 13.81173324584961
    endloop
  endfacet
  facet normal 0 -1 0
    outer loop
      vertex 66.63768768310547 -8 16.49951171875
      vertex 69.96998596191406 -8 13.703386306762695
      vertex 70.12616729736328 -8 13.873832702636719
    endloop
  endfacet
  facet normal 0 -1 0
    outer loop
      vertex 66.26593780517578 -8 16.015033721923828
      vertex 69.8292465209961 -8 13.519976615905762
      vertex 69.96998596191406 -8 13.703386306762695
    endloop
  endfacet
  facet normal 0 -1 0
    outer loop
      vertex 65.93782043457031 -8 15.5
      vertex 69.70503234863281 -8 13.324999809265137
      vertex 69.8292465209961 -8 13.519976615905762
    endloop
  endfacet
  facet normal 0 -1 0
    outer loop
      vertex 69.44029235839844 -8 12.685870170593262
      vertex 65.23851776123047 -8 13.81173324584961
      vertex 65.1063461303711 -8 13.215537071228027
    endloop
  endfacet
  facet normal 0 -1 0
    outer loop
      vertex 65.65584564208984 -8 14.958327293395996
      vertex 69.59828186035156 -8 13.119937896728516
      vertex 69.70503234863281 -8 13.324999809265137
    endloop
  endfacet
  facet normal 0 -1 0
    outer loop
      vertex 65.42214965820312 -8 14.394140243530273
      vertex 69.50981140136719 -8 12.906352996826172
      vertex 69.59828186035156 -8 13.119937896728516
    endloop
  endfacet
  facet normal 0 -1 0
    outer loop
      vertex 65.23851776123047 -8 13.81173324584961
      vertex 69.44029235839844 -8 12.685870170593262
      vertex 69.50981140136719 -8 12.906352996826172
    endloop
  endfacet
  facet normal 0 -1 0
    outer loop
      vertex 69.3902587890625 -8 12.460166931152344
      vertex 65.1063461303711 -8 13.215537071228027
      vertex 65.0266342163086 -8 12.610089302062988
    endloop
  endfacet
  facet normal 0 -1 0
    outer loop
      vertex 65.1063461303711 -8 13.215537071228027
      vertex 69.3902587890625 -8 12.460166931152344
      vertex 69.44029235839844 -8 12.685870170593262
    endloop
  endfacet
  facet normal 0 -1 0
    outer loop
      vertex 65.0266342163086 -8 12.610089302062988
      vertex 69.3600845336914 -8 12.230961799621582
      vertex 69.3902587890625 -8 12.460166931152344
    endloop
  endfacet
  facet normal 0 -1 0
    outer loop
      vertex 65 -8 12
      vertex 69.3600845336914 -8 12.230961799621582
      vertex 65.0266342163086 -8 12.610089302062988
    endloop
  endfacet
  facet normal 0 -1 0
    outer loop
      vertex 65 -8 12
      vertex 69.3499984741211 -8 12
      vertex 69.3600845336914 -8 12.230961799621582
    endloop
  endfacet
  facet normal 0 -1 0
    outer loop
      vertex 65 -8 12
      vertex 69.3600845336914 -8 11.769037246704102
      vertex 69.3499984741211 -8 12
    endloop
  endfacet
  facet normal 0 -1 0
    outer loop
      vertex 65 -8 11.5
      vertex 69.3600845336914 -8 11.769037246704102
      vertex 65 -8 12
    endloop
  endfacet
  facet normal 0 -1 0
    outer loop
      vertex 69.3600845336914 -8 11.769037246704102
      vertex 65 -8 11.5
      vertex 69.3902587890625 -8 11.53983211517334
    endloop
  endfacet
  facet normal 0 -1 0
    outer loop
      vertex 69.3902587890625 -8 11.53983211517334
      vertex 65 -8 11.5
      vertex 69.44029235839844 -8 11.314128875732422
    endloop
  endfacet
  facet normal 0 -1 0
    outer loop
      vertex 73.51997375488281 -8 14.17075252532959
      vertex 76.0150375366211 -8 17.73406410217285
      vertex 73.32499694824219 -8 14.294966697692871
    endloop
  endfacet
  facet normal 0 -1 0
    outer loop
      vertex 76.0150375366211 -8 17.73406410217285
      vertex 73.51997375488281 -8 14.17075252532959
      vertex 76.49951171875 -8 17.3623104095459
    endloop
  endfacet
  facet normal 0 -1 0
    outer loop
      vertex 73.70338439941406 -8 14.030016899108887
      vertex 76.49951171875 -8 17.3623104095459
      vertex 73.51997375488281 -8 14.17075252532959
    endloop
  endfacet
  facet normal 0 -1 0
    outer loop
      vertex 76.49951171875 -8 17.3623104095459
      vertex 73.70338439941406 -8 14.030016899108887
      vertex 76.94974517822266 -8 16.94974708557129
    endloop
  endfacet
  facet normal 0 -1 0
    outer loop
      vertex 73.87383270263672 -8 13.873832702636719
      vertex 76.94974517822266 -8 16.94974708557129
      vertex 73.70338439941406 -8 14.030016899108887
    endloop
  endfacet
  facet normal 0 -1 0
    outer loop
      vertex 76.94974517822266 -8 16.94974708557129
      vertex 73.87383270263672 -8 13.873832702636719
      vertex 77.36231231689453 -8 16.49951171875
    endloop
  endfacet
  facet normal 0 -1 0
    outer loop
      vertex 74.03001403808594 -8 13.703386306762695
      vertex 77.36231231689453 -8 16.49951171875
      vertex 73.87383270263672 -8 13.873832702636719
    endloop
  endfacet
  facet normal 0 -1 0
    outer loop
      vertex 77.36231231689453 -8 16.49951171875
      vertex 74.03001403808594 -8 13.703386306762695
      vertex 77.73406219482422 -8 16.015033721923828
    endloop
  endfacet
  facet normal 0 -1 0
    outer loop
      vertex 74.1707534790039 -8 13.519976615905762
      vertex 77.73406219482422 -8 16.015033721923828
      vertex 74.03001403808594 -8 13.703386306762695
    endloop
  endfacet
  facet normal 0 -1 0
    outer loop
      vertex 77.73406219482422 -8 16.015033721923828
      vertex 74.1707534790039 -8 13.519976615905762
      vertex 78.06217956542969 -8 15.5
    endloop
  endfacet
  facet normal 0 -1 0
    outer loop
      vertex 74.29496765136719 -8 13.324999809265137
      vertex 78.06217956542969 -8 15.5
      vertex 74.1707534790039 -8 13.519976615905762
    endloop
  endfacet
  facet normal 0 -1 0
    outer loop
      vertex 78.06217956542969 -8 15.5
      vertex 74.29496765136719 -8 13.324999809265137
      vertex 78.34415435791016 -8 14.958327293395996
    endloop
  endfacet
  facet normal 0 -1 0
    outer loop
      vertex 74.40171813964844 -8 13.119937896728516
      vertex 78.34415435791016 -8 14.958327293395996
      vertex 74.29496765136719 -8 13.324999809265137
    endloop
  endfacet
  facet normal 0 -1 0
    outer loop
      vertex 78.34415435791016 -8 14.958327293395996
      vertex 74.40171813964844 -8 13.119937896728516
      vertex 78.57785034179688 -8 14.394140243530273
    endloop
  endfacet
  facet normal 0 -1 0
    outer loop
      vertex 74.49018859863281 -8 12.906352996826172
      vertex 78.57785034179688 -8 14.394140243530273
      vertex 74.40171813964844 -8 13.119937896728516
    endloop
  endfacet
  facet normal 0 -1 0
    outer loop
      vertex 78.57785034179688 -8 14.394140243530273
      vertex 74.49018859863281 -8 12.906352996826172
      vertex 78.76148223876953 -8 13.81173324584961
    endloop
  endfacet
  facet normal 0 -1 0
    outer loop
      vertex 74.55970001220703 -8 12.685870170593262
      vertex 78.76148223876953 -8 13.81173324584961
      vertex 74.49018859863281 -8 12.906352996826172
    endloop
  endfacet
  facet normal 0 -1 0
    outer loop
      vertex 78.76148223876953 -8 13.81173324584961
      vertex 74.55970001220703 -8 12.685870170593262
      vertex 78.8936538696289 -8 13.215537071228027
    endloop
  endfacet
  facet normal 0 -1 0
    outer loop
      vertex 74.6097412109375 -8 12.460166931152344
      vertex 78.8936538696289 -8 13.215537071228027
      vertex 74.55970001220703 -8 12.685870170593262
    endloop
  endfacet
  facet normal 0 -1 0
    outer loop
      vertex 78.8936538696289 -8 13.215537071228027
      vertex 74.6097412109375 -8 12.460166931152344
      vertex 78.97335815429688 -8 12.610089302062988
    endloop
  endfacet
  facet normal 0 -1 0
    outer loop
      vertex 74.6399154663086 -8 12.230961799621582
      vertex 78.97335815429688 -8 12.610089302062988
      vertex 74.6097412109375 -8 12.460166931152344
    endloop
  endfacet
  facet normal 0 -1 0
    outer loop
      vertex 74.6500015258789 -8 12
      vertex 78.97335815429688 -8 12.610089302062988
      vertex 74.6399154663086 -8 12.230961799621582
    endloop
  endfacet
  facet normal 0 -1 0
    outer loop
      vertex 74.6500015258789 -8 12
      vertex 79 -8 12
      vertex 78.97335815429688 -8 12.610089302062988
    endloop
  endfacet
  facet normal 0 -1 0
    outer loop
      vertex 74.6399154663086 -8 11.769037246704102
      vertex 79 -8 12
      vertex 74.6500015258789 -8 12
    endloop
  endfacet
  facet normal 0 -1 0
    outer loop
      vertex 79 -8 11.5
      vertex 74.6399154663086 -8 11.769037246704102
      vertex 74.6097412109375 -8 11.53983211517334
    endloop
  endfacet
  facet normal 0 -1 0
    outer loop
      vertex 74.6399154663086 -8 11.769037246704102
      vertex 79 -8 11.5
      vertex 79 -8 12
    endloop
  endfacet
  facet normal 0 -1 0
    outer loop
      vertex 74.49018859863281 -8 11.093646049499512
      vertex 79 -8 11.5
      vertex 74.55970001220703 -8 11.314128875732422
    endloop
  endfacet
  facet normal 0 -1 0
    outer loop
      vertex 74.55970001220703 -8 11.314128875732422
      vertex 79 -8 11.5
      vertex 74.6097412109375 -8 11.53983211517334
    endloop
  endfacet
  facet normal 0 -1 0
    outer loop
      vertex 82 -8 11.5
      vertex 102 -8 15
      vertex 82 -8 15
    endloop
  endfacet
  facet normal 0 -1 0
    outer loop
      vertex 74.40171813964844 -8 10.880061149597168
      vertex 79 -8 11.5
      vertex 74.49018859863281 -8 11.093646049499512
    endloop
  endfacet
  facet normal 0 -1 0
    outer loop
      vertex 74.29496765136719 -8 10.674999237060547
      vertex 79 -8 11.5
      vertex 74.40171813964844 -8 10.880061149597168
    endloop
  endfacet
  facet normal 0 -1 0
    outer loop
      vertex 74.1707534790039 -8 10.480022430419922
      vertex 79 -8 11.5
      vertex 74.29496765136719 -8 10.674999237060547
    endloop
  endfacet
  facet normal 0 -1 0
    outer loop
      vertex 74.03001403808594 -8 10.296612739562988
      vertex 79 -8 11.5
      vertex 74.1707534790039 -8 10.480022430419922
    endloop
  endfacet
  facet normal 0 -1 0
    outer loop
      vertex 73.87383270263672 -8 10.126166343688965
      vertex 79 -8 11.5
      vertex 74.03001403808594 -8 10.296612739562988
    endloop
  endfacet
  facet normal 0 -1 0
    outer loop
      vertex 79 -8 11.5
      vertex 73.87383270263672 -8 10.126166343688965
      vertex 82 -8 3
    endloop
  endfacet
  facet normal 0 -1 0
    outer loop
      vertex 82 -8 3
      vertex 73.87383270263672 -8 10.126166343688965
      vertex 73.70338439941406 -8 9.969982147216797
    endloop
  endfacet
  facet normal 0 -1 0
    outer loop
      vertex 79 -8 11.5
      vertex 82 -8 3
      vertex 82 -8 11.5
    endloop
  endfacet
  facet normal 0 -1 0
    outer loop
      vertex 82 -8 3
      vertex 73.70338439941406 -8 9.969982147216797
      vertex 73.51997375488281 -8 9.829246520996094
    endloop
  endfacet
  facet normal 0 -1 0
    outer loop
      vertex 82 -8 3
      vertex 73.51997375488281 -8 9.829246520996094
      vertex 73.32499694824219 -8 9.705032348632812
    endloop
  endfacet
  facet normal 0 -1 0
    outer loop
      vertex 82 -8 3
      vertex 73.32499694824219 -8 9.705032348632812
      vertex 73.11993408203125 -8 9.598283767700195
    endloop
  endfacet
  facet normal 0 -1 0
    outer loop
      vertex 82 -8 3
      vertex 73.11993408203125 -8 9.598283767700195
      vertex 72.90635681152344 -8 9.509814262390137
    endloop
  endfacet
  facet normal 0 -1 0
    outer loop
      vertex 82 -8 3
      vertex 72.90635681152344 -8 9.509814262390137
      vertex 72.68586730957031 -8 9.440296173095703
    endloop
  endfacet
  facet normal 0 -1 0
    outer loop
      vertex 82 -8 3
      vertex 72.68586730957031 -8 9.440296173095703
      vertex 72.46016693115234 -8 9.3902587890625
    endloop
  endfacet
  facet normal 0 -1 0
    outer loop
      vertex 82 -8 3
      vertex 72.23096466064453 -8 9.36008358001709
      vertex 72 -8 9.34999942779541
    endloop
  endfacet
  facet normal 0 -1 0
    outer loop
      vertex 82 -8 3
      vertex 72.46016693115234 -8 9.3902587890625
      vertex 72.23096466064453 -8 9.36008358001709
    endloop
  endfacet
  facet normal 0 -1 0
    outer loop
      vertex 102 -8 3
      vertex 82 -8 11.5
      vertex 82 -8 3
    endloop
  endfacet
  facet normal 0 -1 0
    outer loop
      vertex 82 -8 11.5
      vertex 102 -8 3
      vertex 102 -8 15
    endloop
  endfacet
  facet normal 0.46174891348269664 0 0.8870106768791168
    outer loop
      vertex 74.95832824707031 8 18.344154357910156
      vertex 75.5 -8 18.062177658081055
      vertex 75.5 8 18.062177658081055
    endloop
  endfacet
  facet normal 0.46174891348269664 0 0.8870106768791168
    outer loop
      vertex 75.5 -8 18.062177658081055
      vertex 74.95832824707031 8 18.344154357910156
      vertex 74.95832824707031 -8 18.344154357910156
    endloop
  endfacet
  facet normal 0.9990478810528034 0 0.043627186064466944
    outer loop
      vertex 78.97335815429688 -8 12.610089302062988
      vertex 79 8 12
      vertex 78.97335815429688 8 12.610089302062988
    endloop
  endfacet
  facet normal 0.9990478810528034 0 0.043627186064466944
    outer loop
      vertex 79 8 12
      vertex 78.97335815429688 -8 12.610089302062988
      vertex 79 -8 12
    endloop
  endfacet
  facet normal -1 0 0
    outer loop
      vertex 65 -8 11.5
      vertex 65 8 12
      vertex 65 8 11.5
    endloop
  endfacet
  facet normal -1 0 0
    outer loop
      vertex 65 8 12
      vertex 65 -8 11.5
      vertex 65 -8 12
    endloop
  endfacet
  facet normal 0.21643866828709585 0 0.9762962167652339
    outer loop
      vertex 73.21553802490234 8 18.893653869628906
      vertex 73.81173706054688 -8 18.7614803314209
      vertex 73.81173706054688 8 18.7614803314209
    endloop
  endfacet
  facet normal 0.21643866828709585 0 0.9762962167652339
    outer loop
      vertex 73.81173706054688 -8 18.7614803314209
      vertex 73.21553802490234 8 18.893653869628906
      vertex 73.21553802490234 -8 18.893653869628906
    endloop
  endfacet
  facet normal -0.9990484255111229 0 0.043614716366680434
    outer loop
      vertex 65 -8 12
      vertex 65.0266342163086 8 12.610089302062988
      vertex 65 8 12
    endloop
  endfacet
  facet normal -0.9990484255111229 0 0.043614716366680434
    outer loop
      vertex 65.0266342163086 8 12.610089302062988
      vertex 65 -8 12
      vertex 65.0266342163086 -8 12.610089302062988
    endloop
  endfacet
  facet normal -0.953717102922104 0 0.30070531686997004
    outer loop
      vertex 65.23851776123047 -8 13.81173324584961
      vertex 65.42214965820312 8 14.394140243530273
      vertex 65.23851776123047 8 13.81173324584961
    endloop
  endfacet
  facet normal -0.953717102922104 0 0.30070531686997004
    outer loop
      vertex 65.42214965820312 8 14.394140243530273
      vertex 65.23851776123047 -8 13.81173324584961
      vertex 65.42214965820312 -8 14.394140243530273
    endloop
  endfacet
  facet normal -0.3007090535599254 0 0.9537159247423175
    outer loop
      vertex 69.6058578491211 8 18.57784652709961
      vertex 70.18826293945312 -8 18.7614803314209
      vertex 70.18826293945312 8 18.7614803314209
    endloop
  endfacet
  facet normal -0.3007090535599254 0 0.9537159247423175
    outer loop
      vertex 70.18826293945312 -8 18.7614803314209
      vertex 69.6058578491211 8 18.57784652709961
      vertex 69.6058578491211 -8 18.57784652709961
    endloop
  endfacet
  facet normal 0.8870122890993691 0 0.46174581642576595
    outer loop
      vertex 78.06217956542969 -8 15.5
      vertex 78.34415435791016 8 14.958327293395996
      vertex 78.06217956542969 8 15.5
    endloop
  endfacet
  facet normal 0.8870122890993691 0 0.46174581642576595
    outer loop
      vertex 78.34415435791016 8 14.958327293395996
      vertex 78.06217956542969 -8 15.5
      vertex 78.34415435791016 -8 14.958327293395996
    endloop
  endfacet
  facet normal -0.9238783421024309 0 0.3826863062536516
    outer loop
      vertex 65.42214965820312 -8 14.394140243530273
      vertex 65.65584564208984 8 14.958327293395996
      vertex 65.42214965820312 8 14.394140243530273
    endloop
  endfacet
  facet normal -0.9238783421024309 0 0.3826863062536516
    outer loop
      vertex 65.65584564208984 8 14.958327293395996
      vertex 65.42214965820312 -8 14.394140243530273
      vertex 65.65584564208984 -8 14.958327293395996
    endloop
  endfacet
  facet normal 0.9762966572816569 0 0.21643668122724274
    outer loop
      vertex 78.76148223876953 -8 13.81173324584961
      vertex 78.8936538696289 8 13.215537071228027
      vertex 78.76148223876953 8 13.81173324584961
    endloop
  endfacet
  facet normal 0.9762966572816569 0 0.21643668122724274
    outer loop
      vertex 78.8936538696289 8 13.215537071228027
      vertex 78.76148223876953 -8 13.81173324584961
      vertex 78.8936538696289 -8 13.215537071228027
    endloop
  endfacet
  facet normal 0.8433879558589208 0 0.5373050864379668
    outer loop
      vertex 77.73406219482422 -8 16.015033721923828
      vertex 78.06217956542969 8 15.5
      vertex 77.73406219482422 8 16.015033721923828
    endloop
  endfacet
  facet normal 0.8433879558589208 0 0.5373050864379668
    outer loop
      vertex 78.06217956542969 8 15.5
      vertex 77.73406219482422 -8 16.015033721923828
      vertex 78.06217956542969 -8 15.5
    endloop
  endfacet
  facet normal 1 0 0
    outer loop
      vertex 79 -8 12
      vertex 79 8 11.5
      vertex 79 8 12
    endloop
  endfacet
  facet normal 1 0 0
    outer loop
      vertex 79 8 11.5
      vertex 79 -8 12
      vertex 79 -8 11.5
    endloop
  endfacet
  facet normal -0.8870122890993691 0 0.46174581642576595
    outer loop
      vertex 65.65584564208984 -8 14.958327293395996
      vertex 65.93782043457031 8 15.5
      vertex 65.65584564208984 8 14.958327293395996
    endloop
  endfacet
  facet normal -0.8870122890993691 0 0.46174581642576595
    outer loop
      vertex 65.93782043457031 8 15.5
      vertex 65.65584564208984 -8 14.958327293395996
      vertex 65.93782043457031 -8 15.5
    endloop
  endfacet
  facet normal 0.953717102922104 0 0.30070531686997004
    outer loop
      vertex 78.57785034179688 -8 14.394140243530273
      vertex 78.76148223876953 8 13.81173324584961
      vertex 78.57785034179688 8 14.394140243530273
    endloop
  endfacet
  facet normal 0.953717102922104 0 0.30070531686997004
    outer loop
      vertex 78.76148223876953 8 13.81173324584961
      vertex 78.57785034179688 -8 14.394140243530273
      vertex 78.76148223876953 -8 13.81173324584961
    endloop
  endfacet
  facet normal 0.04362074704720691 0 0.9990481622159382
    outer loop
      vertex 72 8 19
      vertex 72.61009216308594 -8 18.97336196899414
      vertex 72.61009216308594 8 18.97336196899414
    endloop
  endfacet
  facet normal 0.04362074704720691 0 0.9990481622159382
    outer loop
      vertex 72.61009216308594 -8 18.97336196899414
      vertex 72 8 19
      vertex 72 -8 19
    endloop
  endfacet
  facet normal 0.6755905364965394 0 0.737277035446187
    outer loop
      vertex 76.49951171875 8 17.3623104095459
      vertex 76.94974517822266 -8 16.94974708557129
      vertex 76.94974517822266 8 16.94974708557129
    endloop
  endfacet
  facet normal 0.6755905364965394 0 0.737277035446187
    outer loop
      vertex 76.94974517822266 -8 16.94974708557129
      vertex 76.49951171875 8 17.3623104095459
      vertex 76.49951171875 -8 17.3623104095459
    endloop
  endfacet
  facet normal -0.21643866828709585 0 0.9762962167652339
    outer loop
      vertex 70.18826293945312 8 18.7614803314209
      vertex 70.78446197509766 -8 18.893653869628906
      vertex 70.78446197509766 8 18.893653869628906
    endloop
  endfacet
  facet normal -0.21643866828709585 0 0.9762962167652339
    outer loop
      vertex 70.78446197509766 -8 18.893653869628906
      vertex 70.18826293945312 8 18.7614803314209
      vertex 70.18826293945312 -8 18.7614803314209
    endloop
  endfacet
  facet normal 0.9914457993410093 0 0.13051906745401995
    outer loop
      vertex 78.8936538696289 -8 13.215537071228027
      vertex 78.97335815429688 8 12.610089302062988
      vertex 78.8936538696289 8 13.215537071228027
    endloop
  endfacet
  facet normal 0.9914457993410093 0 0.13051906745401995
    outer loop
      vertex 78.97335815429688 8 12.610089302062988
      vertex 78.8936538696289 -8 13.215537071228027
      vertex 78.97335815429688 -8 12.610089302062988
    endloop
  endfacet
  facet normal 0.5372978123809472 0 0.8433925899666469
    outer loop
      vertex 75.5 8 18.062177658081055
      vertex 76.0150375366211 -8 17.73406410217285
      vertex 76.0150375366211 8 17.73406410217285
    endloop
  endfacet
  facet normal 0.5372978123809472 0 0.8433925899666469
    outer loop
      vertex 76.0150375366211 -8 17.73406410217285
      vertex 75.5 8 18.062177658081055
      vertex 75.5 -8 18.062177658081055
    endloop
  endfacet
  facet normal 0.3007090535599254 0 0.9537159247423175
    outer loop
      vertex 73.81173706054688 8 18.7614803314209
      vertex 74.3941421508789 -8 18.57784652709961
      vertex 74.3941421508789 8 18.57784652709961
    endloop
  endfacet
  facet normal 0.3007090535599254 0 0.9537159247423175
    outer loop
      vertex 74.3941421508789 -8 18.57784652709961
      vertex 73.81173706054688 8 18.7614803314209
      vertex 73.81173706054688 -8 18.7614803314209
    endloop
  endfacet
  facet normal 0.9238783421024309 0 0.3826863062536516
    outer loop
      vertex 78.34415435791016 -8 14.958327293395996
      vertex 78.57785034179688 8 14.394140243530273
      vertex 78.34415435791016 8 14.958327293395996
    endloop
  endfacet
  facet normal 0.9238783421024309 0 0.3826863062536516
    outer loop
      vertex 78.57785034179688 8 14.394140243530273
      vertex 78.34415435791016 -8 14.958327293395996
      vertex 78.57785034179688 -8 14.394140243530273
    endloop
  endfacet
  facet normal 0.7933558427050131 0 0.6087581677857132
    outer loop
      vertex 77.36231231689453 -8 16.49951171875
      vertex 77.73406219482422 8 16.015033721923828
      vertex 77.36231231689453 8 16.49951171875
    endloop
  endfacet
  facet normal 0.7933558427050131 0 0.6087581677857132
    outer loop
      vertex 77.73406219482422 8 16.015033721923828
      vertex 77.36231231689453 -8 16.49951171875
      vertex 77.73406219482422 -8 16.015033721923828
    endloop
  endfacet
  facet normal -0.7372753495481834 0 0.675592376325106
    outer loop
      vertex 66.63768768310547 -8 16.49951171875
      vertex 67.05025482177734 8 16.94974708557129
      vertex 66.63768768310547 8 16.49951171875
    endloop
  endfacet
  facet normal -0.7372753495481834 0 0.675592376325106
    outer loop
      vertex 67.05025482177734 8 16.94974708557129
      vertex 66.63768768310547 -8 16.49951171875
      vertex 67.05025482177734 -8 16.94974708557129
    endloop
  endfacet
  facet normal -0.5372978123809472 0 0.8433925899666469
    outer loop
      vertex 67.9849624633789 8 17.73406410217285
      vertex 68.5 -8 18.062177658081055
      vertex 68.5 8 18.062177658081055
    endloop
  endfacet
  facet normal -0.5372978123809472 0 0.8433925899666469
    outer loop
      vertex 68.5 -8 18.062177658081055
      vertex 67.9849624633789 8 17.73406410217285
      vertex 67.9849624633789 -8 17.73406410217285
    endloop
  endfacet
  facet normal -0.46174891348269664 0 0.8870106768791168
    outer loop
      vertex 68.5 8 18.062177658081055
      vertex 69.04167175292969 -8 18.344154357910156
      vertex 69.04167175292969 8 18.344154357910156
    endloop
  endfacet
  facet normal -0.46174891348269664 0 0.8870106768791168
    outer loop
      vertex 69.04167175292969 -8 18.344154357910156
      vertex 68.5 8 18.062177658081055
      vertex 68.5 -8 18.062177658081055
    endloop
  endfacet
  facet normal 0.6087651164997532 0 0.7933505107662325
    outer loop
      vertex 76.0150375366211 8 17.73406410217285
      vertex 76.49951171875 -8 17.3623104095459
      vertex 76.49951171875 8 17.3623104095459
    endloop
  endfacet
  facet normal 0.6087651164997532 0 0.7933505107662325
    outer loop
      vertex 76.49951171875 -8 17.3623104095459
      vertex 76.0150375366211 8 17.73406410217285
      vertex 76.0150375366211 -8 17.73406410217285
    endloop
  endfacet
  facet normal -0.9762966572816569 0 0.21643668122724274
    outer loop
      vertex 65.1063461303711 -8 13.215537071228027
      vertex 65.23851776123047 8 13.81173324584961
      vertex 65.1063461303711 8 13.215537071228027
    endloop
  endfacet
  facet normal -0.9762966572816569 0 0.21643668122724274
    outer loop
      vertex 65.23851776123047 8 13.81173324584961
      vertex 65.1063461303711 -8 13.215537071228027
      vertex 65.23851776123047 -8 13.81173324584961
    endloop
  endfacet
  facet normal -0.8433879558589208 0 0.5373050864379668
    outer loop
      vertex 65.93782043457031 -8 15.5
      vertex 66.26593780517578 8 16.015033721923828
      vertex 65.93782043457031 8 15.5
    endloop
  endfacet
  facet normal -0.8433879558589208 0 0.5373050864379668
    outer loop
      vertex 66.26593780517578 8 16.015033721923828
      vertex 65.93782043457031 -8 15.5
      vertex 66.26593780517578 -8 16.015033721923828
    endloop
  endfacet
  facet normal -0.7933558427050131 0 0.6087581677857132
    outer loop
      vertex 66.26593780517578 -8 16.015033721923828
      vertex 66.63768768310547 8 16.49951171875
      vertex 66.26593780517578 8 16.015033721923828
    endloop
  endfacet
  facet normal -0.7933558427050131 0 0.6087581677857132
    outer loop
      vertex 66.63768768310547 8 16.49951171875
      vertex 66.26593780517578 -8 16.015033721923828
      vertex 66.63768768310547 -8 16.49951171875
    endloop
  endfacet
  facet normal 0.3826815264787831 0 0.9238803219529401
    outer loop
      vertex 74.3941421508789 8 18.57784652709961
      vertex 74.95832824707031 -8 18.344154357910156
      vertex 74.95832824707031 8 18.344154357910156
    endloop
  endfacet
  facet normal 0.3826815264787831 0 0.9238803219529401
    outer loop
      vertex 74.95832824707031 -8 18.344154357910156
      vertex 74.3941421508789 8 18.57784652709961
      vertex 74.3941421508789 -8 18.57784652709961
    endloop
  endfacet
  facet normal -0.04362074704720691 0 0.9990481622159382
    outer loop
      vertex 71.38990783691406 8 18.97336196899414
      vertex 72 -8 19
      vertex 72 8 19
    endloop
  endfacet
  facet normal -0.04362074704720691 0 0.9990481622159382
    outer loop
      vertex 72 -8 19
      vertex 71.38990783691406 8 18.97336196899414
      vertex 71.38990783691406 -8 18.97336196899414
    endloop
  endfacet
  facet normal -0.3826815264787831 0 0.9238803219529401
    outer loop
      vertex 69.04167175292969 8 18.344154357910156
      vertex 69.6058578491211 -8 18.57784652709961
      vertex 69.6058578491211 8 18.57784652709961
    endloop
  endfacet
  facet normal -0.3826815264787831 0 0.9238803219529401
    outer loop
      vertex 69.6058578491211 -8 18.57784652709961
      vertex 69.04167175292969 8 18.344154357910156
      vertex 69.04167175292969 -8 18.344154357910156
    endloop
  endfacet
  facet normal -0.991444182582969 0 0.13053134804478306
    outer loop
      vertex 65.0266342163086 -8 12.610089302062988
      vertex 65.1063461303711 8 13.215537071228027
      vertex 65.0266342163086 8 12.610089302062988
    endloop
  endfacet
  facet normal -0.991444182582969 0 0.13053134804478306
    outer loop
      vertex 65.1063461303711 8 13.215537071228027
      vertex 65.0266342163086 -8 12.610089302062988
      vertex 65.1063461303711 -8 13.215537071228027
    endloop
  endfacet
  facet normal -0.6087651164997532 0 0.7933505107662325
    outer loop
      vertex 67.50048828125 8 17.3623104095459
      vertex 67.9849624633789 -8 17.73406410217285
      vertex 67.9849624633789 8 17.73406410217285
    endloop
  endfacet
  facet normal -0.6087651164997532 0 0.7933505107662325
    outer loop
      vertex 67.9849624633789 -8 17.73406410217285
      vertex 67.50048828125 8 17.3623104095459
      vertex 67.50048828125 -8 17.3623104095459
    endloop
  endfacet
  facet normal -0.6755905364965394 0 0.737277035446187
    outer loop
      vertex 67.05025482177734 8 16.94974708557129
      vertex 67.50048828125 -8 17.3623104095459
      vertex 67.50048828125 8 17.3623104095459
    endloop
  endfacet
  facet normal -0.6755905364965394 0 0.737277035446187
    outer loop
      vertex 67.50048828125 -8 17.3623104095459
      vertex 67.05025482177734 8 16.94974708557129
      vertex 67.05025482177734 -8 16.94974708557129
    endloop
  endfacet
  facet normal 0.13052561194766216 0 0.9914449377679471
    outer loop
      vertex 72.61009216308594 8 18.97336196899414
      vertex 73.21553802490234 -8 18.893653869628906
      vertex 73.21553802490234 8 18.893653869628906
    endloop
  endfacet
  facet normal 0.13052561194766216 0 0.9914449377679471
    outer loop
      vertex 73.21553802490234 -8 18.893653869628906
      vertex 72.61009216308594 8 18.97336196899414
      vertex 72.61009216308594 -8 18.97336196899414
    endloop
  endfacet
  facet normal 0.7372753495481834 0 0.675592376325106
    outer loop
      vertex 76.94974517822266 -8 16.94974708557129
      vertex 77.36231231689453 8 16.49951171875
      vertex 76.94974517822266 8 16.94974708557129
    endloop
  endfacet
  facet normal 0.7372753495481834 0 0.675592376325106
    outer loop
      vertex 77.36231231689453 8 16.49951171875
      vertex 76.94974517822266 -8 16.94974708557129
      vertex 77.36231231689453 -8 16.49951171875
    endloop
  endfacet
  facet normal -0.13052561194766216 0 0.9914449377679471
    outer loop
      vertex 70.78446197509766 8 18.893653869628906
      vertex 71.38990783691406 -8 18.97336196899414
      vertex 71.38990783691406 8 18.97336196899414
    endloop
  endfacet
  facet normal -0.13052561194766216 0 0.9914449377679471
    outer loop
      vertex 71.38990783691406 -8 18.97336196899414
      vertex 70.78446197509766 8 18.893653869628906
      vertex 70.78446197509766 -8 18.893653869628906
    endloop
  endfacet
  facet normal 0 0 1
    outer loop
      vertex 82 8 15
      vertex 102 -8 15
      vertex 102 8 15
    endloop
  endfacet
  facet normal 0 0 1
    outer loop
      vertex 102 -8 15
      vertex 82 8 15
      vertex 82 -8 15
    endloop
  endfacet
  facet normal -1 0 0
    outer loop
      vertex 82 -8 11.5
      vertex 82 8 15
      vertex 82 8 11.5
    endloop
  endfacet
  facet normal -1 0 0
    outer loop
      vertex 82 8 15
      vertex 82 -8 11.5
      vertex 82 -8 15
    endloop
  endfacet
  facet normal 0 0 1
    outer loop
      vertex 51.599998474121094 28 6.5
      vertex 53.79999923706055 9 6.5
      vertex 53.79999923706055 28 6.5
    endloop
  endfacet
  facet normal 0 0 1
    outer loop
      vertex 53.79999923706055 9 6.5
      vertex 51.599998474121094 28 6.5
      vertex 51.599998474121094 9 6.5
    endloop
  endfacet
  facet normal 0 1 0
    outer loop
      vertex 53.79999923706055 28 1.7999992370605469
      vertex 51.599998474121094 28 6.5
      vertex 53.79999923706055 28 6.5
    endloop
  endfacet
  facet normal 0 1 0
    outer loop
      vertex 51.599998474121094 28 6.5
      vertex 53.79999923706055 28 1.7999992370605469
      vertex 50.914581298828125 28 1.7999992370605469
    endloop
  endfacet
  facet normal 1 0 0
    outer loop
      vertex 53.79999923706055 9 6.5
      vertex 53.79999923706055 28 1.7999992370605469
      vertex 53.79999923706055 28 6.5
    endloop
  endfacet
  facet normal 1 0 0
    outer loop
      vertex 53.79999923706055 28 1.7999992370605469
      vertex 53.79999923706055 9 6.5
      vertex 53.79999923706055 9 1.7999992370605469
    endloop
  endfacet
  facet normal 0 -1 0
    outer loop
      vertex 53.79999923706055 9 1.7999992370605469
      vertex 51.599998474121094 9 6.5
      vertex 50.914581298828125 9 1.7999992370605469
    endloop
  endfacet
  facet normal 0 -1 0
    outer loop
      vertex 51.599998474121094 9 6.5
      vertex 53.79999923706055 9 1.7999992370605469
      vertex 53.79999923706055 9 6.5
    endloop
  endfacet
  facet normal -0.9895329691168373 0 0.14430697499017925
    outer loop
      vertex 50.914581298828125 9 1.7999992370605469
      vertex 51.599998474121094 28 6.5
      vertex 50.914581298828125 28 1.7999992370605469
    endloop
  endfacet
  facet normal -0.9895329691168373 0 0.14430697499017925
    outer loop
      vertex 51.599998474121094 28 6.5
      vertex 50.914581298828125 9 1.7999992370605469
      vertex 51.599998474121094 9 6.5
    endloop
  endfacet
  facet normal 0 -1 0
    outer loop
      vertex 53.79999923706055 -28 1.7999992370605469
      vertex 51.599998474121094 -28 6.5
      vertex 50.914581298828125 -28 1.7999992370605469
    endloop
  endfacet
  facet normal 0 -1 0
    outer loop
      vertex 51.599998474121094 -28 6.5
      vertex 53.79999923706055 -28 1.7999992370605469
      vertex 53.79999923706055 -28 6.5
    endloop
  endfacet
  facet normal 0 0 1
    outer loop
      vertex 51.599998474121094 -9 6.5
      vertex 53.79999923706055 -28 6.5
      vertex 53.79999923706055 -9 6.5
    endloop
  endfacet
  facet normal 0 0 1
    outer loop
      vertex 53.79999923706055 -28 6.5
      vertex 51.599998474121094 -9 6.5
      vertex 51.599998474121094 -28 6.5
    endloop
  endfacet
  facet normal -0.9895329691168373 0 0.14430697499017925
    outer loop
      vertex 50.914581298828125 -28 1.7999992370605469
      vertex 51.599998474121094 -9 6.5
      vertex 50.914581298828125 -9 1.7999992370605469
    endloop
  endfacet
  facet normal -0.9895329691168373 0 0.14430697499017925
    outer loop
      vertex 51.599998474121094 -9 6.5
      vertex 50.914581298828125 -28 1.7999992370605469
      vertex 51.599998474121094 -28 6.5
    endloop
  endfacet
  facet normal 0 1 0
    outer loop
      vertex 53.79999923706055 -9 1.7999992370605469
      vertex 51.599998474121094 -9 6.5
      vertex 53.79999923706055 -9 6.5
    endloop
  endfacet
  facet normal 0 1 0
    outer loop
      vertex 51.599998474121094 -9 6.5
      vertex 53.79999923706055 -9 1.7999992370605469
      vertex 50.914581298828125 -9 1.7999992370605469
    endloop
  endfacet
  facet normal 1 0 0
    outer loop
      vertex 53.79999923706055 -28 6.5
      vertex 53.79999923706055 -9 1.7999992370605469
      vertex 53.79999923706055 -9 6.5
    endloop
  endfacet
  facet normal 1 0 0
    outer loop
      vertex 53.79999923706055 -9 1.7999992370605469
      vertex 53.79999923706055 -28 6.5
      vertex 53.79999923706055 -28 1.7999992370605469
    endloop
  endfacet
  facet normal -0.9990478273359645 -0.043628416144624496 0
    outer loop
      vertex -17.349998474121094 34.400001525878906 0
      vertex -17.360084533691406 34.63096237182617 5.299999237060547
      vertex -17.360084533691406 34.63096237182617 0
    endloop
  endfacet
  facet normal -0.9990478273359645 -0.043628416144624496 0
    outer loop
      vertex -17.360084533691406 34.63096237182617 5.299999237060547
      vertex -17.349998474121094 34.400001525878906 0
      vertex -17.349998474121094 34.400001525878906 5.299999237060547
    endloop
  endfacet
  facet normal 0.7933478753287654 0.608768551020282 0
    outer loop
      vertex -22.030017852783203 32.69661331176758 5.299999237060547
      vertex -22.170753479003906 32.88002014160156 0
      vertex -22.170753479003906 32.88002014160156 5.299999237060547
    endloop
  endfacet
  facet normal 0.7933478753287654 0.608768551020282 0
    outer loop
      vertex -22.170753479003906 32.88002014160156 0
      vertex -22.030017852783203 32.69661331176758 5.299999237060547
      vertex -22.030017852783203 32.69661331176758 0
    endloop
  endfacet
  facet normal 0.8870113860322097 0.4617475512108516 0
    outer loop
      vertex -22.294967651367188 33.07500076293945 5.299999237060547
      vertex -22.401714324951172 33.280059814453125 0
      vertex -22.401714324951172 33.280059814453125 5.299999237060547
    endloop
  endfacet
  facet normal 0.8870113860322097 0.4617475512108516 0
    outer loop
      vertex -22.401714324951172 33.280059814453125 0
      vertex -22.294967651367188 33.07500076293945 5.299999237060547
      vertex -22.294967651367188 33.07500076293945 0
    endloop
  endfacet
  facet normal -0.13053795973774063 -0.991443312079671 0
    outer loop
      vertex -19.7690372467041 37.0399169921875 0
      vertex -19.539833068847656 37.00973892211914 5.299999237060547
      vertex -19.7690372467041 37.0399169921875 5.299999237060547
    endloop
  endfacet
  facet normal -0.13053795973774063 -0.991443312079671 0
    outer loop
      vertex -19.539833068847656 37.00973892211914 5.299999237060547
      vertex -19.7690372467041 37.0399169921875 0
      vertex -19.539833068847656 37.00973892211914 0
    endloop
  endfacet
  facet normal 0.7933539904366902 -0.6087605817217308 0
    outer loop
      vertex -22.170753479003906 35.91997528076172 5.299999237060547
      vertex -22.030017852783203 36.10338592529297 0
      vertex -22.030017852783203 36.10338592529297 5.299999237060547
    endloop
  endfacet
  facet normal 0.7933539904366902 -0.6087605817217308 0
    outer loop
      vertex -22.030017852783203 36.10338592529297 0
      vertex -22.170753479003906 35.91997528076172 5.299999237060547
      vertex -22.170753479003906 35.91997528076172 0
    endloop
  endfacet
  facet normal -0.13053795973774063 0.991443312079671 0
    outer loop
      vertex -19.539833068847656 31.790260314941406 0
      vertex -19.7690372467041 31.760082244873047 5.299999237060547
      vertex -19.539833068847656 31.790260314941406 5.299999237060547
    endloop
  endfacet
  facet normal -0.13053795973774063 0.991443312079671 0
    outer loop
      vertex -19.7690372467041 31.760082244873047 5.299999237060547
      vertex -19.539833068847656 31.790260314941406 0
      vertex -19.7690372467041 31.760082244873047 0
    endloop
  endfacet
  facet normal -0.6755848869598161 -0.7372822122576216 0
    outer loop
      vertex -18.296611785888672 36.430015563964844 0
      vertex -18.12616729736328 36.273834228515625 5.299999237060547
      vertex -18.296611785888672 36.430015563964844 5.299999237060547
    endloop
  endfacet
  facet normal -0.6755848869598161 -0.7372822122576216 0
    outer loop
      vertex -18.12616729736328 36.273834228515625 5.299999237060547
      vertex -18.296611785888672 36.430015563964844 0
      vertex -18.12616729736328 36.273834228515625 0
    endloop
  endfacet
  facet normal 0.38268600475744313 -0.9238784669872905 0
    outer loop
      vertex -21.119937896728516 36.80171585083008 0
      vertex -20.906352996826172 36.89018630981445 5.299999237060547
      vertex -21.119937896728516 36.80171585083008 5.299999237060547
    endloop
  endfacet
  facet normal 0.38268600475744313 -0.9238784669872905 0
    outer loop
      vertex -20.906352996826172 36.89018630981445 5.299999237060547
      vertex -21.119937896728516 36.80171585083008 0
      vertex -20.906352996826172 36.89018630981445 0
    endloop
  endfacet
  facet normal 0.8870149041469177 -0.4617407928927598 0
    outer loop
      vertex -22.401714324951172 35.519935607910156 5.299999237060547
      vertex -22.294967651367188 35.724998474121094 0
      vertex -22.294967651367188 35.724998474121094 5.299999237060547
    endloop
  endfacet
  facet normal 0.8870149041469177 -0.4617407928927598 0
    outer loop
      vertex -22.294967651367188 35.724998474121094 0
      vertex -22.401714324951172 35.519935607910156 5.299999237060547
      vertex -22.401714324951172 35.519935607910156 0
    endloop
  endfacet
  facet normal -0.843395724610377 0.5372928919210983 0
    outer loop
      vertex -17.829246520996094 32.88002014160156 0
      vertex -17.705032348632812 33.07500076293945 5.299999237060547
      vertex -17.705032348632812 33.07500076293945 0
    endloop
  endfacet
  facet normal -0.843395724610377 0.5372928919210983 0
    outer loop
      vertex -17.705032348632812 33.07500076293945 5.299999237060547
      vertex -17.829246520996094 32.88002014160156 0
      vertex -17.829246520996094 32.88002014160156 5.299999237060547
    endloop
  endfacet
  facet normal 0.9537152442835665 -0.30071121166517384 0
    outer loop
      vertex -22.559703826904297 35.08586883544922 5.299999237060547
      vertex -22.490184783935547 35.30635070800781 0
      vertex -22.490184783935547 35.30635070800781 5.299999237060547
    endloop
  endfacet
  facet normal 0.9537152442835665 -0.30071121166517384 0
    outer loop
      vertex -22.490184783935547 35.30635070800781 0
      vertex -22.559703826904297 35.08586883544922 5.299999237060547
      vertex -22.559703826904297 35.08586883544922 0
    endloop
  endfacet
  facet normal -0.38268600475744313 0.9238784669872905 0
    outer loop
      vertex -18.880062103271484 31.99828338623047 0
      vertex -19.093647003173828 31.909812927246094 5.299999237060547
      vertex -18.880062103271484 31.99828338623047 5.299999237060547
    endloop
  endfacet
  facet normal -0.38268600475744313 0.9238784669872905 0
    outer loop
      vertex -19.093647003173828 31.909812927246094 5.299999237060547
      vertex -18.880062103271484 31.99828338623047 0
      vertex -19.093647003173828 31.909812927246094 0
    endloop
  endfacet
  facet normal -0.38268600475744313 -0.9238784669872905 0
    outer loop
      vertex -19.093647003173828 36.89018630981445 0
      vertex -18.880062103271484 36.80171585083008 5.299999237060547
      vertex -19.093647003173828 36.89018630981445 5.299999237060547
    endloop
  endfacet
  facet normal -0.38268600475744313 -0.9238784669872905 0
    outer loop
      vertex -18.880062103271484 36.80171585083008 5.299999237060547
      vertex -19.093647003173828 36.89018630981445 0
      vertex -18.880062103271484 36.80171585083008 0
    endloop
  endfacet
  facet normal 0.38268600475744313 0.9238784669872905 0
    outer loop
      vertex -20.906352996826172 31.909812927246094 0
      vertex -21.119937896728516 31.99828338623047 5.299999237060547
      vertex -20.906352996826172 31.909812927246094 5.299999237060547
    endloop
  endfacet
  facet normal 0.38268600475744313 0.9238784669872905 0
    outer loop
      vertex -21.119937896728516 31.99828338623047 5.299999237060547
      vertex -20.906352996826172 31.909812927246094 0
      vertex -21.119937896728516 31.99828338623047 0
    endloop
  endfacet
  facet normal -0.9762952623679639 -0.21644297326979317 0
    outer loop
      vertex -17.3902587890625 34.86016845703125 0
      vertex -17.440296173095703 35.08586883544922 5.299999237060547
      vertex -17.440296173095703 35.08586883544922 0
    endloop
  endfacet
  facet normal -0.9762952623679639 -0.21644297326979317 0
    outer loop
      vertex -17.440296173095703 35.08586883544922 5.299999237060547
      vertex -17.3902587890625 34.86016845703125 0
      vertex -17.3902587890625 34.86016845703125 5.299999237060547
    endloop
  endfacet
  facet normal -0.9238813839386151 -0.38267896259354156 0
    outer loop
      vertex -17.509815216064453 35.30635070800781 0
      vertex -17.598283767700195 35.519935607910156 5.299999237060547
      vertex -17.598283767700195 35.519935607910156 0
    endloop
  endfacet
  facet normal -0.9238813839386151 -0.38267896259354156 0
    outer loop
      vertex -17.598283767700195 35.519935607910156 5.299999237060547
      vertex -17.509815216064453 35.30635070800781 0
      vertex -17.509815216064453 35.30635070800781 5.299999237060547
    endloop
  endfacet
  facet normal 0.9238784669872905 0.38268600475744313 0
    outer loop
      vertex -22.401714324951172 33.280059814453125 5.299999237060547
      vertex -22.490184783935547 33.49364471435547 0
      vertex -22.490184783935547 33.49364471435547 5.299999237060547
    endloop
  endfacet
  facet normal 0.9238784669872905 0.38268600475744313 0
    outer loop
      vertex -22.490184783935547 33.49364471435547 0
      vertex -22.401714324951172 33.280059814453125 5.299999237060547
      vertex -22.401714324951172 33.280059814453125 0
    endloop
  endfacet
  facet normal 0.7372815244812515 -0.6755856375461233 0
    outer loop
      vertex -22.030017852783203 36.10338592529297 5.299999237060547
      vertex -21.87383270263672 36.273834228515625 0
      vertex -21.87383270263672 36.273834228515625 5.299999237060547
    endloop
  endfacet
  facet normal 0.7372815244812515 -0.6755856375461233 0
    outer loop
      vertex -21.87383270263672 36.273834228515625 0
      vertex -22.030017852783203 36.10338592529297 5.299999237060547
      vertex -22.030017852783203 36.10338592529297 0
    endloop
  endfacet
  facet normal 0.4617407928927598 -0.8870149041469177 0
    outer loop
      vertex -21.325000762939453 36.694969177246094 0
      vertex -21.119937896728516 36.80171585083008 5.299999237060547
      vertex -21.325000762939453 36.694969177246094 5.299999237060547
    endloop
  endfacet
  facet normal 0.4617407928927598 -0.8870149041469177 0
    outer loop
      vertex -21.119937896728516 36.80171585083008 5.299999237060547
      vertex -21.325000762939453 36.694969177246094 0
      vertex -21.119937896728516 36.80171585083008 0
    endloop
  endfacet
  facet normal 0.999048186913785 -0.04362018138750666 0
    outer loop
      vertex -22.649999618530273 34.400001525878906 5.299999237060547
      vertex -22.639915466308594 34.63096237182617 0
      vertex -22.639915466308594 34.63096237182617 5.299999237060547
    endloop
  endfacet
  facet normal 0.999048186913785 -0.04362018138750666 0
    outer loop
      vertex -22.639915466308594 34.63096237182617 0
      vertex -22.649999618530273 34.400001525878906 5.299999237060547
      vertex -22.649999618530273 34.400001525878906 0
    endloop
  endfacet
  facet normal -0.7933539904366902 -0.6087605817217308 0
    outer loop
      vertex -17.829246520996094 35.91997528076172 0
      vertex -17.969982147216797 36.10338592529297 5.299999237060547
      vertex -17.969982147216797 36.10338592529297 0
    endloop
  endfacet
  facet normal -0.7933539904366902 -0.6087605817217308 0
    outer loop
      vertex -17.969982147216797 36.10338592529297 5.299999237060547
      vertex -17.829246520996094 35.91997528076172 0
      vertex -17.829246520996094 35.91997528076172 5.299999237060547
    endloop
  endfacet
  facet normal 0.5373121062935297 -0.8433834836125323 0
    outer loop
      vertex -21.519977569580078 36.57075119018555 0
      vertex -21.325000762939453 36.694969177246094 5.299999237060547
      vertex -21.519977569580078 36.57075119018555 5.299999237060547
    endloop
  endfacet
  facet normal 0.5373121062935297 -0.8433834836125323 0
    outer loop
      vertex -21.325000762939453 36.694969177246094 5.299999237060547
      vertex -21.519977569580078 36.57075119018555 0
      vertex -21.325000762939453 36.694969177246094 0
    endloop
  endfacet
  facet normal 0.46175377546783863 0.8870081458708238 0
    outer loop
      vertex -21.119937896728516 31.99828338623047 0
      vertex -21.325000762939453 32.10503387451172 5.299999237060547
      vertex -21.119937896728516 31.99828338623047 5.299999237060547
    endloop
  endfacet
  facet normal 0.46175377546783863 0.8870081458708238 0
    outer loop
      vertex -21.325000762939453 32.10503387451172 5.299999237060547
      vertex -21.119937896728516 31.99828338623047 0
      vertex -21.325000762939453 32.10503387451172 0
    endloop
  endfacet
  facet normal -0.04361158714806369 -0.99904856211619 0
    outer loop
      vertex -20 37.04999923706055 0
      vertex -19.7690372467041 37.0399169921875 5.299999237060547
      vertex -20 37.04999923706055 5.299999237060547
    endloop
  endfacet
  facet normal -0.04361158714806369 -0.99904856211619 0
    outer loop
      vertex -19.7690372467041 37.0399169921875 5.299999237060547
      vertex -20 37.04999923706055 0
      vertex -19.7690372467041 37.0399169921875 0
    endloop
  endfacet
  facet normal 0.30070370728230483 0.9537176104207565 0
    outer loop
      vertex -20.685871124267578 31.840295791625977 0
      vertex -20.906352996826172 31.909812927246094 5.299999237060547
      vertex -20.685871124267578 31.840295791625977 5.299999237060547
    endloop
  endfacet
  facet normal 0.30070370728230483 0.9537176104207565 0
    outer loop
      vertex -20.906352996826172 31.909812927246094 5.299999237060547
      vertex -20.685871124267578 31.840295791625977 0
      vertex -20.906352996826172 31.909812927246094 0
    endloop
  endfacet
  facet normal -0.21643948647152783 -0.976296035378584 0
    outer loop
      vertex -19.539833068847656 37.00973892211914 0
      vertex -19.314128875732422 36.95970153808594 5.299999237060547
      vertex -19.539833068847656 37.00973892211914 5.299999237060547
    endloop
  endfacet
  facet normal -0.21643948647152783 -0.976296035378584 0
    outer loop
      vertex -19.314128875732422 36.95970153808594 5.299999237060547
      vertex -19.539833068847656 37.00973892211914 0
      vertex -19.314128875732422 36.95970153808594 0
    endloop
  endfacet
  facet normal -0.4617407928927598 -0.8870149041469177 0
    outer loop
      vertex -18.880062103271484 36.80171585083008 0
      vertex -18.674999237060547 36.694969177246094 5.299999237060547
      vertex -18.880062103271484 36.80171585083008 5.299999237060547
    endloop
  endfacet
  facet normal -0.4617407928927598 -0.8870149041469177 0
    outer loop
      vertex -18.674999237060547 36.694969177246094 5.299999237060547
      vertex -18.880062103271484 36.80171585083008 0
      vertex -18.674999237060547 36.694969177246094 0
    endloop
  endfacet
  facet normal -0.9914455880554751 -0.13052067240607154 0
    outer loop
      vertex -17.360084533691406 34.63096237182617 0
      vertex -17.3902587890625 34.86016845703125 5.299999237060547
      vertex -17.3902587890625 34.86016845703125 0
    endloop
  endfacet
  facet normal -0.9914455880554751 -0.13052067240607154 0
    outer loop
      vertex -17.3902587890625 34.86016845703125 5.299999237060547
      vertex -17.360084533691406 34.63096237182617 0
      vertex -17.360084533691406 34.63096237182617 5.299999237060547
    endloop
  endfacet
  facet normal -0.8433909610543309 -0.5373003692645782 0
    outer loop
      vertex -17.705032348632812 35.724998474121094 0
      vertex -17.829246520996094 35.91997528076172 5.299999237060547
      vertex -17.829246520996094 35.91997528076172 0
    endloop
  endfacet
  facet normal -0.8433909610543309 -0.5373003692645782 0
    outer loop
      vertex -17.829246520996094 35.91997528076172 5.299999237060547
      vertex -17.705032348632812 35.724998474121094 0
      vertex -17.705032348632812 35.724998474121094 5.299999237060547
    endloop
  endfacet
  facet normal 0.6087541804890773 0.7933589022233707 0
    outer loop
      vertex -21.519977569580078 32.229248046875 0
      vertex -21.703386306762695 32.36997985839844 5.299999237060547
      vertex -21.519977569580078 32.229248046875 5.299999237060547
    endloop
  endfacet
  facet normal 0.6087541804890773 0.7933589022233707 0
    outer loop
      vertex -21.703386306762695 32.36997985839844 5.299999237060547
      vertex -21.519977569580078 32.229248046875 0
      vertex -21.703386306762695 32.36997985839844 0
    endloop
  endfacet
  facet normal 0.9238784669872905 -0.38268600475744313 0
    outer loop
      vertex -22.490184783935547 35.30635070800781 5.299999237060547
      vertex -22.401714324951172 35.519935607910156 0
      vertex -22.401714324951172 35.519935607910156 5.299999237060547
    endloop
  endfacet
  facet normal 0.9238784669872905 -0.38268600475744313 0
    outer loop
      vertex -22.401714324951172 35.519935607910156 0
      vertex -22.490184783935547 35.30635070800781 5.299999237060547
      vertex -22.490184783935547 35.30635070800781 0
    endloop
  endfacet
  facet normal -0.7933478753287654 0.608768551020282 0
    outer loop
      vertex -17.969982147216797 32.69661331176758 0
      vertex -17.829246520996094 32.88002014160156 5.299999237060547
      vertex -17.829246520996094 32.88002014160156 0
    endloop
  endfacet
  facet normal -0.7933478753287654 0.608768551020282 0
    outer loop
      vertex -17.829246520996094 32.88002014160156 5.299999237060547
      vertex -17.969982147216797 32.69661331176758 0
      vertex -17.969982147216797 32.69661331176758 5.299999237060547
    endloop
  endfacet
  facet normal 0.9762952623679639 -0.21644297326979317 0
    outer loop
      vertex -22.6097412109375 34.86016845703125 5.299999237060547
      vertex -22.559703826904297 35.08586883544922 0
      vertex -22.559703826904297 35.08586883544922 5.299999237060547
    endloop
  endfacet
  facet normal 0.9762952623679639 -0.21644297326979317 0
    outer loop
      vertex -22.559703826904297 35.08586883544922 0
      vertex -22.6097412109375 34.86016845703125 5.299999237060547
      vertex -22.6097412109375 34.86016845703125 0
    endloop
  endfacet
  facet normal -0.300696202843582 -0.9537199765106378 0
    outer loop
      vertex -19.314128875732422 36.95970153808594 0
      vertex -19.093647003173828 36.89018630981445 5.299999237060547
      vertex -19.314128875732422 36.95970153808594 5.299999237060547
    endloop
  endfacet
  facet normal -0.300696202843582 -0.9537199765106378 0
    outer loop
      vertex -19.093647003173828 36.89018630981445 5.299999237060547
      vertex -19.314128875732422 36.95970153808594 0
      vertex -19.093647003173828 36.89018630981445 0
    endloop
  endfacet
  facet normal 0.843395724610377 0.5372928919210983 0
    outer loop
      vertex -22.170753479003906 32.88002014160156 5.299999237060547
      vertex -22.294967651367188 33.07500076293945 0
      vertex -22.294967651367188 33.07500076293945 5.299999237060547
    endloop
  endfacet
  facet normal 0.843395724610377 0.5372928919210983 0
    outer loop
      vertex -22.294967651367188 33.07500076293945 0
      vertex -22.170753479003906 32.88002014160156 5.299999237060547
      vertex -22.170753479003906 32.88002014160156 0
    endloop
  endfacet
  facet normal 0.8433909610543309 -0.5373003692645782 0
    outer loop
      vertex -22.294967651367188 35.724998474121094 5.299999237060547
      vertex -22.170753479003906 35.91997528076172 0
      vertex -22.170753479003906 35.91997528076172 5.299999237060547
    endloop
  endfacet
  facet normal 0.8433909610543309 -0.5373003692645782 0
    outer loop
      vertex -22.170753479003906 35.91997528076172 0
      vertex -22.294967651367188 35.724998474121094 5.299999237060547
      vertex -22.294967651367188 35.724998474121094 0
    endloop
  endfacet
  facet normal -0.30070370728230483 0.9537176104207565 0
    outer loop
      vertex -19.093647003173828 31.909812927246094 0
      vertex -19.314128875732422 31.840295791625977 5.299999237060547
      vertex -19.093647003173828 31.909812927246094 5.299999237060547
    endloop
  endfacet
  facet normal -0.30070370728230483 0.9537176104207565 0
    outer loop
      vertex -19.314128875732422 31.840295791625977 5.299999237060547
      vertex -19.093647003173828 31.909812927246094 0
      vertex -19.314128875732422 31.840295791625977 0
    endloop
  endfacet
  facet normal -0.8870080068195269 0.46175404257900154 0
    outer loop
      vertex -17.705032348632812 33.07500076293945 0
      vertex -17.598283767700195 33.280059814453125 5.299999237060547
      vertex -17.598283767700195 33.280059814453125 0
    endloop
  endfacet
  facet normal -0.8870080068195269 0.46175404257900154 0
    outer loop
      vertex -17.598283767700195 33.280059814453125 5.299999237060547
      vertex -17.705032348632812 33.07500076293945 0
      vertex -17.705032348632812 33.07500076293945 5.299999237060547
    endloop
  endfacet
  facet normal 0.9537167363731663 0.300706479414256 0
    outer loop
      vertex -22.490184783935547 33.49364471435547 5.299999237060547
      vertex -22.559703826904297 33.71413040161133 0
      vertex -22.559703826904297 33.71413040161133 5.299999237060547
    endloop
  endfacet
  facet normal 0.9537167363731663 0.300706479414256 0
    outer loop
      vertex -22.559703826904297 33.71413040161133 0
      vertex -22.490184783935547 33.49364471435547 5.299999237060547
      vertex -22.490184783935547 33.49364471435547 0
    endloop
  endfacet
  facet normal -0.7372815244812515 -0.6755856375461233 0
    outer loop
      vertex -17.969982147216797 36.10338592529297 0
      vertex -18.12616729736328 36.273834228515625 5.299999237060547
      vertex -18.12616729736328 36.273834228515625 0
    endloop
  endfacet
  facet normal -0.7372815244812515 -0.6755856375461233 0
    outer loop
      vertex -18.12616729736328 36.273834228515625 5.299999237060547
      vertex -17.969982147216797 36.10338592529297 0
      vertex -17.969982147216797 36.10338592529297 5.299999237060547
    endloop
  endfacet
  facet normal 0.5373003692645782 0.8433909610543309 0
    outer loop
      vertex -21.325000762939453 32.10503387451172 0
      vertex -21.519977569580078 32.229248046875 5.299999237060547
      vertex -21.325000762939453 32.10503387451172 5.299999237060547
    endloop
  endfacet
  facet normal 0.5373003692645782 0.8433909610543309 0
    outer loop
      vertex -21.519977569580078 32.229248046875 5.299999237060547
      vertex -21.325000762939453 32.10503387451172 0
      vertex -21.519977569580078 32.229248046875 0
    endloop
  endfacet
  facet normal -0.46175377546783863 0.8870081458708238 0
    outer loop
      vertex -18.674999237060547 32.10503387451172 0
      vertex -18.880062103271484 31.99828338623047 5.299999237060547
      vertex -18.674999237060547 32.10503387451172 5.299999237060547
    endloop
  endfacet
  facet normal -0.46175377546783863 0.8870081458708238 0
    outer loop
      vertex -18.880062103271484 31.99828338623047 5.299999237060547
      vertex -18.674999237060547 32.10503387451172 0
      vertex -18.880062103271484 31.99828338623047 0
    endloop
  endfacet
  facet normal 0.21643948647152783 -0.976296035378584 0
    outer loop
      vertex -20.685871124267578 36.95970153808594 0
      vertex -20.460166931152344 37.00973892211914 5.299999237060547
      vertex -20.685871124267578 36.95970153808594 5.299999237060547
    endloop
  endfacet
  facet normal 0.21643948647152783 -0.976296035378584 0
    outer loop
      vertex -20.460166931152344 37.00973892211914 5.299999237060547
      vertex -20.685871124267578 36.95970153808594 0
      vertex -20.460166931152344 37.00973892211914 0
    endloop
  endfacet
  facet normal 0.13053689197041562 -0.9914434526662145 0
    outer loop
      vertex -20.460166931152344 37.00973892211914 0
      vertex -20.230960845947266 37.0399169921875 5.299999237060547
      vertex -20.460166931152344 37.00973892211914 5.299999237060547
    endloop
  endfacet
  facet normal 0.13053689197041562 -0.9914434526662145 0
    outer loop
      vertex -20.230960845947266 37.0399169921875 5.299999237060547
      vertex -20.460166931152344 37.00973892211914 0
      vertex -20.230960845947266 37.0399169921875 0
    endloop
  endfacet
  facet normal -0.9537152442835665 -0.30071121166517384 0
    outer loop
      vertex -17.440296173095703 35.08586883544922 0
      vertex -17.509815216064453 35.30635070800781 5.299999237060547
      vertex -17.509815216064453 35.30635070800781 0
    endloop
  endfacet
  facet normal -0.9537152442835665 -0.30071121166517384 0
    outer loop
      vertex -17.509815216064453 35.30635070800781 5.299999237060547
      vertex -17.440296173095703 35.08586883544922 0
      vertex -17.440296173095703 35.08586883544922 5.299999237060547
    endloop
  endfacet
  facet normal 0.9914455880554751 -0.13052067240607154 0
    outer loop
      vertex -22.639915466308594 34.63096237182617 5.299999237060547
      vertex -22.6097412109375 34.86016845703125 0
      vertex -22.6097412109375 34.86016845703125 5.299999237060547
    endloop
  endfacet
  facet normal 0.9914455880554751 -0.13052067240607154 0
    outer loop
      vertex -22.6097412109375 34.86016845703125 0
      vertex -22.639915466308594 34.63096237182617 5.299999237060547
      vertex -22.639915466308594 34.63096237182617 0
    endloop
  endfacet
  facet normal 0.043611946621498074 -0.9990485464239882 0
    outer loop
      vertex -20.230960845947266 37.0399169921875 0
      vertex -20 37.04999923706055 5.299999237060547
      vertex -20.230960845947266 37.0399169921875 5.299999237060547
    endloop
  endfacet
  facet normal 0.043611946621498074 -0.9990485464239882 0
    outer loop
      vertex -20 37.04999923706055 5.299999237060547
      vertex -20.230960845947266 37.0399169921875 0
      vertex -20 37.04999923706055 0
    endloop
  endfacet
  facet normal -0.5373003692645782 0.8433909610543309 0
    outer loop
      vertex -18.480022430419922 32.229248046875 0
      vertex -18.674999237060547 32.10503387451172 5.299999237060547
      vertex -18.480022430419922 32.229248046875 5.299999237060547
    endloop
  endfacet
  facet normal -0.5373003692645782 0.8433909610543309 0
    outer loop
      vertex -18.674999237060547 32.10503387451172 5.299999237060547
      vertex -18.480022430419922 32.229248046875 0
      vertex -18.674999237060547 32.10503387451172 0
    endloop
  endfacet
  facet normal -0.8870115250197498 -0.4617472842173928 0
    outer loop
      vertex -17.598283767700195 35.519935607910156 0
      vertex -17.705032348632812 35.724998474121094 5.299999237060547
      vertex -17.705032348632812 35.724998474121094 0
    endloop
  endfacet
  facet normal -0.8870115250197498 -0.4617472842173928 0
    outer loop
      vertex -17.705032348632812 35.724998474121094 5.299999237060547
      vertex -17.598283767700195 35.519935607910156 0
      vertex -17.598283767700195 35.519935607910156 5.299999237060547
    endloop
  endfacet
  facet normal -0.9914455880554751 0.13052067240607154 0
    outer loop
      vertex -17.3902587890625 33.9398307800293 0
      vertex -17.360084533691406 34.169036865234375 5.299999237060547
      vertex -17.360084533691406 34.169036865234375 0
    endloop
  endfacet
  facet normal -0.9914455880554751 0.13052067240607154 0
    outer loop
      vertex -17.360084533691406 34.169036865234375 5.299999237060547
      vertex -17.3902587890625 33.9398307800293 0
      vertex -17.3902587890625 33.9398307800293 5.299999237060547
    endloop
  endfacet
  facet normal -0.999047858743666 0.04362769693321198 0
    outer loop
      vertex -17.360084533691406 34.169036865234375 0
      vertex -17.349998474121094 34.400001525878906 5.299999237060547
      vertex -17.349998474121094 34.400001525878906 0
    endloop
  endfacet
  facet normal -0.999047858743666 0.04362769693321198 0
    outer loop
      vertex -17.349998474121094 34.400001525878906 5.299999237060547
      vertex -17.360084533691406 34.169036865234375 0
      vertex -17.360084533691406 34.169036865234375 5.299999237060547
    endloop
  endfacet
  facet normal -0.9238813839386151 0.38267896259354156 0
    outer loop
      vertex -17.598283767700195 33.280059814453125 0
      vertex -17.509815216064453 33.49364471435547 5.299999237060547
      vertex -17.509815216064453 33.49364471435547 0
    endloop
  endfacet
  facet normal -0.9238813839386151 0.38267896259354156 0
    outer loop
      vertex -17.509815216064453 33.49364471435547 5.299999237060547
      vertex -17.598283767700195 33.280059814453125 0
      vertex -17.598283767700195 33.280059814453125 5.299999237060547
    endloop
  endfacet
  facet normal -0.9537167363731663 0.300706479414256 0
    outer loop
      vertex -17.509815216064453 33.49364471435547 0
      vertex -17.440296173095703 33.71413040161133 5.299999237060547
      vertex -17.440296173095703 33.71413040161133 0
    endloop
  endfacet
  facet normal -0.9537167363731663 0.300706479414256 0
    outer loop
      vertex -17.440296173095703 33.71413040161133 5.299999237060547
      vertex -17.509815216064453 33.49364471435547 0
      vertex -17.509815216064453 33.49364471435547 5.299999237060547
    endloop
  endfacet
  facet normal -0.7372739931892118 0.675593856519458 0
    outer loop
      vertex -18.12616729736328 32.52616882324219 0
      vertex -17.969982147216797 32.69661331176758 5.299999237060547
      vertex -17.969982147216797 32.69661331176758 0
    endloop
  endfacet
  facet normal -0.7372739931892118 0.675593856519458 0
    outer loop
      vertex -17.969982147216797 32.69661331176758 5.299999237060547
      vertex -18.12616729736328 32.52616882324219 0
      vertex -18.12616729736328 32.52616882324219 5.299999237060547
    endloop
  endfacet
  facet normal -0.6087501958461341 0.7933619596736997 0
    outer loop
      vertex -18.296611785888672 32.36997985839844 0
      vertex -18.480022430419922 32.229248046875 5.299999237060547
      vertex -18.296611785888672 32.36997985839844 5.299999237060547
    endloop
  endfacet
  facet normal -0.6087501958461341 0.7933619596736997 0
    outer loop
      vertex -18.480022430419922 32.229248046875 5.299999237060547
      vertex -18.296611785888672 32.36997985839844 0
      vertex -18.480022430419922 32.229248046875 0
    endloop
  endfacet
  facet normal 0.21643162260388416 0.9762977787217637 0
    outer loop
      vertex -20.460166931152344 31.790260314941406 0
      vertex -20.685871124267578 31.840295791625977 5.299999237060547
      vertex -20.460166931152344 31.790260314941406 5.299999237060547
    endloop
  endfacet
  facet normal 0.21643162260388416 0.9762977787217637 0
    outer loop
      vertex -20.685871124267578 31.840295791625977 5.299999237060547
      vertex -20.460166931152344 31.790260314941406 0
      vertex -20.685871124267578 31.840295791625977 0
    endloop
  endfacet
  facet normal 0.300696202843582 -0.9537199765106378 0
    outer loop
      vertex -20.906352996826172 36.89018630981445 0
      vertex -20.685871124267578 36.95970153808594 5.299999237060547
      vertex -20.906352996826172 36.89018630981445 5.299999237060547
    endloop
  endfacet
  facet normal 0.300696202843582 -0.9537199765106378 0
    outer loop
      vertex -20.685871124267578 36.95970153808594 5.299999237060547
      vertex -20.906352996826172 36.89018630981445 0
      vertex -20.685871124267578 36.95970153808594 0
    endloop
  endfacet
  facet normal 0.9990482183096424 0.04361946231132593 0
    outer loop
      vertex -22.639915466308594 34.169036865234375 5.299999237060547
      vertex -22.649999618530273 34.400001525878906 0
      vertex -22.649999618530273 34.400001525878906 5.299999237060547
    endloop
  endfacet
  facet normal 0.9990482183096424 0.04361946231132593 0
    outer loop
      vertex -22.649999618530273 34.400001525878906 0
      vertex -22.639915466308594 34.169036865234375 5.299999237060547
      vertex -22.639915466308594 34.169036865234375 0
    endloop
  endfacet
  facet normal 0.9914455880554751 0.13052067240607154 0
    outer loop
      vertex -22.6097412109375 33.9398307800293 5.299999237060547
      vertex -22.639915466308594 34.169036865234375 0
      vertex -22.639915466308594 34.169036865234375 5.299999237060547
    endloop
  endfacet
  facet normal 0.9914455880554751 0.13052067240607154 0
    outer loop
      vertex -22.639915466308594 34.169036865234375 0
      vertex -22.6097412109375 33.9398307800293 5.299999237060547
      vertex -22.6097412109375 33.9398307800293 0
    endloop
  endfacet
  facet normal -0.04361158714806369 0.99904856211619 0
    outer loop
      vertex -19.7690372467041 31.760082244873047 0
      vertex -20 31.75 5.299999237060547
      vertex -19.7690372467041 31.760082244873047 5.299999237060547
    endloop
  endfacet
  facet normal -0.04361158714806369 0.99904856211619 0
    outer loop
      vertex -20 31.75 5.299999237060547
      vertex -19.7690372467041 31.760082244873047 0
      vertex -20 31.75 0
    endloop
  endfacet
  facet normal -0.5373121062935297 -0.8433834836125323 0
    outer loop
      vertex -18.674999237060547 36.694969177246094 0
      vertex -18.480022430419922 36.57075119018555 5.299999237060547
      vertex -18.674999237060547 36.694969177246094 5.299999237060547
    endloop
  endfacet
  facet normal -0.5373121062935297 -0.8433834836125323 0
    outer loop
      vertex -18.480022430419922 36.57075119018555 5.299999237060547
      vertex -18.674999237060547 36.694969177246094 0
      vertex -18.480022430419922 36.57075119018555 0
    endloop
  endfacet
  facet normal -0.6087605817217308 -0.7933539904366902 0
    outer loop
      vertex -18.480022430419922 36.57075119018555 0
      vertex -18.296611785888672 36.430015563964844 5.299999237060547
      vertex -18.480022430419922 36.57075119018555 5.299999237060547
    endloop
  endfacet
  facet normal -0.6087605817217308 -0.7933539904366902 0
    outer loop
      vertex -18.296611785888672 36.430015563964844 5.299999237060547
      vertex -18.480022430419922 36.57075119018555 0
      vertex -18.296611785888672 36.430015563964844 0
    endloop
  endfacet
  facet normal 0.675580777421583 -0.7372859778799877 0
    outer loop
      vertex -21.87383270263672 36.273834228515625 0
      vertex -21.703386306762695 36.430015563964844 5.299999237060547
      vertex -21.87383270263672 36.273834228515625 5.299999237060547
    endloop
  endfacet
  facet normal 0.675580777421583 -0.7372859778799877 0
    outer loop
      vertex -21.703386306762695 36.430015563964844 5.299999237060547
      vertex -21.87383270263672 36.273834228515625 0
      vertex -21.703386306762695 36.430015563964844 0
    endloop
  endfacet
  facet normal -0.6756028257791306 0.7372657741949329 0
    outer loop
      vertex -18.12616729736328 32.52616882324219 0
      vertex -18.296611785888672 32.36997985839844 5.299999237060547
      vertex -18.12616729736328 32.52616882324219 5.299999237060547
    endloop
  endfacet
  facet normal -0.6756028257791306 0.7372657741949329 0
    outer loop
      vertex -18.296611785888672 32.36997985839844 5.299999237060547
      vertex -18.12616729736328 32.52616882324219 0
      vertex -18.296611785888672 32.36997985839844 0
    endloop
  endfacet
  facet normal 0.6755987163150261 0.7372695399333197 0
    outer loop
      vertex -21.703386306762695 32.36997985839844 0
      vertex -21.87383270263672 32.52616882324219 5.299999237060547
      vertex -21.703386306762695 32.36997985839844 5.299999237060547
    endloop
  endfacet
  facet normal 0.6755987163150261 0.7372695399333197 0
    outer loop
      vertex -21.87383270263672 32.52616882324219 5.299999237060547
      vertex -21.703386306762695 32.36997985839844 0
      vertex -21.87383270263672 32.52616882324219 0
    endloop
  endfacet
  facet normal -0.9762952623679639 0.21644297326979317 0
    outer loop
      vertex -17.440296173095703 33.71413040161133 0
      vertex -17.3902587890625 33.9398307800293 5.299999237060547
      vertex -17.3902587890625 33.9398307800293 0
    endloop
  endfacet
  facet normal -0.9762952623679639 0.21644297326979317 0
    outer loop
      vertex -17.3902587890625 33.9398307800293 5.299999237060547
      vertex -17.440296173095703 33.71413040161133 0
      vertex -17.440296173095703 33.71413040161133 5.299999237060547
    endloop
  endfacet
  facet normal -0.21643162260388416 0.9762977787217637 0
    outer loop
      vertex -19.314128875732422 31.840295791625977 0
      vertex -19.539833068847656 31.790260314941406 5.299999237060547
      vertex -19.314128875732422 31.840295791625977 5.299999237060547
    endloop
  endfacet
  facet normal -0.21643162260388416 0.9762977787217637 0
    outer loop
      vertex -19.539833068847656 31.790260314941406 5.299999237060547
      vertex -19.314128875732422 31.840295791625977 0
      vertex -19.539833068847656 31.790260314941406 0
    endloop
  endfacet
  facet normal 0.9762952623679639 0.21644297326979317 0
    outer loop
      vertex -22.559703826904297 33.71413040161133 5.299999237060547
      vertex -22.6097412109375 33.9398307800293 0
      vertex -22.6097412109375 33.9398307800293 5.299999237060547
    endloop
  endfacet
  facet normal 0.9762952623679639 0.21644297326979317 0
    outer loop
      vertex -22.6097412109375 33.9398307800293 0
      vertex -22.559703826904297 33.71413040161133 5.299999237060547
      vertex -22.559703826904297 33.71413040161133 0
    endloop
  endfacet
  facet normal 0.13053689197041562 0.9914434526662145 0
    outer loop
      vertex -20.230960845947266 31.760082244873047 0
      vertex -20.460166931152344 31.790260314941406 5.299999237060547
      vertex -20.230960845947266 31.760082244873047 5.299999237060547
    endloop
  endfacet
  facet normal 0.13053689197041562 0.9914434526662145 0
    outer loop
      vertex -20.460166931152344 31.790260314941406 5.299999237060547
      vertex -20.230960845947266 31.760082244873047 0
      vertex -20.460166931152344 31.790260314941406 0
    endloop
  endfacet
  facet normal 0.043611946621498074 0.9990485464239882 0
    outer loop
      vertex -20 31.75 0
      vertex -20.230960845947266 31.760082244873047 5.299999237060547
      vertex -20 31.75 5.299999237060547
    endloop
  endfacet
  facet normal 0.043611946621498074 0.9990485464239882 0
    outer loop
      vertex -20.230960845947266 31.760082244873047 5.299999237060547
      vertex -20 31.75 0
      vertex -20.230960845947266 31.760082244873047 0
    endloop
  endfacet
  facet normal 0.7372739931892118 0.675593856519458 0
    outer loop
      vertex -21.87383270263672 32.52616882324219 5.299999237060547
      vertex -22.030017852783203 32.69661331176758 0
      vertex -22.030017852783203 32.69661331176758 5.299999237060547
    endloop
  endfacet
  facet normal 0.7372739931892118 0.675593856519458 0
    outer loop
      vertex -22.030017852783203 32.69661331176758 0
      vertex -21.87383270263672 32.52616882324219 5.299999237060547
      vertex -21.87383270263672 32.52616882324219 0
    endloop
  endfacet
  facet normal 0.6087645663526033 -0.7933509329127475 0
    outer loop
      vertex -21.703386306762695 36.430015563964844 0
      vertex -21.519977569580078 36.57075119018555 5.299999237060547
      vertex -21.703386306762695 36.430015563964844 5.299999237060547
    endloop
  endfacet
  facet normal 0.6087645663526033 -0.7933509329127475 0
    outer loop
      vertex -21.519977569580078 36.57075119018555 5.299999237060547
      vertex -21.703386306762695 36.430015563964844 0
      vertex -21.519977569580078 36.57075119018555 0
    endloop
  endfacet
  facet normal 0 0 1
    outer loop
      vertex -15.84999942779541 36.79600524902344 5.299999237060547
      vertex -17.349998474121094 34.400001525878906 5.299999237060547
      vertex -15.84999942779541 32.003997802734375 5.299999237060547
    endloop
  endfacet
  facet normal 0 0 1
    outer loop
      vertex -15.84999942779541 36.79600524902344 5.299999237060547
      vertex -17.360084533691406 34.63096237182617 5.299999237060547
      vertex -17.349998474121094 34.400001525878906 5.299999237060547
    endloop
  endfacet
  facet normal 0 0 1
    outer loop
      vertex -15.84999942779541 36.79600524902344 5.299999237060547
      vertex -17.3902587890625 34.86016845703125 5.299999237060547
      vertex -17.360084533691406 34.63096237182617 5.299999237060547
    endloop
  endfacet
  facet normal 0 0 1
    outer loop
      vertex -15.84999942779541 36.79600524902344 5.299999237060547
      vertex -17.440296173095703 35.08586883544922 5.299999237060547
      vertex -17.3902587890625 34.86016845703125 5.299999237060547
    endloop
  endfacet
  facet normal 0 0 1
    outer loop
      vertex -15.84999942779541 36.79600524902344 5.299999237060547
      vertex -17.509815216064453 35.30635070800781 5.299999237060547
      vertex -17.440296173095703 35.08586883544922 5.299999237060547
    endloop
  endfacet
  facet normal 0 0 1
    outer loop
      vertex -15.84999942779541 36.79600524902344 5.299999237060547
      vertex -17.598283767700195 35.519935607910156 5.299999237060547
      vertex -17.509815216064453 35.30635070800781 5.299999237060547
    endloop
  endfacet
  facet normal 0 0 1
    outer loop
      vertex -15.84999942779541 36.79600524902344 5.299999237060547
      vertex -17.705032348632812 35.724998474121094 5.299999237060547
      vertex -17.598283767700195 35.519935607910156 5.299999237060547
    endloop
  endfacet
  facet normal 0 0 1
    outer loop
      vertex -15.84999942779541 36.79600524902344 5.299999237060547
      vertex -17.829246520996094 35.91997528076172 5.299999237060547
      vertex -17.705032348632812 35.724998474121094 5.299999237060547
    endloop
  endfacet
  facet normal 0 0 1
    outer loop
      vertex -15.84999942779541 36.79600524902344 5.299999237060547
      vertex -17.969982147216797 36.10338592529297 5.299999237060547
      vertex -17.829246520996094 35.91997528076172 5.299999237060547
    endloop
  endfacet
  facet normal 0 0 1
    outer loop
      vertex -15.84999942779541 36.79600524902344 5.299999237060547
      vertex -18.12616729736328 36.273834228515625 5.299999237060547
      vertex -17.969982147216797 36.10338592529297 5.299999237060547
    endloop
  endfacet
  facet normal 0 0 1
    outer loop
      vertex -15.84999942779541 36.79600524902344 5.299999237060547
      vertex -18.296611785888672 36.430015563964844 5.299999237060547
      vertex -18.12616729736328 36.273834228515625 5.299999237060547
    endloop
  endfacet
  facet normal 0 0 1
    outer loop
      vertex -15.84999942779541 36.79600524902344 5.299999237060547
      vertex -18.480022430419922 36.57075119018555 5.299999237060547
      vertex -18.296611785888672 36.430015563964844 5.299999237060547
    endloop
  endfacet
  facet normal 0 0 1
    outer loop
      vertex -15.84999942779541 36.79600524902344 5.299999237060547
      vertex -18.674999237060547 36.694969177246094 5.299999237060547
      vertex -18.480022430419922 36.57075119018555 5.299999237060547
    endloop
  endfacet
  facet normal 0 0 1
    outer loop
      vertex -20 39.19200897216797 5.299999237060547
      vertex -18.674999237060547 36.694969177246094 5.299999237060547
      vertex -15.84999942779541 36.79600524902344 5.299999237060547
    endloop
  endfacet
  facet normal 0 0 1
    outer loop
      vertex -18.674999237060547 36.694969177246094 5.299999237060547
      vertex -20 39.19200897216797 5.299999237060547
      vertex -18.880062103271484 36.80171585083008 5.299999237060547
    endloop
  endfacet
  facet normal 0 0 1
    outer loop
      vertex -18.880062103271484 36.80171585083008 5.299999237060547
      vertex -20 39.19200897216797 5.299999237060547
      vertex -19.093647003173828 36.89018630981445 5.299999237060547
    endloop
  endfacet
  facet normal 0 0 1
    outer loop
      vertex -19.093647003173828 36.89018630981445 5.299999237060547
      vertex -20 39.19200897216797 5.299999237060547
      vertex -19.314128875732422 36.95970153808594 5.299999237060547
    endloop
  endfacet
  facet normal 0 0 1
    outer loop
      vertex -19.314128875732422 36.95970153808594 5.299999237060547
      vertex -20 39.19200897216797 5.299999237060547
      vertex -19.539833068847656 37.00973892211914 5.299999237060547
    endloop
  endfacet
  facet normal 0 0 1
    outer loop
      vertex -19.539833068847656 37.00973892211914 5.299999237060547
      vertex -20 39.19200897216797 5.299999237060547
      vertex -19.7690372467041 37.0399169921875 5.299999237060547
    endloop
  endfacet
  facet normal 0 0 1
    outer loop
      vertex -20 39.19200897216797 5.299999237060547
      vertex -20 37.04999923706055 5.299999237060547
      vertex -19.7690372467041 37.0399169921875 5.299999237060547
    endloop
  endfacet
  facet normal 0 0 1
    outer loop
      vertex -20 39.19200897216797 5.299999237060547
      vertex -20.230960845947266 37.0399169921875 5.299999237060547
      vertex -20 37.04999923706055 5.299999237060547
    endloop
  endfacet
  facet normal 0 0 1
    outer loop
      vertex -20 39.19200897216797 5.299999237060547
      vertex -20.460166931152344 37.00973892211914 5.299999237060547
      vertex -20.230960845947266 37.0399169921875 5.299999237060547
    endloop
  endfacet
  facet normal 0 0 1
    outer loop
      vertex -20 39.19200897216797 5.299999237060547
      vertex -20.685871124267578 36.95970153808594 5.299999237060547
      vertex -20.460166931152344 37.00973892211914 5.299999237060547
    endloop
  endfacet
  facet normal 0 0 1
    outer loop
      vertex -20 39.19200897216797 5.299999237060547
      vertex -20.906352996826172 36.89018630981445 5.299999237060547
      vertex -20.685871124267578 36.95970153808594 5.299999237060547
    endloop
  endfacet
  facet normal 0 0 1
    outer loop
      vertex -20 39.19200897216797 5.299999237060547
      vertex -21.119937896728516 36.80171585083008 5.299999237060547
      vertex -20.906352996826172 36.89018630981445 5.299999237060547
    endloop
  endfacet
  facet normal 0 0 1
    outer loop
      vertex -20 39.19200897216797 5.299999237060547
      vertex -21.325000762939453 36.694969177246094 5.299999237060547
      vertex -21.119937896728516 36.80171585083008 5.299999237060547
    endloop
  endfacet
  facet normal 0 0 1
    outer loop
      vertex -24.149999618530273 36.79600524902344 5.299999237060547
      vertex -21.325000762939453 36.694969177246094 5.299999237060547
      vertex -20 39.19200897216797 5.299999237060547
    endloop
  endfacet
  facet normal 0 0 1
    outer loop
      vertex -21.325000762939453 36.694969177246094 5.299999237060547
      vertex -24.149999618530273 36.79600524902344 5.299999237060547
      vertex -21.519977569580078 36.57075119018555 5.299999237060547
    endloop
  endfacet
  facet normal 0 0 1
    outer loop
      vertex -21.519977569580078 36.57075119018555 5.299999237060547
      vertex -24.149999618530273 36.79600524902344 5.299999237060547
      vertex -21.703386306762695 36.430015563964844 5.299999237060547
    endloop
  endfacet
  facet normal 0 0 1
    outer loop
      vertex -21.703386306762695 36.430015563964844 5.299999237060547
      vertex -24.149999618530273 36.79600524902344 5.299999237060547
      vertex -21.87383270263672 36.273834228515625 5.299999237060547
    endloop
  endfacet
  facet normal 0 0 1
    outer loop
      vertex -21.87383270263672 36.273834228515625 5.299999237060547
      vertex -24.149999618530273 36.79600524902344 5.299999237060547
      vertex -22.030017852783203 36.10338592529297 5.299999237060547
    endloop
  endfacet
  facet normal 0 0 1
    outer loop
      vertex -22.639915466308594 34.63096237182617 5.299999237060547
      vertex -24.149999618530273 36.79600524902344 5.299999237060547
      vertex -22.649999618530273 34.400001525878906 5.299999237060547
    endloop
  endfacet
  facet normal 0 0 1
    outer loop
      vertex -22.6097412109375 34.86016845703125 5.299999237060547
      vertex -24.149999618530273 36.79600524902344 5.299999237060547
      vertex -22.639915466308594 34.63096237182617 5.299999237060547
    endloop
  endfacet
  facet normal 0 0 1
    outer loop
      vertex -22.559703826904297 35.08586883544922 5.299999237060547
      vertex -24.149999618530273 36.79600524902344 5.299999237060547
      vertex -22.6097412109375 34.86016845703125 5.299999237060547
    endloop
  endfacet
  facet normal 0 0 1
    outer loop
      vertex -22.490184783935547 35.30635070800781 5.299999237060547
      vertex -24.149999618530273 36.79600524902344 5.299999237060547
      vertex -22.559703826904297 35.08586883544922 5.299999237060547
    endloop
  endfacet
  facet normal 0 0 1
    outer loop
      vertex -22.401714324951172 35.519935607910156 5.299999237060547
      vertex -24.149999618530273 36.79600524902344 5.299999237060547
      vertex -22.490184783935547 35.30635070800781 5.299999237060547
    endloop
  endfacet
  facet normal 0 0 1
    outer loop
      vertex -22.294967651367188 35.724998474121094 5.299999237060547
      vertex -24.149999618530273 36.79600524902344 5.299999237060547
      vertex -22.401714324951172 35.519935607910156 5.299999237060547
    endloop
  endfacet
  facet normal 0 0 1
    outer loop
      vertex -22.170753479003906 35.91997528076172 5.299999237060547
      vertex -24.149999618530273 36.79600524902344 5.299999237060547
      vertex -22.294967651367188 35.724998474121094 5.299999237060547
    endloop
  endfacet
  facet normal 0 0 1
    outer loop
      vertex -22.030017852783203 36.10338592529297 5.299999237060547
      vertex -24.149999618530273 36.79600524902344 5.299999237060547
      vertex -22.170753479003906 35.91997528076172 5.299999237060547
    endloop
  endfacet
  facet normal 0 0 1
    outer loop
      vertex -17.360084533691406 34.169036865234375 5.299999237060547
      vertex -15.84999942779541 32.003997802734375 5.299999237060547
      vertex -17.349998474121094 34.400001525878906 5.299999237060547
    endloop
  endfacet
  facet normal 0 0 1
    outer loop
      vertex -17.3902587890625 33.9398307800293 5.299999237060547
      vertex -15.84999942779541 32.003997802734375 5.299999237060547
      vertex -17.360084533691406 34.169036865234375 5.299999237060547
    endloop
  endfacet
  facet normal 0 0 1
    outer loop
      vertex -17.440296173095703 33.71413040161133 5.299999237060547
      vertex -15.84999942779541 32.003997802734375 5.299999237060547
      vertex -17.3902587890625 33.9398307800293 5.299999237060547
    endloop
  endfacet
  facet normal 0 0 1
    outer loop
      vertex -17.509815216064453 33.49364471435547 5.299999237060547
      vertex -15.84999942779541 32.003997802734375 5.299999237060547
      vertex -17.440296173095703 33.71413040161133 5.299999237060547
    endloop
  endfacet
  facet normal 0 0 1
    outer loop
      vertex -17.598283767700195 33.280059814453125 5.299999237060547
      vertex -15.84999942779541 32.003997802734375 5.299999237060547
      vertex -17.509815216064453 33.49364471435547 5.299999237060547
    endloop
  endfacet
  facet normal 0 0 1
    outer loop
      vertex -17.705032348632812 33.07500076293945 5.299999237060547
      vertex -15.84999942779541 32.003997802734375 5.299999237060547
      vertex -17.598283767700195 33.280059814453125 5.299999237060547
    endloop
  endfacet
  facet normal 0 0 1
    outer loop
      vertex -17.829246520996094 32.88002014160156 5.299999237060547
      vertex -15.84999942779541 32.003997802734375 5.299999237060547
      vertex -17.705032348632812 33.07500076293945 5.299999237060547
    endloop
  endfacet
  facet normal 0 0 1
    outer loop
      vertex -17.969982147216797 32.69661331176758 5.299999237060547
      vertex -15.84999942779541 32.003997802734375 5.299999237060547
      vertex -17.829246520996094 32.88002014160156 5.299999237060547
    endloop
  endfacet
  facet normal 0 0 1
    outer loop
      vertex -18.12616729736328 32.52616882324219 5.299999237060547
      vertex -15.84999942779541 32.003997802734375 5.299999237060547
      vertex -17.969982147216797 32.69661331176758 5.299999237060547
    endloop
  endfacet
  facet normal 0 0 1
    outer loop
      vertex -18.296611785888672 32.36997985839844 5.299999237060547
      vertex -15.84999942779541 32.003997802734375 5.299999237060547
      vertex -18.12616729736328 32.52616882324219 5.299999237060547
    endloop
  endfacet
  facet normal 0 0 1
    outer loop
      vertex -18.480022430419922 32.229248046875 5.299999237060547
      vertex -15.84999942779541 32.003997802734375 5.299999237060547
      vertex -18.296611785888672 32.36997985839844 5.299999237060547
    endloop
  endfacet
  facet normal 0 0 1
    outer loop
      vertex -18.674999237060547 32.10503387451172 5.299999237060547
      vertex -15.84999942779541 32.003997802734375 5.299999237060547
      vertex -18.480022430419922 32.229248046875 5.299999237060547
    endloop
  endfacet
  facet normal 0 0 1
    outer loop
      vertex -20 29.60799217224121 5.299999237060547
      vertex -18.674999237060547 32.10503387451172 5.299999237060547
      vertex -18.880062103271484 31.99828338623047 5.299999237060547
    endloop
  endfacet
  facet normal 0 0 1
    outer loop
      vertex -20 29.60799217224121 5.299999237060547
      vertex -18.880062103271484 31.99828338623047 5.299999237060547
      vertex -19.093647003173828 31.909812927246094 5.299999237060547
    endloop
  endfacet
  facet normal 0 0 1
    outer loop
      vertex -20 29.60799217224121 5.299999237060547
      vertex -19.093647003173828 31.909812927246094 5.299999237060547
      vertex -19.314128875732422 31.840295791625977 5.299999237060547
    endloop
  endfacet
  facet normal 0 0 1
    outer loop
      vertex -20 29.60799217224121 5.299999237060547
      vertex -19.314128875732422 31.840295791625977 5.299999237060547
      vertex -19.539833068847656 31.790260314941406 5.299999237060547
    endloop
  endfacet
  facet normal 0 0 1
    outer loop
      vertex -20 29.60799217224121 5.299999237060547
      vertex -19.539833068847656 31.790260314941406 5.299999237060547
      vertex -19.7690372467041 31.760082244873047 5.299999237060547
    endloop
  endfacet
  facet normal 0 0 1
    outer loop
      vertex -18.674999237060547 32.10503387451172 5.299999237060547
      vertex -20 29.60799217224121 5.299999237060547
      vertex -15.84999942779541 32.003997802734375 5.299999237060547
    endloop
  endfacet
  facet normal 0 0 1
    outer loop
      vertex -20 31.75 5.299999237060547
      vertex -20 29.60799217224121 5.299999237060547
      vertex -19.7690372467041 31.760082244873047 5.299999237060547
    endloop
  endfacet
  facet normal 0 0 1
    outer loop
      vertex -20.230960845947266 31.760082244873047 5.299999237060547
      vertex -20 29.60799217224121 5.299999237060547
      vertex -20 31.75 5.299999237060547
    endloop
  endfacet
  facet normal 0 0 1
    outer loop
      vertex -20.460166931152344 31.790260314941406 5.299999237060547
      vertex -20 29.60799217224121 5.299999237060547
      vertex -20.230960845947266 31.760082244873047 5.299999237060547
    endloop
  endfacet
  facet normal 0 0 1
    outer loop
      vertex -20.685871124267578 31.840295791625977 5.299999237060547
      vertex -20 29.60799217224121 5.299999237060547
      vertex -20.460166931152344 31.790260314941406 5.299999237060547
    endloop
  endfacet
  facet normal 0 0 1
    outer loop
      vertex -20.906352996826172 31.909812927246094 5.299999237060547
      vertex -20 29.60799217224121 5.299999237060547
      vertex -20.685871124267578 31.840295791625977 5.299999237060547
    endloop
  endfacet
  facet normal 0 0 1
    outer loop
      vertex -21.119937896728516 31.99828338623047 5.299999237060547
      vertex -20 29.60799217224121 5.299999237060547
      vertex -20.906352996826172 31.909812927246094 5.299999237060547
    endloop
  endfacet
  facet normal 0 0 1
    outer loop
      vertex -21.325000762939453 32.10503387451172 5.299999237060547
      vertex -20 29.60799217224121 5.299999237060547
      vertex -21.119937896728516 31.99828338623047 5.299999237060547
    endloop
  endfacet
  facet normal 0 0 1
    outer loop
      vertex -24.149999618530273 32.003997802734375 5.299999237060547
      vertex -21.325000762939453 32.10503387451172 5.299999237060547
      vertex -21.519977569580078 32.229248046875 5.299999237060547
    endloop
  endfacet
  facet normal 0 0 1
    outer loop
      vertex -24.149999618530273 32.003997802734375 5.299999237060547
      vertex -21.519977569580078 32.229248046875 5.299999237060547
      vertex -21.703386306762695 32.36997985839844 5.299999237060547
    endloop
  endfacet
  facet normal 0 0 1
    outer loop
      vertex -24.149999618530273 32.003997802734375 5.299999237060547
      vertex -21.703386306762695 32.36997985839844 5.299999237060547
      vertex -21.87383270263672 32.52616882324219 5.299999237060547
    endloop
  endfacet
  facet normal 0 0 1
    outer loop
      vertex -24.149999618530273 32.003997802734375 5.299999237060547
      vertex -21.87383270263672 32.52616882324219 5.299999237060547
      vertex -22.030017852783203 32.69661331176758 5.299999237060547
    endloop
  endfacet
  facet normal 0 0 1
    outer loop
      vertex -24.149999618530273 32.003997802734375 5.299999237060547
      vertex -22.030017852783203 32.69661331176758 5.299999237060547
      vertex -22.170753479003906 32.88002014160156 5.299999237060547
    endloop
  endfacet
  facet normal 0 0 1
    outer loop
      vertex -24.149999618530273 32.003997802734375 5.299999237060547
      vertex -22.649999618530273 34.400001525878906 5.299999237060547
      vertex -24.149999618530273 36.79600524902344 5.299999237060547
    endloop
  endfacet
  facet normal 0 0 1
    outer loop
      vertex -22.649999618530273 34.400001525878906 5.299999237060547
      vertex -24.149999618530273 32.003997802734375 5.299999237060547
      vertex -22.639915466308594 34.169036865234375 5.299999237060547
    endloop
  endfacet
  facet normal 0 0 1
    outer loop
      vertex -22.639915466308594 34.169036865234375 5.299999237060547
      vertex -24.149999618530273 32.003997802734375 5.299999237060547
      vertex -22.6097412109375 33.9398307800293 5.299999237060547
    endloop
  endfacet
  facet normal 0 0 1
    outer loop
      vertex -22.6097412109375 33.9398307800293 5.299999237060547
      vertex -24.149999618530273 32.003997802734375 5.299999237060547
      vertex -22.559703826904297 33.71413040161133 5.299999237060547
    endloop
  endfacet
  facet normal 0 0 1
    outer loop
      vertex -22.559703826904297 33.71413040161133 5.299999237060547
      vertex -24.149999618530273 32.003997802734375 5.299999237060547
      vertex -22.490184783935547 33.49364471435547 5.299999237060547
    endloop
  endfacet
  facet normal 0 0 1
    outer loop
      vertex -21.325000762939453 32.10503387451172 5.299999237060547
      vertex -24.149999618530273 32.003997802734375 5.299999237060547
      vertex -20 29.60799217224121 5.299999237060547
    endloop
  endfacet
  facet normal 0 0 1
    outer loop
      vertex -22.294967651367188 33.07500076293945 5.299999237060547
      vertex -24.149999618530273 32.003997802734375 5.299999237060547
      vertex -22.170753479003906 32.88002014160156 5.299999237060547
    endloop
  endfacet
  facet normal 0 0 1
    outer loop
      vertex -22.401714324951172 33.280059814453125 5.299999237060547
      vertex -24.149999618530273 32.003997802734375 5.299999237060547
      vertex -22.294967651367188 33.07500076293945 5.299999237060547
    endloop
  endfacet
  facet normal 0 0 1
    outer loop
      vertex -22.490184783935547 33.49364471435547 5.299999237060547
      vertex -24.149999618530273 32.003997802734375 5.299999237060547
      vertex -22.401714324951172 33.280059814453125 5.299999237060547
    endloop
  endfacet
  facet normal 0.5000000510614703 -0.866025374304083 0
    outer loop
      vertex -24.149999618530273 36.79600524902344 5.299999237060547
      vertex -20 39.19200897216797 11.5
      vertex -24.149999618530273 36.79600524902344 11.5
    endloop
  endfacet
  facet normal 0.5000000510614703 -0.866025374304083 0
    outer loop
      vertex -20 39.19200897216797 11.5
      vertex -24.149999618530273 36.79600524902344 5.299999237060547
      vertex -20 39.19200897216797 5.299999237060547
    endloop
  endfacet
  facet normal -0.49999996488608184 -0.8660254240574679 0
    outer loop
      vertex -20 39.19200897216797 5.299999237060547
      vertex -15.84999942779541 36.79600524902344 11.5
      vertex -20 39.19200897216797 11.5
    endloop
  endfacet
  facet normal -0.49999996488608184 -0.8660254240574679 0
    outer loop
      vertex -15.84999942779541 36.79600524902344 11.5
      vertex -20 39.19200897216797 5.299999237060547
      vertex -15.84999942779541 36.79600524902344 5.299999237060547
    endloop
  endfacet
  facet normal 0.500000349581686 0.8660252019532642 0
    outer loop
      vertex -20 29.60799217224121 5.299999237060547
      vertex -24.149999618530273 32.003997802734375 11.5
      vertex -20 29.60799217224121 11.5
    endloop
  endfacet
  facet normal 0.500000349581686 0.8660252019532642 0
    outer loop
      vertex -24.149999618530273 32.003997802734375 11.5
      vertex -20 29.60799217224121 5.299999237060547
      vertex -24.149999618530273 32.003997802734375 5.299999237060547
    endloop
  endfacet
  facet normal -0.5000002634062803 0.8660252517066984 0
    outer loop
      vertex -15.84999942779541 32.003997802734375 5.299999237060547
      vertex -20 29.60799217224121 11.5
      vertex -15.84999942779541 32.003997802734375 11.5
    endloop
  endfacet
  facet normal -0.5000002634062803 0.8660252517066984 0
    outer loop
      vertex -20 29.60799217224121 11.5
      vertex -15.84999942779541 32.003997802734375 5.299999237060547
      vertex -20 29.60799217224121 5.299999237060547
    endloop
  endfacet
  facet normal -1 0 0
    outer loop
      vertex -15.84999942779541 32.003997802734375 5.299999237060547
      vertex -15.84999942779541 36.79600524902344 11.5
      vertex -15.84999942779541 36.79600524902344 5.299999237060547
    endloop
  endfacet
  facet normal -1 0 0
    outer loop
      vertex -15.84999942779541 36.79600524902344 11.5
      vertex -15.84999942779541 32.003997802734375 5.299999237060547
      vertex -15.84999942779541 32.003997802734375 11.5
    endloop
  endfacet
  facet normal 1 0 0
    outer loop
      vertex -24.149999618530273 32.003997802734375 11.5
      vertex -24.149999618530273 36.79600524902344 5.299999237060547
      vertex -24.149999618530273 36.79600524902344 11.5
    endloop
  endfacet
  facet normal 1 0 0
    outer loop
      vertex -24.149999618530273 36.79600524902344 5.299999237060547
      vertex -24.149999618530273 32.003997802734375 11.5
      vertex -24.149999618530273 32.003997802734375 5.299999237060547
    endloop
  endfacet
  facet normal 0.6755897470182879 -0.7372777588695902 0
    outer loop
      vertex -21.87383270263672 -31.526166915893555 0
      vertex -21.703386306762695 -31.36998176574707 5.299999237060547
      vertex -21.87383270263672 -31.526166915893555 5.299999237060547
    endloop
  endfacet
  facet normal 0.6755897470182879 -0.7372777588695902 0
    outer loop
      vertex -21.703386306762695 -31.36998176574707 5.299999237060547
      vertex -21.87383270263672 -31.526166915893555 0
      vertex -21.703386306762695 -31.36998176574707 0
    endloop
  endfacet
  facet normal 0.8870149041469177 0.4617407928927598 0
    outer loop
      vertex -22.294967651367188 -36.724998474121094 5.299999237060547
      vertex -22.401714324951172 -36.519935607910156 0
      vertex -22.401714324951172 -36.519935607910156 5.299999237060547
    endloop
  endfacet
  facet normal 0.8870149041469177 0.4617407928927598 0
    outer loop
      vertex -22.401714324951172 -36.519935607910156 0
      vertex -22.294967651367188 -36.724998474121094 5.299999237060547
      vertex -22.294967651367188 -36.724998474121094 0
    endloop
  endfacet
  facet normal 0.38268600475744313 -0.9238784669872905 0
    outer loop
      vertex -21.119937896728516 -30.99828338623047 0
      vertex -20.906352996826172 -30.909812927246094 5.299999237060547
      vertex -21.119937896728516 -30.99828338623047 5.299999237060547
    endloop
  endfacet
  facet normal 0.38268600475744313 -0.9238784669872905 0
    outer loop
      vertex -20.906352996826172 -30.909812927246094 5.299999237060547
      vertex -21.119937896728516 -30.99828338623047 0
      vertex -20.906352996826172 -30.909812927246094 0
    endloop
  endfacet
  facet normal -0.6087605817217308 -0.7933539904366902 0
    outer loop
      vertex -18.480022430419922 -31.229246139526367 0
      vertex -18.296611785888672 -31.36998176574707 5.299999237060547
      vertex -18.480022430419922 -31.229246139526367 5.299999237060547
    endloop
  endfacet
  facet normal -0.6087605817217308 -0.7933539904366902 0
    outer loop
      vertex -18.296611785888672 -31.36998176574707 5.299999237060547
      vertex -18.480022430419922 -31.229246139526367 0
      vertex -18.296611785888672 -31.36998176574707 0
    endloop
  endfacet
  facet normal 0.9762952623679639 -0.21644297326979317 0
    outer loop
      vertex -22.6097412109375 -32.9398307800293 5.299999237060547
      vertex -22.559703826904297 -32.71413040161133 0
      vertex -22.559703826904297 -32.71413040161133 5.299999237060547
    endloop
  endfacet
  facet normal 0.9762952623679639 -0.21644297326979317 0
    outer loop
      vertex -22.559703826904297 -32.71413040161133 0
      vertex -22.6097412109375 -32.9398307800293 5.299999237060547
      vertex -22.6097412109375 -32.9398307800293 0
    endloop
  endfacet
  facet normal 1 0 0
    outer loop
      vertex -22.649999618530273 -35.400001525878906 5.299999237060547
      vertex -22.649999618530273 -33.400001525878906 0
      vertex -22.649999618530273 -33.400001525878906 5.299999237060547
    endloop
  endfacet
  facet normal 1 0 0
    outer loop
      vertex -22.649999618530273 -33.400001525878906 0
      vertex -22.649999618530273 -35.400001525878906 5.299999237060547
      vertex -22.649999618530273 -35.400001525878906 0
    endloop
  endfacet
  facet normal 0.38268600475744313 0.9238784669872905 0
    outer loop
      vertex -20.906352996826172 -37.89018630981445 0
      vertex -21.119937896728516 -37.80171585083008 5.299999237060547
      vertex -20.906352996826172 -37.89018630981445 5.299999237060547
    endloop
  endfacet
  facet normal 0.38268600475744313 0.9238784669872905 0
    outer loop
      vertex -21.119937896728516 -37.80171585083008 5.299999237060547
      vertex -20.906352996826172 -37.89018630981445 0
      vertex -21.119937896728516 -37.80171585083008 0
    endloop
  endfacet
  facet normal -0.8433933428572137 -0.5372966305721025 0
    outer loop
      vertex -17.705032348632812 -32.07500076293945 0
      vertex -17.829246520996094 -31.880022048950195 5.299999237060547
      vertex -17.829246520996094 -31.880022048950195 0
    endloop
  endfacet
  facet normal -0.8433933428572137 -0.5372966305721025 0
    outer loop
      vertex -17.829246520996094 -31.880022048950195 5.299999237060547
      vertex -17.705032348632812 -32.07500076293945 0
      vertex -17.705032348632812 -32.07500076293945 5.299999237060547
    endloop
  endfacet
  facet normal -0.5373003692645782 -0.8433909610543309 0
    outer loop
      vertex -18.674999237060547 -31.105031967163086 0
      vertex -18.480022430419922 -31.229246139526367 5.299999237060547
      vertex -18.674999237060547 -31.105031967163086 5.299999237060547
    endloop
  endfacet
  facet normal -0.5373003692645782 -0.8433909610543309 0
    outer loop
      vertex -18.480022430419922 -31.229246139526367 5.299999237060547
      vertex -18.674999237060547 -31.105031967163086 0
      vertex -18.480022430419922 -31.229246139526367 0
    endloop
  endfacet
  facet normal -0.9990478273359645 0.043628416144624496 0
    outer loop
      vertex -17.360084533691406 -35.63096237182617 0
      vertex -17.349998474121094 -35.400001525878906 5.299999237060547
      vertex -17.349998474121094 -35.400001525878906 0
    endloop
  endfacet
  facet normal -0.9990478273359645 0.043628416144624496 0
    outer loop
      vertex -17.349998474121094 -35.400001525878906 5.299999237060547
      vertex -17.360084533691406 -35.63096237182617 0
      vertex -17.360084533691406 -35.63096237182617 5.299999237060547
    endloop
  endfacet
  facet normal 0.7372815244812515 0.6755856375461233 0
    outer loop
      vertex -21.87383270263672 -37.273834228515625 5.299999237060547
      vertex -22.030017852783203 -37.10338592529297 0
      vertex -22.030017852783203 -37.10338592529297 5.299999237060547
    endloop
  endfacet
  facet normal 0.7372815244812515 0.6755856375461233 0
    outer loop
      vertex -22.030017852783203 -37.10338592529297 0
      vertex -21.87383270263672 -37.273834228515625 5.299999237060547
      vertex -21.87383270263672 -37.273834228515625 0
    endloop
  endfacet
  facet normal -0.9762952623679639 0.21644297326979317 0
    outer loop
      vertex -17.440296173095703 -36.08586883544922 0
      vertex -17.3902587890625 -35.86016845703125 5.299999237060547
      vertex -17.3902587890625 -35.86016845703125 0
    endloop
  endfacet
  facet normal -0.9762952623679639 0.21644297326979317 0
    outer loop
      vertex -17.3902587890625 -35.86016845703125 5.299999237060547
      vertex -17.440296173095703 -36.08586883544922 0
      vertex -17.440296173095703 -36.08586883544922 5.299999237060547
    endloop
  endfacet
  facet normal -0.6755848869598161 0.7372822122576216 0
    outer loop
      vertex -18.12616729736328 -37.273834228515625 0
      vertex -18.296611785888672 -37.430015563964844 5.299999237060547
      vertex -18.12616729736328 -37.273834228515625 5.299999237060547
    endloop
  endfacet
  facet normal -0.6755848869598161 0.7372822122576216 0
    outer loop
      vertex -18.296611785888672 -37.430015563964844 5.299999237060547
      vertex -18.12616729736328 -37.273834228515625 0
      vertex -18.296611785888672 -37.430015563964844 0
    endloop
  endfacet
  facet normal 0.675580777421583 0.7372859778799877 0
    outer loop
      vertex -21.703386306762695 -37.430015563964844 0
      vertex -21.87383270263672 -37.273834228515625 5.299999237060547
      vertex -21.703386306762695 -37.430015563964844 5.299999237060547
    endloop
  endfacet
  facet normal 0.675580777421583 0.7372859778799877 0
    outer loop
      vertex -21.87383270263672 -37.273834228515625 5.299999237060547
      vertex -21.703386306762695 -37.430015563964844 0
      vertex -21.87383270263672 -37.273834228515625 0
    endloop
  endfacet
  facet normal -0.999047858743666 -0.04362769693321198 0
    outer loop
      vertex -17.349998474121094 -33.400001525878906 0
      vertex -17.360084533691406 -33.169036865234375 5.299999237060547
      vertex -17.360084533691406 -33.169036865234375 0
    endloop
  endfacet
  facet normal -0.999047858743666 -0.04362769693321198 0
    outer loop
      vertex -17.360084533691406 -33.169036865234375 5.299999237060547
      vertex -17.349998474121094 -33.400001525878906 0
      vertex -17.349998474121094 -33.400001525878906 5.299999237060547
    endloop
  endfacet
  facet normal -0.7933509329127475 -0.6087645663526033 0
    outer loop
      vertex -17.829246520996094 -31.880022048950195 0
      vertex -17.969982147216797 -31.696613311767578 5.299999237060547
      vertex -17.969982147216797 -31.696613311767578 0
    endloop
  endfacet
  facet normal -0.7933509329127475 -0.6087645663526033 0
    outer loop
      vertex -17.969982147216797 -31.696613311767578 5.299999237060547
      vertex -17.829246520996094 -31.880022048950195 0
      vertex -17.829246520996094 -31.880022048950195 5.299999237060547
    endloop
  endfacet
  facet normal 0.21643948647152783 0.976296035378584 0
    outer loop
      vertex -20.460166931152344 -38.00973892211914 0
      vertex -20.685871124267578 -37.95970153808594 5.299999237060547
      vertex -20.460166931152344 -38.00973892211914 5.299999237060547
    endloop
  endfacet
  facet normal 0.21643948647152783 0.976296035378584 0
    outer loop
      vertex -20.685871124267578 -37.95970153808594 5.299999237060547
      vertex -20.460166931152344 -38.00973892211914 0
      vertex -20.685871124267578 -37.95970153808594 0
    endloop
  endfacet
  facet normal 0.9238784669872905 -0.38268600475744313 0
    outer loop
      vertex -22.490184783935547 -32.49364471435547 5.299999237060547
      vertex -22.401714324951172 -32.280059814453125 0
      vertex -22.401714324951172 -32.280059814453125 5.299999237060547
    endloop
  endfacet
  facet normal 0.9238784669872905 -0.38268600475744313 0
    outer loop
      vertex -22.401714324951172 -32.280059814453125 0
      vertex -22.490184783935547 -32.49364471435547 5.299999237060547
      vertex -22.490184783935547 -32.49364471435547 0
    endloop
  endfacet
  facet normal 0.9537152442835665 0.30071121166517384 0
    outer loop
      vertex -22.490184783935547 -36.30635070800781 5.299999237060547
      vertex -22.559703826904297 -36.08586883544922 0
      vertex -22.559703826904297 -36.08586883544922 5.299999237060547
    endloop
  endfacet
  facet normal 0.9537152442835665 0.30071121166517384 0
    outer loop
      vertex -22.559703826904297 -36.08586883544922 0
      vertex -22.490184783935547 -36.30635070800781 5.299999237060547
      vertex -22.490184783935547 -36.30635070800781 0
    endloop
  endfacet
  facet normal -0.13053795973774063 0.991443312079671 0
    outer loop
      vertex -19.539833068847656 -38.00973892211914 0
      vertex -19.7690372467041 -38.0399169921875 5.299999237060547
      vertex -19.539833068847656 -38.00973892211914 5.299999237060547
    endloop
  endfacet
  facet normal -0.13053795973774063 0.991443312079671 0
    outer loop
      vertex -19.7690372467041 -38.0399169921875 5.299999237060547
      vertex -19.539833068847656 -38.00973892211914 0
      vertex -19.7690372467041 -38.0399169921875 0
    endloop
  endfacet
  facet normal -0.9914455880554751 0.13052067240607154 0
    outer loop
      vertex -17.3902587890625 -35.86016845703125 0
      vertex -17.360084533691406 -35.63096237182617 5.299999237060547
      vertex -17.360084533691406 -35.63096237182617 0
    endloop
  endfacet
  facet normal -0.9914455880554751 0.13052067240607154 0
    outer loop
      vertex -17.360084533691406 -35.63096237182617 5.299999237060547
      vertex -17.3902587890625 -35.86016845703125 0
      vertex -17.3902587890625 -35.86016845703125 5.299999237060547
    endloop
  endfacet
  facet normal 0.4617407928927598 0.8870149041469177 0
    outer loop
      vertex -21.119937896728516 -37.80171585083008 0
      vertex -21.325000762939453 -37.694969177246094 5.299999237060547
      vertex -21.119937896728516 -37.80171585083008 5.299999237060547
    endloop
  endfacet
  facet normal 0.4617407928927598 0.8870149041469177 0
    outer loop
      vertex -21.325000762939453 -37.694969177246094 5.299999237060547
      vertex -21.119937896728516 -37.80171585083008 0
      vertex -21.325000762939453 -37.694969177246094 0
    endloop
  endfacet
  facet normal -0.300696202843582 0.9537199765106378 0
    outer loop
      vertex -19.093647003173828 -37.89018630981445 0
      vertex -19.314128875732422 -37.95970153808594 5.299999237060547
      vertex -19.093647003173828 -37.89018630981445 5.299999237060547
    endloop
  endfacet
  facet normal -0.300696202843582 0.9537199765106378 0
    outer loop
      vertex -19.314128875732422 -37.95970153808594 5.299999237060547
      vertex -19.093647003173828 -37.89018630981445 0
      vertex -19.314128875732422 -37.95970153808594 0
    endloop
  endfacet
  facet normal -0.7372777588695902 -0.6755897470182879 0
    outer loop
      vertex -17.969982147216797 -31.696613311767578 0
      vertex -18.12616729736328 -31.526166915893555 5.299999237060547
      vertex -18.12616729736328 -31.526166915893555 0
    endloop
  endfacet
  facet normal -0.7372777588695902 -0.6755897470182879 0
    outer loop
      vertex -18.12616729736328 -31.526166915893555 5.299999237060547
      vertex -17.969982147216797 -31.696613311767578 0
      vertex -17.969982147216797 -31.696613311767578 5.299999237060547
    endloop
  endfacet
  facet normal -0.4617407928927598 0.8870149041469177 0
    outer loop
      vertex -18.674999237060547 -37.694969177246094 0
      vertex -18.880062103271484 -37.80171585083008 5.299999237060547
      vertex -18.674999237060547 -37.694969177246094 5.299999237060547
    endloop
  endfacet
  facet normal -0.4617407928927598 0.8870149041469177 0
    outer loop
      vertex -18.880062103271484 -37.80171585083008 5.299999237060547
      vertex -18.674999237060547 -37.694969177246094 0
      vertex -18.880062103271484 -37.80171585083008 0
    endloop
  endfacet
  facet normal 0.4617472842173928 -0.8870115250197498 0
    outer loop
      vertex -21.325000762939453 -31.105031967163086 0
      vertex -21.119937896728516 -30.99828338623047 5.299999237060547
      vertex -21.325000762939453 -31.105031967163086 5.299999237060547
    endloop
  endfacet
  facet normal 0.4617472842173928 -0.8870115250197498 0
    outer loop
      vertex -21.119937896728516 -30.99828338623047 5.299999237060547
      vertex -21.325000762939453 -31.105031967163086 0
      vertex -21.119937896728516 -30.99828338623047 0
    endloop
  endfacet
  facet normal 0.9762952623679639 0.21644297326979317 0
    outer loop
      vertex -22.559703826904297 -36.08586883544922 5.299999237060547
      vertex -22.6097412109375 -35.86016845703125 0
      vertex -22.6097412109375 -35.86016845703125 5.299999237060547
    endloop
  endfacet
  facet normal 0.9762952623679639 0.21644297326979317 0
    outer loop
      vertex -22.6097412109375 -35.86016845703125 0
      vertex -22.559703826904297 -36.08586883544922 5.299999237060547
      vertex -22.559703826904297 -36.08586883544922 0
    endloop
  endfacet
  facet normal -0.04361158714806369 -0.99904856211619 0
    outer loop
      vertex -20 -30.75 0
      vertex -19.7690372467041 -30.760082244873047 5.299999237060547
      vertex -20 -30.75 5.299999237060547
    endloop
  endfacet
  facet normal -0.04361158714806369 -0.99904856211619 0
    outer loop
      vertex -19.7690372467041 -30.760082244873047 5.299999237060547
      vertex -20 -30.75 0
      vertex -19.7690372467041 -30.760082244873047 0
    endloop
  endfacet
  facet normal -0.9537152442835665 0.30071121166517384 0
    outer loop
      vertex -17.509815216064453 -36.30635070800781 0
      vertex -17.440296173095703 -36.08586883544922 5.299999237060547
      vertex -17.440296173095703 -36.08586883544922 0
    endloop
  endfacet
  facet normal -0.9537152442835665 0.30071121166517384 0
    outer loop
      vertex -17.440296173095703 -36.08586883544922 5.299999237060547
      vertex -17.509815216064453 -36.30635070800781 0
      vertex -17.509815216064453 -36.30635070800781 5.299999237060547
    endloop
  endfacet
  facet normal 0.6087645663526033 0.7933509329127475 0
    outer loop
      vertex -21.519977569580078 -37.57075119018555 0
      vertex -21.703386306762695 -37.430015563964844 5.299999237060547
      vertex -21.519977569580078 -37.57075119018555 5.299999237060547
    endloop
  endfacet
  facet normal 0.6087645663526033 0.7933509329127475 0
    outer loop
      vertex -21.703386306762695 -37.430015563964844 5.299999237060547
      vertex -21.519977569580078 -37.57075119018555 0
      vertex -21.703386306762695 -37.430015563964844 0
    endloop
  endfacet
  facet normal 0.9537167363731663 -0.300706479414256 0
    outer loop
      vertex -22.559703826904297 -32.71413040161133 5.299999237060547
      vertex -22.490184783935547 -32.49364471435547 0
      vertex -22.490184783935547 -32.49364471435547 5.299999237060547
    endloop
  endfacet
  facet normal 0.9537167363731663 -0.300706479414256 0
    outer loop
      vertex -22.490184783935547 -32.49364471435547 0
      vertex -22.559703826904297 -32.71413040161133 5.299999237060547
      vertex -22.559703826904297 -32.71413040161133 0
    endloop
  endfacet
  facet normal 0.9238784669872905 0.38268600475744313 0
    outer loop
      vertex -22.401714324951172 -36.519935607910156 5.299999237060547
      vertex -22.490184783935547 -36.30635070800781 0
      vertex -22.490184783935547 -36.30635070800781 5.299999237060547
    endloop
  endfacet
  facet normal 0.9238784669872905 0.38268600475744313 0
    outer loop
      vertex -22.490184783935547 -36.30635070800781 0
      vertex -22.401714324951172 -36.519935607910156 5.299999237060547
      vertex -22.401714324951172 -36.519935607910156 0
    endloop
  endfacet
  facet normal 0.5373121062935297 0.8433834836125323 0
    outer loop
      vertex -21.325000762939453 -37.694969177246094 0
      vertex -21.519977569580078 -37.57075119018555 5.299999237060547
      vertex -21.325000762939453 -37.694969177246094 5.299999237060547
    endloop
  endfacet
  facet normal 0.5373121062935297 0.8433834836125323 0
    outer loop
      vertex -21.519977569580078 -37.57075119018555 5.299999237060547
      vertex -21.325000762939453 -37.694969177246094 0
      vertex -21.519977569580078 -37.57075119018555 0
    endloop
  endfacet
  facet normal 0.8433909610543309 0.5373003692645782 0
    outer loop
      vertex -22.170753479003906 -36.91997528076172 5.299999237060547
      vertex -22.294967651367188 -36.724998474121094 0
      vertex -22.294967651367188 -36.724998474121094 5.299999237060547
    endloop
  endfacet
  facet normal 0.8433909610543309 0.5373003692645782 0
    outer loop
      vertex -22.294967651367188 -36.724998474121094 0
      vertex -22.170753479003906 -36.91997528076172 5.299999237060547
      vertex -22.170753479003906 -36.91997528076172 0
    endloop
  endfacet
  facet normal 0.300696202843582 0.9537199765106378 0
    outer loop
      vertex -20.685871124267578 -37.95970153808594 0
      vertex -20.906352996826172 -37.89018630981445 5.299999237060547
      vertex -20.685871124267578 -37.95970153808594 5.299999237060547
    endloop
  endfacet
  facet normal 0.300696202843582 0.9537199765106378 0
    outer loop
      vertex -20.906352996826172 -37.89018630981445 5.299999237060547
      vertex -20.685871124267578 -37.95970153808594 0
      vertex -20.906352996826172 -37.89018630981445 0
    endloop
  endfacet
  facet normal -0.7933539904366902 0.6087605817217308 0
    outer loop
      vertex -17.969982147216797 -37.10338592529297 0
      vertex -17.829246520996094 -36.91997528076172 5.299999237060547
      vertex -17.829246520996094 -36.91997528076172 0
    endloop
  endfacet
  facet normal -0.7933539904366902 0.6087605817217308 0
    outer loop
      vertex -17.829246520996094 -36.91997528076172 5.299999237060547
      vertex -17.969982147216797 -37.10338592529297 0
      vertex -17.969982147216797 -37.10338592529297 5.299999237060547
    endloop
  endfacet
  facet normal 0.5373003692645782 -0.8433909610543309 0
    outer loop
      vertex -21.519977569580078 -31.229246139526367 0
      vertex -21.325000762939453 -31.105031967163086 5.299999237060547
      vertex -21.519977569580078 -31.229246139526367 5.299999237060547
    endloop
  endfacet
  facet normal 0.5373003692645782 -0.8433909610543309 0
    outer loop
      vertex -21.325000762939453 -31.105031967163086 5.299999237060547
      vertex -21.519977569580078 -31.229246139526367 0
      vertex -21.325000762939453 -31.105031967163086 0
    endloop
  endfacet
  facet normal -0.8870080068195269 -0.46175404257900154 0
    outer loop
      vertex -17.598283767700195 -32.280059814453125 0
      vertex -17.705032348632812 -32.07500076293945 5.299999237060547
      vertex -17.705032348632812 -32.07500076293945 0
    endloop
  endfacet
  facet normal -0.8870080068195269 -0.46175404257900154 0
    outer loop
      vertex -17.705032348632812 -32.07500076293945 5.299999237060547
      vertex -17.598283767700195 -32.280059814453125 0
      vertex -17.598283767700195 -32.280059814453125 5.299999237060547
    endloop
  endfacet
  facet normal 0.9990482183096424 -0.04361946231132593 0
    outer loop
      vertex -22.649999618530273 -33.400001525878906 5.299999237060547
      vertex -22.639915466308594 -33.169036865234375 0
      vertex -22.639915466308594 -33.169036865234375 5.299999237060547
    endloop
  endfacet
  facet normal 0.9990482183096424 -0.04361946231132593 0
    outer loop
      vertex -22.639915466308594 -33.169036865234375 0
      vertex -22.649999618530273 -33.400001525878906 5.299999237060547
      vertex -22.649999618530273 -33.400001525878906 0
    endloop
  endfacet
  facet normal -0.675593856519458 -0.7372739931892118 0
    outer loop
      vertex -18.296611785888672 -31.36998176574707 0
      vertex -18.12616729736328 -31.526166915893555 5.299999237060547
      vertex -18.296611785888672 -31.36998176574707 5.299999237060547
    endloop
  endfacet
  facet normal -0.675593856519458 -0.7372739931892118 0
    outer loop
      vertex -18.12616729736328 -31.526166915893555 5.299999237060547
      vertex -18.296611785888672 -31.36998176574707 0
      vertex -18.12616729736328 -31.526166915893555 0
    endloop
  endfacet
  facet normal -0.38268600475744313 -0.9238784669872905 0
    outer loop
      vertex -19.093647003173828 -30.909812927246094 0
      vertex -18.880062103271484 -30.99828338623047 5.299999237060547
      vertex -19.093647003173828 -30.909812927246094 5.299999237060547
    endloop
  endfacet
  facet normal -0.38268600475744313 -0.9238784669872905 0
    outer loop
      vertex -18.880062103271484 -30.99828338623047 5.299999237060547
      vertex -19.093647003173828 -30.909812927246094 0
      vertex -18.880062103271484 -30.99828338623047 0
    endloop
  endfacet
  facet normal -0.4617472842173928 -0.8870115250197498 0
    outer loop
      vertex -18.880062103271484 -30.99828338623047 0
      vertex -18.674999237060547 -31.105031967163086 5.299999237060547
      vertex -18.880062103271484 -30.99828338623047 5.299999237060547
    endloop
  endfacet
  facet normal -0.4617472842173928 -0.8870115250197498 0
    outer loop
      vertex -18.674999237060547 -31.105031967163086 5.299999237060547
      vertex -18.880062103271484 -30.99828338623047 0
      vertex -18.674999237060547 -31.105031967163086 0
    endloop
  endfacet
  facet normal 0.13053689197041562 -0.9914434526662145 0
    outer loop
      vertex -20.460166931152344 -30.790260314941406 0
      vertex -20.230960845947266 -30.760082244873047 5.299999237060547
      vertex -20.460166931152344 -30.790260314941406 5.299999237060547
    endloop
  endfacet
  facet normal 0.13053689197041562 -0.9914434526662145 0
    outer loop
      vertex -20.230960845947266 -30.760082244873047 5.299999237060547
      vertex -20.460166931152344 -30.790260314941406 0
      vertex -20.230960845947266 -30.760082244873047 0
    endloop
  endfacet
  facet normal -0.8870115250197498 0.4617472842173928 0
    outer loop
      vertex -17.705032348632812 -36.724998474121094 0
      vertex -17.598283767700195 -36.519935607910156 5.299999237060547
      vertex -17.598283767700195 -36.519935607910156 0
    endloop
  endfacet
  facet normal -0.8870115250197498 0.4617472842173928 0
    outer loop
      vertex -17.598283767700195 -36.519935607910156 5.299999237060547
      vertex -17.705032348632812 -36.724998474121094 0
      vertex -17.705032348632812 -36.724998474121094 5.299999237060547
    endloop
  endfacet
  facet normal -0.9238813839386151 -0.38267896259354156 0
    outer loop
      vertex -17.509815216064453 -32.49364471435547 0
      vertex -17.598283767700195 -32.280059814453125 5.299999237060547
      vertex -17.598283767700195 -32.280059814453125 0
    endloop
  endfacet
  facet normal -0.9238813839386151 -0.38267896259354156 0
    outer loop
      vertex -17.598283767700195 -32.280059814453125 5.299999237060547
      vertex -17.509815216064453 -32.49364471435547 0
      vertex -17.509815216064453 -32.49364471435547 5.299999237060547
    endloop
  endfacet
  facet normal -0.13053795973774063 -0.991443312079671 0
    outer loop
      vertex -19.7690372467041 -30.760082244873047 0
      vertex -19.539833068847656 -30.790260314941406 5.299999237060547
      vertex -19.7690372467041 -30.760082244873047 5.299999237060547
    endloop
  endfacet
  facet normal -0.13053795973774063 -0.991443312079671 0
    outer loop
      vertex -19.539833068847656 -30.790260314941406 5.299999237060547
      vertex -19.7690372467041 -30.760082244873047 0
      vertex -19.539833068847656 -30.790260314941406 0
    endloop
  endfacet
  facet normal -0.7372815244812515 0.6755856375461233 0
    outer loop
      vertex -18.12616729736328 -37.273834228515625 0
      vertex -17.969982147216797 -37.10338592529297 5.299999237060547
      vertex -17.969982147216797 -37.10338592529297 0
    endloop
  endfacet
  facet normal -0.7372815244812515 0.6755856375461233 0
    outer loop
      vertex -17.969982147216797 -37.10338592529297 5.299999237060547
      vertex -18.12616729736328 -37.273834228515625 0
      vertex -18.12616729736328 -37.273834228515625 5.299999237060547
    endloop
  endfacet
  facet normal -0.9762952623679639 -0.21644297326979317 0
    outer loop
      vertex -17.3902587890625 -32.9398307800293 0
      vertex -17.440296173095703 -32.71413040161133 5.299999237060547
      vertex -17.440296173095703 -32.71413040161133 0
    endloop
  endfacet
  facet normal -0.9762952623679639 -0.21644297326979317 0
    outer loop
      vertex -17.440296173095703 -32.71413040161133 5.299999237060547
      vertex -17.3902587890625 -32.9398307800293 0
      vertex -17.3902587890625 -32.9398307800293 5.299999237060547
    endloop
  endfacet
  facet normal 0.30070370728230483 -0.9537176104207565 0
    outer loop
      vertex -20.906352996826172 -30.909812927246094 0
      vertex -20.685871124267578 -30.840295791625977 5.299999237060547
      vertex -20.906352996826172 -30.909812927246094 5.299999237060547
    endloop
  endfacet
  facet normal 0.30070370728230483 -0.9537176104207565 0
    outer loop
      vertex -20.685871124267578 -30.840295791625977 5.299999237060547
      vertex -20.906352996826172 -30.909812927246094 0
      vertex -20.685871124267578 -30.840295791625977 0
    endloop
  endfacet
  facet normal -0.9537167363731663 -0.300706479414256 0
    outer loop
      vertex -17.440296173095703 -32.71413040161133 0
      vertex -17.509815216064453 -32.49364471435547 5.299999237060547
      vertex -17.509815216064453 -32.49364471435547 0
    endloop
  endfacet
  facet normal -0.9537167363731663 -0.300706479414256 0
    outer loop
      vertex -17.509815216064453 -32.49364471435547 5.299999237060547
      vertex -17.440296173095703 -32.71413040161133 0
      vertex -17.440296173095703 -32.71413040161133 5.299999237060547
    endloop
  endfacet
  facet normal 0.8870113860322097 -0.4617475512108516 0
    outer loop
      vertex -22.401714324951172 -32.280059814453125 5.299999237060547
      vertex -22.294967651367188 -32.07500076293945 0
      vertex -22.294967651367188 -32.07500076293945 5.299999237060547
    endloop
  endfacet
  facet normal 0.8870113860322097 -0.4617475512108516 0
    outer loop
      vertex -22.294967651367188 -32.07500076293945 0
      vertex -22.401714324951172 -32.280059814453125 5.299999237060547
      vertex -22.401714324951172 -32.280059814453125 0
    endloop
  endfacet
  facet normal -0.38268600475744313 0.9238784669872905 0
    outer loop
      vertex -18.880062103271484 -37.80171585083008 0
      vertex -19.093647003173828 -37.89018630981445 5.299999237060547
      vertex -18.880062103271484 -37.80171585083008 5.299999237060547
    endloop
  endfacet
  facet normal -0.38268600475744313 0.9238784669872905 0
    outer loop
      vertex -19.093647003173828 -37.89018630981445 5.299999237060547
      vertex -18.880062103271484 -37.80171585083008 0
      vertex -19.093647003173828 -37.89018630981445 0
    endloop
  endfacet
  facet normal 0.13053689197041562 0.9914434526662145 0
    outer loop
      vertex -20.230960845947266 -38.0399169921875 0
      vertex -20.460166931152344 -38.00973892211914 5.299999237060547
      vertex -20.230960845947266 -38.0399169921875 5.299999237060547
    endloop
  endfacet
  facet normal 0.13053689197041562 0.9914434526662145 0
    outer loop
      vertex -20.460166931152344 -38.00973892211914 5.299999237060547
      vertex -20.230960845947266 -38.0399169921875 0
      vertex -20.460166931152344 -38.00973892211914 0
    endloop
  endfacet
  facet normal 0.7372777588695902 -0.6755897470182879 0
    outer loop
      vertex -22.030017852783203 -31.696613311767578 5.299999237060547
      vertex -21.87383270263672 -31.526166915893555 0
      vertex -21.87383270263672 -31.526166915893555 5.299999237060547
    endloop
  endfacet
  facet normal 0.7372777588695902 -0.6755897470182879 0
    outer loop
      vertex -21.87383270263672 -31.526166915893555 0
      vertex -22.030017852783203 -31.696613311767578 5.299999237060547
      vertex -22.030017852783203 -31.696613311767578 0
    endloop
  endfacet
  facet normal 0.9914455880554751 -0.13052067240607154 0
    outer loop
      vertex -22.639915466308594 -33.169036865234375 5.299999237060547
      vertex -22.6097412109375 -32.9398307800293 0
      vertex -22.6097412109375 -32.9398307800293 5.299999237060547
    endloop
  endfacet
  facet normal 0.9914455880554751 -0.13052067240607154 0
    outer loop
      vertex -22.6097412109375 -32.9398307800293 0
      vertex -22.639915466308594 -33.169036865234375 5.299999237060547
      vertex -22.639915466308594 -33.169036865234375 0
    endloop
  endfacet
  facet normal 0.9914455880554751 0.13052067240607154 0
    outer loop
      vertex -22.6097412109375 -35.86016845703125 5.299999237060547
      vertex -22.639915466308594 -35.63096237182617 0
      vertex -22.639915466308594 -35.63096237182617 5.299999237060547
    endloop
  endfacet
  facet normal 0.9914455880554751 0.13052067240607154 0
    outer loop
      vertex -22.639915466308594 -35.63096237182617 0
      vertex -22.6097412109375 -35.86016845703125 5.299999237060547
      vertex -22.6097412109375 -35.86016845703125 0
    endloop
  endfacet
  facet normal 0.999048186913785 0.04362018138750666 0
    outer loop
      vertex -22.639915466308594 -35.63096237182617 5.299999237060547
      vertex -22.649999618530273 -35.400001525878906 0
      vertex -22.649999618530273 -35.400001525878906 5.299999237060547
    endloop
  endfacet
  facet normal 0.999048186913785 0.04362018138750666 0
    outer loop
      vertex -22.649999618530273 -35.400001525878906 0
      vertex -22.639915466308594 -35.63096237182617 5.299999237060547
      vertex -22.639915466308594 -35.63096237182617 0
    endloop
  endfacet
  facet normal -0.30070370728230483 -0.9537176104207565 0
    outer loop
      vertex -19.314128875732422 -30.840295791625977 0
      vertex -19.093647003173828 -30.909812927246094 5.299999237060547
      vertex -19.314128875732422 -30.840295791625977 5.299999237060547
    endloop
  endfacet
  facet normal -0.30070370728230483 -0.9537176104207565 0
    outer loop
      vertex -19.093647003173828 -30.909812927246094 5.299999237060547
      vertex -19.314128875732422 -30.840295791625977 0
      vertex -19.093647003173828 -30.909812927246094 0
    endloop
  endfacet
  facet normal 0.6087645663526033 -0.7933509329127475 0
    outer loop
      vertex -21.703386306762695 -31.36998176574707 0
      vertex -21.519977569580078 -31.229246139526367 5.299999237060547
      vertex -21.703386306762695 -31.36998176574707 5.299999237060547
    endloop
  endfacet
  facet normal 0.6087645663526033 -0.7933509329127475 0
    outer loop
      vertex -21.519977569580078 -31.229246139526367 5.299999237060547
      vertex -21.703386306762695 -31.36998176574707 0
      vertex -21.519977569580078 -31.229246139526367 0
    endloop
  endfacet
  facet normal 0.043611946621498074 -0.9990485464239882 0
    outer loop
      vertex -20.230960845947266 -30.760082244873047 0
      vertex -20 -30.75 5.299999237060547
      vertex -20.230960845947266 -30.760082244873047 5.299999237060547
    endloop
  endfacet
  facet normal 0.043611946621498074 -0.9990485464239882 0
    outer loop
      vertex -20 -30.75 5.299999237060547
      vertex -20.230960845947266 -30.760082244873047 0
      vertex -20 -30.75 0
    endloop
  endfacet
  facet normal -0.04361158714806369 0.99904856211619 0
    outer loop
      vertex -19.7690372467041 -38.0399169921875 0
      vertex -20 -38.04999923706055 5.299999237060547
      vertex -19.7690372467041 -38.0399169921875 5.299999237060547
    endloop
  endfacet
  facet normal -0.04361158714806369 0.99904856211619 0
    outer loop
      vertex -20 -38.04999923706055 5.299999237060547
      vertex -19.7690372467041 -38.0399169921875 0
      vertex -20 -38.04999923706055 0
    endloop
  endfacet
  facet normal 0.7933509329127475 -0.6087645663526033 0
    outer loop
      vertex -22.170753479003906 -31.880022048950195 5.299999237060547
      vertex -22.030017852783203 -31.696613311767578 0
      vertex -22.030017852783203 -31.696613311767578 5.299999237060547
    endloop
  endfacet
  facet normal 0.7933509329127475 -0.6087645663526033 0
    outer loop
      vertex -22.030017852783203 -31.696613311767578 0
      vertex -22.170753479003906 -31.880022048950195 5.299999237060547
      vertex -22.170753479003906 -31.880022048950195 0
    endloop
  endfacet
  facet normal -0.21643948647152783 0.976296035378584 0
    outer loop
      vertex -19.314128875732422 -37.95970153808594 0
      vertex -19.539833068847656 -38.00973892211914 5.299999237060547
      vertex -19.314128875732422 -37.95970153808594 5.299999237060547
    endloop
  endfacet
  facet normal -0.21643948647152783 0.976296035378584 0
    outer loop
      vertex -19.539833068847656 -38.00973892211914 5.299999237060547
      vertex -19.314128875732422 -37.95970153808594 0
      vertex -19.539833068847656 -38.00973892211914 0
    endloop
  endfacet
  facet normal 0.8433933428572137 -0.5372966305721025 0
    outer loop
      vertex -22.294967651367188 -32.07500076293945 5.299999237060547
      vertex -22.170753479003906 -31.880022048950195 0
      vertex -22.170753479003906 -31.880022048950195 5.299999237060547
    endloop
  endfacet
  facet normal 0.8433933428572137 -0.5372966305721025 0
    outer loop
      vertex -22.170753479003906 -31.880022048950195 0
      vertex -22.294967651367188 -32.07500076293945 5.299999237060547
      vertex -22.294967651367188 -32.07500076293945 0
    endloop
  endfacet
  facet normal 0.21643162260388416 -0.9762977787217637 0
    outer loop
      vertex -20.685871124267578 -30.840295791625977 0
      vertex -20.460166931152344 -30.790260314941406 5.299999237060547
      vertex -20.685871124267578 -30.840295791625977 5.299999237060547
    endloop
  endfacet
  facet normal 0.21643162260388416 -0.9762977787217637 0
    outer loop
      vertex -20.460166931152344 -30.790260314941406 5.299999237060547
      vertex -20.685871124267578 -30.840295791625977 0
      vertex -20.460166931152344 -30.790260314941406 0
    endloop
  endfacet
  facet normal -0.8433909610543309 0.5373003692645782 0
    outer loop
      vertex -17.829246520996094 -36.91997528076172 0
      vertex -17.705032348632812 -36.724998474121094 5.299999237060547
      vertex -17.705032348632812 -36.724998474121094 0
    endloop
  endfacet
  facet normal -0.8433909610543309 0.5373003692645782 0
    outer loop
      vertex -17.705032348632812 -36.724998474121094 5.299999237060547
      vertex -17.829246520996094 -36.91997528076172 0
      vertex -17.829246520996094 -36.91997528076172 5.299999237060547
    endloop
  endfacet
  facet normal 0.043611946621498074 0.9990485464239882 0
    outer loop
      vertex -20 -38.04999923706055 0
      vertex -20.230960845947266 -38.0399169921875 5.299999237060547
      vertex -20 -38.04999923706055 5.299999237060547
    endloop
  endfacet
  facet normal 0.043611946621498074 0.9990485464239882 0
    outer loop
      vertex -20.230960845947266 -38.0399169921875 5.299999237060547
      vertex -20 -38.04999923706055 0
      vertex -20.230960845947266 -38.0399169921875 0
    endloop
  endfacet
  facet normal -0.6087605817217308 0.7933539904366902 0
    outer loop
      vertex -18.296611785888672 -37.430015563964844 0
      vertex -18.480022430419922 -37.57075119018555 5.299999237060547
      vertex -18.296611785888672 -37.430015563964844 5.299999237060547
    endloop
  endfacet
  facet normal -0.6087605817217308 0.7933539904366902 0
    outer loop
      vertex -18.480022430419922 -37.57075119018555 5.299999237060547
      vertex -18.296611785888672 -37.430015563964844 0
      vertex -18.480022430419922 -37.57075119018555 0
    endloop
  endfacet
  facet normal -0.21643162260388416 -0.9762977787217637 0
    outer loop
      vertex -19.539833068847656 -30.790260314941406 0
      vertex -19.314128875732422 -30.840295791625977 5.299999237060547
      vertex -19.539833068847656 -30.790260314941406 5.299999237060547
    endloop
  endfacet
  facet normal -0.21643162260388416 -0.9762977787217637 0
    outer loop
      vertex -19.314128875732422 -30.840295791625977 5.299999237060547
      vertex -19.539833068847656 -30.790260314941406 0
      vertex -19.314128875732422 -30.840295791625977 0
    endloop
  endfacet
  facet normal -1 0 0
    outer loop
      vertex -17.349998474121094 -35.400001525878906 0
      vertex -17.349998474121094 -33.400001525878906 5.299999237060547
      vertex -17.349998474121094 -33.400001525878906 0
    endloop
  endfacet
  facet normal -1 0 0
    outer loop
      vertex -17.349998474121094 -33.400001525878906 5.299999237060547
      vertex -17.349998474121094 -35.400001525878906 0
      vertex -17.349998474121094 -35.400001525878906 5.299999237060547
    endloop
  endfacet
  facet normal 0.7933539904366902 0.6087605817217308 0
    outer loop
      vertex -22.030017852783203 -37.10338592529297 5.299999237060547
      vertex -22.170753479003906 -36.91997528076172 0
      vertex -22.170753479003906 -36.91997528076172 5.299999237060547
    endloop
  endfacet
  facet normal 0.7933539904366902 0.6087605817217308 0
    outer loop
      vertex -22.170753479003906 -36.91997528076172 0
      vertex -22.030017852783203 -37.10338592529297 5.299999237060547
      vertex -22.030017852783203 -37.10338592529297 0
    endloop
  endfacet
  facet normal -0.9914455880554751 -0.13052067240607154 0
    outer loop
      vertex -17.360084533691406 -33.169036865234375 0
      vertex -17.3902587890625 -32.9398307800293 5.299999237060547
      vertex -17.3902587890625 -32.9398307800293 0
    endloop
  endfacet
  facet normal -0.9914455880554751 -0.13052067240607154 0
    outer loop
      vertex -17.3902587890625 -32.9398307800293 5.299999237060547
      vertex -17.360084533691406 -33.169036865234375 0
      vertex -17.360084533691406 -33.169036865234375 5.299999237060547
    endloop
  endfacet
  facet normal -0.9238813839386151 0.38267896259354156 0
    outer loop
      vertex -17.598283767700195 -36.519935607910156 0
      vertex -17.509815216064453 -36.30635070800781 5.299999237060547
      vertex -17.509815216064453 -36.30635070800781 0
    endloop
  endfacet
  facet normal -0.9238813839386151 0.38267896259354156 0
    outer loop
      vertex -17.509815216064453 -36.30635070800781 5.299999237060547
      vertex -17.598283767700195 -36.519935607910156 0
      vertex -17.598283767700195 -36.519935607910156 5.299999237060547
    endloop
  endfacet
  facet normal -0.5373121062935297 0.8433834836125323 0
    outer loop
      vertex -18.480022430419922 -37.57075119018555 0
      vertex -18.674999237060547 -37.694969177246094 5.299999237060547
      vertex -18.480022430419922 -37.57075119018555 5.299999237060547
    endloop
  endfacet
  facet normal -0.5373121062935297 0.8433834836125323 0
    outer loop
      vertex -18.674999237060547 -37.694969177246094 5.299999237060547
      vertex -18.480022430419922 -37.57075119018555 0
      vertex -18.674999237060547 -37.694969177246094 0
    endloop
  endfacet
  facet normal -0.49999996488608184 -0.8660254240574679 0
    outer loop
      vertex -20 -28.60799217224121 5.299999237060547
      vertex -15.84999942779541 -31.003995895385742 11.5
      vertex -20 -28.60799217224121 11.5
    endloop
  endfacet
  facet normal -0.49999996488608184 -0.8660254240574679 0
    outer loop
      vertex -15.84999942779541 -31.003995895385742 11.5
      vertex -20 -28.60799217224121 5.299999237060547
      vertex -15.84999942779541 -31.003995895385742 5.299999237060547
    endloop
  endfacet
  facet normal 0.5000000510614703 -0.866025374304083 0
    outer loop
      vertex -24.149999618530273 -31.003995895385742 5.299999237060547
      vertex -20 -28.60799217224121 11.5
      vertex -24.149999618530273 -31.003995895385742 11.5
    endloop
  endfacet
  facet normal 0.5000000510614703 -0.866025374304083 0
    outer loop
      vertex -20 -28.60799217224121 11.5
      vertex -24.149999618530273 -31.003995895385742 5.299999237060547
      vertex -20 -28.60799217224121 5.299999237060547
    endloop
  endfacet
  facet normal -1 0 0
    outer loop
      vertex -15.84999942779541 -37.79600524902344 5.299999237060547
      vertex -15.84999942779541 -31.003995895385742 11.5
      vertex -15.84999942779541 -31.003995895385742 5.299999237060547
    endloop
  endfacet
  facet normal -1 0 0
    outer loop
      vertex -15.84999942779541 -31.003995895385742 11.5
      vertex -15.84999942779541 -37.79600524902344 5.299999237060547
      vertex -15.84999942779541 -37.79600524902344 11.5
    endloop
  endfacet
  facet normal 1 0 0
    outer loop
      vertex -24.149999618530273 -37.79600524902344 11.5
      vertex -24.149999618530273 -31.003995895385742 5.299999237060547
      vertex -24.149999618530273 -31.003995895385742 11.5
    endloop
  endfacet
  facet normal 1 0 0
    outer loop
      vertex -24.149999618530273 -31.003995895385742 5.299999237060547
      vertex -24.149999618530273 -37.79600524902344 11.5
      vertex -24.149999618530273 -37.79600524902344 5.299999237060547
    endloop
  endfacet
  facet normal 0 0 1
    outer loop
      vertex -15.84999942779541 -31.003995895385742 5.299999237060547
      vertex -17.349998474121094 -33.400001525878906 5.299999237060547
      vertex -15.84999942779541 -37.79600524902344 5.299999237060547
    endloop
  endfacet
  facet normal 0 0 1
    outer loop
      vertex -15.84999942779541 -31.003995895385742 5.299999237060547
      vertex -17.360084533691406 -33.169036865234375 5.299999237060547
      vertex -17.349998474121094 -33.400001525878906 5.299999237060547
    endloop
  endfacet
  facet normal 0 0 1
    outer loop
      vertex -15.84999942779541 -31.003995895385742 5.299999237060547
      vertex -17.3902587890625 -32.9398307800293 5.299999237060547
      vertex -17.360084533691406 -33.169036865234375 5.299999237060547
    endloop
  endfacet
  facet normal 0 0 1
    outer loop
      vertex -15.84999942779541 -31.003995895385742 5.299999237060547
      vertex -17.440296173095703 -32.71413040161133 5.299999237060547
      vertex -17.3902587890625 -32.9398307800293 5.299999237060547
    endloop
  endfacet
  facet normal 0 0 1
    outer loop
      vertex -15.84999942779541 -31.003995895385742 5.299999237060547
      vertex -17.509815216064453 -32.49364471435547 5.299999237060547
      vertex -17.440296173095703 -32.71413040161133 5.299999237060547
    endloop
  endfacet
  facet normal 0 0 1
    outer loop
      vertex -15.84999942779541 -31.003995895385742 5.299999237060547
      vertex -17.598283767700195 -32.280059814453125 5.299999237060547
      vertex -17.509815216064453 -32.49364471435547 5.299999237060547
    endloop
  endfacet
  facet normal 0 0 1
    outer loop
      vertex -15.84999942779541 -31.003995895385742 5.299999237060547
      vertex -17.705032348632812 -32.07500076293945 5.299999237060547
      vertex -17.598283767700195 -32.280059814453125 5.299999237060547
    endloop
  endfacet
  facet normal 0 0 1
    outer loop
      vertex -15.84999942779541 -31.003995895385742 5.299999237060547
      vertex -17.829246520996094 -31.880022048950195 5.299999237060547
      vertex -17.705032348632812 -32.07500076293945 5.299999237060547
    endloop
  endfacet
  facet normal 0 0 1
    outer loop
      vertex -15.84999942779541 -31.003995895385742 5.299999237060547
      vertex -17.969982147216797 -31.696613311767578 5.299999237060547
      vertex -17.829246520996094 -31.880022048950195 5.299999237060547
    endloop
  endfacet
  facet normal 0 0 1
    outer loop
      vertex -15.84999942779541 -31.003995895385742 5.299999237060547
      vertex -18.12616729736328 -31.526166915893555 5.299999237060547
      vertex -17.969982147216797 -31.696613311767578 5.299999237060547
    endloop
  endfacet
  facet normal 0 0 1
    outer loop
      vertex -15.84999942779541 -31.003995895385742 5.299999237060547
      vertex -18.296611785888672 -31.36998176574707 5.299999237060547
      vertex -18.12616729736328 -31.526166915893555 5.299999237060547
    endloop
  endfacet
  facet normal 0 0 1
    outer loop
      vertex -15.84999942779541 -31.003995895385742 5.299999237060547
      vertex -18.480022430419922 -31.229246139526367 5.299999237060547
      vertex -18.296611785888672 -31.36998176574707 5.299999237060547
    endloop
  endfacet
  facet normal 0 0 1
    outer loop
      vertex -15.84999942779541 -31.003995895385742 5.299999237060547
      vertex -18.674999237060547 -31.105031967163086 5.299999237060547
      vertex -18.480022430419922 -31.229246139526367 5.299999237060547
    endloop
  endfacet
  facet normal 0 0 1
    outer loop
      vertex -20 -28.60799217224121 5.299999237060547
      vertex -18.674999237060547 -31.105031967163086 5.299999237060547
      vertex -15.84999942779541 -31.003995895385742 5.299999237060547
    endloop
  endfacet
  facet normal 0 0 1
    outer loop
      vertex -18.674999237060547 -31.105031967163086 5.299999237060547
      vertex -20 -28.60799217224121 5.299999237060547
      vertex -18.880062103271484 -30.99828338623047 5.299999237060547
    endloop
  endfacet
  facet normal 0 0 1
    outer loop
      vertex -18.880062103271484 -30.99828338623047 5.299999237060547
      vertex -20 -28.60799217224121 5.299999237060547
      vertex -19.093647003173828 -30.909812927246094 5.299999237060547
    endloop
  endfacet
  facet normal 0 0 1
    outer loop
      vertex -19.093647003173828 -30.909812927246094 5.299999237060547
      vertex -20 -28.60799217224121 5.299999237060547
      vertex -19.314128875732422 -30.840295791625977 5.299999237060547
    endloop
  endfacet
  facet normal 0 0 1
    outer loop
      vertex -19.314128875732422 -30.840295791625977 5.299999237060547
      vertex -20 -28.60799217224121 5.299999237060547
      vertex -19.539833068847656 -30.790260314941406 5.299999237060547
    endloop
  endfacet
  facet normal 0 0 1
    outer loop
      vertex -19.539833068847656 -30.790260314941406 5.299999237060547
      vertex -20 -28.60799217224121 5.299999237060547
      vertex -19.7690372467041 -30.760082244873047 5.299999237060547
    endloop
  endfacet
  facet normal 0 0 1
    outer loop
      vertex -20 -28.60799217224121 5.299999237060547
      vertex -20 -30.75 5.299999237060547
      vertex -19.7690372467041 -30.760082244873047 5.299999237060547
    endloop
  endfacet
  facet normal 0 0 1
    outer loop
      vertex -20 -28.60799217224121 5.299999237060547
      vertex -20.230960845947266 -30.760082244873047 5.299999237060547
      vertex -20 -30.75 5.299999237060547
    endloop
  endfacet
  facet normal 0 0 1
    outer loop
      vertex -20 -28.60799217224121 5.299999237060547
      vertex -20.460166931152344 -30.790260314941406 5.299999237060547
      vertex -20.230960845947266 -30.760082244873047 5.299999237060547
    endloop
  endfacet
  facet normal 0 0 1
    outer loop
      vertex -20 -28.60799217224121 5.299999237060547
      vertex -20.685871124267578 -30.840295791625977 5.299999237060547
      vertex -20.460166931152344 -30.790260314941406 5.299999237060547
    endloop
  endfacet
  facet normal 0 0 1
    outer loop
      vertex -20 -28.60799217224121 5.299999237060547
      vertex -20.906352996826172 -30.909812927246094 5.299999237060547
      vertex -20.685871124267578 -30.840295791625977 5.299999237060547
    endloop
  endfacet
  facet normal 0 0 1
    outer loop
      vertex -20 -28.60799217224121 5.299999237060547
      vertex -21.119937896728516 -30.99828338623047 5.299999237060547
      vertex -20.906352996826172 -30.909812927246094 5.299999237060547
    endloop
  endfacet
  facet normal 0 0 1
    outer loop
      vertex -20 -28.60799217224121 5.299999237060547
      vertex -21.325000762939453 -31.105031967163086 5.299999237060547
      vertex -21.119937896728516 -30.99828338623047 5.299999237060547
    endloop
  endfacet
  facet normal 0 0 1
    outer loop
      vertex -24.149999618530273 -31.003995895385742 5.299999237060547
      vertex -21.325000762939453 -31.105031967163086 5.299999237060547
      vertex -20 -28.60799217224121 5.299999237060547
    endloop
  endfacet
  facet normal 0 0 1
    outer loop
      vertex -21.325000762939453 -31.105031967163086 5.299999237060547
      vertex -24.149999618530273 -31.003995895385742 5.299999237060547
      vertex -21.519977569580078 -31.229246139526367 5.299999237060547
    endloop
  endfacet
  facet normal 0 0 1
    outer loop
      vertex -21.519977569580078 -31.229246139526367 5.299999237060547
      vertex -24.149999618530273 -31.003995895385742 5.299999237060547
      vertex -21.703386306762695 -31.36998176574707 5.299999237060547
    endloop
  endfacet
  facet normal 0 0 1
    outer loop
      vertex -21.703386306762695 -31.36998176574707 5.299999237060547
      vertex -24.149999618530273 -31.003995895385742 5.299999237060547
      vertex -21.87383270263672 -31.526166915893555 5.299999237060547
    endloop
  endfacet
  facet normal 0 0 1
    outer loop
      vertex -21.87383270263672 -31.526166915893555 5.299999237060547
      vertex -24.149999618530273 -31.003995895385742 5.299999237060547
      vertex -22.030017852783203 -31.696613311767578 5.299999237060547
    endloop
  endfacet
  facet normal 0 0 1
    outer loop
      vertex -22.649999618530273 -33.400001525878906 5.299999237060547
      vertex -24.149999618530273 -31.003995895385742 5.299999237060547
      vertex -22.649999618530273 -35.400001525878906 5.299999237060547
    endloop
  endfacet
  facet normal 0 0 1
    outer loop
      vertex -22.639915466308594 -33.169036865234375 5.299999237060547
      vertex -24.149999618530273 -31.003995895385742 5.299999237060547
      vertex -22.649999618530273 -33.400001525878906 5.299999237060547
    endloop
  endfacet
  facet normal 0 0 1
    outer loop
      vertex -22.6097412109375 -32.9398307800293 5.299999237060547
      vertex -24.149999618530273 -31.003995895385742 5.299999237060547
      vertex -22.639915466308594 -33.169036865234375 5.299999237060547
    endloop
  endfacet
  facet normal 0 0 1
    outer loop
      vertex -22.559703826904297 -32.71413040161133 5.299999237060547
      vertex -24.149999618530273 -31.003995895385742 5.299999237060547
      vertex -22.6097412109375 -32.9398307800293 5.299999237060547
    endloop
  endfacet
  facet normal 0 0 1
    outer loop
      vertex -22.490184783935547 -32.49364471435547 5.299999237060547
      vertex -24.149999618530273 -31.003995895385742 5.299999237060547
      vertex -22.559703826904297 -32.71413040161133 5.299999237060547
    endloop
  endfacet
  facet normal 0 0 1
    outer loop
      vertex -22.401714324951172 -32.280059814453125 5.299999237060547
      vertex -24.149999618530273 -31.003995895385742 5.299999237060547
      vertex -22.490184783935547 -32.49364471435547 5.299999237060547
    endloop
  endfacet
  facet normal 0 0 1
    outer loop
      vertex -22.294967651367188 -32.07500076293945 5.299999237060547
      vertex -24.149999618530273 -31.003995895385742 5.299999237060547
      vertex -22.401714324951172 -32.280059814453125 5.299999237060547
    endloop
  endfacet
  facet normal 0 0 1
    outer loop
      vertex -22.170753479003906 -31.880022048950195 5.299999237060547
      vertex -24.149999618530273 -31.003995895385742 5.299999237060547
      vertex -22.294967651367188 -32.07500076293945 5.299999237060547
    endloop
  endfacet
  facet normal 0 0 1
    outer loop
      vertex -22.030017852783203 -31.696613311767578 5.299999237060547
      vertex -24.149999618530273 -31.003995895385742 5.299999237060547
      vertex -22.170753479003906 -31.880022048950195 5.299999237060547
    endloop
  endfacet
  facet normal 0 0 1
    outer loop
      vertex -17.349998474121094 -35.400001525878906 5.299999237060547
      vertex -15.84999942779541 -37.79600524902344 5.299999237060547
      vertex -17.349998474121094 -33.400001525878906 5.299999237060547
    endloop
  endfacet
  facet normal 0 0 1
    outer loop
      vertex -17.360084533691406 -35.63096237182617 5.299999237060547
      vertex -15.84999942779541 -37.79600524902344 5.299999237060547
      vertex -17.349998474121094 -35.400001525878906 5.299999237060547
    endloop
  endfacet
  facet normal 0 0 1
    outer loop
      vertex -17.3902587890625 -35.86016845703125 5.299999237060547
      vertex -15.84999942779541 -37.79600524902344 5.299999237060547
      vertex -17.360084533691406 -35.63096237182617 5.299999237060547
    endloop
  endfacet
  facet normal 0 0 1
    outer loop
      vertex -17.440296173095703 -36.08586883544922 5.299999237060547
      vertex -15.84999942779541 -37.79600524902344 5.299999237060547
      vertex -17.3902587890625 -35.86016845703125 5.299999237060547
    endloop
  endfacet
  facet normal 0 0 1
    outer loop
      vertex -17.509815216064453 -36.30635070800781 5.299999237060547
      vertex -15.84999942779541 -37.79600524902344 5.299999237060547
      vertex -17.440296173095703 -36.08586883544922 5.299999237060547
    endloop
  endfacet
  facet normal 0 0 1
    outer loop
      vertex -17.598283767700195 -36.519935607910156 5.299999237060547
      vertex -15.84999942779541 -37.79600524902344 5.299999237060547
      vertex -17.509815216064453 -36.30635070800781 5.299999237060547
    endloop
  endfacet
  facet normal 0 0 1
    outer loop
      vertex -17.705032348632812 -36.724998474121094 5.299999237060547
      vertex -15.84999942779541 -37.79600524902344 5.299999237060547
      vertex -17.598283767700195 -36.519935607910156 5.299999237060547
    endloop
  endfacet
  facet normal 0 0 1
    outer loop
      vertex -17.829246520996094 -36.91997528076172 5.299999237060547
      vertex -15.84999942779541 -37.79600524902344 5.299999237060547
      vertex -17.705032348632812 -36.724998474121094 5.299999237060547
    endloop
  endfacet
  facet normal 0 0 1
    outer loop
      vertex -17.969982147216797 -37.10338592529297 5.299999237060547
      vertex -15.84999942779541 -37.79600524902344 5.299999237060547
      vertex -17.829246520996094 -36.91997528076172 5.299999237060547
    endloop
  endfacet
  facet normal 0 0 1
    outer loop
      vertex -18.12616729736328 -37.273834228515625 5.299999237060547
      vertex -15.84999942779541 -37.79600524902344 5.299999237060547
      vertex -17.969982147216797 -37.10338592529297 5.299999237060547
    endloop
  endfacet
  facet normal 0 0 1
    outer loop
      vertex -18.296611785888672 -37.430015563964844 5.299999237060547
      vertex -15.84999942779541 -37.79600524902344 5.299999237060547
      vertex -18.12616729736328 -37.273834228515625 5.299999237060547
    endloop
  endfacet
  facet normal 0 0 1
    outer loop
      vertex -18.480022430419922 -37.57075119018555 5.299999237060547
      vertex -15.84999942779541 -37.79600524902344 5.299999237060547
      vertex -18.296611785888672 -37.430015563964844 5.299999237060547
    endloop
  endfacet
  facet normal 0 0 1
    outer loop
      vertex -18.674999237060547 -37.694969177246094 5.299999237060547
      vertex -15.84999942779541 -37.79600524902344 5.299999237060547
      vertex -18.480022430419922 -37.57075119018555 5.299999237060547
    endloop
  endfacet
  facet normal 0 0 1
    outer loop
      vertex -20 -40.19200897216797 5.299999237060547
      vertex -18.674999237060547 -37.694969177246094 5.299999237060547
      vertex -18.880062103271484 -37.80171585083008 5.299999237060547
    endloop
  endfacet
  facet normal 0 0 1
    outer loop
      vertex -20 -40.19200897216797 5.299999237060547
      vertex -18.880062103271484 -37.80171585083008 5.299999237060547
      vertex -19.093647003173828 -37.89018630981445 5.299999237060547
    endloop
  endfacet
  facet normal 0 0 1
    outer loop
      vertex -20 -40.19200897216797 5.299999237060547
      vertex -19.093647003173828 -37.89018630981445 5.299999237060547
      vertex -19.314128875732422 -37.95970153808594 5.299999237060547
    endloop
  endfacet
  facet normal 0 0 1
    outer loop
      vertex -20 -40.19200897216797 5.299999237060547
      vertex -19.314128875732422 -37.95970153808594 5.299999237060547
      vertex -19.539833068847656 -38.00973892211914 5.299999237060547
    endloop
  endfacet
  facet normal 0 0 1
    outer loop
      vertex -20 -40.19200897216797 5.299999237060547
      vertex -19.539833068847656 -38.00973892211914 5.299999237060547
      vertex -19.7690372467041 -38.0399169921875 5.299999237060547
    endloop
  endfacet
  facet normal 0 0 1
    outer loop
      vertex -18.674999237060547 -37.694969177246094 5.299999237060547
      vertex -20 -40.19200897216797 5.299999237060547
      vertex -15.84999942779541 -37.79600524902344 5.299999237060547
    endloop
  endfacet
  facet normal 0 0 1
    outer loop
      vertex -20 -38.04999923706055 5.299999237060547
      vertex -20 -40.19200897216797 5.299999237060547
      vertex -19.7690372467041 -38.0399169921875 5.299999237060547
    endloop
  endfacet
  facet normal 0 0 1
    outer loop
      vertex -20.230960845947266 -38.0399169921875 5.299999237060547
      vertex -20 -40.19200897216797 5.299999237060547
      vertex -20 -38.04999923706055 5.299999237060547
    endloop
  endfacet
  facet normal 0 0 1
    outer loop
      vertex -20.460166931152344 -38.00973892211914 5.299999237060547
      vertex -20 -40.19200897216797 5.299999237060547
      vertex -20.230960845947266 -38.0399169921875 5.299999237060547
    endloop
  endfacet
  facet normal 0 0 1
    outer loop
      vertex -20.685871124267578 -37.95970153808594 5.299999237060547
      vertex -20 -40.19200897216797 5.299999237060547
      vertex -20.460166931152344 -38.00973892211914 5.299999237060547
    endloop
  endfacet
  facet normal 0 0 1
    outer loop
      vertex -20.906352996826172 -37.89018630981445 5.299999237060547
      vertex -20 -40.19200897216797 5.299999237060547
      vertex -20.685871124267578 -37.95970153808594 5.299999237060547
    endloop
  endfacet
  facet normal 0 0 1
    outer loop
      vertex -21.119937896728516 -37.80171585083008 5.299999237060547
      vertex -20 -40.19200897216797 5.299999237060547
      vertex -20.906352996826172 -37.89018630981445 5.299999237060547
    endloop
  endfacet
  facet normal 0 0 1
    outer loop
      vertex -21.325000762939453 -37.694969177246094 5.299999237060547
      vertex -20 -40.19200897216797 5.299999237060547
      vertex -21.119937896728516 -37.80171585083008 5.299999237060547
    endloop
  endfacet
  facet normal 0 0 1
    outer loop
      vertex -24.149999618530273 -37.79600524902344 5.299999237060547
      vertex -21.325000762939453 -37.694969177246094 5.299999237060547
      vertex -21.519977569580078 -37.57075119018555 5.299999237060547
    endloop
  endfacet
  facet normal 0 0 1
    outer loop
      vertex -24.149999618530273 -37.79600524902344 5.299999237060547
      vertex -21.519977569580078 -37.57075119018555 5.299999237060547
      vertex -21.703386306762695 -37.430015563964844 5.299999237060547
    endloop
  endfacet
  facet normal 0 0 1
    outer loop
      vertex -24.149999618530273 -37.79600524902344 5.299999237060547
      vertex -21.703386306762695 -37.430015563964844 5.299999237060547
      vertex -21.87383270263672 -37.273834228515625 5.299999237060547
    endloop
  endfacet
  facet normal 0 0 1
    outer loop
      vertex -24.149999618530273 -37.79600524902344 5.299999237060547
      vertex -21.87383270263672 -37.273834228515625 5.299999237060547
      vertex -22.030017852783203 -37.10338592529297 5.299999237060547
    endloop
  endfacet
  facet normal 0 0 1
    outer loop
      vertex -24.149999618530273 -37.79600524902344 5.299999237060547
      vertex -22.030017852783203 -37.10338592529297 5.299999237060547
      vertex -22.170753479003906 -36.91997528076172 5.299999237060547
    endloop
  endfacet
  facet normal 0 0 1
    outer loop
      vertex -24.149999618530273 -37.79600524902344 5.299999237060547
      vertex -22.649999618530273 -35.400001525878906 5.299999237060547
      vertex -24.149999618530273 -31.003995895385742 5.299999237060547
    endloop
  endfacet
  facet normal 0 0 1
    outer loop
      vertex -22.649999618530273 -35.400001525878906 5.299999237060547
      vertex -24.149999618530273 -37.79600524902344 5.299999237060547
      vertex -22.639915466308594 -35.63096237182617 5.299999237060547
    endloop
  endfacet
  facet normal 0 0 1
    outer loop
      vertex -22.639915466308594 -35.63096237182617 5.299999237060547
      vertex -24.149999618530273 -37.79600524902344 5.299999237060547
      vertex -22.6097412109375 -35.86016845703125 5.299999237060547
    endloop
  endfacet
  facet normal 0 0 1
    outer loop
      vertex -21.325000762939453 -37.694969177246094 5.299999237060547
      vertex -24.149999618530273 -37.79600524902344 5.299999237060547
      vertex -20 -40.19200897216797 5.299999237060547
    endloop
  endfacet
  facet normal 0 0 1
    outer loop
      vertex -22.294967651367188 -36.724998474121094 5.299999237060547
      vertex -24.149999618530273 -37.79600524902344 5.299999237060547
      vertex -22.170753479003906 -36.91997528076172 5.299999237060547
    endloop
  endfacet
  facet normal 0 0 1
    outer loop
      vertex -22.401714324951172 -36.519935607910156 5.299999237060547
      vertex -24.149999618530273 -37.79600524902344 5.299999237060547
      vertex -22.294967651367188 -36.724998474121094 5.299999237060547
    endloop
  endfacet
  facet normal 0 0 1
    outer loop
      vertex -22.490184783935547 -36.30635070800781 5.299999237060547
      vertex -24.149999618530273 -37.79600524902344 5.299999237060547
      vertex -22.401714324951172 -36.519935607910156 5.299999237060547
    endloop
  endfacet
  facet normal 0 0 1
    outer loop
      vertex -22.559703826904297 -36.08586883544922 5.299999237060547
      vertex -24.149999618530273 -37.79600524902344 5.299999237060547
      vertex -22.490184783935547 -36.30635070800781 5.299999237060547
    endloop
  endfacet
  facet normal 0 0 1
    outer loop
      vertex -22.6097412109375 -35.86016845703125 5.299999237060547
      vertex -24.149999618530273 -37.79600524902344 5.299999237060547
      vertex -22.559703826904297 -36.08586883544922 5.299999237060547
    endloop
  endfacet
  facet normal 0.5000000510614703 0.866025374304083 0
    outer loop
      vertex -20 -40.19200897216797 5.299999237060547
      vertex -24.149999618530273 -37.79600524902344 11.5
      vertex -20 -40.19200897216797 11.5
    endloop
  endfacet
  facet normal 0.5000000510614703 0.866025374304083 0
    outer loop
      vertex -24.149999618530273 -37.79600524902344 11.5
      vertex -20 -40.19200897216797 5.299999237060547
      vertex -24.149999618530273 -37.79600524902344 5.299999237060547
    endloop
  endfacet
  facet normal -0.49999996488608184 0.8660254240574679 0
    outer loop
      vertex -15.84999942779541 -37.79600524902344 5.299999237060547
      vertex -20 -40.19200897216797 11.5
      vertex -15.84999942779541 -37.79600524902344 11.5
    endloop
  endfacet
  facet normal -0.49999996488608184 0.8660254240574679 0
    outer loop
      vertex -20 -40.19200897216797 11.5
      vertex -15.84999942779541 -37.79600524902344 5.299999237060547
      vertex -20 -40.19200897216797 5.299999237060547
    endloop
  endfacet
  facet normal -0.5373121062935297 -0.8433834836125323 0
    outer loop
      vertex 11.324999809265137 36.694969177246094 0
      vertex 11.519976615905762 36.57075119018555 5.299999237060547
      vertex 11.324999809265137 36.694969177246094 5.299999237060547
    endloop
  endfacet
  facet normal -0.5373121062935297 -0.8433834836125323 0
    outer loop
      vertex 11.519976615905762 36.57075119018555 5.299999237060547
      vertex 11.324999809265137 36.694969177246094 0
      vertex 11.519976615905762 36.57075119018555 0
    endloop
  endfacet
  facet normal 0.3006950198148919 -0.9537203495042569 0
    outer loop
      vertex 9.093646049499512 36.89018630981445 0
      vertex 9.314128875732422 36.95970153808594 5.299999237060547
      vertex 9.093646049499512 36.89018630981445 5.299999237060547
    endloop
  endfacet
  facet normal 0.3006950198148919 -0.9537203495042569 0
    outer loop
      vertex 9.314128875732422 36.95970153808594 5.299999237060547
      vertex 9.093646049499512 36.89018630981445 0
      vertex 9.314128875732422 36.95970153808594 0
    endloop
  endfacet
  facet normal -0.999048186913785 -0.04362018138750666 0
    outer loop
      vertex 12.649999618530273 34.400001525878906 0
      vertex 12.639915466308594 34.63096237182617 5.299999237060547
      vertex 12.639915466308594 34.63096237182617 0
    endloop
  endfacet
  facet normal -0.999048186913785 -0.04362018138750666 0
    outer loop
      vertex 12.639915466308594 34.63096237182617 5.299999237060547
      vertex 12.649999618530273 34.400001525878906 0
      vertex 12.649999618530273 34.400001525878906 5.299999237060547
    endloop
  endfacet
  facet normal 0.7933539904366902 -0.6087605817217308 0
    outer loop
      vertex 7.829246520996094 35.91997528076172 5.299999237060547
      vertex 7.969982147216797 36.10338592529297 0
      vertex 7.969982147216797 36.10338592529297 5.299999237060547
    endloop
  endfacet
  facet normal 0.7933539904366902 -0.6087605817217308 0
    outer loop
      vertex 7.969982147216797 36.10338592529297 0
      vertex 7.829246520996094 35.91997528076172 5.299999237060547
      vertex 7.829246520996094 35.91997528076172 0
    endloop
  endfacet
  facet normal -0.9914450542321737 -0.13052472730698264 0
    outer loop
      vertex 12.639915466308594 34.63096237182617 0
      vertex 12.609740257263184 34.86016845703125 5.299999237060547
      vertex 12.609740257263184 34.86016845703125 0
    endloop
  endfacet
  facet normal -0.9914450542321737 -0.13052472730698264 0
    outer loop
      vertex 12.609740257263184 34.86016845703125 5.299999237060547
      vertex 12.639915466308594 34.63096237182617 0
      vertex 12.639915466308594 34.63096237182617 5.299999237060547
    endloop
  endfacet
  facet normal -0.8870080068195269 0.46175404257900154 0
    outer loop
      vertex 12.294966697692871 33.07500076293945 0
      vertex 12.401715278625488 33.280059814453125 5.299999237060547
      vertex 12.401715278625488 33.280059814453125 0
    endloop
  endfacet
  facet normal -0.8870080068195269 0.46175404257900154 0
    outer loop
      vertex 12.401715278625488 33.280059814453125 5.299999237060547
      vertex 12.294966697692871 33.07500076293945 0
      vertex 12.294966697692871 33.07500076293945 5.299999237060547
    endloop
  endfacet
  facet normal -0.953716427358075 -0.30070745948072114 0
    outer loop
      vertex 12.55970287322998 35.08586883544922 0
      vertex 12.490184783935547 35.30635070800781 5.299999237060547
      vertex 12.490184783935547 35.30635070800781 0
    endloop
  endfacet
  facet normal -0.953716427358075 -0.30070745948072114 0
    outer loop
      vertex 12.490184783935547 35.30635070800781 5.299999237060547
      vertex 12.55970287322998 35.08586883544922 0
      vertex 12.55970287322998 35.08586883544922 5.299999237060547
    endloop
  endfacet
  facet normal -0.38268600475744313 -0.9238784669872905 0
    outer loop
      vertex 10.906352996826172 36.89018630981445 0
      vertex 11.119937896728516 36.80171585083008 5.299999237060547
      vertex 10.906352996826172 36.89018630981445 5.299999237060547
    endloop
  endfacet
  facet normal -0.38268600475744313 -0.9238784669872905 0
    outer loop
      vertex 11.119937896728516 36.80171585083008 5.299999237060547
      vertex 10.906352996826172 36.89018630981445 0
      vertex 11.119937896728516 36.80171585083008 0
    endloop
  endfacet
  facet normal 0.843395724610377 0.5372928919210983 0
    outer loop
      vertex 7.829246520996094 32.88002014160156 5.299999237060547
      vertex 7.7050323486328125 33.07500076293945 0
      vertex 7.7050323486328125 33.07500076293945 5.299999237060547
    endloop
  endfacet
  facet normal 0.843395724610377 0.5372928919210983 0
    outer loop
      vertex 7.7050323486328125 33.07500076293945 0
      vertex 7.829246520996094 32.88002014160156 5.299999237060547
      vertex 7.829246520996094 32.88002014160156 0
    endloop
  endfacet
  facet normal 0.13053742585191355 0.991443382373374 0
    outer loop
      vertex 9.769037246704102 31.760082244873047 0
      vertex 9.53983211517334 31.790260314941406 5.299999237060547
      vertex 9.769037246704102 31.760082244873047 5.299999237060547
    endloop
  endfacet
  facet normal 0.13053742585191355 0.991443382373374 0
    outer loop
      vertex 9.53983211517334 31.790260314941406 5.299999237060547
      vertex 9.769037246704102 31.760082244873047 0
      vertex 9.53983211517334 31.790260314941406 0
    endloop
  endfacet
  facet normal 0.5373003692645782 0.8433909610543309 0
    outer loop
      vertex 8.674999237060547 32.10503387451172 0
      vertex 8.480022430419922 32.229248046875 5.299999237060547
      vertex 8.674999237060547 32.10503387451172 5.299999237060547
    endloop
  endfacet
  facet normal 0.5373003692645782 0.8433909610543309 0
    outer loop
      vertex 8.480022430419922 32.229248046875 5.299999237060547
      vertex 8.674999237060547 32.10503387451172 0
      vertex 8.480022430419922 32.229248046875 0
    endloop
  endfacet
  facet normal -0.9238799254673603 -0.3826824836838302 0
    outer loop
      vertex 12.490184783935547 35.30635070800781 0
      vertex 12.401715278625488 35.519935607910156 5.299999237060547
      vertex 12.401715278625488 35.519935607910156 0
    endloop
  endfacet
  facet normal -0.9238799254673603 -0.3826824836838302 0
    outer loop
      vertex 12.401715278625488 35.519935607910156 5.299999237060547
      vertex 12.490184783935547 35.30635070800781 0
      vertex 12.490184783935547 35.30635070800781 5.299999237060547
    endloop
  endfacet
  facet normal 0.13053742585191355 -0.991443382373374 0
    outer loop
      vertex 9.53983211517334 37.00973892211914 0
      vertex 9.769037246704102 37.0399169921875 5.299999237060547
      vertex 9.53983211517334 37.00973892211914 5.299999237060547
    endloop
  endfacet
  facet normal 0.13053742585191355 -0.991443382373374 0
    outer loop
      vertex 9.769037246704102 37.0399169921875 5.299999237060547
      vertex 9.53983211517334 37.00973892211914 0
      vertex 9.769037246704102 37.0399169921875 0
    endloop
  endfacet
  facet normal 0.7372835792123988 -0.6755833951658037 0
    outer loop
      vertex 7.969982147216797 36.10338592529297 5.299999237060547
      vertex 8.126166343688965 36.273834228515625 0
      vertex 8.126166343688965 36.273834228515625 5.299999237060547
    endloop
  endfacet
  facet normal 0.7372835792123988 -0.6755833951658037 0
    outer loop
      vertex 8.126166343688965 36.273834228515625 0
      vertex 7.969982147216797 36.10338592529297 5.299999237060547
      vertex 7.969982147216797 36.10338592529297 0
    endloop
  endfacet
  facet normal -0.38268600475744313 0.9238784669872905 0
    outer loop
      vertex 11.119937896728516 31.99828338623047 0
      vertex 10.906352996826172 31.909812927246094 5.299999237060547
      vertex 11.119937896728516 31.99828338623047 5.299999237060547
    endloop
  endfacet
  facet normal -0.38268600475744313 0.9238784669872905 0
    outer loop
      vertex 10.906352996826172 31.909812927246094 5.299999237060547
      vertex 11.119937896728516 31.99828338623047 0
      vertex 10.906352996826172 31.909812927246094 0
    endloop
  endfacet
  facet normal -0.8870115250197498 -0.4617472842173928 0
    outer loop
      vertex 12.401715278625488 35.519935607910156 0
      vertex 12.294966697692871 35.724998474121094 5.299999237060547
      vertex 12.294966697692871 35.724998474121094 0
    endloop
  endfacet
  facet normal -0.8870115250197498 -0.4617472842173928 0
    outer loop
      vertex 12.294966697692871 35.724998474121094 5.299999237060547
      vertex 12.401715278625488 35.519935607910156 0
      vertex 12.401715278625488 35.519935607910156 5.299999237060547
    endloop
  endfacet
  facet normal 0.46175546505308557 0.8870072663138723 0
    outer loop
      vertex 8.880061149597168 31.99828338623047 0
      vertex 8.674999237060547 32.10503387451172 5.299999237060547
      vertex 8.880061149597168 31.99828338623047 5.299999237060547
    endloop
  endfacet
  facet normal 0.46175546505308557 0.8870072663138723 0
    outer loop
      vertex 8.674999237060547 32.10503387451172 5.299999237060547
      vertex 8.880061149597168 31.99828338623047 0
      vertex 8.674999237060547 32.10503387451172 0
    endloop
  endfacet
  facet normal -0.6087625740325663 -0.7933524616822237 0
    outer loop
      vertex 11.519976615905762 36.57075119018555 0
      vertex 11.703386306762695 36.430015563964844 5.299999237060547
      vertex 11.519976615905762 36.57075119018555 5.299999237060547
    endloop
  endfacet
  facet normal -0.6087625740325663 -0.7933524616822237 0
    outer loop
      vertex 11.703386306762695 36.430015563964844 5.299999237060547
      vertex 11.519976615905762 36.57075119018555 0
      vertex 11.703386306762695 36.430015563964844 0
    endloop
  endfacet
  facet normal 0.3007025242299601 0.9537179834320679 0
    outer loop
      vertex 9.314128875732422 31.840295791625977 0
      vertex 9.093646049499512 31.909812927246094 5.299999237060547
      vertex 9.314128875732422 31.840295791625977 5.299999237060547
    endloop
  endfacet
  facet normal 0.3007025242299601 0.9537179834320679 0
    outer loop
      vertex 9.093646049499512 31.909812927246094 5.299999237060547
      vertex 9.314128875732422 31.840295791625977 0
      vertex 9.093646049499512 31.909812927246094 0
    endloop
  endfacet
  facet normal 0.9537179194122901 0.3007027272771107 0
    outer loop
      vertex 7.509814262390137 33.49364471435547 5.299999237060547
      vertex 7.440296173095703 33.71413040161133 0
      vertex 7.440296173095703 33.71413040161133 5.299999237060547
    endloop
  endfacet
  facet normal 0.9537179194122901 0.3007027272771107 0
    outer loop
      vertex 7.440296173095703 33.71413040161133 0
      vertex 7.509814262390137 33.49364471435547 5.299999237060547
      vertex 7.509814262390137 33.49364471435547 0
    endloop
  endfacet
  facet normal 0.999048186913785 -0.04362018138750666 0
    outer loop
      vertex 7.34999942779541 34.400001525878906 5.299999237060547
      vertex 7.36008358001709 34.63096237182617 0
      vertex 7.36008358001709 34.63096237182617 5.299999237060547
    endloop
  endfacet
  facet normal 0.999048186913785 -0.04362018138750666 0
    outer loop
      vertex 7.36008358001709 34.63096237182617 0
      vertex 7.34999942779541 34.400001525878906 5.299999237060547
      vertex 7.34999942779541 34.400001525878906 0
    endloop
  endfacet
  facet normal 0.21643249426461927 0.9762975854863082 0
    outer loop
      vertex 9.53983211517334 31.790260314941406 0
      vertex 9.314128875732422 31.840295791625977 5.299999237060547
      vertex 9.53983211517334 31.790260314941406 5.299999237060547
    endloop
  endfacet
  facet normal 0.21643249426461927 0.9762975854863082 0
    outer loop
      vertex 9.314128875732422 31.840295791625977 5.299999237060547
      vertex 9.53983211517334 31.790260314941406 0
      vertex 9.314128875732422 31.840295791625977 0
    endloop
  endfacet
  facet normal -0.13053742585191355 -0.991443382373374 0
    outer loop
      vertex 10.230961799621582 37.0399169921875 0
      vertex 10.460166931152344 37.00973892211914 5.299999237060547
      vertex 10.230961799621582 37.0399169921875 5.299999237060547
    endloop
  endfacet
  facet normal -0.13053742585191355 -0.991443382373374 0
    outer loop
      vertex 10.460166931152344 37.00973892211914 5.299999237060547
      vertex 10.230961799621582 37.0399169921875 0
      vertex 10.460166931152344 37.00973892211914 0
    endloop
  endfacet
  facet normal 0.8870115250197498 -0.4617472842173928 0
    outer loop
      vertex 7.598283767700195 35.519935607910156 5.299999237060547
      vertex 7.7050323486328125 35.724998474121094 0
      vertex 7.7050323486328125 35.724998474121094 5.299999237060547
    endloop
  endfacet
  facet normal 0.8870115250197498 -0.4617472842173928 0
    outer loop
      vertex 7.7050323486328125 35.724998474121094 0
      vertex 7.598283767700195 35.519935607910156 5.299999237060547
      vertex 7.598283767700195 35.519935607910156 0
    endloop
  endfacet
  facet normal -0.9762952623679639 -0.21644297326979317 0
    outer loop
      vertex 12.609740257263184 34.86016845703125 0
      vertex 12.55970287322998 35.08586883544922 5.299999237060547
      vertex 12.55970287322998 35.08586883544922 0
    endloop
  endfacet
  facet normal -0.9762952623679639 -0.21644297326979317 0
    outer loop
      vertex 12.55970287322998 35.08586883544922 5.299999237060547
      vertex 12.609740257263184 34.86016845703125 0
      vertex 12.609740257263184 34.86016845703125 5.299999237060547
    endloop
  endfacet
  facet normal 0.5373121062935297 -0.8433834836125323 0
    outer loop
      vertex 8.480022430419922 36.57075119018555 0
      vertex 8.674999237060547 36.694969177246094 5.299999237060547
      vertex 8.480022430419922 36.57075119018555 5.299999237060547
    endloop
  endfacet
  facet normal 0.5373121062935297 -0.8433834836125323 0
    outer loop
      vertex 8.674999237060547 36.694969177246094 5.299999237060547
      vertex 8.480022430419922 36.57075119018555 0
      vertex 8.674999237060547 36.694969177246094 0
    endloop
  endfacet
  facet normal 0.04361158714806369 0.99904856211619 0
    outer loop
      vertex 10 31.75 0
      vertex 9.769037246704102 31.760082244873047 5.299999237060547
      vertex 10 31.75 5.299999237060547
    endloop
  endfacet
  facet normal 0.04361158714806369 0.99904856211619 0
    outer loop
      vertex 9.769037246704102 31.760082244873047 5.299999237060547
      vertex 10 31.75 0
      vertex 9.769037246704102 31.760082244873047 0
    endloop
  endfacet
  facet normal 0.9762952623679639 -0.21644297326979317 0
    outer loop
      vertex 7.3902587890625 34.86016845703125 5.299999237060547
      vertex 7.440296173095703 35.08586883544922 0
      vertex 7.440296173095703 35.08586883544922 5.299999237060547
    endloop
  endfacet
  facet normal 0.9762952623679639 -0.21644297326979317 0
    outer loop
      vertex 7.440296173095703 35.08586883544922 0
      vertex 7.3902587890625 34.86016845703125 5.299999237060547
      vertex 7.3902587890625 34.86016845703125 0
    endloop
  endfacet
  facet normal 0.38268600475744313 -0.9238784669872905 0
    outer loop
      vertex 8.880061149597168 36.80171585083008 0
      vertex 9.093646049499512 36.89018630981445 5.299999237060547
      vertex 8.880061149597168 36.80171585083008 5.299999237060547
    endloop
  endfacet
  facet normal 0.38268600475744313 -0.9238784669872905 0
    outer loop
      vertex 9.093646049499512 36.89018630981445 5.299999237060547
      vertex 8.880061149597168 36.80171585083008 0
      vertex 9.093646049499512 36.89018630981445 0
    endloop
  endfacet
  facet normal -0.6755987163150261 0.7372695399333197 0
    outer loop
      vertex 11.873832702636719 32.52616882324219 0
      vertex 11.703386306762695 32.36997985839844 5.299999237060547
      vertex 11.873832702636719 32.52616882324219 5.299999237060547
    endloop
  endfacet
  facet normal -0.6755987163150261 0.7372695399333197 0
    outer loop
      vertex 11.703386306762695 32.36997985839844 5.299999237060547
      vertex 11.873832702636719 32.52616882324219 0
      vertex 11.703386306762695 32.36997985839844 0
    endloop
  endfacet
  facet normal 0.6087521881630048 0.79336043095604 0
    outer loop
      vertex 8.480022430419922 32.229248046875 0
      vertex 8.296612739562988 32.36997985839844 5.299999237060547
      vertex 8.480022430419922 32.229248046875 5.299999237060547
    endloop
  endfacet
  facet normal 0.6087521881630048 0.79336043095604 0
    outer loop
      vertex 8.296612739562988 32.36997985839844 5.299999237060547
      vertex 8.480022430419922 32.229248046875 0
      vertex 8.296612739562988 32.36997985839844 0
    endloop
  endfacet
  facet normal -0.3006950198148919 -0.9537203495042569 0
    outer loop
      vertex 10.685870170593262 36.95970153808594 0
      vertex 10.906352996826172 36.89018630981445 5.299999237060547
      vertex 10.685870170593262 36.95970153808594 5.299999237060547
    endloop
  endfacet
  facet normal -0.3006950198148919 -0.9537203495042569 0
    outer loop
      vertex 10.906352996826172 36.89018630981445 5.299999237060547
      vertex 10.685870170593262 36.95970153808594 0
      vertex 10.906352996826172 36.89018630981445 0
    endloop
  endfacet
  facet normal -0.043611766884040844 -0.9990485542701376 0
    outer loop
      vertex 10 37.04999923706055 0
      vertex 10.230961799621582 37.0399169921875 5.299999237060547
      vertex 10 37.04999923706055 5.299999237060547
    endloop
  endfacet
  facet normal -0.043611766884040844 -0.9990485542701376 0
    outer loop
      vertex 10.230961799621582 37.0399169921875 5.299999237060547
      vertex 10 37.04999923706055 0
      vertex 10.230961799621582 37.0399169921875 0
    endloop
  endfacet
  facet normal -0.46175546505308557 0.8870072663138723 0
    outer loop
      vertex 11.324999809265137 32.10503387451172 0
      vertex 11.119937896728516 31.99828338623047 5.299999237060547
      vertex 11.324999809265137 32.10503387451172 5.299999237060547
    endloop
  endfacet
  facet normal -0.46175546505308557 0.8870072663138723 0
    outer loop
      vertex 11.119937896728516 31.99828338623047 5.299999237060547
      vertex 11.324999809265137 32.10503387451172 0
      vertex 11.119937896728516 31.99828338623047 0
    endloop
  endfacet
  facet normal 0.7372760479493647 0.67559161415767 0
    outer loop
      vertex 8.126166343688965 32.52616882324219 5.299999237060547
      vertex 7.969982147216797 32.69661331176758 0
      vertex 7.969982147216797 32.69661331176758 5.299999237060547
    endloop
  endfacet
  facet normal 0.7372760479493647 0.67559161415767 0
    outer loop
      vertex 7.969982147216797 32.69661331176758 0
      vertex 8.126166343688965 32.52616882324219 5.299999237060547
      vertex 8.126166343688965 32.52616882324219 0
    endloop
  endfacet
  facet normal 0.04361158714806369 -0.99904856211619 0
    outer loop
      vertex 9.769037246704102 37.0399169921875 0
      vertex 10 37.04999923706055 5.299999237060547
      vertex 9.769037246704102 37.0399169921875 5.299999237060547
    endloop
  endfacet
  facet normal 0.04361158714806369 -0.99904856211619 0
    outer loop
      vertex 10 37.04999923706055 5.299999237060547
      vertex 9.769037246704102 37.0399169921875 0
      vertex 10 37.04999923706055 0
    endloop
  endfacet
  facet normal -0.21643249426461927 0.9762975854863082 0
    outer loop
      vertex 10.685870170593262 31.840295791625977 0
      vertex 10.460166931152344 31.790260314941406 5.299999237060547
      vertex 10.685870170593262 31.840295791625977 5.299999237060547
    endloop
  endfacet
  facet normal -0.21643249426461927 0.9762975854863082 0
    outer loop
      vertex 10.460166931152344 31.790260314941406 5.299999237060547
      vertex 10.685870170593262 31.840295791625977 0
      vertex 10.460166931152344 31.790260314941406 0
    endloop
  endfacet
  facet normal 0.9238799254673603 0.3826824836838302 0
    outer loop
      vertex 7.598283767700195 33.280059814453125 5.299999237060547
      vertex 7.509814262390137 33.49364471435547 0
      vertex 7.509814262390137 33.49364471435547 5.299999237060547
    endloop
  endfacet
  facet normal 0.9238799254673603 0.3826824836838302 0
    outer loop
      vertex 7.509814262390137 33.49364471435547 0
      vertex 7.598283767700195 33.280059814453125 5.299999237060547
      vertex 7.598283767700195 33.280059814453125 0
    endloop
  endfacet
  facet normal -0.9914450542321737 0.13052472730698264 0
    outer loop
      vertex 12.609740257263184 33.9398307800293 0
      vertex 12.639915466308594 34.169036865234375 5.299999237060547
      vertex 12.639915466308594 34.169036865234375 0
    endloop
  endfacet
  facet normal -0.9914450542321737 0.13052472730698264 0
    outer loop
      vertex 12.639915466308594 34.169036865234375 5.299999237060547
      vertex 12.609740257263184 33.9398307800293 0
      vertex 12.609740257263184 33.9398307800293 5.299999237060547
    endloop
  endfacet
  facet normal -0.2164403581608209 -0.9762958421294313 0
    outer loop
      vertex 10.460166931152344 37.00973892211914 0
      vertex 10.685870170593262 36.95970153808594 5.299999237060547
      vertex 10.460166931152344 37.00973892211914 5.299999237060547
    endloop
  endfacet
  facet normal -0.2164403581608209 -0.9762958421294313 0
    outer loop
      vertex 10.685870170593262 36.95970153808594 5.299999237060547
      vertex 10.460166931152344 37.00973892211914 0
      vertex 10.685870170593262 36.95970153808594 0
    endloop
  endfacet
  facet normal -0.675580777421583 -0.7372859778799877 0
    outer loop
      vertex 11.703386306762695 36.430015563964844 0
      vertex 11.873832702636719 36.273834228515625 5.299999237060547
      vertex 11.703386306762695 36.430015563964844 5.299999237060547
    endloop
  endfacet
  facet normal -0.675580777421583 -0.7372859778799877 0
    outer loop
      vertex 11.873832702636719 36.273834228515625 5.299999237060547
      vertex 11.703386306762695 36.430015563964844 0
      vertex 11.873832702636719 36.273834228515625 0
    endloop
  endfacet
  facet normal 0.9990482183096424 0.04361946231132593 0
    outer loop
      vertex 7.36008358001709 34.169036865234375 5.299999237060547
      vertex 7.34999942779541 34.400001525878906 0
      vertex 7.34999942779541 34.400001525878906 5.299999237060547
    endloop
  endfacet
  facet normal 0.9990482183096424 0.04361946231132593 0
    outer loop
      vertex 7.34999942779541 34.400001525878906 0
      vertex 7.36008358001709 34.169036865234375 5.299999237060547
      vertex 7.36008358001709 34.169036865234375 0
    endloop
  endfacet
  facet normal -0.13053742585191355 0.991443382373374 0
    outer loop
      vertex 10.460166931152344 31.790260314941406 0
      vertex 10.230961799621582 31.760082244873047 5.299999237060547
      vertex 10.460166931152344 31.790260314941406 5.299999237060547
    endloop
  endfacet
  facet normal -0.13053742585191355 0.991443382373374 0
    outer loop
      vertex 10.230961799621582 31.760082244873047 5.299999237060547
      vertex 10.460166931152344 31.790260314941406 0
      vertex 10.230961799621582 31.760082244873047 0
    endloop
  endfacet
  facet normal 0.8433909610543309 -0.5373003692645782 0
    outer loop
      vertex 7.7050323486328125 35.724998474121094 5.299999237060547
      vertex 7.829246520996094 35.91997528076172 0
      vertex 7.829246520996094 35.91997528076172 5.299999237060547
    endloop
  endfacet
  facet normal 0.8433909610543309 -0.5373003692645782 0
    outer loop
      vertex 7.829246520996094 35.91997528076172 0
      vertex 7.7050323486328125 35.724998474121094 5.299999237060547
      vertex 7.7050323486328125 35.724998474121094 0
    endloop
  endfacet
  facet normal -0.7933539904366902 -0.6087605817217308 0
    outer loop
      vertex 12.17075252532959 35.91997528076172 0
      vertex 12.030016899108887 36.10338592529297 5.299999237060547
      vertex 12.030016899108887 36.10338592529297 0
    endloop
  endfacet
  facet normal -0.7933539904366902 -0.6087605817217308 0
    outer loop
      vertex 12.030016899108887 36.10338592529297 5.299999237060547
      vertex 12.17075252532959 35.91997528076172 0
      vertex 12.17075252532959 35.91997528076172 5.299999237060547
    endloop
  endfacet
  facet normal -0.5373003692645782 0.8433909610543309 0
    outer loop
      vertex 11.519976615905762 32.229248046875 0
      vertex 11.324999809265137 32.10503387451172 5.299999237060547
      vertex 11.519976615905762 32.229248046875 5.299999237060547
    endloop
  endfacet
  facet normal -0.5373003692645782 0.8433909610543309 0
    outer loop
      vertex 11.324999809265137 32.10503387451172 5.299999237060547
      vertex 11.519976615905762 32.229248046875 0
      vertex 11.324999809265137 32.10503387451172 0
    endloop
  endfacet
  facet normal 0.2164403581608209 -0.9762958421294313 0
    outer loop
      vertex 9.314128875732422 36.95970153808594 0
      vertex 9.53983211517334 37.00973892211914 5.299999237060547
      vertex 9.314128875732422 36.95970153808594 5.299999237060547
    endloop
  endfacet
  facet normal 0.2164403581608209 -0.9762958421294313 0
    outer loop
      vertex 9.53983211517334 37.00973892211914 5.299999237060547
      vertex 9.314128875732422 36.95970153808594 0
      vertex 9.53983211517334 37.00973892211914 0
    endloop
  endfacet
  facet normal 0.9914450542321737 -0.13052472730698264 0
    outer loop
      vertex 7.36008358001709 34.63096237182617 5.299999237060547
      vertex 7.3902587890625 34.86016845703125 0
      vertex 7.3902587890625 34.86016845703125 5.299999237060547
    endloop
  endfacet
  facet normal 0.9914450542321737 -0.13052472730698264 0
    outer loop
      vertex 7.3902587890625 34.86016845703125 0
      vertex 7.36008358001709 34.63096237182617 5.299999237060547
      vertex 7.36008358001709 34.63096237182617 0
    endloop
  endfacet
  facet normal 0.6087625740325663 -0.7933524616822237 0
    outer loop
      vertex 8.296612739562988 36.430015563964844 0
      vertex 8.480022430419922 36.57075119018555 5.299999237060547
      vertex 8.296612739562988 36.430015563964844 5.299999237060547
    endloop
  endfacet
  facet normal 0.6087625740325663 -0.7933524616822237 0
    outer loop
      vertex 8.480022430419922 36.57075119018555 5.299999237060547
      vertex 8.296612739562988 36.430015563964844 0
      vertex 8.480022430419922 36.57075119018555 0
    endloop
  endfacet
  facet normal -0.7372835792123988 -0.6755833951658037 0
    outer loop
      vertex 12.030016899108887 36.10338592529297 0
      vertex 11.873832702636719 36.273834228515625 5.299999237060547
      vertex 11.873832702636719 36.273834228515625 0
    endloop
  endfacet
  facet normal -0.7372835792123988 -0.6755833951658037 0
    outer loop
      vertex 11.873832702636719 36.273834228515625 5.299999237060547
      vertex 12.030016899108887 36.10338592529297 0
      vertex 12.030016899108887 36.10338592529297 5.299999237060547
    endloop
  endfacet
  facet normal -0.843395724610377 0.5372928919210983 0
    outer loop
      vertex 12.17075252532959 32.88002014160156 0
      vertex 12.294966697692871 33.07500076293945 5.299999237060547
      vertex 12.294966697692871 33.07500076293945 0
    endloop
  endfacet
  facet normal -0.843395724610377 0.5372928919210983 0
    outer loop
      vertex 12.294966697692871 33.07500076293945 5.299999237060547
      vertex 12.17075252532959 32.88002014160156 0
      vertex 12.17075252532959 32.88002014160156 5.299999237060547
    endloop
  endfacet
  facet normal -0.9537179194122901 0.3007027272771107 0
    outer loop
      vertex 12.490184783935547 33.49364471435547 0
      vertex 12.55970287322998 33.71413040161133 5.299999237060547
      vertex 12.55970287322998 33.71413040161133 0
    endloop
  endfacet
  facet normal -0.9537179194122901 0.3007027272771107 0
    outer loop
      vertex 12.55970287322998 33.71413040161133 5.299999237060547
      vertex 12.490184783935547 33.49364471435547 0
      vertex 12.490184783935547 33.49364471435547 5.299999237060547
    endloop
  endfacet
  facet normal -0.7933478753287654 0.608768551020282 0
    outer loop
      vertex 12.030016899108887 32.69661331176758 0
      vertex 12.17075252532959 32.88002014160156 5.299999237060547
      vertex 12.17075252532959 32.88002014160156 0
    endloop
  endfacet
  facet normal -0.7933478753287654 0.608768551020282 0
    outer loop
      vertex 12.17075252532959 32.88002014160156 5.299999237060547
      vertex 12.030016899108887 32.69661331176758 0
      vertex 12.030016899108887 32.69661331176758 5.299999237060547
    endloop
  endfacet
  facet normal -0.46174248245624866 -0.887014024632723 0
    outer loop
      vertex 11.119937896728516 36.80171585083008 0
      vertex 11.324999809265137 36.694969177246094 5.299999237060547
      vertex 11.119937896728516 36.80171585083008 5.299999237060547
    endloop
  endfacet
  facet normal -0.46174248245624866 -0.887014024632723 0
    outer loop
      vertex 11.324999809265137 36.694969177246094 5.299999237060547
      vertex 11.119937896728516 36.80171585083008 0
      vertex 11.324999809265137 36.694969177246094 0
    endloop
  endfacet
  facet normal -0.3007025242299601 0.9537179834320679 0
    outer loop
      vertex 10.906352996826172 31.909812927246094 0
      vertex 10.685870170593262 31.840295791625977 5.299999237060547
      vertex 10.906352996826172 31.909812927246094 5.299999237060547
    endloop
  endfacet
  facet normal -0.3007025242299601 0.9537179834320679 0
    outer loop
      vertex 10.685870170593262 31.840295791625977 5.299999237060547
      vertex 10.906352996826172 31.909812927246094 0
      vertex 10.685870170593262 31.840295791625977 0
    endloop
  endfacet
  facet normal -0.9238799254673603 0.3826824836838302 0
    outer loop
      vertex 12.401715278625488 33.280059814453125 0
      vertex 12.490184783935547 33.49364471435547 5.299999237060547
      vertex 12.490184783935547 33.49364471435547 0
    endloop
  endfacet
  facet normal -0.9238799254673603 0.3826824836838302 0
    outer loop
      vertex 12.490184783935547 33.49364471435547 5.299999237060547
      vertex 12.401715278625488 33.280059814453125 0
      vertex 12.401715278625488 33.280059814453125 5.299999237060547
    endloop
  endfacet
  facet normal -0.6087521881630048 0.79336043095604 0
    outer loop
      vertex 11.703386306762695 32.36997985839844 0
      vertex 11.519976615905762 32.229248046875 5.299999237060547
      vertex 11.703386306762695 32.36997985839844 5.299999237060547
    endloop
  endfacet
  facet normal -0.6087521881630048 0.79336043095604 0
    outer loop
      vertex 11.519976615905762 32.229248046875 5.299999237060547
      vertex 11.703386306762695 32.36997985839844 0
      vertex 11.519976615905762 32.229248046875 0
    endloop
  endfacet
  facet normal -0.8433909610543309 -0.5373003692645782 0
    outer loop
      vertex 12.294966697692871 35.724998474121094 0
      vertex 12.17075252532959 35.91997528076172 5.299999237060547
      vertex 12.17075252532959 35.91997528076172 0
    endloop
  endfacet
  facet normal -0.8433909610543309 -0.5373003692645782 0
    outer loop
      vertex 12.17075252532959 35.91997528076172 5.299999237060547
      vertex 12.294966697692871 35.724998474121094 0
      vertex 12.294966697692871 35.724998474121094 5.299999237060547
    endloop
  endfacet
  facet normal -0.7372760479493647 0.67559161415767 0
    outer loop
      vertex 11.873832702636719 32.52616882324219 0
      vertex 12.030016899108887 32.69661331176758 5.299999237060547
      vertex 12.030016899108887 32.69661331176758 0
    endloop
  endfacet
  facet normal -0.7372760479493647 0.67559161415767 0
    outer loop
      vertex 12.030016899108887 32.69661331176758 5.299999237060547
      vertex 11.873832702636719 32.52616882324219 0
      vertex 11.873832702636719 32.52616882324219 5.299999237060547
    endloop
  endfacet
  facet normal -0.9762952623679639 0.21644297326979317 0
    outer loop
      vertex 12.55970287322998 33.71413040161133 0
      vertex 12.609740257263184 33.9398307800293 5.299999237060547
      vertex 12.609740257263184 33.9398307800293 0
    endloop
  endfacet
  facet normal -0.9762952623679639 0.21644297326979317 0
    outer loop
      vertex 12.609740257263184 33.9398307800293 5.299999237060547
      vertex 12.55970287322998 33.71413040161133 0
      vertex 12.55970287322998 33.71413040161133 5.299999237060547
    endloop
  endfacet
  facet normal 0.38268600475744313 0.9238784669872905 0
    outer loop
      vertex 9.093646049499512 31.909812927246094 0
      vertex 8.880061149597168 31.99828338623047 5.299999237060547
      vertex 9.093646049499512 31.909812927246094 5.299999237060547
    endloop
  endfacet
  facet normal 0.38268600475744313 0.9238784669872905 0
    outer loop
      vertex 8.880061149597168 31.99828338623047 5.299999237060547
      vertex 9.093646049499512 31.909812927246094 0
      vertex 8.880061149597168 31.99828338623047 0
    endloop
  endfacet
  facet normal -0.9990482183096424 0.04361946231132593 0
    outer loop
      vertex 12.639915466308594 34.169036865234375 0
      vertex 12.649999618530273 34.400001525878906 5.299999237060547
      vertex 12.649999618530273 34.400001525878906 0
    endloop
  endfacet
  facet normal -0.9990482183096424 0.04361946231132593 0
    outer loop
      vertex 12.649999618530273 34.400001525878906 5.299999237060547
      vertex 12.639915466308594 34.169036865234375 0
      vertex 12.639915466308594 34.169036865234375 5.299999237060547
    endloop
  endfacet
  facet normal 0.46174248245624866 -0.887014024632723 0
    outer loop
      vertex 8.674999237060547 36.694969177246094 0
      vertex 8.880061149597168 36.80171585083008 5.299999237060547
      vertex 8.674999237060547 36.694969177246094 5.299999237060547
    endloop
  endfacet
  facet normal 0.46174248245624866 -0.887014024632723 0
    outer loop
      vertex 8.880061149597168 36.80171585083008 5.299999237060547
      vertex 8.674999237060547 36.694969177246094 0
      vertex 8.880061149597168 36.80171585083008 0
    endloop
  endfacet
  facet normal -0.043611766884040844 0.9990485542701376 0
    outer loop
      vertex 10.230961799621582 31.760082244873047 0
      vertex 10 31.75 5.299999237060547
      vertex 10.230961799621582 31.760082244873047 5.299999237060547
    endloop
  endfacet
  facet normal -0.043611766884040844 0.9990485542701376 0
    outer loop
      vertex 10 31.75 5.299999237060547
      vertex 10.230961799621582 31.760082244873047 0
      vertex 10 31.75 0
    endloop
  endfacet
  facet normal 0.7933478753287654 0.608768551020282 0
    outer loop
      vertex 7.969982147216797 32.69661331176758 5.299999237060547
      vertex 7.829246520996094 32.88002014160156 0
      vertex 7.829246520996094 32.88002014160156 5.299999237060547
    endloop
  endfacet
  facet normal 0.7933478753287654 0.608768551020282 0
    outer loop
      vertex 7.829246520996094 32.88002014160156 0
      vertex 7.969982147216797 32.69661331176758 5.299999237060547
      vertex 7.969982147216797 32.69661331176758 0
    endloop
  endfacet
  facet normal 0.8870080068195269 0.46175404257900154 0
    outer loop
      vertex 7.7050323486328125 33.07500076293945 5.299999237060547
      vertex 7.598283767700195 33.280059814453125 0
      vertex 7.598283767700195 33.280059814453125 5.299999237060547
    endloop
  endfacet
  facet normal 0.8870080068195269 0.46175404257900154 0
    outer loop
      vertex 7.598283767700195 33.280059814453125 0
      vertex 7.7050323486328125 33.07500076293945 5.299999237060547
      vertex 7.7050323486328125 33.07500076293945 0
    endloop
  endfacet
  facet normal 0.675580777421583 -0.7372859778799877 0
    outer loop
      vertex 8.126166343688965 36.273834228515625 0
      vertex 8.296612739562988 36.430015563964844 5.299999237060547
      vertex 8.126166343688965 36.273834228515625 5.299999237060547
    endloop
  endfacet
  facet normal 0.675580777421583 -0.7372859778799877 0
    outer loop
      vertex 8.296612739562988 36.430015563964844 5.299999237060547
      vertex 8.126166343688965 36.273834228515625 0
      vertex 8.296612739562988 36.430015563964844 0
    endloop
  endfacet
  facet normal 0.9762952623679639 0.21644297326979317 0
    outer loop
      vertex 7.440296173095703 33.71413040161133 5.299999237060547
      vertex 7.3902587890625 33.9398307800293 0
      vertex 7.3902587890625 33.9398307800293 5.299999237060547
    endloop
  endfacet
  facet normal 0.9762952623679639 0.21644297326979317 0
    outer loop
      vertex 7.3902587890625 33.9398307800293 0
      vertex 7.440296173095703 33.71413040161133 5.299999237060547
      vertex 7.440296173095703 33.71413040161133 0
    endloop
  endfacet
  facet normal 0.9914450542321737 0.13052472730698264 0
    outer loop
      vertex 7.3902587890625 33.9398307800293 5.299999237060547
      vertex 7.36008358001709 34.169036865234375 0
      vertex 7.36008358001709 34.169036865234375 5.299999237060547
    endloop
  endfacet
  facet normal 0.9914450542321737 0.13052472730698264 0
    outer loop
      vertex 7.36008358001709 34.169036865234375 0
      vertex 7.3902587890625 33.9398307800293 5.299999237060547
      vertex 7.3902587890625 33.9398307800293 0
    endloop
  endfacet
  facet normal 0.6755987163150261 0.7372695399333197 0
    outer loop
      vertex 8.296612739562988 32.36997985839844 0
      vertex 8.126166343688965 32.52616882324219 5.299999237060547
      vertex 8.296612739562988 32.36997985839844 5.299999237060547
    endloop
  endfacet
  facet normal 0.6755987163150261 0.7372695399333197 0
    outer loop
      vertex 8.126166343688965 32.52616882324219 5.299999237060547
      vertex 8.296612739562988 32.36997985839844 0
      vertex 8.126166343688965 32.52616882324219 0
    endloop
  endfacet
  facet normal 0.953716427358075 -0.30070745948072114 0
    outer loop
      vertex 7.440296173095703 35.08586883544922 5.299999237060547
      vertex 7.509814262390137 35.30635070800781 0
      vertex 7.509814262390137 35.30635070800781 5.299999237060547
    endloop
  endfacet
  facet normal 0.953716427358075 -0.30070745948072114 0
    outer loop
      vertex 7.509814262390137 35.30635070800781 0
      vertex 7.440296173095703 35.08586883544922 5.299999237060547
      vertex 7.440296173095703 35.08586883544922 0
    endloop
  endfacet
  facet normal 0.9238799254673603 -0.3826824836838302 0
    outer loop
      vertex 7.509814262390137 35.30635070800781 5.299999237060547
      vertex 7.598283767700195 35.519935607910156 0
      vertex 7.598283767700195 35.519935607910156 5.299999237060547
    endloop
  endfacet
  facet normal 0.9238799254673603 -0.3826824836838302 0
    outer loop
      vertex 7.598283767700195 35.519935607910156 0
      vertex 7.509814262390137 35.30635070800781 5.299999237060547
      vertex 7.509814262390137 35.30635070800781 0
    endloop
  endfacet
  facet normal 0.49999996488608184 -0.8660254240574679 0
    outer loop
      vertex 5.84999942779541 36.79600524902344 5.299999237060547
      vertex 10 39.19200897216797 11.5
      vertex 5.84999942779541 36.79600524902344 11.5
    endloop
  endfacet
  facet normal 0.49999996488608184 -0.8660254240574679 0
    outer loop
      vertex 10 39.19200897216797 11.5
      vertex 5.84999942779541 36.79600524902344 5.299999237060547
      vertex 10 39.19200897216797 5.299999237060547
    endloop
  endfacet
  facet normal 0.5000002634062803 0.8660252517066984 0
    outer loop
      vertex 10 29.60799217224121 5.299999237060547
      vertex 5.84999942779541 32.003997802734375 11.5
      vertex 10 29.60799217224121 11.5
    endloop
  endfacet
  facet normal 0.5000002634062803 0.8660252517066984 0
    outer loop
      vertex 5.84999942779541 32.003997802734375 11.5
      vertex 10 29.60799217224121 5.299999237060547
      vertex 5.84999942779541 32.003997802734375 5.299999237060547
    endloop
  endfacet
  facet normal -0.5000000510614703 -0.866025374304083 0
    outer loop
      vertex 10 39.19200897216797 5.299999237060547
      vertex 14.149999618530273 36.79600524902344 11.5
      vertex 10 39.19200897216797 11.5
    endloop
  endfacet
  facet normal -0.5000000510614703 -0.866025374304083 0
    outer loop
      vertex 14.149999618530273 36.79600524902344 11.5
      vertex 10 39.19200897216797 5.299999237060547
      vertex 14.149999618530273 36.79600524902344 5.299999237060547
    endloop
  endfacet
  facet normal 1 0 0
    outer loop
      vertex 5.84999942779541 32.003997802734375 11.5
      vertex 5.84999942779541 36.79600524902344 5.299999237060547
      vertex 5.84999942779541 36.79600524902344 11.5
    endloop
  endfacet
  facet normal 1 0 0
    outer loop
      vertex 5.84999942779541 36.79600524902344 5.299999237060547
      vertex 5.84999942779541 32.003997802734375 11.5
      vertex 5.84999942779541 32.003997802734375 5.299999237060547
    endloop
  endfacet
  facet normal 0 0 1
    outer loop
      vertex 14.149999618530273 36.79600524902344 5.299999237060547
      vertex 12.649999618530273 34.400001525878906 5.299999237060547
      vertex 14.149999618530273 32.003997802734375 5.299999237060547
    endloop
  endfacet
  facet normal 0 0 1
    outer loop
      vertex 14.149999618530273 36.79600524902344 5.299999237060547
      vertex 12.639915466308594 34.63096237182617 5.299999237060547
      vertex 12.649999618530273 34.400001525878906 5.299999237060547
    endloop
  endfacet
  facet normal 0 0 1
    outer loop
      vertex 14.149999618530273 36.79600524902344 5.299999237060547
      vertex 12.609740257263184 34.86016845703125 5.299999237060547
      vertex 12.639915466308594 34.63096237182617 5.299999237060547
    endloop
  endfacet
  facet normal 0 0 1
    outer loop
      vertex 14.149999618530273 36.79600524902344 5.299999237060547
      vertex 12.55970287322998 35.08586883544922 5.299999237060547
      vertex 12.609740257263184 34.86016845703125 5.299999237060547
    endloop
  endfacet
  facet normal 0 0 1
    outer loop
      vertex 14.149999618530273 36.79600524902344 5.299999237060547
      vertex 12.490184783935547 35.30635070800781 5.299999237060547
      vertex 12.55970287322998 35.08586883544922 5.299999237060547
    endloop
  endfacet
  facet normal 0 0 1
    outer loop
      vertex 14.149999618530273 36.79600524902344 5.299999237060547
      vertex 12.401715278625488 35.519935607910156 5.299999237060547
      vertex 12.490184783935547 35.30635070800781 5.299999237060547
    endloop
  endfacet
  facet normal 0 0 1
    outer loop
      vertex 14.149999618530273 36.79600524902344 5.299999237060547
      vertex 12.294966697692871 35.724998474121094 5.299999237060547
      vertex 12.401715278625488 35.519935607910156 5.299999237060547
    endloop
  endfacet
  facet normal 0 0 1
    outer loop
      vertex 14.149999618530273 36.79600524902344 5.299999237060547
      vertex 12.17075252532959 35.91997528076172 5.299999237060547
      vertex 12.294966697692871 35.724998474121094 5.299999237060547
    endloop
  endfacet
  facet normal 0 0 1
    outer loop
      vertex 14.149999618530273 36.79600524902344 5.299999237060547
      vertex 12.030016899108887 36.10338592529297 5.299999237060547
      vertex 12.17075252532959 35.91997528076172 5.299999237060547
    endloop
  endfacet
  facet normal 0 0 1
    outer loop
      vertex 14.149999618530273 36.79600524902344 5.299999237060547
      vertex 11.873832702636719 36.273834228515625 5.299999237060547
      vertex 12.030016899108887 36.10338592529297 5.299999237060547
    endloop
  endfacet
  facet normal 0 0 1
    outer loop
      vertex 14.149999618530273 36.79600524902344 5.299999237060547
      vertex 11.703386306762695 36.430015563964844 5.299999237060547
      vertex 11.873832702636719 36.273834228515625 5.299999237060547
    endloop
  endfacet
  facet normal 0 0 1
    outer loop
      vertex 14.149999618530273 36.79600524902344 5.299999237060547
      vertex 11.519976615905762 36.57075119018555 5.299999237060547
      vertex 11.703386306762695 36.430015563964844 5.299999237060547
    endloop
  endfacet
  facet normal 0 0 1
    outer loop
      vertex 14.149999618530273 36.79600524902344 5.299999237060547
      vertex 11.324999809265137 36.694969177246094 5.299999237060547
      vertex 11.519976615905762 36.57075119018555 5.299999237060547
    endloop
  endfacet
  facet normal 0 0 1
    outer loop
      vertex 10 39.19200897216797 5.299999237060547
      vertex 11.324999809265137 36.694969177246094 5.299999237060547
      vertex 14.149999618530273 36.79600524902344 5.299999237060547
    endloop
  endfacet
  facet normal 0 0 1
    outer loop
      vertex 11.324999809265137 36.694969177246094 5.299999237060547
      vertex 10 39.19200897216797 5.299999237060547
      vertex 11.119937896728516 36.80171585083008 5.299999237060547
    endloop
  endfacet
  facet normal 0 0 1
    outer loop
      vertex 11.119937896728516 36.80171585083008 5.299999237060547
      vertex 10 39.19200897216797 5.299999237060547
      vertex 10.906352996826172 36.89018630981445 5.299999237060547
    endloop
  endfacet
  facet normal 0 0 1
    outer loop
      vertex 10.906352996826172 36.89018630981445 5.299999237060547
      vertex 10 39.19200897216797 5.299999237060547
      vertex 10.685870170593262 36.95970153808594 5.299999237060547
    endloop
  endfacet
  facet normal 0 0 1
    outer loop
      vertex 10.685870170593262 36.95970153808594 5.299999237060547
      vertex 10 39.19200897216797 5.299999237060547
      vertex 10.460166931152344 37.00973892211914 5.299999237060547
    endloop
  endfacet
  facet normal 0 0 1
    outer loop
      vertex 10.460166931152344 37.00973892211914 5.299999237060547
      vertex 10 39.19200897216797 5.299999237060547
      vertex 10.230961799621582 37.0399169921875 5.299999237060547
    endloop
  endfacet
  facet normal 0 0 1
    outer loop
      vertex 10 39.19200897216797 5.299999237060547
      vertex 10 37.04999923706055 5.299999237060547
      vertex 10.230961799621582 37.0399169921875 5.299999237060547
    endloop
  endfacet
  facet normal 0 0 1
    outer loop
      vertex 10 39.19200897216797 5.299999237060547
      vertex 9.769037246704102 37.0399169921875 5.299999237060547
      vertex 10 37.04999923706055 5.299999237060547
    endloop
  endfacet
  facet normal 0 0 1
    outer loop
      vertex 10 39.19200897216797 5.299999237060547
      vertex 9.53983211517334 37.00973892211914 5.299999237060547
      vertex 9.769037246704102 37.0399169921875 5.299999237060547
    endloop
  endfacet
  facet normal 0 0 1
    outer loop
      vertex 10 39.19200897216797 5.299999237060547
      vertex 9.314128875732422 36.95970153808594 5.299999237060547
      vertex 9.53983211517334 37.00973892211914 5.299999237060547
    endloop
  endfacet
  facet normal 0 0 1
    outer loop
      vertex 10 39.19200897216797 5.299999237060547
      vertex 9.093646049499512 36.89018630981445 5.299999237060547
      vertex 9.314128875732422 36.95970153808594 5.299999237060547
    endloop
  endfacet
  facet normal 0 0 1
    outer loop
      vertex 10 39.19200897216797 5.299999237060547
      vertex 8.880061149597168 36.80171585083008 5.299999237060547
      vertex 9.093646049499512 36.89018630981445 5.299999237060547
    endloop
  endfacet
  facet normal 0 0 1
    outer loop
      vertex 10 39.19200897216797 5.299999237060547
      vertex 8.674999237060547 36.694969177246094 5.299999237060547
      vertex 8.880061149597168 36.80171585083008 5.299999237060547
    endloop
  endfacet
  facet normal 0 0 1
    outer loop
      vertex 5.84999942779541 36.79600524902344 5.299999237060547
      vertex 8.674999237060547 36.694969177246094 5.299999237060547
      vertex 10 39.19200897216797 5.299999237060547
    endloop
  endfacet
  facet normal 0 0 1
    outer loop
      vertex 8.674999237060547 36.694969177246094 5.299999237060547
      vertex 5.84999942779541 36.79600524902344 5.299999237060547
      vertex 8.480022430419922 36.57075119018555 5.299999237060547
    endloop
  endfacet
  facet normal 0 0 1
    outer loop
      vertex 8.480022430419922 36.57075119018555 5.299999237060547
      vertex 5.84999942779541 36.79600524902344 5.299999237060547
      vertex 8.296612739562988 36.430015563964844 5.299999237060547
    endloop
  endfacet
  facet normal 0 0 1
    outer loop
      vertex 8.296612739562988 36.430015563964844 5.299999237060547
      vertex 5.84999942779541 36.79600524902344 5.299999237060547
      vertex 8.126166343688965 36.273834228515625 5.299999237060547
    endloop
  endfacet
  facet normal 0 0 1
    outer loop
      vertex 8.126166343688965 36.273834228515625 5.299999237060547
      vertex 5.84999942779541 36.79600524902344 5.299999237060547
      vertex 7.969982147216797 36.10338592529297 5.299999237060547
    endloop
  endfacet
  facet normal 0 0 1
    outer loop
      vertex 7.36008358001709 34.63096237182617 5.299999237060547
      vertex 5.84999942779541 36.79600524902344 5.299999237060547
      vertex 7.34999942779541 34.400001525878906 5.299999237060547
    endloop
  endfacet
  facet normal 0 0 1
    outer loop
      vertex 7.3902587890625 34.86016845703125 5.299999237060547
      vertex 5.84999942779541 36.79600524902344 5.299999237060547
      vertex 7.36008358001709 34.63096237182617 5.299999237060547
    endloop
  endfacet
  facet normal 0 0 1
    outer loop
      vertex 7.440296173095703 35.08586883544922 5.299999237060547
      vertex 5.84999942779541 36.79600524902344 5.299999237060547
      vertex 7.3902587890625 34.86016845703125 5.299999237060547
    endloop
  endfacet
  facet normal 0 0 1
    outer loop
      vertex 7.509814262390137 35.30635070800781 5.299999237060547
      vertex 5.84999942779541 36.79600524902344 5.299999237060547
      vertex 7.440296173095703 35.08586883544922 5.299999237060547
    endloop
  endfacet
  facet normal 0 0 1
    outer loop
      vertex 7.598283767700195 35.519935607910156 5.299999237060547
      vertex 5.84999942779541 36.79600524902344 5.299999237060547
      vertex 7.509814262390137 35.30635070800781 5.299999237060547
    endloop
  endfacet
  facet normal 0 0 1
    outer loop
      vertex 7.7050323486328125 35.724998474121094 5.299999237060547
      vertex 5.84999942779541 36.79600524902344 5.299999237060547
      vertex 7.598283767700195 35.519935607910156 5.299999237060547
    endloop
  endfacet
  facet normal 0 0 1
    outer loop
      vertex 7.829246520996094 35.91997528076172 5.299999237060547
      vertex 5.84999942779541 36.79600524902344 5.299999237060547
      vertex 7.7050323486328125 35.724998474121094 5.299999237060547
    endloop
  endfacet
  facet normal 0 0 1
    outer loop
      vertex 7.969982147216797 36.10338592529297 5.299999237060547
      vertex 5.84999942779541 36.79600524902344 5.299999237060547
      vertex 7.829246520996094 35.91997528076172 5.299999237060547
    endloop
  endfacet
  facet normal 0 0 1
    outer loop
      vertex 12.639915466308594 34.169036865234375 5.299999237060547
      vertex 14.149999618530273 32.003997802734375 5.299999237060547
      vertex 12.649999618530273 34.400001525878906 5.299999237060547
    endloop
  endfacet
  facet normal 0 0 1
    outer loop
      vertex 12.609740257263184 33.9398307800293 5.299999237060547
      vertex 14.149999618530273 32.003997802734375 5.299999237060547
      vertex 12.639915466308594 34.169036865234375 5.299999237060547
    endloop
  endfacet
  facet normal 0 0 1
    outer loop
      vertex 12.55970287322998 33.71413040161133 5.299999237060547
      vertex 14.149999618530273 32.003997802734375 5.299999237060547
      vertex 12.609740257263184 33.9398307800293 5.299999237060547
    endloop
  endfacet
  facet normal 0 0 1
    outer loop
      vertex 12.490184783935547 33.49364471435547 5.299999237060547
      vertex 14.149999618530273 32.003997802734375 5.299999237060547
      vertex 12.55970287322998 33.71413040161133 5.299999237060547
    endloop
  endfacet
  facet normal 0 0 1
    outer loop
      vertex 12.401715278625488 33.280059814453125 5.299999237060547
      vertex 14.149999618530273 32.003997802734375 5.299999237060547
      vertex 12.490184783935547 33.49364471435547 5.299999237060547
    endloop
  endfacet
  facet normal 0 0 1
    outer loop
      vertex 12.294966697692871 33.07500076293945 5.299999237060547
      vertex 14.149999618530273 32.003997802734375 5.299999237060547
      vertex 12.401715278625488 33.280059814453125 5.299999237060547
    endloop
  endfacet
  facet normal 0 0 1
    outer loop
      vertex 12.17075252532959 32.88002014160156 5.299999237060547
      vertex 14.149999618530273 32.003997802734375 5.299999237060547
      vertex 12.294966697692871 33.07500076293945 5.299999237060547
    endloop
  endfacet
  facet normal 0 0 1
    outer loop
      vertex 12.030016899108887 32.69661331176758 5.299999237060547
      vertex 14.149999618530273 32.003997802734375 5.299999237060547
      vertex 12.17075252532959 32.88002014160156 5.299999237060547
    endloop
  endfacet
  facet normal 0 0 1
    outer loop
      vertex 11.873832702636719 32.52616882324219 5.299999237060547
      vertex 14.149999618530273 32.003997802734375 5.299999237060547
      vertex 12.030016899108887 32.69661331176758 5.299999237060547
    endloop
  endfacet
  facet normal 0 0 1
    outer loop
      vertex 11.703386306762695 32.36997985839844 5.299999237060547
      vertex 14.149999618530273 32.003997802734375 5.299999237060547
      vertex 11.873832702636719 32.52616882324219 5.299999237060547
    endloop
  endfacet
  facet normal 0 0 1
    outer loop
      vertex 11.519976615905762 32.229248046875 5.299999237060547
      vertex 14.149999618530273 32.003997802734375 5.299999237060547
      vertex 11.703386306762695 32.36997985839844 5.299999237060547
    endloop
  endfacet
  facet normal 0 0 1
    outer loop
      vertex 11.324999809265137 32.10503387451172 5.299999237060547
      vertex 14.149999618530273 32.003997802734375 5.299999237060547
      vertex 11.519976615905762 32.229248046875 5.299999237060547
    endloop
  endfacet
  facet normal 0 0 1
    outer loop
      vertex 10 29.60799217224121 5.299999237060547
      vertex 11.324999809265137 32.10503387451172 5.299999237060547
      vertex 11.119937896728516 31.99828338623047 5.299999237060547
    endloop
  endfacet
  facet normal 0 0 1
    outer loop
      vertex 10 29.60799217224121 5.299999237060547
      vertex 11.119937896728516 31.99828338623047 5.299999237060547
      vertex 10.906352996826172 31.909812927246094 5.299999237060547
    endloop
  endfacet
  facet normal 0 0 1
    outer loop
      vertex 10 29.60799217224121 5.299999237060547
      vertex 10.906352996826172 31.909812927246094 5.299999237060547
      vertex 10.685870170593262 31.840295791625977 5.299999237060547
    endloop
  endfacet
  facet normal 0 0 1
    outer loop
      vertex 10 29.60799217224121 5.299999237060547
      vertex 10.685870170593262 31.840295791625977 5.299999237060547
      vertex 10.460166931152344 31.790260314941406 5.299999237060547
    endloop
  endfacet
  facet normal 0 0 1
    outer loop
      vertex 10 29.60799217224121 5.299999237060547
      vertex 10.460166931152344 31.790260314941406 5.299999237060547
      vertex 10.230961799621582 31.760082244873047 5.299999237060547
    endloop
  endfacet
  facet normal 0 0 1
    outer loop
      vertex 11.324999809265137 32.10503387451172 5.299999237060547
      vertex 10 29.60799217224121 5.299999237060547
      vertex 14.149999618530273 32.003997802734375 5.299999237060547
    endloop
  endfacet
  facet normal 0 0 1
    outer loop
      vertex 10 31.75 5.299999237060547
      vertex 10 29.60799217224121 5.299999237060547
      vertex 10.230961799621582 31.760082244873047 5.299999237060547
    endloop
  endfacet
  facet normal 0 0 1
    outer loop
      vertex 9.769037246704102 31.760082244873047 5.299999237060547
      vertex 10 29.60799217224121 5.299999237060547
      vertex 10 31.75 5.299999237060547
    endloop
  endfacet
  facet normal 0 0 1
    outer loop
      vertex 9.53983211517334 31.790260314941406 5.299999237060547
      vertex 10 29.60799217224121 5.299999237060547
      vertex 9.769037246704102 31.760082244873047 5.299999237060547
    endloop
  endfacet
  facet normal 0 0 1
    outer loop
      vertex 9.314128875732422 31.840295791625977 5.299999237060547
      vertex 10 29.60799217224121 5.299999237060547
      vertex 9.53983211517334 31.790260314941406 5.299999237060547
    endloop
  endfacet
  facet normal 0 0 1
    outer loop
      vertex 9.093646049499512 31.909812927246094 5.299999237060547
      vertex 10 29.60799217224121 5.299999237060547
      vertex 9.314128875732422 31.840295791625977 5.299999237060547
    endloop
  endfacet
  facet normal 0 0 1
    outer loop
      vertex 8.880061149597168 31.99828338623047 5.299999237060547
      vertex 10 29.60799217224121 5.299999237060547
      vertex 9.093646049499512 31.909812927246094 5.299999237060547
    endloop
  endfacet
  facet normal 0 0 1
    outer loop
      vertex 8.674999237060547 32.10503387451172 5.299999237060547
      vertex 10 29.60799217224121 5.299999237060547
      vertex 8.880061149597168 31.99828338623047 5.299999237060547
    endloop
  endfacet
  facet normal 0 0 1
    outer loop
      vertex 5.84999942779541 32.003997802734375 5.299999237060547
      vertex 8.674999237060547 32.10503387451172 5.299999237060547
      vertex 8.480022430419922 32.229248046875 5.299999237060547
    endloop
  endfacet
  facet normal 0 0 1
    outer loop
      vertex 5.84999942779541 32.003997802734375 5.299999237060547
      vertex 8.480022430419922 32.229248046875 5.299999237060547
      vertex 8.296612739562988 32.36997985839844 5.299999237060547
    endloop
  endfacet
  facet normal 0 0 1
    outer loop
      vertex 5.84999942779541 32.003997802734375 5.299999237060547
      vertex 8.296612739562988 32.36997985839844 5.299999237060547
      vertex 8.126166343688965 32.52616882324219 5.299999237060547
    endloop
  endfacet
  facet normal 0 0 1
    outer loop
      vertex 5.84999942779541 32.003997802734375 5.299999237060547
      vertex 8.126166343688965 32.52616882324219 5.299999237060547
      vertex 7.969982147216797 32.69661331176758 5.299999237060547
    endloop
  endfacet
  facet normal 0 0 1
    outer loop
      vertex 5.84999942779541 32.003997802734375 5.299999237060547
      vertex 7.969982147216797 32.69661331176758 5.299999237060547
      vertex 7.829246520996094 32.88002014160156 5.299999237060547
    endloop
  endfacet
  facet normal 0 0 1
    outer loop
      vertex 5.84999942779541 32.003997802734375 5.299999237060547
      vertex 7.34999942779541 34.400001525878906 5.299999237060547
      vertex 5.84999942779541 36.79600524902344 5.299999237060547
    endloop
  endfacet
  facet normal 0 0 1
    outer loop
      vertex 7.34999942779541 34.400001525878906 5.299999237060547
      vertex 5.84999942779541 32.003997802734375 5.299999237060547
      vertex 7.36008358001709 34.169036865234375 5.299999237060547
    endloop
  endfacet
  facet normal 0 0 1
    outer loop
      vertex 7.36008358001709 34.169036865234375 5.299999237060547
      vertex 5.84999942779541 32.003997802734375 5.299999237060547
      vertex 7.3902587890625 33.9398307800293 5.299999237060547
    endloop
  endfacet
  facet normal 0 0 1
    outer loop
      vertex 7.3902587890625 33.9398307800293 5.299999237060547
      vertex 5.84999942779541 32.003997802734375 5.299999237060547
      vertex 7.440296173095703 33.71413040161133 5.299999237060547
    endloop
  endfacet
  facet normal 0 0 1
    outer loop
      vertex 7.440296173095703 33.71413040161133 5.299999237060547
      vertex 5.84999942779541 32.003997802734375 5.299999237060547
      vertex 7.509814262390137 33.49364471435547 5.299999237060547
    endloop
  endfacet
  facet normal 0 0 1
    outer loop
      vertex 8.674999237060547 32.10503387451172 5.299999237060547
      vertex 5.84999942779541 32.003997802734375 5.299999237060547
      vertex 10 29.60799217224121 5.299999237060547
    endloop
  endfacet
  facet normal 0 0 1
    outer loop
      vertex 7.7050323486328125 33.07500076293945 5.299999237060547
      vertex 5.84999942779541 32.003997802734375 5.299999237060547
      vertex 7.829246520996094 32.88002014160156 5.299999237060547
    endloop
  endfacet
  facet normal 0 0 1
    outer loop
      vertex 7.598283767700195 33.280059814453125 5.299999237060547
      vertex 5.84999942779541 32.003997802734375 5.299999237060547
      vertex 7.7050323486328125 33.07500076293945 5.299999237060547
    endloop
  endfacet
  facet normal 0 0 1
    outer loop
      vertex 7.509814262390137 33.49364471435547 5.299999237060547
      vertex 5.84999942779541 32.003997802734375 5.299999237060547
      vertex 7.598283767700195 33.280059814453125 5.299999237060547
    endloop
  endfacet
  facet normal -0.500000349581686 0.8660252019532642 0
    outer loop
      vertex 14.149999618530273 32.003997802734375 5.299999237060547
      vertex 10 29.60799217224121 11.5
      vertex 14.149999618530273 32.003997802734375 11.5
    endloop
  endfacet
  facet normal -0.500000349581686 0.8660252019532642 0
    outer loop
      vertex 10 29.60799217224121 11.5
      vertex 14.149999618530273 32.003997802734375 5.299999237060547
      vertex 10 29.60799217224121 5.299999237060547
    endloop
  endfacet
  facet normal -1 0 0
    outer loop
      vertex 14.149999618530273 32.003997802734375 5.299999237060547
      vertex 14.149999618530273 36.79600524902344 11.5
      vertex 14.149999618530273 36.79600524902344 5.299999237060547
    endloop
  endfacet
  facet normal -1 0 0
    outer loop
      vertex 14.149999618530273 36.79600524902344 11.5
      vertex 14.149999618530273 32.003997802734375 5.299999237060547
      vertex 14.149999618530273 32.003997802734375 11.5
    endloop
  endfacet
  facet normal 0.9537179194122901 -0.3007027272771107 0
    outer loop
      vertex 7.440296173095703 -32.71413040161133 5.299999237060547
      vertex 7.509814262390137 -32.49364471435547 0
      vertex 7.509814262390137 -32.49364471435547 5.299999237060547
    endloop
  endfacet
  facet normal 0.9537179194122901 -0.3007027272771107 0
    outer loop
      vertex 7.509814262390137 -32.49364471435547 0
      vertex 7.440296173095703 -32.71413040161133 5.299999237060547
      vertex 7.440296173095703 -32.71413040161133 0
    endloop
  endfacet
  facet normal 0.46174897379176094 -0.8870106454841765 0
    outer loop
      vertex 8.674999237060547 -31.105031967163086 0
      vertex 8.880061149597168 -30.99828338623047 5.299999237060547
      vertex 8.674999237060547 -31.105031967163086 5.299999237060547
    endloop
  endfacet
  facet normal 0.46174897379176094 -0.8870106454841765 0
    outer loop
      vertex 8.880061149597168 -30.99828338623047 5.299999237060547
      vertex 8.674999237060547 -31.105031967163086 0
      vertex 8.880061149597168 -30.99828338623047 0
    endloop
  endfacet
  facet normal 0.9762952623679639 0.21644297326979317 0
    outer loop
      vertex 7.440296173095703 -36.08586883544922 5.299999237060547
      vertex 7.3902587890625 -35.86016845703125 0
      vertex 7.3902587890625 -35.86016845703125 5.299999237060547
    endloop
  endfacet
  facet normal 0.9762952623679639 0.21644297326979317 0
    outer loop
      vertex 7.3902587890625 -35.86016845703125 0
      vertex 7.440296173095703 -36.08586883544922 5.299999237060547
      vertex 7.440296173095703 -36.08586883544922 0
    endloop
  endfacet
  facet normal -0.8433933428572137 -0.5372966305721025 0
    outer loop
      vertex 12.294966697692871 -32.07500076293945 0
      vertex 12.17075252532959 -31.880022048950195 5.299999237060547
      vertex 12.17075252532959 -31.880022048950195 0
    endloop
  endfacet
  facet normal -0.8433933428572137 -0.5372966305721025 0
    outer loop
      vertex 12.17075252532959 -31.880022048950195 5.299999237060547
      vertex 12.294966697692871 -32.07500076293945 0
      vertex 12.294966697692871 -32.07500076293945 5.299999237060547
    endloop
  endfacet
  facet normal 0.9914450542321737 -0.13052472730698264 0
    outer loop
      vertex 7.36008358001709 -33.169036865234375 5.299999237060547
      vertex 7.3902587890625 -32.9398307800293 0
      vertex 7.3902587890625 -32.9398307800293 5.299999237060547
    endloop
  endfacet
  facet normal 0.9914450542321737 -0.13052472730698264 0
    outer loop
      vertex 7.3902587890625 -32.9398307800293 0
      vertex 7.36008358001709 -33.169036865234375 5.299999237060547
      vertex 7.36008358001709 -33.169036865234375 0
    endloop
  endfacet
  facet normal -0.6087625740325663 -0.7933524616822237 0
    outer loop
      vertex 11.519976615905762 -31.229246139526367 0
      vertex 11.703386306762695 -31.36998176574707 5.299999237060547
      vertex 11.519976615905762 -31.229246139526367 5.299999237060547
    endloop
  endfacet
  facet normal -0.6087625740325663 -0.7933524616822237 0
    outer loop
      vertex 11.703386306762695 -31.36998176574707 5.299999237060547
      vertex 11.519976615905762 -31.229246139526367 0
      vertex 11.703386306762695 -31.36998176574707 0
    endloop
  endfacet
  facet normal -0.675580777421583 0.7372859778799877 0
    outer loop
      vertex 11.873832702636719 -37.273834228515625 0
      vertex 11.703386306762695 -37.430015563964844 5.299999237060547
      vertex 11.873832702636719 -37.273834228515625 5.299999237060547
    endloop
  endfacet
  facet normal -0.675580777421583 0.7372859778799877 0
    outer loop
      vertex 11.703386306762695 -37.430015563964844 5.299999237060547
      vertex 11.873832702636719 -37.273834228515625 0
      vertex 11.703386306762695 -37.430015563964844 0
    endloop
  endfacet
  facet normal -0.7933539904366902 0.6087605817217308 0
    outer loop
      vertex 12.030016899108887 -37.10338592529297 0
      vertex 12.17075252532959 -36.91997528076172 5.299999237060547
      vertex 12.17075252532959 -36.91997528076172 0
    endloop
  endfacet
  facet normal -0.7933539904366902 0.6087605817217308 0
    outer loop
      vertex 12.17075252532959 -36.91997528076172 5.299999237060547
      vertex 12.030016899108887 -37.10338592529297 0
      vertex 12.030016899108887 -37.10338592529297 5.299999237060547
    endloop
  endfacet
  facet normal -0.7933509329127475 -0.6087645663526033 0
    outer loop
      vertex 12.17075252532959 -31.880022048950195 0
      vertex 12.030016899108887 -31.696613311767578 5.299999237060547
      vertex 12.030016899108887 -31.696613311767578 0
    endloop
  endfacet
  facet normal -0.7933509329127475 -0.6087645663526033 0
    outer loop
      vertex 12.030016899108887 -31.696613311767578 5.299999237060547
      vertex 12.17075252532959 -31.880022048950195 0
      vertex 12.17075252532959 -31.880022048950195 5.299999237060547
    endloop
  endfacet
  facet normal -0.8870080068195269 -0.46175404257900154 0
    outer loop
      vertex 12.401715278625488 -32.280059814453125 0
      vertex 12.294966697692871 -32.07500076293945 5.299999237060547
      vertex 12.294966697692871 -32.07500076293945 0
    endloop
  endfacet
  facet normal -0.8870080068195269 -0.46175404257900154 0
    outer loop
      vertex 12.294966697692871 -32.07500076293945 5.299999237060547
      vertex 12.401715278625488 -32.280059814453125 0
      vertex 12.401715278625488 -32.280059814453125 5.299999237060547
    endloop
  endfacet
  facet normal -0.46174897379176094 -0.8870106454841765 0
    outer loop
      vertex 11.119937896728516 -30.99828338623047 0
      vertex 11.324999809265137 -31.105031967163086 5.299999237060547
      vertex 11.119937896728516 -30.99828338623047 5.299999237060547
    endloop
  endfacet
  facet normal -0.46174897379176094 -0.8870106454841765 0
    outer loop
      vertex 11.324999809265137 -31.105031967163086 5.299999237060547
      vertex 11.119937896728516 -30.99828338623047 0
      vertex 11.324999809265137 -31.105031967163086 0
    endloop
  endfacet
  facet normal -0.9990482183096424 -0.04361946231132593 0
    outer loop
      vertex 12.649999618530273 -33.400001525878906 0
      vertex 12.639915466308594 -33.169036865234375 5.299999237060547
      vertex 12.639915466308594 -33.169036865234375 0
    endloop
  endfacet
  facet normal -0.9990482183096424 -0.04361946231132593 0
    outer loop
      vertex 12.639915466308594 -33.169036865234375 5.299999237060547
      vertex 12.649999618530273 -33.400001525878906 0
      vertex 12.649999618530273 -33.400001525878906 5.299999237060547
    endloop
  endfacet
  facet normal -0.9914450542321737 -0.13052472730698264 0
    outer loop
      vertex 12.639915466308594 -33.169036865234375 0
      vertex 12.609740257263184 -32.9398307800293 5.299999237060547
      vertex 12.609740257263184 -32.9398307800293 0
    endloop
  endfacet
  facet normal -0.9914450542321737 -0.13052472730698264 0
    outer loop
      vertex 12.609740257263184 -32.9398307800293 5.299999237060547
      vertex 12.639915466308594 -33.169036865234375 0
      vertex 12.639915466308594 -33.169036865234375 5.299999237060547
    endloop
  endfacet
  facet normal -0.38268600475744313 0.9238784669872905 0
    outer loop
      vertex 11.119937896728516 -37.80171585083008 0
      vertex 10.906352996826172 -37.89018630981445 5.299999237060547
      vertex 11.119937896728516 -37.80171585083008 5.299999237060547
    endloop
  endfacet
  facet normal -0.38268600475744313 0.9238784669872905 0
    outer loop
      vertex 10.906352996826172 -37.89018630981445 5.299999237060547
      vertex 11.119937896728516 -37.80171585083008 0
      vertex 10.906352996826172 -37.89018630981445 0
    endloop
  endfacet
  facet normal -0.21643249426461927 -0.9762975854863082 0
    outer loop
      vertex 10.460166931152344 -30.790260314941406 0
      vertex 10.685870170593262 -30.840295791625977 5.299999237060547
      vertex 10.460166931152344 -30.790260314941406 5.299999237060547
    endloop
  endfacet
  facet normal -0.21643249426461927 -0.9762975854863082 0
    outer loop
      vertex 10.685870170593262 -30.840295791625977 5.299999237060547
      vertex 10.460166931152344 -30.790260314941406 0
      vertex 10.685870170593262 -30.840295791625977 0
    endloop
  endfacet
  facet normal 0.675580777421583 0.7372859778799877 0
    outer loop
      vertex 8.296612739562988 -37.430015563964844 0
      vertex 8.126166343688965 -37.273834228515625 5.299999237060547
      vertex 8.296612739562988 -37.430015563964844 5.299999237060547
    endloop
  endfacet
  facet normal 0.675580777421583 0.7372859778799877 0
    outer loop
      vertex 8.126166343688965 -37.273834228515625 5.299999237060547
      vertex 8.296612739562988 -37.430015563964844 0
      vertex 8.126166343688965 -37.273834228515625 0
    endloop
  endfacet
  facet normal 0.999048186913785 0.04362018138750666 0
    outer loop
      vertex 7.36008358001709 -35.63096237182617 5.299999237060547
      vertex 7.34999942779541 -35.400001525878906 0
      vertex 7.34999942779541 -35.400001525878906 5.299999237060547
    endloop
  endfacet
  facet normal 0.999048186913785 0.04362018138750666 0
    outer loop
      vertex 7.34999942779541 -35.400001525878906 0
      vertex 7.36008358001709 -35.63096237182617 5.299999237060547
      vertex 7.36008358001709 -35.63096237182617 0
    endloop
  endfacet
  facet normal 0.9990482183096424 -0.04361946231132593 0
    outer loop
      vertex 7.34999942779541 -33.400001525878906 5.299999237060547
      vertex 7.36008358001709 -33.169036865234375 0
      vertex 7.36008358001709 -33.169036865234375 5.299999237060547
    endloop
  endfacet
  facet normal 0.9990482183096424 -0.04361946231132593 0
    outer loop
      vertex 7.36008358001709 -33.169036865234375 0
      vertex 7.34999942779541 -33.400001525878906 5.299999237060547
      vertex 7.34999942779541 -33.400001525878906 0
    endloop
  endfacet
  facet normal 0.04361158714806369 -0.99904856211619 0
    outer loop
      vertex 9.769037246704102 -30.760082244873047 0
      vertex 10 -30.75 5.299999237060547
      vertex 9.769037246704102 -30.760082244873047 5.299999237060547
    endloop
  endfacet
  facet normal 0.04361158714806369 -0.99904856211619 0
    outer loop
      vertex 10 -30.75 5.299999237060547
      vertex 9.769037246704102 -30.760082244873047 0
      vertex 10 -30.75 0
    endloop
  endfacet
  facet normal -0.9762952623679639 0.21644297326979317 0
    outer loop
      vertex 12.55970287322998 -36.08586883544922 0
      vertex 12.609740257263184 -35.86016845703125 5.299999237060547
      vertex 12.609740257263184 -35.86016845703125 0
    endloop
  endfacet
  facet normal -0.9762952623679639 0.21644297326979317 0
    outer loop
      vertex 12.609740257263184 -35.86016845703125 5.299999237060547
      vertex 12.55970287322998 -36.08586883544922 0
      vertex 12.55970287322998 -36.08586883544922 5.299999237060547
    endloop
  endfacet
  facet normal 0.7933539904366902 0.6087605817217308 0
    outer loop
      vertex 7.969982147216797 -37.10338592529297 5.299999237060547
      vertex 7.829246520996094 -36.91997528076172 0
      vertex 7.829246520996094 -36.91997528076172 5.299999237060547
    endloop
  endfacet
  facet normal 0.7933539904366902 0.6087605817217308 0
    outer loop
      vertex 7.829246520996094 -36.91997528076172 0
      vertex 7.969982147216797 -37.10338592529297 5.299999237060547
      vertex 7.969982147216797 -37.10338592529297 0
    endloop
  endfacet
  facet normal 0.6087625740325663 0.7933524616822237 0
    outer loop
      vertex 8.480022430419922 -37.57075119018555 0
      vertex 8.296612739562988 -37.430015563964844 5.299999237060547
      vertex 8.480022430419922 -37.57075119018555 5.299999237060547
    endloop
  endfacet
  facet normal 0.6087625740325663 0.7933524616822237 0
    outer loop
      vertex 8.296612739562988 -37.430015563964844 5.299999237060547
      vertex 8.480022430419922 -37.57075119018555 0
      vertex 8.296612739562988 -37.430015563964844 0
    endloop
  endfacet
  facet normal -0.5373003692645782 -0.8433909610543309 0
    outer loop
      vertex 11.324999809265137 -31.105031967163086 0
      vertex 11.519976615905762 -31.229246139526367 5.299999237060547
      vertex 11.324999809265137 -31.105031967163086 5.299999237060547
    endloop
  endfacet
  facet normal -0.5373003692645782 -0.8433909610543309 0
    outer loop
      vertex 11.519976615905762 -31.229246139526367 5.299999237060547
      vertex 11.324999809265137 -31.105031967163086 0
      vertex 11.519976615905762 -31.229246139526367 0
    endloop
  endfacet
  facet normal -0.9762952623679639 -0.21644297326979317 0
    outer loop
      vertex 12.609740257263184 -32.9398307800293 0
      vertex 12.55970287322998 -32.71413040161133 5.299999237060547
      vertex 12.55970287322998 -32.71413040161133 0
    endloop
  endfacet
  facet normal -0.9762952623679639 -0.21644297326979317 0
    outer loop
      vertex 12.55970287322998 -32.71413040161133 5.299999237060547
      vertex 12.609740257263184 -32.9398307800293 0
      vertex 12.609740257263184 -32.9398307800293 5.299999237060547
    endloop
  endfacet
  facet normal 0.3007025242299601 -0.9537179834320679 0
    outer loop
      vertex 9.093646049499512 -30.909812927246094 0
      vertex 9.314128875732422 -30.840295791625977 5.299999237060547
      vertex 9.093646049499512 -30.909812927246094 5.299999237060547
    endloop
  endfacet
  facet normal 0.3007025242299601 -0.9537179834320679 0
    outer loop
      vertex 9.314128875732422 -30.840295791625977 5.299999237060547
      vertex 9.093646049499512 -30.909812927246094 0
      vertex 9.314128875732422 -30.840295791625977 0
    endloop
  endfacet
  facet normal 0.04361158714806369 0.99904856211619 0
    outer loop
      vertex 10 -38.04999923706055 0
      vertex 9.769037246704102 -38.0399169921875 5.299999237060547
      vertex 10 -38.04999923706055 5.299999237060547
    endloop
  endfacet
  facet normal 0.04361158714806369 0.99904856211619 0
    outer loop
      vertex 9.769037246704102 -38.0399169921875 5.299999237060547
      vertex 10 -38.04999923706055 0
      vertex 9.769037246704102 -38.0399169921875 0
    endloop
  endfacet
  facet normal 0.9914450542321737 0.13052472730698264 0
    outer loop
      vertex 7.3902587890625 -35.86016845703125 5.299999237060547
      vertex 7.36008358001709 -35.63096237182617 0
      vertex 7.36008358001709 -35.63096237182617 5.299999237060547
    endloop
  endfacet
  facet normal 0.9914450542321737 0.13052472730698264 0
    outer loop
      vertex 7.36008358001709 -35.63096237182617 0
      vertex 7.3902587890625 -35.86016845703125 5.299999237060547
      vertex 7.3902587890625 -35.86016845703125 0
    endloop
  endfacet
  facet normal 0.5373003692645782 -0.8433909610543309 0
    outer loop
      vertex 8.480022430419922 -31.229246139526367 0
      vertex 8.674999237060547 -31.105031967163086 5.299999237060547
      vertex 8.480022430419922 -31.229246139526367 5.299999237060547
    endloop
  endfacet
  facet normal 0.5373003692645782 -0.8433909610543309 0
    outer loop
      vertex 8.674999237060547 -31.105031967163086 5.299999237060547
      vertex 8.480022430419922 -31.229246139526367 0
      vertex 8.674999237060547 -31.105031967163086 0
    endloop
  endfacet
  facet normal 0.2164403581608209 0.9762958421294313 0
    outer loop
      vertex 9.53983211517334 -38.00973892211914 0
      vertex 9.314128875732422 -37.95970153808594 5.299999237060547
      vertex 9.53983211517334 -38.00973892211914 5.299999237060547
    endloop
  endfacet
  facet normal 0.2164403581608209 0.9762958421294313 0
    outer loop
      vertex 9.314128875732422 -37.95970153808594 5.299999237060547
      vertex 9.53983211517334 -38.00973892211914 0
      vertex 9.314128875732422 -37.95970153808594 0
    endloop
  endfacet
  facet normal -0.46174248245624866 0.887014024632723 0
    outer loop
      vertex 11.324999809265137 -37.694969177246094 0
      vertex 11.119937896728516 -37.80171585083008 5.299999237060547
      vertex 11.324999809265137 -37.694969177246094 5.299999237060547
    endloop
  endfacet
  facet normal -0.46174248245624866 0.887014024632723 0
    outer loop
      vertex 11.119937896728516 -37.80171585083008 5.299999237060547
      vertex 11.324999809265137 -37.694969177246094 0
      vertex 11.119937896728516 -37.80171585083008 0
    endloop
  endfacet
  facet normal 0.8870115250197498 0.4617472842173928 0
    outer loop
      vertex 7.7050323486328125 -36.724998474121094 5.299999237060547
      vertex 7.598283767700195 -36.519935607910156 0
      vertex 7.598283767700195 -36.519935607910156 5.299999237060547
    endloop
  endfacet
  facet normal 0.8870115250197498 0.4617472842173928 0
    outer loop
      vertex 7.598283767700195 -36.519935607910156 0
      vertex 7.7050323486328125 -36.724998474121094 5.299999237060547
      vertex 7.7050323486328125 -36.724998474121094 0
    endloop
  endfacet
  facet normal -0.6755897470182879 -0.7372777588695902 0
    outer loop
      vertex 11.703386306762695 -31.36998176574707 0
      vertex 11.873832702636719 -31.526166915893555 5.299999237060547
      vertex 11.703386306762695 -31.36998176574707 5.299999237060547
    endloop
  endfacet
  facet normal -0.6755897470182879 -0.7372777588695902 0
    outer loop
      vertex 11.873832702636719 -31.526166915893555 5.299999237060547
      vertex 11.703386306762695 -31.36998176574707 0
      vertex 11.873832702636719 -31.526166915893555 0
    endloop
  endfacet
  facet normal -0.3006950198148919 0.9537203495042569 0
    outer loop
      vertex 10.906352996826172 -37.89018630981445 0
      vertex 10.685870170593262 -37.95970153808594 5.299999237060547
      vertex 10.906352996826172 -37.89018630981445 5.299999237060547
    endloop
  endfacet
  facet normal -0.3006950198148919 0.9537203495042569 0
    outer loop
      vertex 10.685870170593262 -37.95970153808594 5.299999237060547
      vertex 10.906352996826172 -37.89018630981445 0
      vertex 10.685870170593262 -37.95970153808594 0
    endloop
  endfacet
  facet normal 0.7933509329127475 -0.6087645663526033 0
    outer loop
      vertex 7.829246520996094 -31.880022048950195 5.299999237060547
      vertex 7.969982147216797 -31.696613311767578 0
      vertex 7.969982147216797 -31.696613311767578 5.299999237060547
    endloop
  endfacet
  facet normal 0.7933509329127475 -0.6087645663526033 0
    outer loop
      vertex 7.969982147216797 -31.696613311767578 0
      vertex 7.829246520996094 -31.880022048950195 5.299999237060547
      vertex 7.829246520996094 -31.880022048950195 0
    endloop
  endfacet
  facet normal -0.5373121062935297 0.8433834836125323 0
    outer loop
      vertex 11.519976615905762 -37.57075119018555 0
      vertex 11.324999809265137 -37.694969177246094 5.299999237060547
      vertex 11.519976615905762 -37.57075119018555 5.299999237060547
    endloop
  endfacet
  facet normal -0.5373121062935297 0.8433834836125323 0
    outer loop
      vertex 11.324999809265137 -37.694969177246094 5.299999237060547
      vertex 11.519976615905762 -37.57075119018555 0
      vertex 11.324999809265137 -37.694969177246094 0
    endloop
  endfacet
  facet normal -0.8870115250197498 0.4617472842173928 0
    outer loop
      vertex 12.294966697692871 -36.724998474121094 0
      vertex 12.401715278625488 -36.519935607910156 5.299999237060547
      vertex 12.401715278625488 -36.519935607910156 0
    endloop
  endfacet
  facet normal -0.8870115250197498 0.4617472842173928 0
    outer loop
      vertex 12.401715278625488 -36.519935607910156 5.299999237060547
      vertex 12.294966697692871 -36.724998474121094 0
      vertex 12.294966697692871 -36.724998474121094 5.299999237060547
    endloop
  endfacet
  facet normal -1 0 0
    outer loop
      vertex 12.649999618530273 -35.400001525878906 0
      vertex 12.649999618530273 -33.400001525878906 5.299999237060547
      vertex 12.649999618530273 -33.400001525878906 0
    endloop
  endfacet
  facet normal -1 0 0
    outer loop
      vertex 12.649999618530273 -33.400001525878906 5.299999237060547
      vertex 12.649999618530273 -35.400001525878906 0
      vertex 12.649999618530273 -35.400001525878906 5.299999237060547
    endloop
  endfacet
  facet normal 0.953716427358075 0.30070745948072114 0
    outer loop
      vertex 7.509814262390137 -36.30635070800781 5.299999237060547
      vertex 7.440296173095703 -36.08586883544922 0
      vertex 7.440296173095703 -36.08586883544922 5.299999237060547
    endloop
  endfacet
  facet normal 0.953716427358075 0.30070745948072114 0
    outer loop
      vertex 7.440296173095703 -36.08586883544922 0
      vertex 7.509814262390137 -36.30635070800781 5.299999237060547
      vertex 7.509814262390137 -36.30635070800781 0
    endloop
  endfacet
  facet normal -0.3007025242299601 -0.9537179834320679 0
    outer loop
      vertex 10.685870170593262 -30.840295791625977 0
      vertex 10.906352996826172 -30.909812927246094 5.299999237060547
      vertex 10.685870170593262 -30.840295791625977 5.299999237060547
    endloop
  endfacet
  facet normal -0.3007025242299601 -0.9537179834320679 0
    outer loop
      vertex 10.906352996826172 -30.909812927246094 5.299999237060547
      vertex 10.685870170593262 -30.840295791625977 0
      vertex 10.906352996826172 -30.909812927246094 0
    endloop
  endfacet
  facet normal 0.7372835792123988 0.6755833951658037 0
    outer loop
      vertex 8.126166343688965 -37.273834228515625 5.299999237060547
      vertex 7.969982147216797 -37.10338592529297 0
      vertex 7.969982147216797 -37.10338592529297 5.299999237060547
    endloop
  endfacet
  facet normal 0.7372835792123988 0.6755833951658037 0
    outer loop
      vertex 7.969982147216797 -37.10338592529297 0
      vertex 8.126166343688965 -37.273834228515625 5.299999237060547
      vertex 8.126166343688965 -37.273834228515625 0
    endloop
  endfacet
  facet normal 0.9238799254673603 -0.3826824836838302 0
    outer loop
      vertex 7.509814262390137 -32.49364471435547 5.299999237060547
      vertex 7.598283767700195 -32.280059814453125 0
      vertex 7.598283767700195 -32.280059814453125 5.299999237060547
    endloop
  endfacet
  facet normal 0.9238799254673603 -0.3826824836838302 0
    outer loop
      vertex 7.598283767700195 -32.280059814453125 0
      vertex 7.509814262390137 -32.49364471435547 5.299999237060547
      vertex 7.509814262390137 -32.49364471435547 0
    endloop
  endfacet
  facet normal 0.6755897470182879 -0.7372777588695902 0
    outer loop
      vertex 8.126166343688965 -31.526166915893555 0
      vertex 8.296612739562988 -31.36998176574707 5.299999237060547
      vertex 8.126166343688965 -31.526166915893555 5.299999237060547
    endloop
  endfacet
  facet normal 0.6755897470182879 -0.7372777588695902 0
    outer loop
      vertex 8.296612739562988 -31.36998176574707 5.299999237060547
      vertex 8.126166343688965 -31.526166915893555 0
      vertex 8.296612739562988 -31.36998176574707 0
    endloop
  endfacet
  facet normal 0.38268600475744313 0.9238784669872905 0
    outer loop
      vertex 9.093646049499512 -37.89018630981445 0
      vertex 8.880061149597168 -37.80171585083008 5.299999237060547
      vertex 9.093646049499512 -37.89018630981445 5.299999237060547
    endloop
  endfacet
  facet normal 0.38268600475744313 0.9238784669872905 0
    outer loop
      vertex 8.880061149597168 -37.80171585083008 5.299999237060547
      vertex 9.093646049499512 -37.89018630981445 0
      vertex 8.880061149597168 -37.80171585083008 0
    endloop
  endfacet
  facet normal 0.13053742585191355 -0.991443382373374 0
    outer loop
      vertex 9.53983211517334 -30.790260314941406 0
      vertex 9.769037246704102 -30.760082244873047 5.299999237060547
      vertex 9.53983211517334 -30.790260314941406 5.299999237060547
    endloop
  endfacet
  facet normal 0.13053742585191355 -0.991443382373374 0
    outer loop
      vertex 9.769037246704102 -30.760082244873047 5.299999237060547
      vertex 9.53983211517334 -30.790260314941406 0
      vertex 9.769037246704102 -30.760082244873047 0
    endloop
  endfacet
  facet normal 0.7372798136152404 -0.6755875046472339 0
    outer loop
      vertex 7.969982147216797 -31.696613311767578 5.299999237060547
      vertex 8.126166343688965 -31.526166915893555 0
      vertex 8.126166343688965 -31.526166915893555 5.299999237060547
    endloop
  endfacet
  facet normal 0.7372798136152404 -0.6755875046472339 0
    outer loop
      vertex 8.126166343688965 -31.526166915893555 0
      vertex 7.969982147216797 -31.696613311767578 5.299999237060547
      vertex 7.969982147216797 -31.696613311767578 0
    endloop
  endfacet
  facet normal -0.38268600475744313 -0.9238784669872905 0
    outer loop
      vertex 10.906352996826172 -30.909812927246094 0
      vertex 11.119937896728516 -30.99828338623047 5.299999237060547
      vertex 10.906352996826172 -30.909812927246094 5.299999237060547
    endloop
  endfacet
  facet normal -0.38268600475744313 -0.9238784669872905 0
    outer loop
      vertex 11.119937896728516 -30.99828338623047 5.299999237060547
      vertex 10.906352996826172 -30.909812927246094 0
      vertex 11.119937896728516 -30.99828338623047 0
    endloop
  endfacet
  facet normal 0.8433909610543309 0.5373003692645782 0
    outer loop
      vertex 7.829246520996094 -36.91997528076172 5.299999237060547
      vertex 7.7050323486328125 -36.724998474121094 0
      vertex 7.7050323486328125 -36.724998474121094 5.299999237060547
    endloop
  endfacet
  facet normal 0.8433909610543309 0.5373003692645782 0
    outer loop
      vertex 7.7050323486328125 -36.724998474121094 0
      vertex 7.829246520996094 -36.91997528076172 5.299999237060547
      vertex 7.829246520996094 -36.91997528076172 0
    endloop
  endfacet
  facet normal -0.9238799254673603 -0.3826824836838302 0
    outer loop
      vertex 12.490184783935547 -32.49364471435547 0
      vertex 12.401715278625488 -32.280059814453125 5.299999237060547
      vertex 12.401715278625488 -32.280059814453125 0
    endloop
  endfacet
  facet normal -0.9238799254673603 -0.3826824836838302 0
    outer loop
      vertex 12.401715278625488 -32.280059814453125 5.299999237060547
      vertex 12.490184783935547 -32.49364471435547 0
      vertex 12.490184783935547 -32.49364471435547 5.299999237060547
    endloop
  endfacet
  facet normal -0.9914450542321737 0.13052472730698264 0
    outer loop
      vertex 12.609740257263184 -35.86016845703125 0
      vertex 12.639915466308594 -35.63096237182617 5.299999237060547
      vertex 12.639915466308594 -35.63096237182617 0
    endloop
  endfacet
  facet normal -0.9914450542321737 0.13052472730698264 0
    outer loop
      vertex 12.639915466308594 -35.63096237182617 5.299999237060547
      vertex 12.609740257263184 -35.86016845703125 0
      vertex 12.609740257263184 -35.86016845703125 5.299999237060547
    endloop
  endfacet
  facet normal -0.7372798136152404 -0.6755875046472339 0
    outer loop
      vertex 12.030016899108887 -31.696613311767578 0
      vertex 11.873832702636719 -31.526166915893555 5.299999237060547
      vertex 11.873832702636719 -31.526166915893555 0
    endloop
  endfacet
  facet normal -0.7372798136152404 -0.6755875046472339 0
    outer loop
      vertex 11.873832702636719 -31.526166915893555 5.299999237060547
      vertex 12.030016899108887 -31.696613311767578 0
      vertex 12.030016899108887 -31.696613311767578 5.299999237060547
    endloop
  endfacet
  facet normal -0.953716427358075 0.30070745948072114 0
    outer loop
      vertex 12.490184783935547 -36.30635070800781 0
      vertex 12.55970287322998 -36.08586883544922 5.299999237060547
      vertex 12.55970287322998 -36.08586883544922 0
    endloop
  endfacet
  facet normal -0.953716427358075 0.30070745948072114 0
    outer loop
      vertex 12.55970287322998 -36.08586883544922 5.299999237060547
      vertex 12.490184783935547 -36.30635070800781 0
      vertex 12.490184783935547 -36.30635070800781 5.299999237060547
    endloop
  endfacet
  facet normal -0.9537179194122901 -0.3007027272771107 0
    outer loop
      vertex 12.55970287322998 -32.71413040161133 0
      vertex 12.490184783935547 -32.49364471435547 5.299999237060547
      vertex 12.490184783935547 -32.49364471435547 0
    endloop
  endfacet
  facet normal -0.9537179194122901 -0.3007027272771107 0
    outer loop
      vertex 12.490184783935547 -32.49364471435547 5.299999237060547
      vertex 12.55970287322998 -32.71413040161133 0
      vertex 12.55970287322998 -32.71413040161133 5.299999237060547
    endloop
  endfacet
  facet normal 1 0 0
    outer loop
      vertex 7.34999942779541 -35.400001525878906 5.299999237060547
      vertex 7.34999942779541 -33.400001525878906 0
      vertex 7.34999942779541 -33.400001525878906 5.299999237060547
    endloop
  endfacet
  facet normal 1 0 0
    outer loop
      vertex 7.34999942779541 -33.400001525878906 0
      vertex 7.34999942779541 -35.400001525878906 5.299999237060547
      vertex 7.34999942779541 -35.400001525878906 0
    endloop
  endfacet
  facet normal -0.9238799254673603 0.3826824836838302 0
    outer loop
      vertex 12.401715278625488 -36.519935607910156 0
      vertex 12.490184783935547 -36.30635070800781 5.299999237060547
      vertex 12.490184783935547 -36.30635070800781 0
    endloop
  endfacet
  facet normal -0.9238799254673603 0.3826824836838302 0
    outer loop
      vertex 12.490184783935547 -36.30635070800781 5.299999237060547
      vertex 12.401715278625488 -36.519935607910156 0
      vertex 12.401715278625488 -36.519935607910156 5.299999237060547
    endloop
  endfacet
  facet normal 0.6087625740325663 -0.7933524616822237 0
    outer loop
      vertex 8.296612739562988 -31.36998176574707 0
      vertex 8.480022430419922 -31.229246139526367 5.299999237060547
      vertex 8.296612739562988 -31.36998176574707 5.299999237060547
    endloop
  endfacet
  facet normal 0.6087625740325663 -0.7933524616822237 0
    outer loop
      vertex 8.480022430419922 -31.229246139526367 5.299999237060547
      vertex 8.296612739562988 -31.36998176574707 0
      vertex 8.480022430419922 -31.229246139526367 0
    endloop
  endfacet
  facet normal -0.043611766884040844 -0.9990485542701376 0
    outer loop
      vertex 10 -30.75 0
      vertex 10.230961799621582 -30.760082244873047 5.299999237060547
      vertex 10 -30.75 5.299999237060547
    endloop
  endfacet
  facet normal -0.043611766884040844 -0.9990485542701376 0
    outer loop
      vertex 10.230961799621582 -30.760082244873047 5.299999237060547
      vertex 10 -30.75 0
      vertex 10.230961799621582 -30.760082244873047 0
    endloop
  endfacet
  facet normal -0.13053742585191355 -0.991443382373374 0
    outer loop
      vertex 10.230961799621582 -30.760082244873047 0
      vertex 10.460166931152344 -30.790260314941406 5.299999237060547
      vertex 10.230961799621582 -30.760082244873047 5.299999237060547
    endloop
  endfacet
  facet normal -0.13053742585191355 -0.991443382373374 0
    outer loop
      vertex 10.460166931152344 -30.790260314941406 5.299999237060547
      vertex 10.230961799621582 -30.760082244873047 0
      vertex 10.460166931152344 -30.790260314941406 0
    endloop
  endfacet
  facet normal -0.999048186913785 0.04362018138750666 0
    outer loop
      vertex 12.639915466308594 -35.63096237182617 0
      vertex 12.649999618530273 -35.400001525878906 5.299999237060547
      vertex 12.649999618530273 -35.400001525878906 0
    endloop
  endfacet
  facet normal -0.999048186913785 0.04362018138750666 0
    outer loop
      vertex 12.649999618530273 -35.400001525878906 5.299999237060547
      vertex 12.639915466308594 -35.63096237182617 0
      vertex 12.639915466308594 -35.63096237182617 5.299999237060547
    endloop
  endfacet
  facet normal 0.9762952623679639 -0.21644297326979317 0
    outer loop
      vertex 7.3902587890625 -32.9398307800293 5.299999237060547
      vertex 7.440296173095703 -32.71413040161133 0
      vertex 7.440296173095703 -32.71413040161133 5.299999237060547
    endloop
  endfacet
  facet normal 0.9762952623679639 -0.21644297326979317 0
    outer loop
      vertex 7.440296173095703 -32.71413040161133 0
      vertex 7.3902587890625 -32.9398307800293 5.299999237060547
      vertex 7.3902587890625 -32.9398307800293 0
    endloop
  endfacet
  facet normal -0.6087625740325663 0.7933524616822237 0
    outer loop
      vertex 11.703386306762695 -37.430015563964844 0
      vertex 11.519976615905762 -37.57075119018555 5.299999237060547
      vertex 11.703386306762695 -37.430015563964844 5.299999237060547
    endloop
  endfacet
  facet normal -0.6087625740325663 0.7933524616822237 0
    outer loop
      vertex 11.519976615905762 -37.57075119018555 5.299999237060547
      vertex 11.703386306762695 -37.430015563964844 0
      vertex 11.519976615905762 -37.57075119018555 0
    endloop
  endfacet
  facet normal 0.9238799254673603 0.3826824836838302 0
    outer loop
      vertex 7.598283767700195 -36.519935607910156 5.299999237060547
      vertex 7.509814262390137 -36.30635070800781 0
      vertex 7.509814262390137 -36.30635070800781 5.299999237060547
    endloop
  endfacet
  facet normal 0.9238799254673603 0.3826824836838302 0
    outer loop
      vertex 7.509814262390137 -36.30635070800781 0
      vertex 7.598283767700195 -36.519935607910156 5.299999237060547
      vertex 7.598283767700195 -36.519935607910156 0
    endloop
  endfacet
  facet normal -0.8433909610543309 0.5373003692645782 0
    outer loop
      vertex 12.17075252532959 -36.91997528076172 0
      vertex 12.294966697692871 -36.724998474121094 5.299999237060547
      vertex 12.294966697692871 -36.724998474121094 0
    endloop
  endfacet
  facet normal -0.8433909610543309 0.5373003692645782 0
    outer loop
      vertex 12.294966697692871 -36.724998474121094 5.299999237060547
      vertex 12.17075252532959 -36.91997528076172 0
      vertex 12.17075252532959 -36.91997528076172 5.299999237060547
    endloop
  endfacet
  facet normal 0.3006950198148919 0.9537203495042569 0
    outer loop
      vertex 9.314128875732422 -37.95970153808594 0
      vertex 9.093646049499512 -37.89018630981445 5.299999237060547
      vertex 9.314128875732422 -37.95970153808594 5.299999237060547
    endloop
  endfacet
  facet normal 0.3006950198148919 0.9537203495042569 0
    outer loop
      vertex 9.093646049499512 -37.89018630981445 5.299999237060547
      vertex 9.314128875732422 -37.95970153808594 0
      vertex 9.093646049499512 -37.89018630981445 0
    endloop
  endfacet
  facet normal 0.21643249426461927 -0.9762975854863082 0
    outer loop
      vertex 9.314128875732422 -30.840295791625977 0
      vertex 9.53983211517334 -30.790260314941406 5.299999237060547
      vertex 9.314128875732422 -30.840295791625977 5.299999237060547
    endloop
  endfacet
  facet normal 0.21643249426461927 -0.9762975854863082 0
    outer loop
      vertex 9.53983211517334 -30.790260314941406 5.299999237060547
      vertex 9.314128875732422 -30.840295791625977 0
      vertex 9.53983211517334 -30.790260314941406 0
    endloop
  endfacet
  facet normal 0.5373121062935297 0.8433834836125323 0
    outer loop
      vertex 8.674999237060547 -37.694969177246094 0
      vertex 8.480022430419922 -37.57075119018555 5.299999237060547
      vertex 8.674999237060547 -37.694969177246094 5.299999237060547
    endloop
  endfacet
  facet normal 0.5373121062935297 0.8433834836125323 0
    outer loop
      vertex 8.480022430419922 -37.57075119018555 5.299999237060547
      vertex 8.674999237060547 -37.694969177246094 0
      vertex 8.480022430419922 -37.57075119018555 0
    endloop
  endfacet
  facet normal 0.13053742585191355 0.991443382373374 0
    outer loop
      vertex 9.769037246704102 -38.0399169921875 0
      vertex 9.53983211517334 -38.00973892211914 5.299999237060547
      vertex 9.769037246704102 -38.0399169921875 5.299999237060547
    endloop
  endfacet
  facet normal 0.13053742585191355 0.991443382373374 0
    outer loop
      vertex 9.53983211517334 -38.00973892211914 5.299999237060547
      vertex 9.769037246704102 -38.0399169921875 0
      vertex 9.53983211517334 -38.00973892211914 0
    endloop
  endfacet
  facet normal 0.8433933428572137 -0.5372966305721025 0
    outer loop
      vertex 7.7050323486328125 -32.07500076293945 5.299999237060547
      vertex 7.829246520996094 -31.880022048950195 0
      vertex 7.829246520996094 -31.880022048950195 5.299999237060547
    endloop
  endfacet
  facet normal 0.8433933428572137 -0.5372966305721025 0
    outer loop
      vertex 7.829246520996094 -31.880022048950195 0
      vertex 7.7050323486328125 -32.07500076293945 5.299999237060547
      vertex 7.7050323486328125 -32.07500076293945 0
    endloop
  endfacet
  facet normal 0.8870080068195269 -0.46175404257900154 0
    outer loop
      vertex 7.598283767700195 -32.280059814453125 5.299999237060547
      vertex 7.7050323486328125 -32.07500076293945 0
      vertex 7.7050323486328125 -32.07500076293945 5.299999237060547
    endloop
  endfacet
  facet normal 0.8870080068195269 -0.46175404257900154 0
    outer loop
      vertex 7.7050323486328125 -32.07500076293945 0
      vertex 7.598283767700195 -32.280059814453125 5.299999237060547
      vertex 7.598283767700195 -32.280059814453125 0
    endloop
  endfacet
  facet normal 0.46174248245624866 0.887014024632723 0
    outer loop
      vertex 8.880061149597168 -37.80171585083008 0
      vertex 8.674999237060547 -37.694969177246094 5.299999237060547
      vertex 8.880061149597168 -37.80171585083008 5.299999237060547
    endloop
  endfacet
  facet normal 0.46174248245624866 0.887014024632723 0
    outer loop
      vertex 8.674999237060547 -37.694969177246094 5.299999237060547
      vertex 8.880061149597168 -37.80171585083008 0
      vertex 8.674999237060547 -37.694969177246094 0
    endloop
  endfacet
  facet normal 0.38268600475744313 -0.9238784669872905 0
    outer loop
      vertex 8.880061149597168 -30.99828338623047 0
      vertex 9.093646049499512 -30.909812927246094 5.299999237060547
      vertex 8.880061149597168 -30.99828338623047 5.299999237060547
    endloop
  endfacet
  facet normal 0.38268600475744313 -0.9238784669872905 0
    outer loop
      vertex 9.093646049499512 -30.909812927246094 5.299999237060547
      vertex 8.880061149597168 -30.99828338623047 0
      vertex 9.093646049499512 -30.909812927246094 0
    endloop
  endfacet
  facet normal -0.7372835792123988 0.6755833951658037 0
    outer loop
      vertex 11.873832702636719 -37.273834228515625 0
      vertex 12.030016899108887 -37.10338592529297 5.299999237060547
      vertex 12.030016899108887 -37.10338592529297 0
    endloop
  endfacet
  facet normal -0.7372835792123988 0.6755833951658037 0
    outer loop
      vertex 12.030016899108887 -37.10338592529297 5.299999237060547
      vertex 11.873832702636719 -37.273834228515625 0
      vertex 11.873832702636719 -37.273834228515625 5.299999237060547
    endloop
  endfacet
  facet normal -0.043611766884040844 0.9990485542701376 0
    outer loop
      vertex 10.230961799621582 -38.0399169921875 0
      vertex 10 -38.04999923706055 5.299999237060547
      vertex 10.230961799621582 -38.0399169921875 5.299999237060547
    endloop
  endfacet
  facet normal -0.043611766884040844 0.9990485542701376 0
    outer loop
      vertex 10 -38.04999923706055 5.299999237060547
      vertex 10.230961799621582 -38.0399169921875 0
      vertex 10 -38.04999923706055 0
    endloop
  endfacet
  facet normal -0.13053742585191355 0.991443382373374 0
    outer loop
      vertex 10.460166931152344 -38.00973892211914 0
      vertex 10.230961799621582 -38.0399169921875 5.299999237060547
      vertex 10.460166931152344 -38.00973892211914 5.299999237060547
    endloop
  endfacet
  facet normal -0.13053742585191355 0.991443382373374 0
    outer loop
      vertex 10.230961799621582 -38.0399169921875 5.299999237060547
      vertex 10.460166931152344 -38.00973892211914 0
      vertex 10.230961799621582 -38.0399169921875 0
    endloop
  endfacet
  facet normal -0.2164403581608209 0.9762958421294313 0
    outer loop
      vertex 10.685870170593262 -37.95970153808594 0
      vertex 10.460166931152344 -38.00973892211914 5.299999237060547
      vertex 10.685870170593262 -37.95970153808594 5.299999237060547
    endloop
  endfacet
  facet normal -0.2164403581608209 0.9762958421294313 0
    outer loop
      vertex 10.460166931152344 -38.00973892211914 5.299999237060547
      vertex 10.685870170593262 -37.95970153808594 0
      vertex 10.460166931152344 -38.00973892211914 0
    endloop
  endfacet
  facet normal 0.49999996488608184 0.8660254240574679 0
    outer loop
      vertex 10 -40.19200897216797 5.299999237060547
      vertex 5.84999942779541 -37.79600524902344 11.5
      vertex 10 -40.19200897216797 11.5
    endloop
  endfacet
  facet normal 0.49999996488608184 0.8660254240574679 0
    outer loop
      vertex 5.84999942779541 -37.79600524902344 11.5
      vertex 10 -40.19200897216797 5.299999237060547
      vertex 5.84999942779541 -37.79600524902344 5.299999237060547
    endloop
  endfacet
  facet normal 1 0 0
    outer loop
      vertex 5.84999942779541 -37.79600524902344 11.5
      vertex 5.84999942779541 -31.003995895385742 5.299999237060547
      vertex 5.84999942779541 -31.003995895385742 11.5
    endloop
  endfacet
  facet normal 1 0 0
    outer loop
      vertex 5.84999942779541 -31.003995895385742 5.299999237060547
      vertex 5.84999942779541 -37.79600524902344 11.5
      vertex 5.84999942779541 -37.79600524902344 5.299999237060547
    endloop
  endfacet
  facet normal 0.49999996488608184 -0.8660254240574679 0
    outer loop
      vertex 5.84999942779541 -31.003995895385742 5.299999237060547
      vertex 10 -28.60799217224121 11.5
      vertex 5.84999942779541 -31.003995895385742 11.5
    endloop
  endfacet
  facet normal 0.49999996488608184 -0.8660254240574679 0
    outer loop
      vertex 10 -28.60799217224121 11.5
      vertex 5.84999942779541 -31.003995895385742 5.299999237060547
      vertex 10 -28.60799217224121 5.299999237060547
    endloop
  endfacet
  facet normal -0.5000000510614703 0.866025374304083 0
    outer loop
      vertex 14.149999618530273 -37.79600524902344 5.299999237060547
      vertex 10 -40.19200897216797 11.5
      vertex 14.149999618530273 -37.79600524902344 11.5
    endloop
  endfacet
  facet normal -0.5000000510614703 0.866025374304083 0
    outer loop
      vertex 10 -40.19200897216797 11.5
      vertex 14.149999618530273 -37.79600524902344 5.299999237060547
      vertex 10 -40.19200897216797 5.299999237060547
    endloop
  endfacet
  facet normal -1 0 0
    outer loop
      vertex 14.149999618530273 -37.79600524902344 5.299999237060547
      vertex 14.149999618530273 -31.003995895385742 11.5
      vertex 14.149999618530273 -31.003995895385742 5.299999237060547
    endloop
  endfacet
  facet normal -1 0 0
    outer loop
      vertex 14.149999618530273 -31.003995895385742 11.5
      vertex 14.149999618530273 -37.79600524902344 5.299999237060547
      vertex 14.149999618530273 -37.79600524902344 11.5
    endloop
  endfacet
  facet normal 0 0 1
    outer loop
      vertex 14.149999618530273 -31.003995895385742 5.299999237060547
      vertex 12.649999618530273 -33.400001525878906 5.299999237060547
      vertex 14.149999618530273 -37.79600524902344 5.299999237060547
    endloop
  endfacet
  facet normal 0 0 1
    outer loop
      vertex 14.149999618530273 -31.003995895385742 5.299999237060547
      vertex 12.639915466308594 -33.169036865234375 5.299999237060547
      vertex 12.649999618530273 -33.400001525878906 5.299999237060547
    endloop
  endfacet
  facet normal 0 0 1
    outer loop
      vertex 14.149999618530273 -31.003995895385742 5.299999237060547
      vertex 12.609740257263184 -32.9398307800293 5.299999237060547
      vertex 12.639915466308594 -33.169036865234375 5.299999237060547
    endloop
  endfacet
  facet normal 0 0 1
    outer loop
      vertex 14.149999618530273 -31.003995895385742 5.299999237060547
      vertex 12.55970287322998 -32.71413040161133 5.299999237060547
      vertex 12.609740257263184 -32.9398307800293 5.299999237060547
    endloop
  endfacet
  facet normal 0 0 1
    outer loop
      vertex 14.149999618530273 -31.003995895385742 5.299999237060547
      vertex 12.490184783935547 -32.49364471435547 5.299999237060547
      vertex 12.55970287322998 -32.71413040161133 5.299999237060547
    endloop
  endfacet
  facet normal 0 0 1
    outer loop
      vertex 14.149999618530273 -31.003995895385742 5.299999237060547
      vertex 12.401715278625488 -32.280059814453125 5.299999237060547
      vertex 12.490184783935547 -32.49364471435547 5.299999237060547
    endloop
  endfacet
  facet normal 0 0 1
    outer loop
      vertex 14.149999618530273 -31.003995895385742 5.299999237060547
      vertex 12.294966697692871 -32.07500076293945 5.299999237060547
      vertex 12.401715278625488 -32.280059814453125 5.299999237060547
    endloop
  endfacet
  facet normal 0 0 1
    outer loop
      vertex 14.149999618530273 -31.003995895385742 5.299999237060547
      vertex 12.17075252532959 -31.880022048950195 5.299999237060547
      vertex 12.294966697692871 -32.07500076293945 5.299999237060547
    endloop
  endfacet
  facet normal 0 0 1
    outer loop
      vertex 14.149999618530273 -31.003995895385742 5.299999237060547
      vertex 12.030016899108887 -31.696613311767578 5.299999237060547
      vertex 12.17075252532959 -31.880022048950195 5.299999237060547
    endloop
  endfacet
  facet normal 0 0 1
    outer loop
      vertex 14.149999618530273 -31.003995895385742 5.299999237060547
      vertex 11.873832702636719 -31.526166915893555 5.299999237060547
      vertex 12.030016899108887 -31.696613311767578 5.299999237060547
    endloop
  endfacet
  facet normal 0 0 1
    outer loop
      vertex 14.149999618530273 -31.003995895385742 5.299999237060547
      vertex 11.703386306762695 -31.36998176574707 5.299999237060547
      vertex 11.873832702636719 -31.526166915893555 5.299999237060547
    endloop
  endfacet
  facet normal 0 0 1
    outer loop
      vertex 14.149999618530273 -31.003995895385742 5.299999237060547
      vertex 11.519976615905762 -31.229246139526367 5.299999237060547
      vertex 11.703386306762695 -31.36998176574707 5.299999237060547
    endloop
  endfacet
  facet normal 0 0 1
    outer loop
      vertex 14.149999618530273 -31.003995895385742 5.299999237060547
      vertex 11.324999809265137 -31.105031967163086 5.299999237060547
      vertex 11.519976615905762 -31.229246139526367 5.299999237060547
    endloop
  endfacet
  facet normal 0 0 1
    outer loop
      vertex 10 -28.60799217224121 5.299999237060547
      vertex 11.324999809265137 -31.105031967163086 5.299999237060547
      vertex 14.149999618530273 -31.003995895385742 5.299999237060547
    endloop
  endfacet
  facet normal 0 0 1
    outer loop
      vertex 11.324999809265137 -31.105031967163086 5.299999237060547
      vertex 10 -28.60799217224121 5.299999237060547
      vertex 11.119937896728516 -30.99828338623047 5.299999237060547
    endloop
  endfacet
  facet normal 0 0 1
    outer loop
      vertex 11.119937896728516 -30.99828338623047 5.299999237060547
      vertex 10 -28.60799217224121 5.299999237060547
      vertex 10.906352996826172 -30.909812927246094 5.299999237060547
    endloop
  endfacet
  facet normal 0 0 1
    outer loop
      vertex 10.906352996826172 -30.909812927246094 5.299999237060547
      vertex 10 -28.60799217224121 5.299999237060547
      vertex 10.685870170593262 -30.840295791625977 5.299999237060547
    endloop
  endfacet
  facet normal 0 0 1
    outer loop
      vertex 10.685870170593262 -30.840295791625977 5.299999237060547
      vertex 10 -28.60799217224121 5.299999237060547
      vertex 10.460166931152344 -30.790260314941406 5.299999237060547
    endloop
  endfacet
  facet normal 0 0 1
    outer loop
      vertex 10.460166931152344 -30.790260314941406 5.299999237060547
      vertex 10 -28.60799217224121 5.299999237060547
      vertex 10.230961799621582 -30.760082244873047 5.299999237060547
    endloop
  endfacet
  facet normal 0 0 1
    outer loop
      vertex 10 -28.60799217224121 5.299999237060547
      vertex 10 -30.75 5.299999237060547
      vertex 10.230961799621582 -30.760082244873047 5.299999237060547
    endloop
  endfacet
  facet normal 0 0 1
    outer loop
      vertex 10 -28.60799217224121 5.299999237060547
      vertex 9.769037246704102 -30.760082244873047 5.299999237060547
      vertex 10 -30.75 5.299999237060547
    endloop
  endfacet
  facet normal 0 0 1
    outer loop
      vertex 10 -28.60799217224121 5.299999237060547
      vertex 9.53983211517334 -30.790260314941406 5.299999237060547
      vertex 9.769037246704102 -30.760082244873047 5.299999237060547
    endloop
  endfacet
  facet normal 0 0 1
    outer loop
      vertex 10 -28.60799217224121 5.299999237060547
      vertex 9.314128875732422 -30.840295791625977 5.299999237060547
      vertex 9.53983211517334 -30.790260314941406 5.299999237060547
    endloop
  endfacet
  facet normal 0 0 1
    outer loop
      vertex 10 -28.60799217224121 5.299999237060547
      vertex 9.093646049499512 -30.909812927246094 5.299999237060547
      vertex 9.314128875732422 -30.840295791625977 5.299999237060547
    endloop
  endfacet
  facet normal 0 0 1
    outer loop
      vertex 10 -28.60799217224121 5.299999237060547
      vertex 8.880061149597168 -30.99828338623047 5.299999237060547
      vertex 9.093646049499512 -30.909812927246094 5.299999237060547
    endloop
  endfacet
  facet normal 0 0 1
    outer loop
      vertex 10 -28.60799217224121 5.299999237060547
      vertex 8.674999237060547 -31.105031967163086 5.299999237060547
      vertex 8.880061149597168 -30.99828338623047 5.299999237060547
    endloop
  endfacet
  facet normal 0 0 1
    outer loop
      vertex 5.84999942779541 -31.003995895385742 5.299999237060547
      vertex 8.674999237060547 -31.105031967163086 5.299999237060547
      vertex 10 -28.60799217224121 5.299999237060547
    endloop
  endfacet
  facet normal 0 0 1
    outer loop
      vertex 8.674999237060547 -31.105031967163086 5.299999237060547
      vertex 5.84999942779541 -31.003995895385742 5.299999237060547
      vertex 8.480022430419922 -31.229246139526367 5.299999237060547
    endloop
  endfacet
  facet normal 0 0 1
    outer loop
      vertex 8.480022430419922 -31.229246139526367 5.299999237060547
      vertex 5.84999942779541 -31.003995895385742 5.299999237060547
      vertex 8.296612739562988 -31.36998176574707 5.299999237060547
    endloop
  endfacet
  facet normal 0 0 1
    outer loop
      vertex 8.296612739562988 -31.36998176574707 5.299999237060547
      vertex 5.84999942779541 -31.003995895385742 5.299999237060547
      vertex 8.126166343688965 -31.526166915893555 5.299999237060547
    endloop
  endfacet
  facet normal 0 0 1
    outer loop
      vertex 8.126166343688965 -31.526166915893555 5.299999237060547
      vertex 5.84999942779541 -31.003995895385742 5.299999237060547
      vertex 7.969982147216797 -31.696613311767578 5.299999237060547
    endloop
  endfacet
  facet normal 0 0 1
    outer loop
      vertex 7.34999942779541 -33.400001525878906 5.299999237060547
      vertex 5.84999942779541 -31.003995895385742 5.299999237060547
      vertex 7.34999942779541 -35.400001525878906 5.299999237060547
    endloop
  endfacet
  facet normal 0 0 1
    outer loop
      vertex 7.36008358001709 -33.169036865234375 5.299999237060547
      vertex 5.84999942779541 -31.003995895385742 5.299999237060547
      vertex 7.34999942779541 -33.400001525878906 5.299999237060547
    endloop
  endfacet
  facet normal 0 0 1
    outer loop
      vertex 7.3902587890625 -32.9398307800293 5.299999237060547
      vertex 5.84999942779541 -31.003995895385742 5.299999237060547
      vertex 7.36008358001709 -33.169036865234375 5.299999237060547
    endloop
  endfacet
  facet normal 0 0 1
    outer loop
      vertex 7.440296173095703 -32.71413040161133 5.299999237060547
      vertex 5.84999942779541 -31.003995895385742 5.299999237060547
      vertex 7.3902587890625 -32.9398307800293 5.299999237060547
    endloop
  endfacet
  facet normal 0 0 1
    outer loop
      vertex 7.509814262390137 -32.49364471435547 5.299999237060547
      vertex 5.84999942779541 -31.003995895385742 5.299999237060547
      vertex 7.440296173095703 -32.71413040161133 5.299999237060547
    endloop
  endfacet
  facet normal 0 0 1
    outer loop
      vertex 7.598283767700195 -32.280059814453125 5.299999237060547
      vertex 5.84999942779541 -31.003995895385742 5.299999237060547
      vertex 7.509814262390137 -32.49364471435547 5.299999237060547
    endloop
  endfacet
  facet normal 0 0 1
    outer loop
      vertex 7.7050323486328125 -32.07500076293945 5.299999237060547
      vertex 5.84999942779541 -31.003995895385742 5.299999237060547
      vertex 7.598283767700195 -32.280059814453125 5.299999237060547
    endloop
  endfacet
  facet normal 0 0 1
    outer loop
      vertex 7.829246520996094 -31.880022048950195 5.299999237060547
      vertex 5.84999942779541 -31.003995895385742 5.299999237060547
      vertex 7.7050323486328125 -32.07500076293945 5.299999237060547
    endloop
  endfacet
  facet normal 0 0 1
    outer loop
      vertex 7.969982147216797 -31.696613311767578 5.299999237060547
      vertex 5.84999942779541 -31.003995895385742 5.299999237060547
      vertex 7.829246520996094 -31.880022048950195 5.299999237060547
    endloop
  endfacet
  facet normal 0 0 1
    outer loop
      vertex 12.649999618530273 -35.400001525878906 5.299999237060547
      vertex 14.149999618530273 -37.79600524902344 5.299999237060547
      vertex 12.649999618530273 -33.400001525878906 5.299999237060547
    endloop
  endfacet
  facet normal 0 0 1
    outer loop
      vertex 12.639915466308594 -35.63096237182617 5.299999237060547
      vertex 14.149999618530273 -37.79600524902344 5.299999237060547
      vertex 12.649999618530273 -35.400001525878906 5.299999237060547
    endloop
  endfacet
  facet normal 0 0 1
    outer loop
      vertex 12.609740257263184 -35.86016845703125 5.299999237060547
      vertex 14.149999618530273 -37.79600524902344 5.299999237060547
      vertex 12.639915466308594 -35.63096237182617 5.299999237060547
    endloop
  endfacet
  facet normal 0 0 1
    outer loop
      vertex 12.55970287322998 -36.08586883544922 5.299999237060547
      vertex 14.149999618530273 -37.79600524902344 5.299999237060547
      vertex 12.609740257263184 -35.86016845703125 5.299999237060547
    endloop
  endfacet
  facet normal 0 0 1
    outer loop
      vertex 12.490184783935547 -36.30635070800781 5.299999237060547
      vertex 14.149999618530273 -37.79600524902344 5.299999237060547
      vertex 12.55970287322998 -36.08586883544922 5.299999237060547
    endloop
  endfacet
  facet normal 0 0 1
    outer loop
      vertex 12.401715278625488 -36.519935607910156 5.299999237060547
      vertex 14.149999618530273 -37.79600524902344 5.299999237060547
      vertex 12.490184783935547 -36.30635070800781 5.299999237060547
    endloop
  endfacet
  facet normal 0 0 1
    outer loop
      vertex 12.294966697692871 -36.724998474121094 5.299999237060547
      vertex 14.149999618530273 -37.79600524902344 5.299999237060547
      vertex 12.401715278625488 -36.519935607910156 5.299999237060547
    endloop
  endfacet
  facet normal 0 0 1
    outer loop
      vertex 12.17075252532959 -36.91997528076172 5.299999237060547
      vertex 14.149999618530273 -37.79600524902344 5.299999237060547
      vertex 12.294966697692871 -36.724998474121094 5.299999237060547
    endloop
  endfacet
  facet normal 0 0 1
    outer loop
      vertex 12.030016899108887 -37.10338592529297 5.299999237060547
      vertex 14.149999618530273 -37.79600524902344 5.299999237060547
      vertex 12.17075252532959 -36.91997528076172 5.299999237060547
    endloop
  endfacet
  facet normal 0 0 1
    outer loop
      vertex 11.873832702636719 -37.273834228515625 5.299999237060547
      vertex 14.149999618530273 -37.79600524902344 5.299999237060547
      vertex 12.030016899108887 -37.10338592529297 5.299999237060547
    endloop
  endfacet
  facet normal 0 0 1
    outer loop
      vertex 11.703386306762695 -37.430015563964844 5.299999237060547
      vertex 14.149999618530273 -37.79600524902344 5.299999237060547
      vertex 11.873832702636719 -37.273834228515625 5.299999237060547
    endloop
  endfacet
  facet normal 0 0 1
    outer loop
      vertex 11.519976615905762 -37.57075119018555 5.299999237060547
      vertex 14.149999618530273 -37.79600524902344 5.299999237060547
      vertex 11.703386306762695 -37.430015563964844 5.299999237060547
    endloop
  endfacet
  facet normal 0 0 1
    outer loop
      vertex 11.324999809265137 -37.694969177246094 5.299999237060547
      vertex 14.149999618530273 -37.79600524902344 5.299999237060547
      vertex 11.519976615905762 -37.57075119018555 5.299999237060547
    endloop
  endfacet
  facet normal 0 0 1
    outer loop
      vertex 10 -40.19200897216797 5.299999237060547
      vertex 11.324999809265137 -37.694969177246094 5.299999237060547
      vertex 11.119937896728516 -37.80171585083008 5.299999237060547
    endloop
  endfacet
  facet normal 0 0 1
    outer loop
      vertex 10 -40.19200897216797 5.299999237060547
      vertex 11.119937896728516 -37.80171585083008 5.299999237060547
      vertex 10.906352996826172 -37.89018630981445 5.299999237060547
    endloop
  endfacet
  facet normal 0 0 1
    outer loop
      vertex 10 -40.19200897216797 5.299999237060547
      vertex 10.906352996826172 -37.89018630981445 5.299999237060547
      vertex 10.685870170593262 -37.95970153808594 5.299999237060547
    endloop
  endfacet
  facet normal 0 0 1
    outer loop
      vertex 10 -40.19200897216797 5.299999237060547
      vertex 10.685870170593262 -37.95970153808594 5.299999237060547
      vertex 10.460166931152344 -38.00973892211914 5.299999237060547
    endloop
  endfacet
  facet normal 0 0 1
    outer loop
      vertex 10 -40.19200897216797 5.299999237060547
      vertex 10.460166931152344 -38.00973892211914 5.299999237060547
      vertex 10.230961799621582 -38.0399169921875 5.299999237060547
    endloop
  endfacet
  facet normal 0 0 1
    outer loop
      vertex 11.324999809265137 -37.694969177246094 5.299999237060547
      vertex 10 -40.19200897216797 5.299999237060547
      vertex 14.149999618530273 -37.79600524902344 5.299999237060547
    endloop
  endfacet
  facet normal 0 0 1
    outer loop
      vertex 10 -38.04999923706055 5.299999237060547
      vertex 10 -40.19200897216797 5.299999237060547
      vertex 10.230961799621582 -38.0399169921875 5.299999237060547
    endloop
  endfacet
  facet normal 0 0 1
    outer loop
      vertex 9.769037246704102 -38.0399169921875 5.299999237060547
      vertex 10 -40.19200897216797 5.299999237060547
      vertex 10 -38.04999923706055 5.299999237060547
    endloop
  endfacet
  facet normal 0 0 1
    outer loop
      vertex 9.53983211517334 -38.00973892211914 5.299999237060547
      vertex 10 -40.19200897216797 5.299999237060547
      vertex 9.769037246704102 -38.0399169921875 5.299999237060547
    endloop
  endfacet
  facet normal 0 0 1
    outer loop
      vertex 9.314128875732422 -37.95970153808594 5.299999237060547
      vertex 10 -40.19200897216797 5.299999237060547
      vertex 9.53983211517334 -38.00973892211914 5.299999237060547
    endloop
  endfacet
  facet normal 0 0 1
    outer loop
      vertex 9.093646049499512 -37.89018630981445 5.299999237060547
      vertex 10 -40.19200897216797 5.299999237060547
      vertex 9.314128875732422 -37.95970153808594 5.299999237060547
    endloop
  endfacet
  facet normal 0 0 1
    outer loop
      vertex 8.880061149597168 -37.80171585083008 5.299999237060547
      vertex 10 -40.19200897216797 5.299999237060547
      vertex 9.093646049499512 -37.89018630981445 5.299999237060547
    endloop
  endfacet
  facet normal 0 0 1
    outer loop
      vertex 8.674999237060547 -37.694969177246094 5.299999237060547
      vertex 10 -40.19200897216797 5.299999237060547
      vertex 8.880061149597168 -37.80171585083008 5.299999237060547
    endloop
  endfacet
  facet normal 0 0 1
    outer loop
      vertex 5.84999942779541 -37.79600524902344 5.299999237060547
      vertex 8.674999237060547 -37.694969177246094 5.299999237060547
      vertex 8.480022430419922 -37.57075119018555 5.299999237060547
    endloop
  endfacet
  facet normal 0 0 1
    outer loop
      vertex 5.84999942779541 -37.79600524902344 5.299999237060547
      vertex 8.480022430419922 -37.57075119018555 5.299999237060547
      vertex 8.296612739562988 -37.430015563964844 5.299999237060547
    endloop
  endfacet
  facet normal 0 0 1
    outer loop
      vertex 5.84999942779541 -37.79600524902344 5.299999237060547
      vertex 8.296612739562988 -37.430015563964844 5.299999237060547
      vertex 8.126166343688965 -37.273834228515625 5.299999237060547
    endloop
  endfacet
  facet normal 0 0 1
    outer loop
      vertex 5.84999942779541 -37.79600524902344 5.299999237060547
      vertex 8.126166343688965 -37.273834228515625 5.299999237060547
      vertex 7.969982147216797 -37.10338592529297 5.299999237060547
    endloop
  endfacet
  facet normal 0 0 1
    outer loop
      vertex 5.84999942779541 -37.79600524902344 5.299999237060547
      vertex 7.969982147216797 -37.10338592529297 5.299999237060547
      vertex 7.829246520996094 -36.91997528076172 5.299999237060547
    endloop
  endfacet
  facet normal 0 0 1
    outer loop
      vertex 5.84999942779541 -37.79600524902344 5.299999237060547
      vertex 7.34999942779541 -35.400001525878906 5.299999237060547
      vertex 5.84999942779541 -31.003995895385742 5.299999237060547
    endloop
  endfacet
  facet normal 0 0 1
    outer loop
      vertex 7.34999942779541 -35.400001525878906 5.299999237060547
      vertex 5.84999942779541 -37.79600524902344 5.299999237060547
      vertex 7.36008358001709 -35.63096237182617 5.299999237060547
    endloop
  endfacet
  facet normal 0 0 1
    outer loop
      vertex 7.36008358001709 -35.63096237182617 5.299999237060547
      vertex 5.84999942779541 -37.79600524902344 5.299999237060547
      vertex 7.3902587890625 -35.86016845703125 5.299999237060547
    endloop
  endfacet
  facet normal 0 0 1
    outer loop
      vertex 8.674999237060547 -37.694969177246094 5.299999237060547
      vertex 5.84999942779541 -37.79600524902344 5.299999237060547
      vertex 10 -40.19200897216797 5.299999237060547
    endloop
  endfacet
  facet normal 0 0 1
    outer loop
      vertex 7.7050323486328125 -36.724998474121094 5.299999237060547
      vertex 5.84999942779541 -37.79600524902344 5.299999237060547
      vertex 7.829246520996094 -36.91997528076172 5.299999237060547
    endloop
  endfacet
  facet normal 0 0 1
    outer loop
      vertex 7.598283767700195 -36.519935607910156 5.299999237060547
      vertex 5.84999942779541 -37.79600524902344 5.299999237060547
      vertex 7.7050323486328125 -36.724998474121094 5.299999237060547
    endloop
  endfacet
  facet normal 0 0 1
    outer loop
      vertex 7.509814262390137 -36.30635070800781 5.299999237060547
      vertex 5.84999942779541 -37.79600524902344 5.299999237060547
      vertex 7.598283767700195 -36.519935607910156 5.299999237060547
    endloop
  endfacet
  facet normal 0 0 1
    outer loop
      vertex 7.440296173095703 -36.08586883544922 5.299999237060547
      vertex 5.84999942779541 -37.79600524902344 5.299999237060547
      vertex 7.509814262390137 -36.30635070800781 5.299999237060547
    endloop
  endfacet
  facet normal 0 0 1
    outer loop
      vertex 7.3902587890625 -35.86016845703125 5.299999237060547
      vertex 5.84999942779541 -37.79600524902344 5.299999237060547
      vertex 7.440296173095703 -36.08586883544922 5.299999237060547
    endloop
  endfacet
  facet normal -0.5000000510614703 -0.866025374304083 0
    outer loop
      vertex 10 -28.60799217224121 5.299999237060547
      vertex 14.149999618530273 -31.003995895385742 11.5
      vertex 10 -28.60799217224121 11.5
    endloop
  endfacet
  facet normal -0.5000000510614703 -0.866025374304083 0
    outer loop
      vertex 14.149999618530273 -31.003995895385742 11.5
      vertex 10 -28.60799217224121 5.299999237060547
      vertex 14.149999618530273 -31.003995895385742 5.299999237060547
    endloop
  endfacet
  facet normal -1 0 0
    outer loop
      vertex 81 -42.400001525878906 0
      vertex 81 -34 1.7999992370605469
      vertex 81 -34 0
    endloop
  endfacet
  facet normal -1 0 0
    outer loop
      vertex 81 -34 1.7999992370605469
      vertex 81 -42.400001525878906 0
      vertex 81 -42.400001525878906 1.7999992370605469
    endloop
  endfacet
  facet normal 1 0 0
    outer loop
      vertex 63 -42.400001525878906 1.7999992370605469
      vertex 63 -34 0
      vertex 63 -34 1.7999992370605469
    endloop
  endfacet
  facet normal 1 0 0
    outer loop
      vertex 63 -34 0
      vertex 63 -42.400001525878906 1.7999992370605469
      vertex 63 -42.400001525878906 0
    endloop
  endfacet
  facet normal 0 -1 0
    outer loop
      vertex 63 -34 0
      vertex 81 -34 1.7999992370605469
      vertex 63 -34 1.7999992370605469
    endloop
  endfacet
  facet normal 0 -1 0
    outer loop
      vertex 81 -34 1.7999992370605469
      vertex 63 -34 0
      vertex 81 -34 0
    endloop
  endfacet
  facet normal -1 0 0
    outer loop
      vertex 81 34 0
      vertex 81 42.400001525878906 1.7999992370605469
      vertex 81 42.400001525878906 0
    endloop
  endfacet
  facet normal -1 0 0
    outer loop
      vertex 81 42.400001525878906 1.7999992370605469
      vertex 81 34 0
      vertex 81 34 1.7999992370605469
    endloop
  endfacet
  facet normal 1 0 0
    outer loop
      vertex 63 34 1.7999992370605469
      vertex 63 42.400001525878906 0
      vertex 63 42.400001525878906 1.7999992370605469
    endloop
  endfacet
  facet normal 1 0 0
    outer loop
      vertex 63 42.400001525878906 0
      vertex 63 34 1.7999992370605469
      vertex 63 34 0
    endloop
  endfacet
  facet normal 0 1 0
    outer loop
      vertex 81 34 0
      vertex 63 34 1.7999992370605469
      vertex 81 34 1.7999992370605469
    endloop
  endfacet
  facet normal 0 1 0
    outer loop
      vertex 63 34 1.7999992370605469
      vertex 81 34 0
      vertex 63 34 0
    endloop
  endfacet
  facet normal 0.9914449909803443 0.13052520775691126 0
    outer loop
      vertex -12.030442237854004 35.09724426269531 11.5
      vertex -12.121537208557129 35.7891845703125 2.3999996185302734
      vertex -12.121537208557129 35.7891845703125 11.5
    endloop
  endfacet
  facet normal 0.9914449909803443 0.13052520775691126 0
    outer loop
      vertex -12.121537208557129 35.7891845703125 2.3999996185302734
      vertex -12.030442237854004 35.09724426269531 11.5
      vertex -12.030442237854004 35.09724426269531 2.3999996185302734
    endloop
  endfacet
  facet normal 0.6755897231129728 -0.7372777807747475 0
    outer loop
      vertex -14.857698440551758 28.271644592285156 2.3999996185302734
      vertex -14.343145370483398 28.743144989013672 11.5
      vertex -14.857698440551758 28.271644592285156 11.5
    endloop
  endfacet
  facet normal 0.6755897231129728 -0.7372777807747475 0
    outer loop
      vertex -14.343145370483398 28.743144989013672 11.5
      vertex -14.857698440551758 28.271644592285156 2.3999996185302734
      vertex -14.343145370483398 28.743144989013672 2.3999996185302734
    endloop
  endfacet
  facet normal 0.9762962214357099 -0.21643864721984246 0
    outer loop
      vertex -12.272592544555664 32.329444885253906 11.5
      vertex -12.121537208557129 33.01081466674805 2.3999996185302734
      vertex -12.121537208557129 33.01081466674805 11.5
    endloop
  endfacet
  facet normal 0.9762962214357099 -0.21643864721984246 0
    outer loop
      vertex -12.121537208557129 33.01081466674805 2.3999996185302734
      vertex -12.272592544555664 32.329444885253906 11.5
      vertex -12.272592544555664 32.329444885253906 2.3999996185302734
    endloop
  endfacet
  facet normal 0.9990482239216076 0.04361933377622257 0
    outer loop
      vertex -12 34.400001525878906 11.5
      vertex -12.030442237854004 35.09724426269531 2.3999996185302734
      vertex -12.030442237854004 35.09724426269531 11.5
    endloop
  endfacet
  facet normal 0.9990482239216076 0.04361933377622257 0
    outer loop
      vertex -12.030442237854004 35.09724426269531 2.3999996185302734
      vertex -12 34.400001525878906 11.5
      vertex -12 34.400001525878906 2.3999996185302734
    endloop
  endfacet
  facet normal 0.9537173026246303 0.30070468349262425 0
    outer loop
      vertex -12.272592544555664 36.470550537109375 11.5
      vertex -12.482458114624023 37.13616180419922 2.3999996185302734
      vertex -12.482458114624023 37.13616180419922 11.5
    endloop
  endfacet
  facet normal 0.9537173026246303 0.30070468349262425 0
    outer loop
      vertex -12.482458114624023 37.13616180419922 2.3999996185302734
      vertex -12.272592544555664 36.470550537109375 11.5
      vertex -12.272592544555664 36.470550537109375 2.3999996185302734
    endloop
  endfacet
  facet normal 0.9238787819195005 0.3826852444489337 0
    outer loop
      vertex -12.482458114624023 37.13616180419922 11.5
      vertex -12.749537467956543 37.78094482421875 2.3999996185302734
      vertex -12.749537467956543 37.78094482421875 11.5
    endloop
  endfacet
  facet normal 0.9238787819195005 0.3826852444489337 0
    outer loop
      vertex -12.749537467956543 37.78094482421875 2.3999996185302734
      vertex -12.482458114624023 37.13616180419922 11.5
      vertex -12.482458114624023 37.13616180419922 2.3999996185302734
    endloop
  endfacet
  facet normal 0.8433916397849609 -0.5372993038715338 0
    outer loop
      vertex -13.446783065795898 29.81138801574707 11.5
      vertex -13.071796417236328 30.399999618530273 2.3999996185302734
      vertex -13.071796417236328 30.399999618530273 11.5
    endloop
  endfacet
  facet normal 0.8433916397849609 -0.5372993038715338 0
    outer loop
      vertex -13.071796417236328 30.399999618530273 2.3999996185302734
      vertex -13.446783065795898 29.81138801574707 11.5
      vertex -13.446783065795898 29.81138801574707 2.3999996185302734
    endloop
  endfacet
  facet normal 0.9238787819195005 -0.3826852444489337 0
    outer loop
      vertex -12.749537467956543 31.019054412841797 11.5
      vertex -12.482458114624023 31.663837432861328 2.3999996185302734
      vertex -12.482458114624023 31.663837432861328 11.5
    endloop
  endfacet
  facet normal 0.9238787819195005 -0.3826852444489337 0
    outer loop
      vertex -12.482458114624023 31.663837432861328 2.3999996185302734
      vertex -12.749537467956543 31.019054412841797 11.5
      vertex -12.749537467956543 31.019054412841797 2.3999996185302734
    endloop
  endfacet
  facet normal 0.7933555135785617 0.6087585967150658 0
    outer loop
      vertex -13.446783065795898 38.988609313964844 11.5
      vertex -13.762453079223633 39.400001525878906 2.3999996185302734
      vertex -13.762453079223633 39.400001525878906 11.5
    endloop
  endfacet
  facet normal 0.7933555135785617 0.6087585967150658 0
    outer loop
      vertex -13.762453079223633 39.400001525878906 2.3999996185302734
      vertex -13.446783065795898 38.988609313964844 11.5
      vertex -13.446783065795898 38.988609313964844 2.3999996185302734
    endloop
  endfacet
  facet normal 0.9537168083789804 -0.30070625104146265 0
    outer loop
      vertex -12.482458114624023 31.663837432861328 11.5
      vertex -12.272592544555664 32.329444885253906 2.3999996185302734
      vertex -12.272592544555664 32.329444885253906 11.5
    endloop
  endfacet
  facet normal 0.9537168083789804 -0.30070625104146265 0
    outer loop
      vertex -12.272592544555664 32.329444885253906 2.3999996185302734
      vertex -12.482458114624023 31.663837432861328 11.5
      vertex -12.482458114624023 31.663837432861328 2.3999996185302734
    endloop
  endfacet
  facet normal -0.6087621496446203 -0.7933527873273409 0
    outer loop
      vertex -25 28.162452697753906 2.3999996185302734
      vertex -24.588611602783203 27.846782684326172 11.5
      vertex -25 28.162452697753906 11.5
    endloop
  endfacet
  facet normal -0.6087621496446203 -0.7933527873273409 0
    outer loop
      vertex -24.588611602783203 27.846782684326172 11.5
      vertex -25 28.162452697753906 2.3999996185302734
      vertex -24.588611602783203 27.846782684326172 2.3999996185302734
    endloop
  endfacet
  facet normal -0.2164383347101716 -0.9762962907170588 0
    outer loop
      vertex -22.070552825927734 26.672592163085938 2.3999996185302734
      vertex -21.5 26.546104431152344 11.5
      vertex -22.070552825927734 26.672592163085938 11.5
    endloop
  endfacet
  facet normal -0.2164383347101716 -0.9762962907170588 0
    outer loop
      vertex -21.5 26.546104431152344 11.5
      vertex -22.070552825927734 26.672592163085938 2.3999996185302734
      vertex -21.5 26.546104431152344 2.3999996185302734
    endloop
  endfacet
  facet normal 0.7933535426614531 -0.6087611652746271 0
    outer loop
      vertex -13.871644020080566 29.25769805908203 11.5
      vertex -13.446783065795898 29.81138801574707 2.3999996185302734
      vertex -13.446783065795898 29.81138801574707 11.5
    endloop
  endfacet
  facet normal 0.7933535426614531 -0.6087611652746271 0
    outer loop
      vertex -13.446783065795898 29.81138801574707 2.3999996185302734
      vertex -13.871644020080566 29.25769805908203 11.5
      vertex -13.871644020080566 29.25769805908203 2.3999996185302734
    endloop
  endfacet
  facet normal 0.8433900618245251 0.5373017807672179 0
    outer loop
      vertex -13.071796417236328 38.400001525878906 11.5
      vertex -13.446783065795898 38.988609313964844 2.3999996185302734
      vertex -13.446783065795898 38.988609313964844 11.5
    endloop
  endfacet
  facet normal 0.8433900618245251 0.5373017807672179 0
    outer loop
      vertex -13.446783065795898 38.988609313964844 2.3999996185302734
      vertex -13.071796417236328 38.400001525878906 11.5
      vertex -13.071796417236328 38.400001525878906 2.3999996185302734
    endloop
  endfacet
  facet normal 0.8870117557344399 0.46174684101670516 0
    outer loop
      vertex -12.749537467956543 37.78094482421875 11.5
      vertex -13.071796417236328 38.400001525878906 2.3999996185302734
      vertex -13.071796417236328 38.400001525878906 11.5
    endloop
  endfacet
  facet normal 0.8870117557344399 0.46174684101670516 0
    outer loop
      vertex -13.071796417236328 38.400001525878906 2.3999996185302734
      vertex -12.749537467956543 37.78094482421875 11.5
      vertex -12.749537467956543 37.78094482421875 2.3999996185302734
    endloop
  endfacet
  facet normal 0.6087620253434304 -0.7933528827071624 0
    outer loop
      vertex -15.411388397216797 27.846782684326172 2.3999996185302734
      vertex -14.857698440551758 28.271644592285156 11.5
      vertex -15.411388397216797 27.846782684326172 11.5
    endloop
  endfacet
  facet normal 0.6087620253434304 -0.7933528827071624 0
    outer loop
      vertex -14.857698440551758 28.271644592285156 11.5
      vertex -15.411388397216797 27.846782684326172 2.3999996185302734
      vertex -14.857698440551758 28.271644592285156 2.3999996185302734
    endloop
  endfacet
  facet normal 0.9762959653815029 0.21643980220791023 0
    outer loop
      vertex -12.121537208557129 35.7891845703125 11.5
      vertex -12.272592544555664 36.470550537109375 2.3999996185302734
      vertex -12.272592544555664 36.470550537109375 11.5
    endloop
  endfacet
  facet normal 0.9762959653815029 0.21643980220791023 0
    outer loop
      vertex -12.272592544555664 36.470550537109375 2.3999996185302734
      vertex -12.121537208557129 35.7891845703125 11.5
      vertex -12.121537208557129 35.7891845703125 2.3999996185302734
    endloop
  endfacet
  facet normal 0.3826821456097238 -0.9238800655017609 0
    outer loop
      vertex -17.263839721679688 26.882457733154297 2.3999996185302734
      vertex -16.61905288696289 27.1495361328125 11.5
      vertex -17.263839721679688 26.882457733154297 11.5
    endloop
  endfacet
  facet normal 0.3826821456097238 -0.9238800655017609 0
    outer loop
      vertex -16.61905288696289 27.1495361328125 11.5
      vertex -17.263839721679688 26.882457733154297 2.3999996185302734
      vertex -16.61905288696289 27.1495361328125 2.3999996185302734
    endloop
  endfacet
  facet normal 0.737277100138495 -0.6755904658973301 0
    outer loop
      vertex -14.343145370483398 28.743144989013672 11.5
      vertex -13.871644020080566 29.25769805908203 2.3999996185302734
      vertex -13.871644020080566 29.25769805908203 11.5
    endloop
  endfacet
  facet normal 0.737277100138495 -0.6755904658973301 0
    outer loop
      vertex -13.871644020080566 29.25769805908203 2.3999996185302734
      vertex -14.343145370483398 28.743144989013672 11.5
      vertex -14.343145370483398 28.743144989013672 2.3999996185302734
    endloop
  endfacet
  facet normal 0.999048234321217 -0.04361909558506115 0
    outer loop
      vertex -12.030442237854004 33.702754974365234 11.5
      vertex -12 34.400001525878906 2.3999996185302734
      vertex -12 34.400001525878906 11.5
    endloop
  endfacet
  facet normal 0.999048234321217 -0.04361909558506115 0
    outer loop
      vertex -12 34.400001525878906 2.3999996185302734
      vertex -12.030442237854004 33.702754974365234 11.5
      vertex -12.030442237854004 33.702754974365234 2.3999996185302734
    endloop
  endfacet
  facet normal 0.9914449909803443 -0.13052520775691126 0
    outer loop
      vertex -12.121537208557129 33.01081466674805 11.5
      vertex -12.030442237854004 33.702754974365234 2.3999996185302734
      vertex -12.030442237854004 33.702754974365234 11.5
    endloop
  endfacet
  facet normal 0.9914449909803443 -0.13052520775691126 0
    outer loop
      vertex -12.030442237854004 33.702754974365234 2.3999996185302734
      vertex -12.121537208557129 33.01081466674805 11.5
      vertex -12.121537208557129 33.01081466674805 2.3999996185302734
    endloop
  endfacet
  facet normal -0.30070625104146265 -0.9537168083789804 0
    outer loop
      vertex -22.736160278320312 26.882457733154297 2.3999996185302734
      vertex -22.070552825927734 26.672592163085938 11.5
      vertex -22.736160278320312 26.882457733154297 11.5
    endloop
  endfacet
  facet normal -0.30070625104146265 -0.9537168083789804 0
    outer loop
      vertex -22.070552825927734 26.672592163085938 11.5
      vertex -22.736160278320312 26.882457733154297 2.3999996185302734
      vertex -22.070552825927734 26.672592163085938 2.3999996185302734
    endloop
  endfacet
  facet normal 0.8870111730432206 -0.46174796035985893 0
    outer loop
      vertex -13.071796417236328 30.399999618530273 11.5
      vertex -12.749537467956543 31.019054412841797 2.3999996185302734
      vertex -12.749537467956543 31.019054412841797 11.5
    endloop
  endfacet
  facet normal 0.8870111730432206 -0.46174796035985893 0
    outer loop
      vertex -12.749537467956543 31.019054412841797 2.3999996185302734
      vertex -13.071796417236328 30.399999618530273 11.5
      vertex -13.071796417236328 30.399999618530273 2.3999996185302734
    endloop
  endfacet
  facet normal 0.4617501548311619 -0.8870100306723696 0
    outer loop
      vertex -16.61905288696289 27.1495361328125 2.3999996185302734
      vertex -16 27.4717960357666 11.5
      vertex -16.61905288696289 27.1495361328125 11.5
    endloop
  endfacet
  facet normal 0.4617501548311619 -0.8870100306723696 0
    outer loop
      vertex -16 27.4717960357666 11.5
      vertex -16.61905288696289 27.1495361328125 2.3999996185302734
      vertex -16 27.4717960357666 2.3999996185302734
    endloop
  endfacet
  facet normal 0.5372993038715338 -0.8433916397849609 0
    outer loop
      vertex -16 27.4717960357666 2.3999996185302734
      vertex -15.411388397216797 27.846782684326172 11.5
      vertex -16 27.4717960357666 11.5
    endloop
  endfacet
  facet normal 0.5372993038715338 -0.8433916397849609 0
    outer loop
      vertex -15.411388397216797 27.846782684326172 11.5
      vertex -16 27.4717960357666 2.3999996185302734
      vertex -15.411388397216797 27.846782684326172 2.3999996185302734
    endloop
  endfacet
  facet normal 0.30070625104146265 -0.9537168083789804 0
    outer loop
      vertex -17.929447174072266 26.672592163085938 2.3999996185302734
      vertex -17.263839721679688 26.882457733154297 11.5
      vertex -17.929447174072266 26.672592163085938 11.5
    endloop
  endfacet
  facet normal 0.30070625104146265 -0.9537168083789804 0
    outer loop
      vertex -17.263839721679688 26.882457733154297 11.5
      vertex -17.929447174072266 26.672592163085938 2.3999996185302734
      vertex -17.263839721679688 26.882457733154297 2.3999996185302734
    endloop
  endfacet
  facet normal 0.2164383347101716 -0.9762962907170588 0
    outer loop
      vertex -18.5 26.546104431152344 2.3999996185302734
      vertex -17.929447174072266 26.672592163085938 11.5
      vertex -18.5 26.546104431152344 11.5
    endloop
  endfacet
  facet normal 0.2164383347101716 -0.9762962907170588 0
    outer loop
      vertex -17.929447174072266 26.672592163085938 11.5
      vertex -18.5 26.546104431152344 2.3999996185302734
      vertex -17.929447174072266 26.672592163085938 2.3999996185302734
    endloop
  endfacet
  facet normal -0.5372993038715338 -0.8433916397849609 0
    outer loop
      vertex -24.588611602783203 27.846782684326172 2.3999996185302734
      vertex -24 27.4717960357666 11.5
      vertex -24.588611602783203 27.846782684326172 11.5
    endloop
  endfacet
  facet normal -0.5372993038715338 -0.8433916397849609 0
    outer loop
      vertex -24 27.4717960357666 11.5
      vertex -24.588611602783203 27.846782684326172 2.3999996185302734
      vertex -24 27.4717960357666 2.3999996185302734
    endloop
  endfacet
  facet normal -0.46174903548212276 -0.8870106133701724 0
    outer loop
      vertex -24 27.4717960357666 2.3999996185302734
      vertex -23.380945205688477 27.1495361328125 11.5
      vertex -24 27.4717960357666 11.5
    endloop
  endfacet
  facet normal -0.46174903548212276 -0.8870106133701724 0
    outer loop
      vertex -23.380945205688477 27.1495361328125 11.5
      vertex -24 27.4717960357666 2.3999996185302734
      vertex -23.380945205688477 27.1495361328125 2.3999996185302734
    endloop
  endfacet
  facet normal -0.38268311184817616 -0.9238796652736742 0
    outer loop
      vertex -23.380945205688477 27.1495361328125 2.3999996185302734
      vertex -22.736160278320312 26.882457733154297 11.5
      vertex -23.380945205688477 27.1495361328125 11.5
    endloop
  endfacet
  facet normal -0.38268311184817616 -0.9238796652736742 0
    outer loop
      vertex -22.736160278320312 26.882457733154297 11.5
      vertex -23.380945205688477 27.1495361328125 2.3999996185302734
      vertex -22.736160278320312 26.882457733154297 2.3999996185302734
    endloop
  endfacet
  facet normal 0.9914449909803443 0.13052520775691126 0
    outer loop
      vertex -12.030442237854004 -32.702754974365234 11.5
      vertex -12.121537208557129 -32.01081466674805 2.3999996185302734
      vertex -12.121537208557129 -32.01081466674805 11.5
    endloop
  endfacet
  facet normal 0.9914449909803443 0.13052520775691126 0
    outer loop
      vertex -12.121537208557129 -32.01081466674805 2.3999996185302734
      vertex -12.030442237854004 -32.702754974365234 11.5
      vertex -12.030442237854004 -32.702754974365234 2.3999996185302734
    endloop
  endfacet
  facet normal 0.8870111730432206 0.46174796035985893 0
    outer loop
      vertex -12.749537467956543 -30.019054412841797 11.5
      vertex -13.071796417236328 -29.399999618530273 2.3999996185302734
      vertex -13.071796417236328 -29.399999618530273 11.5
    endloop
  endfacet
  facet normal 0.8870111730432206 0.46174796035985893 0
    outer loop
      vertex -13.071796417236328 -29.399999618530273 2.3999996185302734
      vertex -12.749537467956543 -30.019054412841797 11.5
      vertex -12.749537467956543 -30.019054412841797 2.3999996185302734
    endloop
  endfacet
  facet normal 0.6755897231129728 0.7372777807747475 0
    outer loop
      vertex -14.343145370483398 -27.743144989013672 2.3999996185302734
      vertex -14.857698440551758 -27.271644592285156 11.5
      vertex -14.343145370483398 -27.743144989013672 11.5
    endloop
  endfacet
  facet normal 0.6755897231129728 0.7372777807747475 0
    outer loop
      vertex -14.857698440551758 -27.271644592285156 11.5
      vertex -14.343145370483398 -27.743144989013672 2.3999996185302734
      vertex -14.857698440551758 -27.271644592285156 2.3999996185302734
    endloop
  endfacet
  facet normal -0.38268311184817616 0.9238796652736742 0
    outer loop
      vertex -22.736160278320312 -25.882457733154297 2.3999996185302734
      vertex -23.380945205688477 -26.1495361328125 11.5
      vertex -22.736160278320312 -25.882457733154297 11.5
    endloop
  endfacet
  facet normal -0.38268311184817616 0.9238796652736742 0
    outer loop
      vertex -23.380945205688477 -26.1495361328125 11.5
      vertex -22.736160278320312 -25.882457733154297 2.3999996185302734
      vertex -23.380945205688477 -26.1495361328125 2.3999996185302734
    endloop
  endfacet
  facet normal -0.46174903548212276 0.8870106133701724 0
    outer loop
      vertex -23.380945205688477 -26.1495361328125 2.3999996185302734
      vertex -24 -26.4717960357666 11.5
      vertex -23.380945205688477 -26.1495361328125 11.5
    endloop
  endfacet
  facet normal -0.46174903548212276 0.8870106133701724 0
    outer loop
      vertex -24 -26.4717960357666 11.5
      vertex -23.380945205688477 -26.1495361328125 2.3999996185302734
      vertex -24 -26.4717960357666 2.3999996185302734
    endloop
  endfacet
  facet normal 0.9762959653815029 -0.21643980220791023 0
    outer loop
      vertex -12.272592544555664 -37.470550537109375 11.5
      vertex -12.121537208557129 -36.7891845703125 2.3999996185302734
      vertex -12.121537208557129 -36.7891845703125 11.5
    endloop
  endfacet
  facet normal 0.9762959653815029 -0.21643980220791023 0
    outer loop
      vertex -12.121537208557129 -36.7891845703125 2.3999996185302734
      vertex -12.272592544555664 -37.470550537109375 11.5
      vertex -12.272592544555664 -37.470550537109375 2.3999996185302734
    endloop
  endfacet
  facet normal -0.5372993038715338 0.8433916397849609 0
    outer loop
      vertex -24 -26.4717960357666 2.3999996185302734
      vertex -24.588611602783203 -26.846782684326172 11.5
      vertex -24 -26.4717960357666 11.5
    endloop
  endfacet
  facet normal -0.5372993038715338 0.8433916397849609 0
    outer loop
      vertex -24.588611602783203 -26.846782684326172 11.5
      vertex -24 -26.4717960357666 2.3999996185302734
      vertex -24.588611602783203 -26.846782684326172 2.3999996185302734
    endloop
  endfacet
  facet normal 0.999048234321217 0.04361909558506115 0
    outer loop
      vertex -12 -33.400001525878906 11.5
      vertex -12.030442237854004 -32.702754974365234 2.3999996185302734
      vertex -12.030442237854004 -32.702754974365234 11.5
    endloop
  endfacet
  facet normal 0.999048234321217 0.04361909558506115 0
    outer loop
      vertex -12.030442237854004 -32.702754974365234 2.3999996185302734
      vertex -12 -33.400001525878906 11.5
      vertex -12 -33.400001525878906 2.3999996185302734
    endloop
  endfacet
  facet normal 0.9914449909803443 -0.13052520775691126 0
    outer loop
      vertex -12.121537208557129 -36.7891845703125 11.5
      vertex -12.030442237854004 -36.09724426269531 2.3999996185302734
      vertex -12.030442237854004 -36.09724426269531 11.5
    endloop
  endfacet
  facet normal 0.9914449909803443 -0.13052520775691126 0
    outer loop
      vertex -12.030442237854004 -36.09724426269531 2.3999996185302734
      vertex -12.121537208557129 -36.7891845703125 11.5
      vertex -12.121537208557129 -36.7891845703125 2.3999996185302734
    endloop
  endfacet
  facet normal 0.5372993038715338 0.8433916397849609 0
    outer loop
      vertex -15.411388397216797 -26.846782684326172 2.3999996185302734
      vertex -16 -26.4717960357666 11.5
      vertex -15.411388397216797 -26.846782684326172 11.5
    endloop
  endfacet
  facet normal 0.5372993038715338 0.8433916397849609 0
    outer loop
      vertex -16 -26.4717960357666 11.5
      vertex -15.411388397216797 -26.846782684326172 2.3999996185302734
      vertex -16 -26.4717960357666 2.3999996185302734
    endloop
  endfacet
  facet normal -0.6087621496446203 0.7933527873273409 0
    outer loop
      vertex -24.588611602783203 -26.846782684326172 2.3999996185302734
      vertex -25 -27.162452697753906 11.5
      vertex -24.588611602783203 -26.846782684326172 11.5
    endloop
  endfacet
  facet normal -0.6087621496446203 0.7933527873273409 0
    outer loop
      vertex -25 -27.162452697753906 11.5
      vertex -24.588611602783203 -26.846782684326172 2.3999996185302734
      vertex -25 -27.162452697753906 2.3999996185302734
    endloop
  endfacet
  facet normal 1 0 0
    outer loop
      vertex -12 -35.400001525878906 11.5
      vertex -12 -33.400001525878906 2.3999996185302734
      vertex -12 -33.400001525878906 11.5
    endloop
  endfacet
  facet normal 1 0 0
    outer loop
      vertex -12 -33.400001525878906 2.3999996185302734
      vertex -12 -35.400001525878906 11.5
      vertex -12 -35.400001525878906 2.3999996185302734
    endloop
  endfacet
  facet normal 0.9537170555027715 0.3007054672651021 0
    outer loop
      vertex -12.272592544555664 -31.32944679260254 11.5
      vertex -12.482458114624023 -30.663837432861328 2.3999996185302734
      vertex -12.482458114624023 -30.663837432861328 11.5
    endloop
  endfacet
  facet normal 0.9537170555027715 0.3007054672651021 0
    outer loop
      vertex -12.482458114624023 -30.663837432861328 2.3999996185302734
      vertex -12.272592544555664 -31.32944679260254 11.5
      vertex -12.272592544555664 -31.32944679260254 2.3999996185302734
    endloop
  endfacet
  facet normal 0.9990482239216076 -0.04361933377622257 0
    outer loop
      vertex -12.030442237854004 -36.09724426269531 11.5
      vertex -12 -35.400001525878906 2.3999996185302734
      vertex -12 -35.400001525878906 11.5
    endloop
  endfacet
  facet normal 0.9990482239216076 -0.04361933377622257 0
    outer loop
      vertex -12 -35.400001525878906 2.3999996185302734
      vertex -12.030442237854004 -36.09724426269531 11.5
      vertex -12.030442237854004 -36.09724426269531 2.3999996185302734
    endloop
  endfacet
  facet normal 0.9238787819195005 -0.3826852444489337 0
    outer loop
      vertex -12.749537467956543 -38.78094482421875 11.5
      vertex -12.482458114624023 -38.13616180419922 2.3999996185302734
      vertex -12.482458114624023 -38.13616180419922 11.5
    endloop
  endfacet
  facet normal 0.9238787819195005 -0.3826852444489337 0
    outer loop
      vertex -12.482458114624023 -38.13616180419922 2.3999996185302734
      vertex -12.749537467956543 -38.78094482421875 11.5
      vertex -12.749537467956543 -38.78094482421875 2.3999996185302734
    endloop
  endfacet
  facet normal -0.30070625104146265 0.9537168083789804 0
    outer loop
      vertex -22.070552825927734 -25.672592163085938 2.3999996185302734
      vertex -22.736160278320312 -25.882457733154297 11.5
      vertex -22.070552825927734 -25.672592163085938 11.5
    endloop
  endfacet
  facet normal -0.30070625104146265 0.9537168083789804 0
    outer loop
      vertex -22.736160278320312 -25.882457733154297 11.5
      vertex -22.070552825927734 -25.672592163085938 2.3999996185302734
      vertex -22.736160278320312 -25.882457733154297 2.3999996185302734
    endloop
  endfacet
  facet normal 0.9238787819195005 0.3826852444489337 0
    outer loop
      vertex -12.482458114624023 -30.663837432861328 11.5
      vertex -12.749537467956543 -30.019054412841797 2.3999996185302734
      vertex -12.749537467956543 -30.019054412841797 11.5
    endloop
  endfacet
  facet normal 0.9238787819195005 0.3826852444489337 0
    outer loop
      vertex -12.749537467956543 -30.019054412841797 2.3999996185302734
      vertex -12.482458114624023 -30.663837432861328 11.5
      vertex -12.482458114624023 -30.663837432861328 2.3999996185302734
    endloop
  endfacet
  facet normal 0.3826821456097238 0.9238800655017609 0
    outer loop
      vertex -16.61905288696289 -26.1495361328125 2.3999996185302734
      vertex -17.263839721679688 -25.882457733154297 11.5
      vertex -16.61905288696289 -26.1495361328125 11.5
    endloop
  endfacet
  facet normal 0.3826821456097238 0.9238800655017609 0
    outer loop
      vertex -17.263839721679688 -25.882457733154297 11.5
      vertex -16.61905288696289 -26.1495361328125 2.3999996185302734
      vertex -17.263839721679688 -25.882457733154297 2.3999996185302734
    endloop
  endfacet
  facet normal 0.9537173026246303 -0.30070468349262425 0
    outer loop
      vertex -12.482458114624023 -38.13616180419922 11.5
      vertex -12.272592544555664 -37.470550537109375 2.3999996185302734
      vertex -12.272592544555664 -37.470550537109375 11.5
    endloop
  endfacet
  facet normal 0.9537173026246303 -0.30070468349262425 0
    outer loop
      vertex -12.272592544555664 -37.470550537109375 2.3999996185302734
      vertex -12.482458114624023 -38.13616180419922 11.5
      vertex -12.482458114624023 -38.13616180419922 2.3999996185302734
    endloop
  endfacet
  facet normal 0.737277100138495 0.6755904658973301 0
    outer loop
      vertex -13.871644020080566 -28.25769805908203 11.5
      vertex -14.343145370483398 -27.743144989013672 2.3999996185302734
      vertex -14.343145370483398 -27.743144989013672 11.5
    endloop
  endfacet
  facet normal 0.737277100138495 0.6755904658973301 0
    outer loop
      vertex -14.343145370483398 -27.743144989013672 2.3999996185302734
      vertex -13.871644020080566 -28.25769805908203 11.5
      vertex -13.871644020080566 -28.25769805908203 2.3999996185302734
    endloop
  endfacet
  facet normal 0.6087620253434304 0.7933528827071624 0
    outer loop
      vertex -14.857698440551758 -27.271644592285156 2.3999996185302734
      vertex -15.411388397216797 -26.846782684326172 11.5
      vertex -14.857698440551758 -27.271644592285156 11.5
    endloop
  endfacet
  facet normal 0.6087620253434304 0.7933528827071624 0
    outer loop
      vertex -15.411388397216797 -26.846782684326172 11.5
      vertex -14.857698440551758 -27.271644592285156 2.3999996185302734
      vertex -15.411388397216797 -26.846782684326172 2.3999996185302734
    endloop
  endfacet
  facet normal 0.30070625104146265 0.9537168083789804 0
    outer loop
      vertex -17.263839721679688 -25.882457733154297 2.3999996185302734
      vertex -17.929447174072266 -25.672592163085938 11.5
      vertex -17.263839721679688 -25.882457733154297 11.5
    endloop
  endfacet
  facet normal 0.30070625104146265 0.9537168083789804 0
    outer loop
      vertex -17.929447174072266 -25.672592163085938 11.5
      vertex -17.263839721679688 -25.882457733154297 2.3999996185302734
      vertex -17.929447174072266 -25.672592163085938 2.3999996185302734
    endloop
  endfacet
  facet normal -0.2164383347101716 0.9762962907170588 0
    outer loop
      vertex -21.5 -25.546104431152344 2.3999996185302734
      vertex -22.070552825927734 -25.672592163085938 11.5
      vertex -21.5 -25.546104431152344 11.5
    endloop
  endfacet
  facet normal -0.2164383347101716 0.9762962907170588 0
    outer loop
      vertex -22.070552825927734 -25.672592163085938 11.5
      vertex -21.5 -25.546104431152344 2.3999996185302734
      vertex -22.070552825927734 -25.672592163085938 2.3999996185302734
    endloop
  endfacet
  facet normal 0.8433916397849609 0.5372993038715338 0
    outer loop
      vertex -13.071796417236328 -29.399999618530273 11.5
      vertex -13.446783065795898 -28.81138801574707 2.3999996185302734
      vertex -13.446783065795898 -28.81138801574707 11.5
    endloop
  endfacet
  facet normal 0.8433916397849609 0.5372993038715338 0
    outer loop
      vertex -13.446783065795898 -28.81138801574707 2.3999996185302734
      vertex -13.071796417236328 -29.399999618530273 11.5
      vertex -13.071796417236328 -29.399999618530273 2.3999996185302734
    endloop
  endfacet
  facet normal 0.2164383347101716 0.9762962907170588 0
    outer loop
      vertex -17.929447174072266 -25.672592163085938 2.3999996185302734
      vertex -18.5 -25.546104431152344 11.5
      vertex -17.929447174072266 -25.672592163085938 11.5
    endloop
  endfacet
  facet normal 0.2164383347101716 0.9762962907170588 0
    outer loop
      vertex -18.5 -25.546104431152344 11.5
      vertex -17.929447174072266 -25.672592163085938 2.3999996185302734
      vertex -18.5 -25.546104431152344 2.3999996185302734
    endloop
  endfacet
  facet normal 0.4617501548311619 0.8870100306723696 0
    outer loop
      vertex -16 -26.4717960357666 2.3999996185302734
      vertex -16.61905288696289 -26.1495361328125 11.5
      vertex -16 -26.4717960357666 11.5
    endloop
  endfacet
  facet normal 0.4617501548311619 0.8870100306723696 0
    outer loop
      vertex -16.61905288696289 -26.1495361328125 11.5
      vertex -16 -26.4717960357666 2.3999996185302734
      vertex -16.61905288696289 -26.1495361328125 2.3999996185302734
    endloop
  endfacet
  facet normal 0.8870117557344399 -0.46174684101670516 0
    outer loop
      vertex -13.071796417236328 -39.400001525878906 11.5
      vertex -12.749537467956543 -38.78094482421875 2.3999996185302734
      vertex -12.749537467956543 -38.78094482421875 11.5
    endloop
  endfacet
  facet normal 0.8870117557344399 -0.46174684101670516 0
    outer loop
      vertex -12.749537467956543 -38.78094482421875 2.3999996185302734
      vertex -13.071796417236328 -39.400001525878906 11.5
      vertex -13.071796417236328 -39.400001525878906 2.3999996185302734
    endloop
  endfacet
  facet normal 0.9762960934091188 0.21643922471237337 0
    outer loop
      vertex -12.121537208557129 -32.01081466674805 11.5
      vertex -12.272592544555664 -31.32944679260254 2.3999996185302734
      vertex -12.272592544555664 -31.32944679260254 11.5
    endloop
  endfacet
  facet normal 0.9762960934091188 0.21643922471237337 0
    outer loop
      vertex -12.272592544555664 -31.32944679260254 2.3999996185302734
      vertex -12.121537208557129 -32.01081466674805 11.5
      vertex -12.121537208557129 -32.01081466674805 2.3999996185302734
    endloop
  endfacet
  facet normal 0.7933535426614531 0.6087611652746271 0
    outer loop
      vertex -13.446783065795898 -28.81138801574707 11.5
      vertex -13.871644020080566 -28.25769805908203 2.3999996185302734
      vertex -13.871644020080566 -28.25769805908203 11.5
    endloop
  endfacet
  facet normal 0.7933535426614531 0.6087611652746271 0
    outer loop
      vertex -13.871644020080566 -28.25769805908203 2.3999996185302734
      vertex -13.446783065795898 -28.81138801574707 11.5
      vertex -13.446783065795898 -28.81138801574707 2.3999996185302734
    endloop
  endfacet
  facet normal 1 0 0
    outer loop
      vertex -18.5 -25.546104431152344 11.5
      vertex -18.5 -2 2.3999996185302734
      vertex -18.5 -2 11.5
    endloop
  endfacet
  facet normal 1 0 0
    outer loop
      vertex -18.5 -2 2.3999996185302734
      vertex -18.5 -25.546104431152344 11.5
      vertex -18.5 -25.546104431152344 2.3999996185302734
    endloop
  endfacet
  facet normal 1 0 0
    outer loop
      vertex -18.5 2 11.5
      vertex -18.5 26.546104431152344 2.3999996185302734
      vertex -18.5 26.546104431152344 11.5
    endloop
  endfacet
  facet normal 1 0 0
    outer loop
      vertex -18.5 26.546104431152344 2.3999996185302734
      vertex -18.5 2 11.5
      vertex -18.5 2 2.3999996185302734
    endloop
  endfacet
  facet normal -1 0 0
    outer loop
      vertex -21.5 -25.546104431152344 2.3999996185302734
      vertex -21.5 -2 11.5
      vertex -21.5 -2 2.3999996185302734
    endloop
  endfacet
  facet normal -1 0 0
    outer loop
      vertex -21.5 -2 11.5
      vertex -21.5 -25.546104431152344 2.3999996185302734
      vertex -21.5 -25.546104431152344 11.5
    endloop
  endfacet
  facet normal -1 0 0
    outer loop
      vertex -21.5 2 2.3999996185302734
      vertex -21.5 26.546104431152344 11.5
      vertex -21.5 26.546104431152344 2.3999996185302734
    endloop
  endfacet
  facet normal -1 0 0
    outer loop
      vertex -21.5 26.546104431152344 11.5
      vertex -21.5 2 2.3999996185302734
      vertex -21.5 2 11.5
    endloop
  endfacet
  facet normal -0.8870111730432206 -0.46174796035985893 0
    outer loop
      vertex 3.071796417236328 30.399999618530273 2.3999996185302734
      vertex 2.749537467956543 31.019054412841797 11.5
      vertex 2.749537467956543 31.019054412841797 2.3999996185302734
    endloop
  endfacet
  facet normal -0.8870111730432206 -0.46174796035985893 0
    outer loop
      vertex 2.749537467956543 31.019054412841797 11.5
      vertex 3.071796417236328 30.399999618530273 2.3999996185302734
      vertex 3.071796417236328 30.399999618530273 11.5
    endloop
  endfacet
  facet normal 0.9914449909803443 0.13052520775691126 0
    outer loop
      vertex 17.96955680847168 35.09724426269531 11.5
      vertex 17.878461837768555 35.7891845703125 2.3999996185302734
      vertex 17.878461837768555 35.7891845703125 11.5
    endloop
  endfacet
  facet normal 0.9914449909803443 0.13052520775691126 0
    outer loop
      vertex 17.878461837768555 35.7891845703125 2.3999996185302734
      vertex 17.96955680847168 35.09724426269531 11.5
      vertex 17.96955680847168 35.09724426269531 2.3999996185302734
    endloop
  endfacet
  facet normal 0.38268311184817616 -0.9238796652736742 0
    outer loop
      vertex 12.736160278320312 26.882457733154297 2.3999996185302734
      vertex 13.380945205688477 27.1495361328125 11.5
      vertex 12.736160278320312 26.882457733154297 11.5
    endloop
  endfacet
  facet normal 0.38268311184817616 -0.9238796652736742 0
    outer loop
      vertex 13.380945205688477 27.1495361328125 11.5
      vertex 12.736160278320312 26.882457733154297 2.3999996185302734
      vertex 13.380945205688477 27.1495361328125 2.3999996185302734
    endloop
  endfacet
  facet normal 0.6755897231129728 -0.7372777807747475 0
    outer loop
      vertex 15.142300605773926 28.271644592285156 2.3999996185302734
      vertex 15.656853675842285 28.743144989013672 11.5
      vertex 15.142300605773926 28.271644592285156 11.5
    endloop
  endfacet
  facet normal 0.6755897231129728 -0.7372777807747475 0
    outer loop
      vertex 15.656853675842285 28.743144989013672 11.5
      vertex 15.142300605773926 28.271644592285156 2.3999996185302734
      vertex 15.656853675842285 28.743144989013672 2.3999996185302734
    endloop
  endfacet
  facet normal 0.9990481643725648 0.043620697653849225 0
    outer loop
      vertex 18 34.400001525878906 11.5
      vertex 17.96955680847168 35.09724426269531 2.3999996185302734
      vertex 17.96955680847168 35.09724426269531 11.5
    endloop
  endfacet
  facet normal 0.9990481643725648 0.043620697653849225 0
    outer loop
      vertex 17.96955680847168 35.09724426269531 2.3999996185302734
      vertex 18 34.400001525878906 11.5
      vertex 18 34.400001525878906 2.3999996185302734
    endloop
  endfacet
  facet normal 0.9990481747728241 -0.04362045945526851 0
    outer loop
      vertex 17.96955680847168 33.702754974365234 11.5
      vertex 18 34.400001525878906 2.3999996185302734
      vertex 18 34.400001525878906 11.5
    endloop
  endfacet
  facet normal 0.9990481747728241 -0.04362045945526851 0
    outer loop
      vertex 18 34.400001525878906 2.3999996185302734
      vertex 17.96955680847168 33.702754974365234 11.5
      vertex 17.96955680847168 33.702754974365234 2.3999996185302734
    endloop
  endfacet
  facet normal 0.9238792650425558 -0.3826840780910893 0
    outer loop
      vertex 17.25046157836914 31.019054412841797 11.5
      vertex 17.517539978027344 31.663837432861328 2.3999996185302734
      vertex 17.517539978027344 31.663837432861328 11.5
    endloop
  endfacet
  facet normal 0.9238792650425558 -0.3826840780910893 0
    outer loop
      vertex 17.517539978027344 31.663837432861328 2.3999996185302734
      vertex 17.25046157836914 31.019054412841797 11.5
      vertex 17.25046157836914 31.019054412841797 2.3999996185302734
    endloop
  endfacet
  facet normal 0.9537173026246303 0.30070468349262425 0
    outer loop
      vertex 17.727405548095703 36.470550537109375 11.5
      vertex 17.517539978027344 37.13616180419922 2.3999996185302734
      vertex 17.517539978027344 37.13616180419922 11.5
    endloop
  endfacet
  facet normal 0.9537173026246303 0.30070468349262425 0
    outer loop
      vertex 17.517539978027344 37.13616180419922 2.3999996185302734
      vertex 17.727405548095703 36.470550537109375 11.5
      vertex 17.727405548095703 36.470550537109375 2.3999996185302734
    endloop
  endfacet
  facet normal -0.9762959653815029 0.21643980220791023 0
    outer loop
      vertex 2.121537208557129 35.7891845703125 2.3999996185302734
      vertex 2.272592544555664 36.470550537109375 11.5
      vertex 2.272592544555664 36.470550537109375 2.3999996185302734
    endloop
  endfacet
  facet normal -0.9762959653815029 0.21643980220791023 0
    outer loop
      vertex 2.272592544555664 36.470550537109375 11.5
      vertex 2.121537208557129 35.7891845703125 2.3999996185302734
      vertex 2.121537208557129 35.7891845703125 11.5
    endloop
  endfacet
  facet normal -0.8870117557344399 0.46174684101670516 0
    outer loop
      vertex 2.749537467956543 37.78094482421875 2.3999996185302734
      vertex 3.071796417236328 38.400001525878906 11.5
      vertex 3.071796417236328 38.400001525878906 2.3999996185302734
    endloop
  endfacet
  facet normal -0.8870117557344399 0.46174684101670516 0
    outer loop
      vertex 3.071796417236328 38.400001525878906 11.5
      vertex 2.749537467956543 37.78094482421875 2.3999996185302734
      vertex 2.749537467956543 37.78094482421875 11.5
    endloop
  endfacet
  facet normal 0.8870123154045454 0.46174576589359995 0
    outer loop
      vertex 17.25046157836914 37.78094482421875 11.5
      vertex 16.928203582763672 38.400001525878906 2.3999996185302734
      vertex 16.928203582763672 38.400001525878906 11.5
    endloop
  endfacet
  facet normal 0.8870123154045454 0.46174576589359995 0
    outer loop
      vertex 16.928203582763672 38.400001525878906 2.3999996185302734
      vertex 17.25046157836914 37.78094482421875 11.5
      vertex 17.25046157836914 37.78094482421875 2.3999996185302734
    endloop
  endfacet
  facet normal -0.7933557356357539 0.6087583073222506 0
    outer loop
      vertex 3.4467830657958984 38.988609313964844 2.3999996185302734
      vertex 3.7624528408050537 39.400001525878906 11.5
      vertex 3.7624528408050537 39.400001525878906 2.3999996185302734
    endloop
  endfacet
  facet normal -0.7933557356357539 0.6087583073222506 0
    outer loop
      vertex 3.7624528408050537 39.400001525878906 11.5
      vertex 3.4467830657958984 38.988609313964844 2.3999996185302734
      vertex 3.4467830657958984 38.988609313964844 11.5
    endloop
  endfacet
  facet normal -0.300705859152797 -0.9537169319411174 0
    outer loop
      vertex 7.263838768005371 26.882457733154297 2.3999996185302734
      vertex 7.929447174072266 26.672592163085938 11.5
      vertex 7.263838768005371 26.882457733154297 11.5
    endloop
  endfacet
  facet normal -0.300705859152797 -0.9537169319411174 0
    outer loop
      vertex 7.929447174072266 26.672592163085938 11.5
      vertex 7.263838768005371 26.882457733154297 2.3999996185302734
      vertex 7.929447174072266 26.672592163085938 2.3999996185302734
    endloop
  endfacet
  facet normal -0.9914449909803443 0.13052520775691126 0
    outer loop
      vertex 2.030442237854004 35.09724426269531 2.3999996185302734
      vertex 2.121537208557129 35.7891845703125 11.5
      vertex 2.121537208557129 35.7891845703125 2.3999996185302734
    endloop
  endfacet
  facet normal -0.9914449909803443 0.13052520775691126 0
    outer loop
      vertex 2.121537208557129 35.7891845703125 11.5
      vertex 2.030442237854004 35.09724426269531 2.3999996185302734
      vertex 2.030442237854004 35.09724426269531 11.5
    endloop
  endfacet
  facet normal -0.5372993038715338 -0.8433916397849609 0
    outer loop
      vertex 5.411388397216797 27.846782684326172 2.3999996185302734
      vertex 6 27.4717960357666 11.5
      vertex 5.411388397216797 27.846782684326172 11.5
    endloop
  endfacet
  facet normal -0.5372993038715338 -0.8433916397849609 0
    outer loop
      vertex 6 27.4717960357666 11.5
      vertex 5.411388397216797 27.846782684326172 2.3999996185302734
      vertex 6 27.4717960357666 2.3999996185302734
    endloop
  endfacet
  facet normal -0.46174959515605585 -0.8870103220218006 0
    outer loop
      vertex 6 27.4717960357666 2.3999996185302734
      vertex 6.619053840637207 27.1495361328125 11.5
      vertex 6 27.4717960357666 11.5
    endloop
  endfacet
  facet normal -0.46174959515605585 -0.8870103220218006 0
    outer loop
      vertex 6.619053840637207 27.1495361328125 11.5
      vertex 6 27.4717960357666 2.3999996185302734
      vertex 6.619053840637207 27.1495361328125 2.3999996185302734
    endloop
  endfacet
  facet normal -0.6755897231129728 -0.7372777807747475 0
    outer loop
      vertex 4.343145370483398 28.743144989013672 2.3999996185302734
      vertex 4.857698440551758 28.271644592285156 11.5
      vertex 4.343145370483398 28.743144989013672 11.5
    endloop
  endfacet
  facet normal -0.6755897231129728 -0.7372777807747475 0
    outer loop
      vertex 4.857698440551758 28.271644592285156 11.5
      vertex 4.343145370483398 28.743144989013672 2.3999996185302734
      vertex 4.857698440551758 28.271644592285156 2.3999996185302734
    endloop
  endfacet
  facet normal -0.38268311184817616 -0.9238796652736742 0
    outer loop
      vertex 6.619053840637207 27.1495361328125 2.3999996185302734
      vertex 7.263838768005371 26.882457733154297 11.5
      vertex 6.619053840637207 27.1495361328125 11.5
    endloop
  endfacet
  facet normal -0.38268311184817616 -0.9238796652736742 0
    outer loop
      vertex 7.263838768005371 26.882457733154297 11.5
      vertex 6.619053840637207 27.1495361328125 2.3999996185302734
      vertex 7.263838768005371 26.882457733154297 2.3999996185302734
    endloop
  endfacet
  facet normal 0.6087620253434304 -0.7933528827071624 0
    outer loop
      vertex 14.588610649108887 27.846782684326172 2.3999996185302734
      vertex 15.142300605773926 28.271644592285156 11.5
      vertex 14.588610649108887 27.846782684326172 11.5
    endloop
  endfacet
  facet normal 0.6087620253434304 -0.7933528827071624 0
    outer loop
      vertex 15.142300605773926 28.271644592285156 11.5
      vertex 14.588610649108887 27.846782684326172 2.3999996185302734
      vertex 15.142300605773926 28.271644592285156 2.3999996185302734
    endloop
  endfacet
  facet normal -0.9537168083789804 -0.30070625104146265 0
    outer loop
      vertex 2.4824581146240234 31.663837432861328 2.3999996185302734
      vertex 2.272592544555664 32.329444885253906 11.5
      vertex 2.272592544555664 32.329444885253906 2.3999996185302734
    endloop
  endfacet
  facet normal -0.9537168083789804 -0.30070625104146265 0
    outer loop
      vertex 2.272592544555664 32.329444885253906 11.5
      vertex 2.4824581146240234 31.663837432861328 2.3999996185302734
      vertex 2.4824581146240234 31.663837432861328 11.5
    endloop
  endfacet
  facet normal -0.9238787819195005 -0.3826852444489337 0
    outer loop
      vertex 2.749537467956543 31.019054412841797 2.3999996185302734
      vertex 2.4824581146240234 31.663837432861328 11.5
      vertex 2.4824581146240234 31.663837432861328 2.3999996185302734
    endloop
  endfacet
  facet normal -0.9238787819195005 -0.3826852444489337 0
    outer loop
      vertex 2.4824581146240234 31.663837432861328 11.5
      vertex 2.749537467956543 31.019054412841797 2.3999996185302734
      vertex 2.749537467956543 31.019054412841797 11.5
    endloop
  endfacet
  facet normal 0.9238792650425558 0.3826840780910893 0
    outer loop
      vertex 17.517539978027344 37.13616180419922 11.5
      vertex 17.25046157836914 37.78094482421875 2.3999996185302734
      vertex 17.25046157836914 37.78094482421875 11.5
    endloop
  endfacet
  facet normal 0.9238792650425558 0.3826840780910893 0
    outer loop
      vertex 17.25046157836914 37.78094482421875 2.3999996185302734
      vertex 17.517539978027344 37.13616180419922 11.5
      vertex 17.517539978027344 37.13616180419922 2.3999996185302734
    endloop
  endfacet
  facet normal -0.9238787819195005 0.3826852444489337 0
    outer loop
      vertex 2.4824581146240234 37.13616180419922 2.3999996185302734
      vertex 2.749537467956543 37.78094482421875 11.5
      vertex 2.749537467956543 37.78094482421875 2.3999996185302734
    endloop
  endfacet
  facet normal -0.9238787819195005 0.3826852444489337 0
    outer loop
      vertex 2.749537467956543 37.78094482421875 11.5
      vertex 2.4824581146240234 37.13616180419922 2.3999996185302734
      vertex 2.4824581146240234 37.13616180419922 11.5
    endloop
  endfacet
  facet normal -0.9537173026246303 0.30070468349262425 0
    outer loop
      vertex 2.272592544555664 36.470550537109375 2.3999996185302734
      vertex 2.4824581146240234 37.13616180419922 11.5
      vertex 2.4824581146240234 37.13616180419922 2.3999996185302734
    endloop
  endfacet
  facet normal -0.9537173026246303 0.30070468349262425 0
    outer loop
      vertex 2.4824581146240234 37.13616180419922 11.5
      vertex 2.272592544555664 36.470550537109375 2.3999996185302734
      vertex 2.272592544555664 36.470550537109375 11.5
    endloop
  endfacet
  facet normal 0.9914449909803443 -0.13052520775691126 0
    outer loop
      vertex 17.878461837768555 33.01081466674805 11.5
      vertex 17.96955680847168 33.702754974365234 2.3999996185302734
      vertex 17.96955680847168 33.702754974365234 11.5
    endloop
  endfacet
  facet normal 0.9914449909803443 -0.13052520775691126 0
    outer loop
      vertex 17.96955680847168 33.702754974365234 2.3999996185302734
      vertex 17.878461837768555 33.01081466674805 11.5
      vertex 17.878461837768555 33.01081466674805 2.3999996185302734
    endloop
  endfacet
  facet normal 0.300705859152797 -0.9537169319411174 0
    outer loop
      vertex 12.070551872253418 26.672592163085938 2.3999996185302734
      vertex 12.736160278320312 26.882457733154297 11.5
      vertex 12.070551872253418 26.672592163085938 11.5
    endloop
  endfacet
  facet normal 0.300705859152797 -0.9537169319411174 0
    outer loop
      vertex 12.736160278320312 26.882457733154297 11.5
      vertex 12.070551872253418 26.672592163085938 2.3999996185302734
      vertex 12.736160278320312 26.882457733154297 2.3999996185302734
    endloop
  endfacet
  facet normal -0.8433916397849609 -0.5372993038715338 0
    outer loop
      vertex 3.4467830657958984 29.81138801574707 2.3999996185302734
      vertex 3.071796417236328 30.399999618530273 11.5
      vertex 3.071796417236328 30.399999618530273 2.3999996185302734
    endloop
  endfacet
  facet normal -0.8433916397849609 -0.5372993038715338 0
    outer loop
      vertex 3.071796417236328 30.399999618530273 11.5
      vertex 3.4467830657958984 29.81138801574707 2.3999996185302734
      vertex 3.4467830657958984 29.81138801574707 11.5
    endloop
  endfacet
  facet normal 0.9537168083789804 -0.30070625104146265 0
    outer loop
      vertex 17.517539978027344 31.663837432861328 11.5
      vertex 17.727405548095703 32.329444885253906 2.3999996185302734
      vertex 17.727405548095703 32.329444885253906 11.5
    endloop
  endfacet
  facet normal 0.9537168083789804 -0.30070625104146265 0
    outer loop
      vertex 17.727405548095703 32.329444885253906 2.3999996185302734
      vertex 17.517539978027344 31.663837432861328 11.5
      vertex 17.517539978027344 31.663837432861328 2.3999996185302734
    endloop
  endfacet
  facet normal -0.9990482239216076 0.04361933377622257 0
    outer loop
      vertex 2 34.400001525878906 2.3999996185302734
      vertex 2.030442237854004 35.09724426269531 11.5
      vertex 2.030442237854004 35.09724426269531 2.3999996185302734
    endloop
  endfacet
  facet normal -0.9990482239216076 0.04361933377622257 0
    outer loop
      vertex 2.030442237854004 35.09724426269531 11.5
      vertex 2 34.400001525878906 2.3999996185302734
      vertex 2 34.400001525878906 11.5
    endloop
  endfacet
  facet normal -0.7933535426614531 -0.6087611652746271 0
    outer loop
      vertex 3.8716440200805664 29.25769805908203 2.3999996185302734
      vertex 3.4467830657958984 29.81138801574707 11.5
      vertex 3.4467830657958984 29.81138801574707 2.3999996185302734
    endloop
  endfacet
  facet normal -0.7933535426614531 -0.6087611652746271 0
    outer loop
      vertex 3.4467830657958984 29.81138801574707 11.5
      vertex 3.8716440200805664 29.25769805908203 2.3999996185302734
      vertex 3.8716440200805664 29.25769805908203 11.5
    endloop
  endfacet
  facet normal -0.999048234321217 -0.04361909558506115 0
    outer loop
      vertex 2.030442237854004 33.702754974365234 2.3999996185302734
      vertex 2 34.400001525878906 11.5
      vertex 2 34.400001525878906 2.3999996185302734
    endloop
  endfacet
  facet normal -0.999048234321217 -0.04361909558506115 0
    outer loop
      vertex 2 34.400001525878906 11.5
      vertex 2.030442237854004 33.702754974365234 2.3999996185302734
      vertex 2.030442237854004 33.702754974365234 11.5
    endloop
  endfacet
  facet normal 0.5372999230937484 -0.8433912452968978 0
    outer loop
      vertex 14 27.4717960357666 2.3999996185302734
      vertex 14.588610649108887 27.846782684326172 11.5
      vertex 14 27.4717960357666 11.5
    endloop
  endfacet
  facet normal 0.5372999230937484 -0.8433912452968978 0
    outer loop
      vertex 14.588610649108887 27.846782684326172 11.5
      vertex 14 27.4717960357666 2.3999996185302734
      vertex 14.588610649108887 27.846782684326172 2.3999996185302734
    endloop
  endfacet
  facet normal 0.9762956766321995 0.2164411046665481 0
    outer loop
      vertex 17.878461837768555 35.7891845703125 11.5
      vertex 17.727405548095703 36.470550537109375 2.3999996185302734
      vertex 17.727405548095703 36.470550537109375 11.5
    endloop
  endfacet
  facet normal 0.9762956766321995 0.2164411046665481 0
    outer loop
      vertex 17.727405548095703 36.470550537109375 2.3999996185302734
      vertex 17.878461837768555 35.7891845703125 11.5
      vertex 17.878461837768555 35.7891845703125 2.3999996185302734
    endloop
  endfacet
  facet normal -0.737277100138495 -0.6755904658973301 0
    outer loop
      vertex 4.343145370483398 28.743144989013672 2.3999996185302734
      vertex 3.8716440200805664 29.25769805908203 11.5
      vertex 3.8716440200805664 29.25769805908203 2.3999996185302734
    endloop
  endfacet
  facet normal -0.737277100138495 -0.6755904658973301 0
    outer loop
      vertex 3.8716440200805664 29.25769805908203 11.5
      vertex 4.343145370483398 28.743144989013672 2.3999996185302734
      vertex 4.343145370483398 28.743144989013672 11.5
    endloop
  endfacet
  facet normal -0.8433900618245251 0.5373017807672179 0
    outer loop
      vertex 3.071796417236328 38.400001525878906 2.3999996185302734
      vertex 3.4467830657958984 38.988609313964844 11.5
      vertex 3.4467830657958984 38.988609313964844 2.3999996185302734
    endloop
  endfacet
  facet normal -0.8433900618245251 0.5373017807672179 0
    outer loop
      vertex 3.4467830657958984 38.988609313964844 11.5
      vertex 3.071796417236328 38.400001525878906 2.3999996185302734
      vertex 3.071796417236328 38.400001525878906 11.5
    endloop
  endfacet
  facet normal -0.2164383347101716 -0.9762962907170588 0
    outer loop
      vertex 7.929447174072266 26.672592163085938 2.3999996185302734
      vertex 8.5 26.546104431152344 11.5
      vertex 7.929447174072266 26.672592163085938 11.5
    endloop
  endfacet
  facet normal -0.2164383347101716 -0.9762962907170588 0
    outer loop
      vertex 8.5 26.546104431152344 11.5
      vertex 7.929447174072266 26.672592163085938 2.3999996185302734
      vertex 8.5 26.546104431152344 2.3999996185302734
    endloop
  endfacet
  facet normal 0.8433904013412475 -0.5373012478353735 0
    outer loop
      vertex 16.55321502685547 29.81138801574707 11.5
      vertex 16.928203582763672 30.399999618530273 2.3999996185302734
      vertex 16.928203582763672 30.399999618530273 11.5
    endloop
  endfacet
  facet normal 0.8433904013412475 -0.5373012478353735 0
    outer loop
      vertex 16.928203582763672 30.399999618530273 2.3999996185302734
      vertex 16.55321502685547 29.81138801574707 11.5
      vertex 16.55321502685547 29.81138801574707 2.3999996185302734
    endloop
  endfacet
  facet normal 0.21643867953804452 -0.9762962142709699 0
    outer loop
      vertex 11.5 26.546104431152344 2.3999996185302734
      vertex 12.070551872253418 26.672592163085938 11.5
      vertex 11.5 26.546104431152344 11.5
    endloop
  endfacet
  facet normal 0.21643867953804452 -0.9762962142709699 0
    outer loop
      vertex 12.070551872253418 26.672592163085938 11.5
      vertex 11.5 26.546104431152344 2.3999996185302734
      vertex 12.070551872253418 26.672592163085938 2.3999996185302734
    endloop
  endfacet
  facet normal 0.7933542026159093 -0.6087603052036776 0
    outer loop
      vertex 16.128355026245117 29.25769805908203 11.5
      vertex 16.55321502685547 29.81138801574707 2.3999996185302734
      vertex 16.55321502685547 29.81138801574707 11.5
    endloop
  endfacet
  facet normal 0.7933542026159093 -0.6087603052036776 0
    outer loop
      vertex 16.55321502685547 29.81138801574707 2.3999996185302734
      vertex 16.128355026245117 29.25769805908203 11.5
      vertex 16.128355026245117 29.25769805908203 2.3999996185302734
    endloop
  endfacet
  facet normal -0.9914449909803443 -0.13052520775691126 0
    outer loop
      vertex 2.121537208557129 33.01081466674805 2.3999996185302734
      vertex 2.030442237854004 33.702754974365234 11.5
      vertex 2.030442237854004 33.702754974365234 2.3999996185302734
    endloop
  endfacet
  facet normal -0.9914449909803443 -0.13052520775691126 0
    outer loop
      vertex 2.030442237854004 33.702754974365234 11.5
      vertex 2.121537208557129 33.01081466674805 2.3999996185302734
      vertex 2.121537208557129 33.01081466674805 11.5
    endloop
  endfacet
  facet normal 0.46174903548212276 -0.8870106133701724 0
    outer loop
      vertex 13.380945205688477 27.1495361328125 2.3999996185302734
      vertex 14 27.4717960357666 11.5
      vertex 13.380945205688477 27.1495361328125 11.5
    endloop
  endfacet
  facet normal 0.46174903548212276 -0.8870106133701724 0
    outer loop
      vertex 14 27.4717960357666 11.5
      vertex 13.380945205688477 27.1495361328125 2.3999996185302734
      vertex 14 27.4717960357666 2.3999996185302734
    endloop
  endfacet
  facet normal -0.6087620253434304 -0.7933528827071624 0
    outer loop
      vertex 4.857698440551758 28.271644592285156 2.3999996185302734
      vertex 5.411388397216797 27.846782684326172 11.5
      vertex 4.857698440551758 28.271644592285156 11.5
    endloop
  endfacet
  facet normal -0.6087620253434304 -0.7933528827071624 0
    outer loop
      vertex 5.411388397216797 27.846782684326172 11.5
      vertex 4.857698440551758 28.271644592285156 2.3999996185302734
      vertex 5.411388397216797 27.846782684326172 2.3999996185302734
    endloop
  endfacet
  facet normal 0.9762959326894124 -0.21643994967221317 0
    outer loop
      vertex 17.727405548095703 32.329444885253906 11.5
      vertex 17.878461837768555 33.01081466674805 2.3999996185302734
      vertex 17.878461837768555 33.01081466674805 11.5
    endloop
  endfacet
  facet normal 0.9762959326894124 -0.21643994967221317 0
    outer loop
      vertex 17.878461837768555 33.01081466674805 2.3999996185302734
      vertex 17.727405548095703 32.329444885253906 11.5
      vertex 17.727405548095703 32.329444885253906 2.3999996185302734
    endloop
  endfacet
  facet normal 0.8433888233717107 0.5373037247327449 0
    outer loop
      vertex 16.928203582763672 38.400001525878906 11.5
      vertex 16.55321502685547 38.988609313964844 2.3999996185302734
      vertex 16.55321502685547 38.988609313964844 11.5
    endloop
  endfacet
  facet normal 0.8433888233717107 0.5373037247327449 0
    outer loop
      vertex 16.55321502685547 38.988609313964844 2.3999996185302734
      vertex 16.928203582763672 38.400001525878906 11.5
      vertex 16.928203582763672 38.400001525878906 2.3999996185302734
    endloop
  endfacet
  facet normal 0.793357290036623 0.6087562815657391 0
    outer loop
      vertex 16.55321502685547 38.988609313964844 11.5
      vertex 16.237546920776367 39.400001525878906 2.3999996185302734
      vertex 16.237546920776367 39.400001525878906 11.5
    endloop
  endfacet
  facet normal 0.793357290036623 0.6087562815657391 0
    outer loop
      vertex 16.237546920776367 39.400001525878906 2.3999996185302734
      vertex 16.55321502685547 38.988609313964844 11.5
      vertex 16.55321502685547 38.988609313964844 2.3999996185302734
    endloop
  endfacet
  facet normal 0.737277100138495 -0.6755904658973301 0
    outer loop
      vertex 15.656853675842285 28.743144989013672 11.5
      vertex 16.128355026245117 29.25769805908203 2.3999996185302734
      vertex 16.128355026245117 29.25769805908203 11.5
    endloop
  endfacet
  facet normal 0.737277100138495 -0.6755904658973301 0
    outer loop
      vertex 16.128355026245117 29.25769805908203 2.3999996185302734
      vertex 15.656853675842285 28.743144989013672 11.5
      vertex 15.656853675842285 28.743144989013672 2.3999996185302734
    endloop
  endfacet
  facet normal -0.9762962214357099 -0.21643864721984246 0
    outer loop
      vertex 2.272592544555664 32.329444885253906 2.3999996185302734
      vertex 2.121537208557129 33.01081466674805 11.5
      vertex 2.121537208557129 33.01081466674805 2.3999996185302734
    endloop
  endfacet
  facet normal -0.9762962214357099 -0.21643864721984246 0
    outer loop
      vertex 2.121537208557129 33.01081466674805 11.5
      vertex 2.272592544555664 32.329444885253906 2.3999996185302734
      vertex 2.272592544555664 32.329444885253906 11.5
    endloop
  endfacet
  facet normal 0.8870117327156718 -0.46174688523555996 0
    outer loop
      vertex 16.928203582763672 30.399999618530273 11.5
      vertex 17.25046157836914 31.019054412841797 2.3999996185302734
      vertex 17.25046157836914 31.019054412841797 11.5
    endloop
  endfacet
  facet normal 0.8870117327156718 -0.46174688523555996 0
    outer loop
      vertex 17.25046157836914 31.019054412841797 2.3999996185302734
      vertex 16.928203582763672 30.399999618530273 11.5
      vertex 16.928203582763672 30.399999618530273 2.3999996185302734
    endloop
  endfacet
  facet normal 0.9762956766321995 -0.2164411046665481 0
    outer loop
      vertex 17.727405548095703 -37.470550537109375 11.5
      vertex 17.878461837768555 -36.7891845703125 2.3999996185302734
      vertex 17.878461837768555 -36.7891845703125 11.5
    endloop
  endfacet
  facet normal 0.9762956766321995 -0.2164411046665481 0
    outer loop
      vertex 17.878461837768555 -36.7891845703125 2.3999996185302734
      vertex 17.727405548095703 -37.470550537109375 11.5
      vertex 17.727405548095703 -37.470550537109375 2.3999996185302734
    endloop
  endfacet
  facet normal -0.9990482239216076 -0.04361933377622257 0
    outer loop
      vertex 2.030442237854004 -36.09724426269531 2.3999996185302734
      vertex 2 -35.400001525878906 11.5
      vertex 2 -35.400001525878906 2.3999996185302734
    endloop
  endfacet
  facet normal -0.9990482239216076 -0.04361933377622257 0
    outer loop
      vertex 2 -35.400001525878906 11.5
      vertex 2.030442237854004 -36.09724426269531 2.3999996185302734
      vertex 2.030442237854004 -36.09724426269531 11.5
    endloop
  endfacet
  facet normal -0.9914449909803443 0.13052520775691126 0
    outer loop
      vertex 2.030442237854004 -32.702754974365234 2.3999996185302734
      vertex 2.121537208557129 -32.01081466674805 11.5
      vertex 2.121537208557129 -32.01081466674805 2.3999996185302734
    endloop
  endfacet
  facet normal -0.9914449909803443 0.13052520775691126 0
    outer loop
      vertex 2.121537208557129 -32.01081466674805 11.5
      vertex 2.030442237854004 -32.702754974365234 2.3999996185302734
      vertex 2.030442237854004 -32.702754974365234 11.5
    endloop
  endfacet
  facet normal 0.38268311184817616 0.9238796652736742 0
    outer loop
      vertex 13.380945205688477 -26.1495361328125 2.3999996185302734
      vertex 12.736160278320312 -25.882457733154297 11.5
      vertex 13.380945205688477 -26.1495361328125 11.5
    endloop
  endfacet
  facet normal 0.38268311184817616 0.9238796652736742 0
    outer loop
      vertex 12.736160278320312 -25.882457733154297 11.5
      vertex 13.380945205688477 -26.1495361328125 2.3999996185302734
      vertex 12.736160278320312 -25.882457733154297 2.3999996185302734
    endloop
  endfacet
  facet normal 0.6755897231129728 0.7372777807747475 0
    outer loop
      vertex 15.656853675842285 -27.743144989013672 2.3999996185302734
      vertex 15.142300605773926 -27.271644592285156 11.5
      vertex 15.656853675842285 -27.743144989013672 11.5
    endloop
  endfacet
  facet normal 0.6755897231129728 0.7372777807747475 0
    outer loop
      vertex 15.142300605773926 -27.271644592285156 11.5
      vertex 15.656853675842285 -27.743144989013672 2.3999996185302734
      vertex 15.142300605773926 -27.271644592285156 2.3999996185302734
    endloop
  endfacet
  facet normal -0.8433916397849609 0.5372993038715338 0
    outer loop
      vertex 3.071796417236328 -29.399999618530273 2.3999996185302734
      vertex 3.4467830657958984 -28.81138801574707 11.5
      vertex 3.4467830657958984 -28.81138801574707 2.3999996185302734
    endloop
  endfacet
  facet normal -0.8433916397849609 0.5372993038715338 0
    outer loop
      vertex 3.4467830657958984 -28.81138801574707 11.5
      vertex 3.071796417236328 -29.399999618530273 2.3999996185302734
      vertex 3.071796417236328 -29.399999618530273 11.5
    endloop
  endfacet
  facet normal -0.9914449909803443 -0.13052520775691126 0
    outer loop
      vertex 2.121537208557129 -36.7891845703125 2.3999996185302734
      vertex 2.030442237854004 -36.09724426269531 11.5
      vertex 2.030442237854004 -36.09724426269531 2.3999996185302734
    endloop
  endfacet
  facet normal -0.9914449909803443 -0.13052520775691126 0
    outer loop
      vertex 2.030442237854004 -36.09724426269531 11.5
      vertex 2.121537208557129 -36.7891845703125 2.3999996185302734
      vertex 2.121537208557129 -36.7891845703125 11.5
    endloop
  endfacet
  facet normal -0.9537170555027715 0.3007054672651021 0
    outer loop
      vertex 2.272592544555664 -31.32944679260254 2.3999996185302734
      vertex 2.4824581146240234 -30.663837432861328 11.5
      vertex 2.4824581146240234 -30.663837432861328 2.3999996185302734
    endloop
  endfacet
  facet normal -0.9537170555027715 0.3007054672651021 0
    outer loop
      vertex 2.4824581146240234 -30.663837432861328 11.5
      vertex 2.272592544555664 -31.32944679260254 2.3999996185302734
      vertex 2.272592544555664 -31.32944679260254 11.5
    endloop
  endfacet
  facet normal -0.9238787819195005 0.3826852444489337 0
    outer loop
      vertex 2.4824581146240234 -30.663837432861328 2.3999996185302734
      vertex 2.749537467956543 -30.019054412841797 11.5
      vertex 2.749537467956543 -30.019054412841797 2.3999996185302734
    endloop
  endfacet
  facet normal -0.9238787819195005 0.3826852444489337 0
    outer loop
      vertex 2.749537467956543 -30.019054412841797 11.5
      vertex 2.4824581146240234 -30.663837432861328 2.3999996185302734
      vertex 2.4824581146240234 -30.663837432861328 11.5
    endloop
  endfacet
  facet normal 0.9762958046613184 0.21644052716787765 0
    outer loop
      vertex 17.878461837768555 -32.01081466674805 11.5
      vertex 17.727405548095703 -31.32944679260254 2.3999996185302734
      vertex 17.727405548095703 -31.32944679260254 11.5
    endloop
  endfacet
  facet normal 0.9762958046613184 0.21644052716787765 0
    outer loop
      vertex 17.727405548095703 -31.32944679260254 2.3999996185302734
      vertex 17.878461837768555 -32.01081466674805 11.5
      vertex 17.878461837768555 -32.01081466674805 2.3999996185302734
    endloop
  endfacet
  facet normal -0.9238787819195005 -0.3826852444489337 0
    outer loop
      vertex 2.749537467956543 -38.78094482421875 2.3999996185302734
      vertex 2.4824581146240234 -38.13616180419922 11.5
      vertex 2.4824581146240234 -38.13616180419922 2.3999996185302734
    endloop
  endfacet
  facet normal -0.9238787819195005 -0.3826852444489337 0
    outer loop
      vertex 2.4824581146240234 -38.13616180419922 11.5
      vertex 2.749537467956543 -38.78094482421875 2.3999996185302734
      vertex 2.749537467956543 -38.78094482421875 11.5
    endloop
  endfacet
  facet normal -0.9762959653815029 -0.21643980220791023 0
    outer loop
      vertex 2.272592544555664 -37.470550537109375 2.3999996185302734
      vertex 2.121537208557129 -36.7891845703125 11.5
      vertex 2.121537208557129 -36.7891845703125 2.3999996185302734
    endloop
  endfacet
  facet normal -0.9762959653815029 -0.21643980220791023 0
    outer loop
      vertex 2.121537208557129 -36.7891845703125 11.5
      vertex 2.272592544555664 -37.470550537109375 2.3999996185302734
      vertex 2.272592544555664 -37.470550537109375 11.5
    endloop
  endfacet
  facet normal 0.9914449909803443 -0.13052520775691126 0
    outer loop
      vertex 17.878461837768555 -36.7891845703125 11.5
      vertex 17.96955680847168 -36.09724426269531 2.3999996185302734
      vertex 17.96955680847168 -36.09724426269531 11.5
    endloop
  endfacet
  facet normal 0.9914449909803443 -0.13052520775691126 0
    outer loop
      vertex 17.96955680847168 -36.09724426269531 2.3999996185302734
      vertex 17.878461837768555 -36.7891845703125 11.5
      vertex 17.878461837768555 -36.7891845703125 2.3999996185302734
    endloop
  endfacet
  facet normal -1 0 0
    outer loop
      vertex 2 -35.400001525878906 2.3999996185302734
      vertex 2 -33.400001525878906 11.5
      vertex 2 -33.400001525878906 2.3999996185302734
    endloop
  endfacet
  facet normal -1 0 0
    outer loop
      vertex 2 -33.400001525878906 11.5
      vertex 2 -35.400001525878906 2.3999996185302734
      vertex 2 -35.400001525878906 11.5
    endloop
  endfacet
  facet normal -0.46174959515605585 0.8870103220218006 0
    outer loop
      vertex 6.619053840637207 -26.1495361328125 2.3999996185302734
      vertex 6 -26.4717960357666 11.5
      vertex 6.619053840637207 -26.1495361328125 11.5
    endloop
  endfacet
  facet normal -0.46174959515605585 0.8870103220218006 0
    outer loop
      vertex 6 -26.4717960357666 11.5
      vertex 6.619053840637207 -26.1495361328125 2.3999996185302734
      vertex 6 -26.4717960357666 2.3999996185302734
    endloop
  endfacet
  facet normal -0.737277100138495 0.6755904658973301 0
    outer loop
      vertex 3.8716440200805664 -28.25769805908203 2.3999996185302734
      vertex 4.343145370483398 -27.743144989013672 11.5
      vertex 4.343145370483398 -27.743144989013672 2.3999996185302734
    endloop
  endfacet
  facet normal -0.737277100138495 0.6755904658973301 0
    outer loop
      vertex 4.343145370483398 -27.743144989013672 11.5
      vertex 3.8716440200805664 -28.25769805908203 2.3999996185302734
      vertex 3.8716440200805664 -28.25769805908203 11.5
    endloop
  endfacet
  facet normal -0.999048234321217 0.04361909558506115 0
    outer loop
      vertex 2 -33.400001525878906 2.3999996185302734
      vertex 2.030442237854004 -32.702754974365234 11.5
      vertex 2.030442237854004 -32.702754974365234 2.3999996185302734
    endloop
  endfacet
  facet normal -0.999048234321217 0.04361909558506115 0
    outer loop
      vertex 2.030442237854004 -32.702754974365234 11.5
      vertex 2 -33.400001525878906 2.3999996185302734
      vertex 2 -33.400001525878906 11.5
    endloop
  endfacet
  facet normal -0.9762960934091188 0.21643922471237337 0
    outer loop
      vertex 2.121537208557129 -32.01081466674805 2.3999996185302734
      vertex 2.272592544555664 -31.32944679260254 11.5
      vertex 2.272592544555664 -31.32944679260254 2.3999996185302734
    endloop
  endfacet
  facet normal -0.9762960934091188 0.21643922471237337 0
    outer loop
      vertex 2.272592544555664 -31.32944679260254 11.5
      vertex 2.121537208557129 -32.01081466674805 2.3999996185302734
      vertex 2.121537208557129 -32.01081466674805 11.5
    endloop
  endfacet
  facet normal -0.38268311184817616 0.9238796652736742 0
    outer loop
      vertex 7.263838768005371 -25.882457733154297 2.3999996185302734
      vertex 6.619053840637207 -26.1495361328125 11.5
      vertex 7.263838768005371 -25.882457733154297 11.5
    endloop
  endfacet
  facet normal -0.38268311184817616 0.9238796652736742 0
    outer loop
      vertex 6.619053840637207 -26.1495361328125 11.5
      vertex 7.263838768005371 -25.882457733154297 2.3999996185302734
      vertex 6.619053840637207 -26.1495361328125 2.3999996185302734
    endloop
  endfacet
  facet normal 0.21643867953804452 0.9762962142709699 0
    outer loop
      vertex 12.070551872253418 -25.672592163085938 2.3999996185302734
      vertex 11.5 -25.546104431152344 11.5
      vertex 12.070551872253418 -25.672592163085938 11.5
    endloop
  endfacet
  facet normal 0.21643867953804452 0.9762962142709699 0
    outer loop
      vertex 11.5 -25.546104431152344 11.5
      vertex 12.070551872253418 -25.672592163085938 2.3999996185302734
      vertex 11.5 -25.546104431152344 2.3999996185302734
    endloop
  endfacet
  facet normal -0.9537173026246303 -0.30070468349262425 0
    outer loop
      vertex 2.4824581146240234 -38.13616180419922 2.3999996185302734
      vertex 2.272592544555664 -37.470550537109375 11.5
      vertex 2.272592544555664 -37.470550537109375 2.3999996185302734
    endloop
  endfacet
  facet normal -0.9537173026246303 -0.30070468349262425 0
    outer loop
      vertex 2.272592544555664 -37.470550537109375 11.5
      vertex 2.4824581146240234 -38.13616180419922 2.3999996185302734
      vertex 2.4824581146240234 -38.13616180419922 11.5
    endloop
  endfacet
  facet normal -0.2164383347101716 0.9762962907170588 0
    outer loop
      vertex 8.5 -25.546104431152344 2.3999996185302734
      vertex 7.929447174072266 -25.672592163085938 11.5
      vertex 8.5 -25.546104431152344 11.5
    endloop
  endfacet
  facet normal -0.2164383347101716 0.9762962907170588 0
    outer loop
      vertex 7.929447174072266 -25.672592163085938 11.5
      vertex 8.5 -25.546104431152344 2.3999996185302734
      vertex 7.929447174072266 -25.672592163085938 2.3999996185302734
    endloop
  endfacet
  facet normal 0.300705859152797 0.9537169319411174 0
    outer loop
      vertex 12.736160278320312 -25.882457733154297 2.3999996185302734
      vertex 12.070551872253418 -25.672592163085938 11.5
      vertex 12.736160278320312 -25.882457733154297 11.5
    endloop
  endfacet
  facet normal 0.300705859152797 0.9537169319411174 0
    outer loop
      vertex 12.070551872253418 -25.672592163085938 11.5
      vertex 12.736160278320312 -25.882457733154297 2.3999996185302734
      vertex 12.070551872253418 -25.672592163085938 2.3999996185302734
    endloop
  endfacet
  facet normal 0.9990481747728241 0.04362045945526851 0
    outer loop
      vertex 18 -33.400001525878906 11.5
      vertex 17.96955680847168 -32.702754974365234 2.3999996185302734
      vertex 17.96955680847168 -32.702754974365234 11.5
    endloop
  endfacet
  facet normal 0.9990481747728241 0.04362045945526851 0
    outer loop
      vertex 17.96955680847168 -32.702754974365234 2.3999996185302734
      vertex 18 -33.400001525878906 11.5
      vertex 18 -33.400001525878906 2.3999996185302734
    endloop
  endfacet
  facet normal 1 0 0
    outer loop
      vertex 18 -35.400001525878906 11.5
      vertex 18 -33.400001525878906 2.3999996185302734
      vertex 18 -33.400001525878906 11.5
    endloop
  endfacet
  facet normal 1 0 0
    outer loop
      vertex 18 -33.400001525878906 2.3999996185302734
      vertex 18 -35.400001525878906 11.5
      vertex 18 -35.400001525878906 2.3999996185302734
    endloop
  endfacet
  facet normal 0.8870123154045454 -0.46174576589359995 0
    outer loop
      vertex 16.928203582763672 -39.400001525878906 11.5
      vertex 17.25046157836914 -38.78094482421875 2.3999996185302734
      vertex 17.25046157836914 -38.78094482421875 11.5
    endloop
  endfacet
  facet normal 0.8870123154045454 -0.46174576589359995 0
    outer loop
      vertex 17.25046157836914 -38.78094482421875 2.3999996185302734
      vertex 16.928203582763672 -39.400001525878906 11.5
      vertex 16.928203582763672 -39.400001525878906 2.3999996185302734
    endloop
  endfacet
  facet normal 0.7933542026159093 0.6087603052036776 0
    outer loop
      vertex 16.55321502685547 -28.81138801574707 11.5
      vertex 16.128355026245117 -28.25769805908203 2.3999996185302734
      vertex 16.128355026245117 -28.25769805908203 11.5
    endloop
  endfacet
  facet normal 0.7933542026159093 0.6087603052036776 0
    outer loop
      vertex 16.128355026245117 -28.25769805908203 2.3999996185302734
      vertex 16.55321502685547 -28.81138801574707 11.5
      vertex 16.55321502685547 -28.81138801574707 2.3999996185302734
    endloop
  endfacet
  facet normal 0.46174903548212276 0.8870106133701724 0
    outer loop
      vertex 14 -26.4717960357666 2.3999996185302734
      vertex 13.380945205688477 -26.1495361328125 11.5
      vertex 14 -26.4717960357666 11.5
    endloop
  endfacet
  facet normal 0.46174903548212276 0.8870106133701724 0
    outer loop
      vertex 13.380945205688477 -26.1495361328125 11.5
      vertex 14 -26.4717960357666 2.3999996185302734
      vertex 13.380945205688477 -26.1495361328125 2.3999996185302734
    endloop
  endfacet
  facet normal 0.9238792650425558 -0.3826840780910893 0
    outer loop
      vertex 17.25046157836914 -38.78094482421875 11.5
      vertex 17.517539978027344 -38.13616180419922 2.3999996185302734
      vertex 17.517539978027344 -38.13616180419922 11.5
    endloop
  endfacet
  facet normal 0.9238792650425558 -0.3826840780910893 0
    outer loop
      vertex 17.517539978027344 -38.13616180419922 2.3999996185302734
      vertex 17.25046157836914 -38.78094482421875 11.5
      vertex 17.25046157836914 -38.78094482421875 2.3999996185302734
    endloop
  endfacet
  facet normal 0.6087620253434304 0.7933528827071624 0
    outer loop
      vertex 15.142300605773926 -27.271644592285156 2.3999996185302734
      vertex 14.588610649108887 -26.846782684326172 11.5
      vertex 15.142300605773926 -27.271644592285156 11.5
    endloop
  endfacet
  facet normal 0.6087620253434304 0.7933528827071624 0
    outer loop
      vertex 14.588610649108887 -26.846782684326172 11.5
      vertex 15.142300605773926 -27.271644592285156 2.3999996185302734
      vertex 14.588610649108887 -26.846782684326172 2.3999996185302734
    endloop
  endfacet
  facet normal -0.6087620253434304 0.7933528827071624 0
    outer loop
      vertex 5.411388397216797 -26.846782684326172 2.3999996185302734
      vertex 4.857698440551758 -27.271644592285156 11.5
      vertex 5.411388397216797 -26.846782684326172 11.5
    endloop
  endfacet
  facet normal -0.6087620253434304 0.7933528827071624 0
    outer loop
      vertex 4.857698440551758 -27.271644592285156 11.5
      vertex 5.411388397216797 -26.846782684326172 2.3999996185302734
      vertex 4.857698440551758 -27.271644592285156 2.3999996185302734
    endloop
  endfacet
  facet normal 0.5372999230937484 0.8433912452968978 0
    outer loop
      vertex 14.588610649108887 -26.846782684326172 2.3999996185302734
      vertex 14 -26.4717960357666 11.5
      vertex 14.588610649108887 -26.846782684326172 11.5
    endloop
  endfacet
  facet normal 0.5372999230937484 0.8433912452968978 0
    outer loop
      vertex 14 -26.4717960357666 11.5
      vertex 14.588610649108887 -26.846782684326172 2.3999996185302734
      vertex 14 -26.4717960357666 2.3999996185302734
    endloop
  endfacet
  facet normal 0.9537173026246303 -0.30070468349262425 0
    outer loop
      vertex 17.517539978027344 -38.13616180419922 11.5
      vertex 17.727405548095703 -37.470550537109375 2.3999996185302734
      vertex 17.727405548095703 -37.470550537109375 11.5
    endloop
  endfacet
  facet normal 0.9537173026246303 -0.30070468349262425 0
    outer loop
      vertex 17.727405548095703 -37.470550537109375 2.3999996185302734
      vertex 17.517539978027344 -38.13616180419922 11.5
      vertex 17.517539978027344 -38.13616180419922 2.3999996185302734
    endloop
  endfacet
  facet normal 0.8433904013412475 0.5373012478353735 0
    outer loop
      vertex 16.928203582763672 -29.399999618530273 11.5
      vertex 16.55321502685547 -28.81138801574707 2.3999996185302734
      vertex 16.55321502685547 -28.81138801574707 11.5
    endloop
  endfacet
  facet normal 0.8433904013412475 0.5373012478353735 0
    outer loop
      vertex 16.55321502685547 -28.81138801574707 2.3999996185302734
      vertex 16.928203582763672 -29.399999618530273 11.5
      vertex 16.928203582763672 -29.399999618530273 2.3999996185302734
    endloop
  endfacet
  facet normal 0.8870117327156718 0.46174688523555996 0
    outer loop
      vertex 17.25046157836914 -30.019054412841797 11.5
      vertex 16.928203582763672 -29.399999618530273 2.3999996185302734
      vertex 16.928203582763672 -29.399999618530273 11.5
    endloop
  endfacet
  facet normal 0.8870117327156718 0.46174688523555996 0
    outer loop
      vertex 16.928203582763672 -29.399999618530273 2.3999996185302734
      vertex 17.25046157836914 -30.019054412841797 11.5
      vertex 17.25046157836914 -30.019054412841797 2.3999996185302734
    endloop
  endfacet
  facet normal 0.9990481643725648 -0.043620697653849225 0
    outer loop
      vertex 17.96955680847168 -36.09724426269531 11.5
      vertex 18 -35.400001525878906 2.3999996185302734
      vertex 18 -35.400001525878906 11.5
    endloop
  endfacet
  facet normal 0.9990481643725648 -0.043620697653849225 0
    outer loop
      vertex 18 -35.400001525878906 2.3999996185302734
      vertex 17.96955680847168 -36.09724426269531 11.5
      vertex 17.96955680847168 -36.09724426269531 2.3999996185302734
    endloop
  endfacet
  facet normal -0.8870117557344399 -0.46174684101670516 0
    outer loop
      vertex 3.071796417236328 -39.400001525878906 2.3999996185302734
      vertex 2.749537467956543 -38.78094482421875 11.5
      vertex 2.749537467956543 -38.78094482421875 2.3999996185302734
    endloop
  endfacet
  facet normal -0.8870117557344399 -0.46174684101670516 0
    outer loop
      vertex 2.749537467956543 -38.78094482421875 11.5
      vertex 3.071796417236328 -39.400001525878906 2.3999996185302734
      vertex 3.071796417236328 -39.400001525878906 11.5
    endloop
  endfacet
  facet normal 0.9238792650425558 0.3826840780910893 0
    outer loop
      vertex 17.517539978027344 -30.663837432861328 11.5
      vertex 17.25046157836914 -30.019054412841797 2.3999996185302734
      vertex 17.25046157836914 -30.019054412841797 11.5
    endloop
  endfacet
  facet normal 0.9238792650425558 0.3826840780910893 0
    outer loop
      vertex 17.25046157836914 -30.019054412841797 2.3999996185302734
      vertex 17.517539978027344 -30.663837432861328 11.5
      vertex 17.517539978027344 -30.663837432861328 2.3999996185302734
    endloop
  endfacet
  facet normal 0.9537170555027715 0.3007054672651021 0
    outer loop
      vertex 17.727405548095703 -31.32944679260254 11.5
      vertex 17.517539978027344 -30.663837432861328 2.3999996185302734
      vertex 17.517539978027344 -30.663837432861328 11.5
    endloop
  endfacet
  facet normal 0.9537170555027715 0.3007054672651021 0
    outer loop
      vertex 17.517539978027344 -30.663837432861328 2.3999996185302734
      vertex 17.727405548095703 -31.32944679260254 11.5
      vertex 17.727405548095703 -31.32944679260254 2.3999996185302734
    endloop
  endfacet
  facet normal 0.737277100138495 0.6755904658973301 0
    outer loop
      vertex 16.128355026245117 -28.25769805908203 11.5
      vertex 15.656853675842285 -27.743144989013672 2.3999996185302734
      vertex 15.656853675842285 -27.743144989013672 11.5
    endloop
  endfacet
  facet normal 0.737277100138495 0.6755904658973301 0
    outer loop
      vertex 15.656853675842285 -27.743144989013672 2.3999996185302734
      vertex 16.128355026245117 -28.25769805908203 11.5
      vertex 16.128355026245117 -28.25769805908203 2.3999996185302734
    endloop
  endfacet
  facet normal -0.300705859152797 0.9537169319411174 0
    outer loop
      vertex 7.929447174072266 -25.672592163085938 2.3999996185302734
      vertex 7.263838768005371 -25.882457733154297 11.5
      vertex 7.929447174072266 -25.672592163085938 11.5
    endloop
  endfacet
  facet normal -0.300705859152797 0.9537169319411174 0
    outer loop
      vertex 7.263838768005371 -25.882457733154297 11.5
      vertex 7.929447174072266 -25.672592163085938 2.3999996185302734
      vertex 7.263838768005371 -25.882457733154297 2.3999996185302734
    endloop
  endfacet
  facet normal 0.9914449909803443 0.13052520775691126 0
    outer loop
      vertex 17.96955680847168 -32.702754974365234 11.5
      vertex 17.878461837768555 -32.01081466674805 2.3999996185302734
      vertex 17.878461837768555 -32.01081466674805 11.5
    endloop
  endfacet
  facet normal 0.9914449909803443 0.13052520775691126 0
    outer loop
      vertex 17.878461837768555 -32.01081466674805 2.3999996185302734
      vertex 17.96955680847168 -32.702754974365234 11.5
      vertex 17.96955680847168 -32.702754974365234 2.3999996185302734
    endloop
  endfacet
  facet normal -0.7933535426614531 0.6087611652746271 0
    outer loop
      vertex 3.4467830657958984 -28.81138801574707 2.3999996185302734
      vertex 3.8716440200805664 -28.25769805908203 11.5
      vertex 3.8716440200805664 -28.25769805908203 2.3999996185302734
    endloop
  endfacet
  facet normal -0.7933535426614531 0.6087611652746271 0
    outer loop
      vertex 3.8716440200805664 -28.25769805908203 11.5
      vertex 3.4467830657958984 -28.81138801574707 2.3999996185302734
      vertex 3.4467830657958984 -28.81138801574707 11.5
    endloop
  endfacet
  facet normal -0.6755897231129728 0.7372777807747475 0
    outer loop
      vertex 4.857698440551758 -27.271644592285156 2.3999996185302734
      vertex 4.343145370483398 -27.743144989013672 11.5
      vertex 4.857698440551758 -27.271644592285156 11.5
    endloop
  endfacet
  facet normal -0.6755897231129728 0.7372777807747475 0
    outer loop
      vertex 4.343145370483398 -27.743144989013672 11.5
      vertex 4.857698440551758 -27.271644592285156 2.3999996185302734
      vertex 4.343145370483398 -27.743144989013672 2.3999996185302734
    endloop
  endfacet
  facet normal -0.5372993038715338 0.8433916397849609 0
    outer loop
      vertex 6 -26.4717960357666 2.3999996185302734
      vertex 5.411388397216797 -26.846782684326172 11.5
      vertex 6 -26.4717960357666 11.5
    endloop
  endfacet
  facet normal -0.5372993038715338 0.8433916397849609 0
    outer loop
      vertex 5.411388397216797 -26.846782684326172 11.5
      vertex 6 -26.4717960357666 2.3999996185302734
      vertex 5.411388397216797 -26.846782684326172 2.3999996185302734
    endloop
  endfacet
  facet normal -0.8870111730432206 0.46174796035985893 0
    outer loop
      vertex 2.749537467956543 -30.019054412841797 2.3999996185302734
      vertex 3.071796417236328 -29.399999618530273 11.5
      vertex 3.071796417236328 -29.399999618530273 2.3999996185302734
    endloop
  endfacet
  facet normal -0.8870111730432206 0.46174796035985893 0
    outer loop
      vertex 3.071796417236328 -29.399999618530273 11.5
      vertex 2.749537467956543 -30.019054412841797 2.3999996185302734
      vertex 2.749537467956543 -30.019054412841797 11.5
    endloop
  endfacet
  facet normal 1 0 0
    outer loop
      vertex 11.5 2 11.5
      vertex 11.5 26.546104431152344 2.3999996185302734
      vertex 11.5 26.546104431152344 11.5
    endloop
  endfacet
  facet normal 1 0 0
    outer loop
      vertex 11.5 26.546104431152344 2.3999996185302734
      vertex 11.5 2 11.5
      vertex 11.5 2 2.3999996185302734
    endloop
  endfacet
  facet normal 1 0 0
    outer loop
      vertex 11.5 -25.546104431152344 11.5
      vertex 11.5 -2 2.3999996185302734
      vertex 11.5 -2 11.5
    endloop
  endfacet
  facet normal 1 0 0
    outer loop
      vertex 11.5 -2 2.3999996185302734
      vertex 11.5 -25.546104431152344 11.5
      vertex 11.5 -25.546104431152344 2.3999996185302734
    endloop
  endfacet
  facet normal -1 0 0
    outer loop
      vertex 8.5 2 2.3999996185302734
      vertex 8.5 26.546104431152344 11.5
      vertex 8.5 26.546104431152344 2.3999996185302734
    endloop
  endfacet
  facet normal -1 0 0
    outer loop
      vertex 8.5 26.546104431152344 11.5
      vertex 8.5 2 2.3999996185302734
      vertex 8.5 2 11.5
    endloop
  endfacet
  facet normal -1 0 0
    outer loop
      vertex 8.5 -25.546104431152344 2.3999996185302734
      vertex 8.5 -2 11.5
      vertex 8.5 -2 2.3999996185302734
    endloop
  endfacet
  facet normal -1 0 0
    outer loop
      vertex 8.5 -2 11.5
      vertex 8.5 -25.546104431152344 2.3999996185302734
      vertex 8.5 -25.546104431152344 11.5
    endloop
  endfacet
  facet normal -1 0 0
    outer loop
      vertex 44 9 2.3999996185302734
      vertex 44 39.400001525878906 11.5
      vertex 44 39.400001525878906 2.3999996185302734
    endloop
  endfacet
  facet normal -1 0 0
    outer loop
      vertex 44 39.400001525878906 11.5
      vertex 44 9 2.3999996185302734
      vertex 44 9 11.5
    endloop
  endfacet
  facet normal -1 0 0
    outer loop
      vertex 44 -39.400001525878906 2.3999996185302734
      vertex 44 -9 11.5
      vertex 44 -9 2.3999996185302734
    endloop
  endfacet
  facet normal -1 0 0
    outer loop
      vertex 44 -9 11.5
      vertex 44 -39.400001525878906 2.3999996185302734
      vertex 44 -39.400001525878906 11.5
    endloop
  endfacet
  facet normal 0 0 1
    outer loop
      vertex 44 39.400001525878906 2.3999996185302734
      vertex 24 9 2.3999996185302734
      vertex 44 9 2.3999996185302734
    endloop
  endfacet
  facet normal 0 0 1
    outer loop
      vertex 17.878461837768555 33.01081466674805 2.3999996185302734
      vertex 44 39.400001525878906 2.3999996185302734
      vertex 17.96955680847168 33.702754974365234 2.3999996185302734
    endloop
  endfacet
  facet normal 0 0 1
    outer loop
      vertex 17.96955680847168 33.702754974365234 2.3999996185302734
      vertex 44 39.400001525878906 2.3999996185302734
      vertex 18 34.400001525878906 2.3999996185302734
    endloop
  endfacet
  facet normal 0 0 1
    outer loop
      vertex 44 39.400001525878906 2.3999996185302734
      vertex 17.96955680847168 35.09724426269531 2.3999996185302734
      vertex 18 34.400001525878906 2.3999996185302734
    endloop
  endfacet
  facet normal 0 0 1
    outer loop
      vertex 44 39.400001525878906 2.3999996185302734
      vertex 17.878461837768555 35.7891845703125 2.3999996185302734
      vertex 17.96955680847168 35.09724426269531 2.3999996185302734
    endloop
  endfacet
  facet normal 0 0 1
    outer loop
      vertex 44 39.400001525878906 2.3999996185302734
      vertex 17.727405548095703 36.470550537109375 2.3999996185302734
      vertex 17.878461837768555 35.7891845703125 2.3999996185302734
    endloop
  endfacet
  facet normal 0 0 1
    outer loop
      vertex 44 39.400001525878906 2.3999996185302734
      vertex 17.517539978027344 37.13616180419922 2.3999996185302734
      vertex 17.727405548095703 36.470550537109375 2.3999996185302734
    endloop
  endfacet
  facet normal 0 0 1
    outer loop
      vertex 44 39.400001525878906 2.3999996185302734
      vertex 17.25046157836914 37.78094482421875 2.3999996185302734
      vertex 17.517539978027344 37.13616180419922 2.3999996185302734
    endloop
  endfacet
  facet normal 0 0 1
    outer loop
      vertex 44 39.400001525878906 2.3999996185302734
      vertex 16.928203582763672 38.400001525878906 2.3999996185302734
      vertex 17.25046157836914 37.78094482421875 2.3999996185302734
    endloop
  endfacet
  facet normal 0 0 1
    outer loop
      vertex 44 39.400001525878906 2.3999996185302734
      vertex 16.55321502685547 38.988609313964844 2.3999996185302734
      vertex 16.928203582763672 38.400001525878906 2.3999996185302734
    endloop
  endfacet
  facet normal 0 0 1
    outer loop
      vertex 16.55321502685547 38.988609313964844 2.3999996185302734
      vertex 44 39.400001525878906 2.3999996185302734
      vertex 16.237546920776367 39.400001525878906 2.3999996185302734
    endloop
  endfacet
  facet normal 0 0 1
    outer loop
      vertex 17.727405548095703 32.329444885253906 2.3999996185302734
      vertex 44 39.400001525878906 2.3999996185302734
      vertex 17.878461837768555 33.01081466674805 2.3999996185302734
    endloop
  endfacet
  facet normal 0 0 1
    outer loop
      vertex 17.517539978027344 31.663837432861328 2.3999996185302734
      vertex 44 39.400001525878906 2.3999996185302734
      vertex 17.727405548095703 32.329444885253906 2.3999996185302734
    endloop
  endfacet
  facet normal 0 0 1
    outer loop
      vertex 17.25046157836914 31.019054412841797 2.3999996185302734
      vertex 44 39.400001525878906 2.3999996185302734
      vertex 17.517539978027344 31.663837432861328 2.3999996185302734
    endloop
  endfacet
  facet normal 0 0 1
    outer loop
      vertex 44 39.400001525878906 2.3999996185302734
      vertex 17.25046157836914 31.019054412841797 2.3999996185302734
      vertex 24 9 2.3999996185302734
    endloop
  endfacet
  facet normal 0 0 1
    outer loop
      vertex 16.928203582763672 30.399999618530273 2.3999996185302734
      vertex 24 9 2.3999996185302734
      vertex 17.25046157836914 31.019054412841797 2.3999996185302734
    endloop
  endfacet
  facet normal 0 0 1
    outer loop
      vertex 16.55321502685547 29.81138801574707 2.3999996185302734
      vertex 24 9 2.3999996185302734
      vertex 16.928203582763672 30.399999618530273 2.3999996185302734
    endloop
  endfacet
  facet normal 0 0 1
    outer loop
      vertex 16.128355026245117 29.25769805908203 2.3999996185302734
      vertex 24 9 2.3999996185302734
      vertex 16.55321502685547 29.81138801574707 2.3999996185302734
    endloop
  endfacet
  facet normal 0 0 1
    outer loop
      vertex 15.656853675842285 28.743144989013672 2.3999996185302734
      vertex 24 9 2.3999996185302734
      vertex 16.128355026245117 29.25769805908203 2.3999996185302734
    endloop
  endfacet
  facet normal 0 0 1
    outer loop
      vertex 15.142300605773926 28.271644592285156 2.3999996185302734
      vertex 24 9 2.3999996185302734
      vertex 15.656853675842285 28.743144989013672 2.3999996185302734
    endloop
  endfacet
  facet normal 0 0 1
    outer loop
      vertex 14.588610649108887 27.846782684326172 2.3999996185302734
      vertex 24 9 2.3999996185302734
      vertex 15.142300605773926 28.271644592285156 2.3999996185302734
    endloop
  endfacet
  facet normal 0 0 1
    outer loop
      vertex 14 27.4717960357666 2.3999996185302734
      vertex 24 9 2.3999996185302734
      vertex 14.588610649108887 27.846782684326172 2.3999996185302734
    endloop
  endfacet
  facet normal 0 0 1
    outer loop
      vertex 13.380945205688477 27.1495361328125 2.3999996185302734
      vertex 24 9 2.3999996185302734
      vertex 14 27.4717960357666 2.3999996185302734
    endloop
  endfacet
  facet normal 0 0 1
    outer loop
      vertex 12.736160278320312 26.882457733154297 2.3999996185302734
      vertex 24 9 2.3999996185302734
      vertex 13.380945205688477 27.1495361328125 2.3999996185302734
    endloop
  endfacet
  facet normal 0 0 1
    outer loop
      vertex 12.070551872253418 26.672592163085938 2.3999996185302734
      vertex 24 9 2.3999996185302734
      vertex 12.736160278320312 26.882457733154297 2.3999996185302734
    endloop
  endfacet
  facet normal 0 0 1
    outer loop
      vertex 11.5 26.546104431152344 2.3999996185302734
      vertex 24 9 2.3999996185302734
      vertex 12.070551872253418 26.672592163085938 2.3999996185302734
    endloop
  endfacet
  facet normal 0 0 1
    outer loop
      vertex 24 9 2.3999996185302734
      vertex 11.5 26.546104431152344 2.3999996185302734
      vertex 11.5 2 2.3999996185302734
    endloop
  endfacet
  facet normal 0 0 1
    outer loop
      vertex 24 9 2.3999996185302734
      vertex 11.5 2 2.3999996185302734
      vertex 24 2 2.3999996185302734
    endloop
  endfacet
  facet normal 0 0 1
    outer loop
      vertex 11.5 -2 2.3999996185302734
      vertex 24 -9 2.3999996185302734
      vertex 24 -2 2.3999996185302734
    endloop
  endfacet
  facet normal 0 0 1
    outer loop
      vertex 24 -9 2.3999996185302734
      vertex 17.96955680847168 -32.702754974365234 2.3999996185302734
      vertex 18 -33.400001525878906 2.3999996185302734
    endloop
  endfacet
  facet normal 0 0 1
    outer loop
      vertex 24 -9 2.3999996185302734
      vertex 17.878461837768555 -32.01081466674805 2.3999996185302734
      vertex 17.96955680847168 -32.702754974365234 2.3999996185302734
    endloop
  endfacet
  facet normal 0 0 1
    outer loop
      vertex 24 -9 2.3999996185302734
      vertex 17.727405548095703 -31.32944679260254 2.3999996185302734
      vertex 17.878461837768555 -32.01081466674805 2.3999996185302734
    endloop
  endfacet
  facet normal 0 0 1
    outer loop
      vertex 24 -9 2.3999996185302734
      vertex 17.517539978027344 -30.663837432861328 2.3999996185302734
      vertex 17.727405548095703 -31.32944679260254 2.3999996185302734
    endloop
  endfacet
  facet normal 0 0 1
    outer loop
      vertex 24 -9 2.3999996185302734
      vertex 17.25046157836914 -30.019054412841797 2.3999996185302734
      vertex 17.517539978027344 -30.663837432861328 2.3999996185302734
    endloop
  endfacet
  facet normal 0 0 1
    outer loop
      vertex 24 -9 2.3999996185302734
      vertex 16.928203582763672 -29.399999618530273 2.3999996185302734
      vertex 17.25046157836914 -30.019054412841797 2.3999996185302734
    endloop
  endfacet
  facet normal 0 0 1
    outer loop
      vertex 24 -9 2.3999996185302734
      vertex 16.55321502685547 -28.81138801574707 2.3999996185302734
      vertex 16.928203582763672 -29.399999618530273 2.3999996185302734
    endloop
  endfacet
  facet normal 0 0 1
    outer loop
      vertex 24 -9 2.3999996185302734
      vertex 16.128355026245117 -28.25769805908203 2.3999996185302734
      vertex 16.55321502685547 -28.81138801574707 2.3999996185302734
    endloop
  endfacet
  facet normal 0 0 1
    outer loop
      vertex 24 -9 2.3999996185302734
      vertex 15.656853675842285 -27.743144989013672 2.3999996185302734
      vertex 16.128355026245117 -28.25769805908203 2.3999996185302734
    endloop
  endfacet
  facet normal 0 0 1
    outer loop
      vertex 24 -9 2.3999996185302734
      vertex 15.142300605773926 -27.271644592285156 2.3999996185302734
      vertex 15.656853675842285 -27.743144989013672 2.3999996185302734
    endloop
  endfacet
  facet normal 0 0 1
    outer loop
      vertex 24 -9 2.3999996185302734
      vertex 14.588610649108887 -26.846782684326172 2.3999996185302734
      vertex 15.142300605773926 -27.271644592285156 2.3999996185302734
    endloop
  endfacet
  facet normal 0 0 1
    outer loop
      vertex 24 -9 2.3999996185302734
      vertex 14 -26.4717960357666 2.3999996185302734
      vertex 14.588610649108887 -26.846782684326172 2.3999996185302734
    endloop
  endfacet
  facet normal 0 0 1
    outer loop
      vertex 24 -9 2.3999996185302734
      vertex 13.380945205688477 -26.1495361328125 2.3999996185302734
      vertex 14 -26.4717960357666 2.3999996185302734
    endloop
  endfacet
  facet normal 0 0 1
    outer loop
      vertex 24 -9 2.3999996185302734
      vertex 12.736160278320312 -25.882457733154297 2.3999996185302734
      vertex 13.380945205688477 -26.1495361328125 2.3999996185302734
    endloop
  endfacet
  facet normal 0 0 1
    outer loop
      vertex 11.5 -25.546104431152344 2.3999996185302734
      vertex 24 -9 2.3999996185302734
      vertex 11.5 -2 2.3999996185302734
    endloop
  endfacet
  facet normal 0 0 1
    outer loop
      vertex 24 -9 2.3999996185302734
      vertex 12.070551872253418 -25.672592163085938 2.3999996185302734
      vertex 12.736160278320312 -25.882457733154297 2.3999996185302734
    endloop
  endfacet
  facet normal 0 0 1
    outer loop
      vertex 24 -9 2.3999996185302734
      vertex 11.5 -25.546104431152344 2.3999996185302734
      vertex 12.070551872253418 -25.672592163085938 2.3999996185302734
    endloop
  endfacet
  facet normal 0 0 1
    outer loop
      vertex 24 -9 2.3999996185302734
      vertex 44 -39.400001525878906 2.3999996185302734
      vertex 44 -9 2.3999996185302734
    endloop
  endfacet
  facet normal 0 0 1
    outer loop
      vertex 18 -33.400001525878906 2.3999996185302734
      vertex 44 -39.400001525878906 2.3999996185302734
      vertex 24 -9 2.3999996185302734
    endloop
  endfacet
  facet normal 0 0 1
    outer loop
      vertex 18 -35.400001525878906 2.3999996185302734
      vertex 44 -39.400001525878906 2.3999996185302734
      vertex 18 -33.400001525878906 2.3999996185302734
    endloop
  endfacet
  facet normal 0 0 1
    outer loop
      vertex 17.96955680847168 -36.09724426269531 2.3999996185302734
      vertex 44 -39.400001525878906 2.3999996185302734
      vertex 18 -35.400001525878906 2.3999996185302734
    endloop
  endfacet
  facet normal 0 0 1
    outer loop
      vertex 17.878461837768555 -36.7891845703125 2.3999996185302734
      vertex 44 -39.400001525878906 2.3999996185302734
      vertex 17.96955680847168 -36.09724426269531 2.3999996185302734
    endloop
  endfacet
  facet normal 0 0 1
    outer loop
      vertex 17.727405548095703 -37.470550537109375 2.3999996185302734
      vertex 44 -39.400001525878906 2.3999996185302734
      vertex 17.878461837768555 -36.7891845703125 2.3999996185302734
    endloop
  endfacet
  facet normal 0 0 1
    outer loop
      vertex 17.517539978027344 -38.13616180419922 2.3999996185302734
      vertex 44 -39.400001525878906 2.3999996185302734
      vertex 17.727405548095703 -37.470550537109375 2.3999996185302734
    endloop
  endfacet
  facet normal 0 0 1
    outer loop
      vertex 17.25046157836914 -38.78094482421875 2.3999996185302734
      vertex 44 -39.400001525878906 2.3999996185302734
      vertex 17.517539978027344 -38.13616180419922 2.3999996185302734
    endloop
  endfacet
  facet normal 0 0 1
    outer loop
      vertex 44 -39.400001525878906 2.3999996185302734
      vertex 17.25046157836914 -38.78094482421875 2.3999996185302734
      vertex 16.928203582763672 -39.400001525878906 2.3999996185302734
    endloop
  endfacet
  facet normal 0 0 1
    outer loop
      vertex 8.5 -2 2.3999996185302734
      vertex 7.929447174072266 -25.672592163085938 2.3999996185302734
      vertex 8.5 -25.546104431152344 2.3999996185302734
    endloop
  endfacet
  facet normal 0 0 1
    outer loop
      vertex 8.5 -2 2.3999996185302734
      vertex 7.263838768005371 -25.882457733154297 2.3999996185302734
      vertex 7.929447174072266 -25.672592163085938 2.3999996185302734
    endloop
  endfacet
  facet normal 0 0 1
    outer loop
      vertex 8.5 -2 2.3999996185302734
      vertex 6.619053840637207 -26.1495361328125 2.3999996185302734
      vertex 7.263838768005371 -25.882457733154297 2.3999996185302734
    endloop
  endfacet
  facet normal 0 0 1
    outer loop
      vertex 8.5 -2 2.3999996185302734
      vertex 6 -26.4717960357666 2.3999996185302734
      vertex 6.619053840637207 -26.1495361328125 2.3999996185302734
    endloop
  endfacet
  facet normal 0 0 1
    outer loop
      vertex 8.5 -2 2.3999996185302734
      vertex 5.411388397216797 -26.846782684326172 2.3999996185302734
      vertex 6 -26.4717960357666 2.3999996185302734
    endloop
  endfacet
  facet normal 0 0 1
    outer loop
      vertex -15.411388397216797 -26.846782684326172 2.3999996185302734
      vertex 5.411388397216797 -26.846782684326172 2.3999996185302734
      vertex 8.5 -2 2.3999996185302734
    endloop
  endfacet
  facet normal 0 0 1
    outer loop
      vertex 5.411388397216797 -26.846782684326172 2.3999996185302734
      vertex -15.411388397216797 -26.846782684326172 2.3999996185302734
      vertex 4.857698440551758 -27.271644592285156 2.3999996185302734
    endloop
  endfacet
  facet normal 0 0 1
    outer loop
      vertex -14.857698440551758 -27.271644592285156 2.3999996185302734
      vertex 4.857698440551758 -27.271644592285156 2.3999996185302734
      vertex -15.411388397216797 -26.846782684326172 2.3999996185302734
    endloop
  endfacet
  facet normal 0 0 1
    outer loop
      vertex 4.857698440551758 -27.271644592285156 2.3999996185302734
      vertex -14.857698440551758 -27.271644592285156 2.3999996185302734
      vertex 4.343145370483398 -27.743144989013672 2.3999996185302734
    endloop
  endfacet
  facet normal 0 0 1
    outer loop
      vertex 4.343145370483398 -27.743144989013672 2.3999996185302734
      vertex -14.343145370483398 -27.743144989013672 2.3999996185302734
      vertex 3.8716440200805664 -28.25769805908203 2.3999996185302734
    endloop
  endfacet
  facet normal 0 0 1
    outer loop
      vertex -13.871644020080566 -28.25769805908203 2.3999996185302734
      vertex 3.8716440200805664 -28.25769805908203 2.3999996185302734
      vertex -14.343145370483398 -27.743144989013672 2.3999996185302734
    endloop
  endfacet
  facet normal 0 0 1
    outer loop
      vertex 3.8716440200805664 -28.25769805908203 2.3999996185302734
      vertex -13.871644020080566 -28.25769805908203 2.3999996185302734
      vertex 3.4467830657958984 -28.81138801574707 2.3999996185302734
    endloop
  endfacet
  facet normal 0 0 1
    outer loop
      vertex -13.446783065795898 -28.81138801574707 2.3999996185302734
      vertex 3.4467830657958984 -28.81138801574707 2.3999996185302734
      vertex -13.871644020080566 -28.25769805908203 2.3999996185302734
    endloop
  endfacet
  facet normal 0 0 1
    outer loop
      vertex -13.071796417236328 -29.399999618530273 2.3999996185302734
      vertex 3.071796417236328 -29.399999618530273 2.3999996185302734
      vertex -13.446783065795898 -28.81138801574707 2.3999996185302734
    endloop
  endfacet
  facet normal 0 0 1
    outer loop
      vertex 2 -33.400001525878906 2.3999996185302734
      vertex -12 -33.400001525878906 2.3999996185302734
      vertex 2 -35.400001525878906 2.3999996185302734
    endloop
  endfacet
  facet normal 0 0 1
    outer loop
      vertex 2.030442237854004 -32.702754974365234 2.3999996185302734
      vertex -12 -33.400001525878906 2.3999996185302734
      vertex 2 -33.400001525878906 2.3999996185302734
    endloop
  endfacet
  facet normal 0 0 1
    outer loop
      vertex -12.030442237854004 -32.702754974365234 2.3999996185302734
      vertex 2.030442237854004 -32.702754974365234 2.3999996185302734
      vertex 2.121537208557129 -32.01081466674805 2.3999996185302734
    endloop
  endfacet
  facet normal 0 0 1
    outer loop
      vertex 3.071796417236328 -29.399999618530273 2.3999996185302734
      vertex -13.071796417236328 -29.399999618530273 2.3999996185302734
      vertex 2.749537467956543 -30.019054412841797 2.3999996185302734
    endloop
  endfacet
  facet normal 0 0 1
    outer loop
      vertex 2.030442237854004 -32.702754974365234 2.3999996185302734
      vertex -12.030442237854004 -32.702754974365234 2.3999996185302734
      vertex -12 -33.400001525878906 2.3999996185302734
    endloop
  endfacet
  facet normal 0 0 1
    outer loop
      vertex 2.121537208557129 -32.01081466674805 2.3999996185302734
      vertex -12.121537208557129 -32.01081466674805 2.3999996185302734
      vertex -12.030442237854004 -32.702754974365234 2.3999996185302734
    endloop
  endfacet
  facet normal 0 0 1
    outer loop
      vertex 2.121537208557129 -32.01081466674805 2.3999996185302734
      vertex -12.272592544555664 -31.32944679260254 2.3999996185302734
      vertex -12.121537208557129 -32.01081466674805 2.3999996185302734
    endloop
  endfacet
  facet normal 0 0 1
    outer loop
      vertex 2.272592544555664 -31.32944679260254 2.3999996185302734
      vertex -12.272592544555664 -31.32944679260254 2.3999996185302734
      vertex 2.121537208557129 -32.01081466674805 2.3999996185302734
    endloop
  endfacet
  facet normal 0 0 1
    outer loop
      vertex -12.272592544555664 -31.32944679260254 2.3999996185302734
      vertex 2.272592544555664 -31.32944679260254 2.3999996185302734
      vertex -12.482458114624023 -30.663837432861328 2.3999996185302734
    endloop
  endfacet
  facet normal 0 0 1
    outer loop
      vertex 2.4824581146240234 -30.663837432861328 2.3999996185302734
      vertex -12.482458114624023 -30.663837432861328 2.3999996185302734
      vertex 2.272592544555664 -31.32944679260254 2.3999996185302734
    endloop
  endfacet
  facet normal 0 0 1
    outer loop
      vertex -12.482458114624023 -30.663837432861328 2.3999996185302734
      vertex 2.4824581146240234 -30.663837432861328 2.3999996185302734
      vertex -12.749537467956543 -30.019054412841797 2.3999996185302734
    endloop
  endfacet
  facet normal 0 0 1
    outer loop
      vertex 2.749537467956543 -30.019054412841797 2.3999996185302734
      vertex -12.749537467956543 -30.019054412841797 2.3999996185302734
      vertex 2.4824581146240234 -30.663837432861328 2.3999996185302734
    endloop
  endfacet
  facet normal 0 0 1
    outer loop
      vertex -12.749537467956543 -30.019054412841797 2.3999996185302734
      vertex 2.749537467956543 -30.019054412841797 2.3999996185302734
      vertex -13.071796417236328 -29.399999618530273 2.3999996185302734
    endloop
  endfacet
  facet normal 0 0 1
    outer loop
      vertex 3.4467830657958984 -28.81138801574707 2.3999996185302734
      vertex -13.446783065795898 -28.81138801574707 2.3999996185302734
      vertex 3.071796417236328 -29.399999618530273 2.3999996185302734
    endloop
  endfacet
  facet normal 0 0 1
    outer loop
      vertex -14.343145370483398 -27.743144989013672 2.3999996185302734
      vertex 4.343145370483398 -27.743144989013672 2.3999996185302734
      vertex -14.857698440551758 -27.271644592285156 2.3999996185302734
    endloop
  endfacet
  facet normal 0 0 1
    outer loop
      vertex -18.5 -2 2.3999996185302734
      vertex -15.411388397216797 -26.846782684326172 2.3999996185302734
      vertex 8.5 -2 2.3999996185302734
    endloop
  endfacet
  facet normal 0 0 1
    outer loop
      vertex -15.411388397216797 -26.846782684326172 2.3999996185302734
      vertex -18.5 -2 2.3999996185302734
      vertex -16 -26.4717960357666 2.3999996185302734
    endloop
  endfacet
  facet normal 0 0 1
    outer loop
      vertex -16 -26.4717960357666 2.3999996185302734
      vertex -18.5 -2 2.3999996185302734
      vertex -16.61905288696289 -26.1495361328125 2.3999996185302734
    endloop
  endfacet
  facet normal 0 0 1
    outer loop
      vertex -16.61905288696289 -26.1495361328125 2.3999996185302734
      vertex -18.5 -2 2.3999996185302734
      vertex -17.263839721679688 -25.882457733154297 2.3999996185302734
    endloop
  endfacet
  facet normal 0 0 1
    outer loop
      vertex -17.263839721679688 -25.882457733154297 2.3999996185302734
      vertex -18.5 -2 2.3999996185302734
      vertex -17.929447174072266 -25.672592163085938 2.3999996185302734
    endloop
  endfacet
  facet normal 0 0 1
    outer loop
      vertex -17.929447174072266 -25.672592163085938 2.3999996185302734
      vertex -18.5 -2 2.3999996185302734
      vertex -18.5 -25.546104431152344 2.3999996185302734
    endloop
  endfacet
  facet normal 0 0 1
    outer loop
      vertex -12 -35.400001525878906 2.3999996185302734
      vertex 2 -35.400001525878906 2.3999996185302734
      vertex -12 -33.400001525878906 2.3999996185302734
    endloop
  endfacet
  facet normal 0 0 1
    outer loop
      vertex 2 -35.400001525878906 2.3999996185302734
      vertex -12 -35.400001525878906 2.3999996185302734
      vertex 2.030442237854004 -36.09724426269531 2.3999996185302734
    endloop
  endfacet
  facet normal 0 0 1
    outer loop
      vertex -12.030442237854004 -36.09724426269531 2.3999996185302734
      vertex 2.030442237854004 -36.09724426269531 2.3999996185302734
      vertex -12 -35.400001525878906 2.3999996185302734
    endloop
  endfacet
  facet normal 0 0 1
    outer loop
      vertex 2.030442237854004 -36.09724426269531 2.3999996185302734
      vertex -12.030442237854004 -36.09724426269531 2.3999996185302734
      vertex 2.121537208557129 -36.7891845703125 2.3999996185302734
    endloop
  endfacet
  facet normal 0 0 1
    outer loop
      vertex -12.121537208557129 -36.7891845703125 2.3999996185302734
      vertex 2.121537208557129 -36.7891845703125 2.3999996185302734
      vertex -12.030442237854004 -36.09724426269531 2.3999996185302734
    endloop
  endfacet
  facet normal 0 0 1
    outer loop
      vertex 2.121537208557129 -36.7891845703125 2.3999996185302734
      vertex -12.121537208557129 -36.7891845703125 2.3999996185302734
      vertex 2.272592544555664 -37.470550537109375 2.3999996185302734
    endloop
  endfacet
  facet normal 0 0 1
    outer loop
      vertex -12.272592544555664 -37.470550537109375 2.3999996185302734
      vertex 2.272592544555664 -37.470550537109375 2.3999996185302734
      vertex -12.121537208557129 -36.7891845703125 2.3999996185302734
    endloop
  endfacet
  facet normal 0 0 1
    outer loop
      vertex 2.272592544555664 -37.470550537109375 2.3999996185302734
      vertex -12.272592544555664 -37.470550537109375 2.3999996185302734
      vertex 2.4824581146240234 -38.13616180419922 2.3999996185302734
    endloop
  endfacet
  facet normal 0 0 1
    outer loop
      vertex -12.482458114624023 -38.13616180419922 2.3999996185302734
      vertex 2.4824581146240234 -38.13616180419922 2.3999996185302734
      vertex -12.272592544555664 -37.470550537109375 2.3999996185302734
    endloop
  endfacet
  facet normal 0 0 1
    outer loop
      vertex 2.4824581146240234 -38.13616180419922 2.3999996185302734
      vertex -12.482458114624023 -38.13616180419922 2.3999996185302734
      vertex 2.749537467956543 -38.78094482421875 2.3999996185302734
    endloop
  endfacet
  facet normal 0 0 1
    outer loop
      vertex -12.749537467956543 -38.78094482421875 2.3999996185302734
      vertex 2.749537467956543 -38.78094482421875 2.3999996185302734
      vertex -12.482458114624023 -38.13616180419922 2.3999996185302734
    endloop
  endfacet
  facet normal 0 0 1
    outer loop
      vertex 2.749537467956543 -38.78094482421875 2.3999996185302734
      vertex -12.749537467956543 -38.78094482421875 2.3999996185302734
      vertex 3.071796417236328 -39.400001525878906 2.3999996185302734
    endloop
  endfacet
  facet normal 0 0 1
    outer loop
      vertex 3.071796417236328 -39.400001525878906 2.3999996185302734
      vertex -12.749537467956543 -38.78094482421875 2.3999996185302734
      vertex -13.071796417236328 -39.400001525878906 2.3999996185302734
    endloop
  endfacet
  facet normal 0 0 1
    outer loop
      vertex -25 2 2.3999996185302734
      vertex -21.5 26.546104431152344 2.3999996185302734
      vertex -22.070552825927734 26.672592163085938 2.3999996185302734
    endloop
  endfacet
  facet normal 0 0 1
    outer loop
      vertex -25 2 2.3999996185302734
      vertex -22.070552825927734 26.672592163085938 2.3999996185302734
      vertex -22.736160278320312 26.882457733154297 2.3999996185302734
    endloop
  endfacet
  facet normal 0 0 1
    outer loop
      vertex -25 2 2.3999996185302734
      vertex -22.736160278320312 26.882457733154297 2.3999996185302734
      vertex -23.380945205688477 27.1495361328125 2.3999996185302734
    endloop
  endfacet
  facet normal 0 0 1
    outer loop
      vertex -25 2 2.3999996185302734
      vertex -23.380945205688477 27.1495361328125 2.3999996185302734
      vertex -24 27.4717960357666 2.3999996185302734
    endloop
  endfacet
  facet normal 0 0 1
    outer loop
      vertex -25 2 2.3999996185302734
      vertex -24 27.4717960357666 2.3999996185302734
      vertex -24.588611602783203 27.846782684326172 2.3999996185302734
    endloop
  endfacet
  facet normal 0 0 1
    outer loop
      vertex -25 2 2.3999996185302734
      vertex -24.588611602783203 27.846782684326172 2.3999996185302734
      vertex -25 28.162452697753906 2.3999996185302734
    endloop
  endfacet
  facet normal 0 0 1
    outer loop
      vertex -21.5 26.546104431152344 2.3999996185302734
      vertex -25 2 2.3999996185302734
      vertex -21.5 2 2.3999996185302734
    endloop
  endfacet
  facet normal 0 0 1
    outer loop
      vertex -25 -2 2.3999996185302734
      vertex -21.5 -25.546104431152344 2.3999996185302734
      vertex -21.5 -2 2.3999996185302734
    endloop
  endfacet
  facet normal 0 0 1
    outer loop
      vertex -21.5 -25.546104431152344 2.3999996185302734
      vertex -25 -2 2.3999996185302734
      vertex -22.070552825927734 -25.672592163085938 2.3999996185302734
    endloop
  endfacet
  facet normal 0 0 1
    outer loop
      vertex -22.070552825927734 -25.672592163085938 2.3999996185302734
      vertex -25 -2 2.3999996185302734
      vertex -22.736160278320312 -25.882457733154297 2.3999996185302734
    endloop
  endfacet
  facet normal 0 0 1
    outer loop
      vertex -22.736160278320312 -25.882457733154297 2.3999996185302734
      vertex -25 -2 2.3999996185302734
      vertex -23.380945205688477 -26.1495361328125 2.3999996185302734
    endloop
  endfacet
  facet normal 0 0 1
    outer loop
      vertex -23.380945205688477 -26.1495361328125 2.3999996185302734
      vertex -25 -2 2.3999996185302734
      vertex -24 -26.4717960357666 2.3999996185302734
    endloop
  endfacet
  facet normal 0 0 1
    outer loop
      vertex -24 -26.4717960357666 2.3999996185302734
      vertex -25 -2 2.3999996185302734
      vertex -24.588611602783203 -26.846782684326172 2.3999996185302734
    endloop
  endfacet
  facet normal 0 0 1
    outer loop
      vertex -24.588611602783203 -26.846782684326172 2.3999996185302734
      vertex -25 -2 2.3999996185302734
      vertex -25 -27.162452697753906 2.3999996185302734
    endloop
  endfacet
  facet normal 0 0 1
    outer loop
      vertex 2.030442237854004 35.09724426269531 2.3999996185302734
      vertex -12 34.400001525878906 2.3999996185302734
      vertex 2 34.400001525878906 2.3999996185302734
    endloop
  endfacet
  facet normal 0 0 1
    outer loop
      vertex -12.030442237854004 35.09724426269531 2.3999996185302734
      vertex 2.030442237854004 35.09724426269531 2.3999996185302734
      vertex 2.121537208557129 35.7891845703125 2.3999996185302734
    endloop
  endfacet
  facet normal 0 0 1
    outer loop
      vertex -12.121537208557129 35.7891845703125 2.3999996185302734
      vertex 2.121537208557129 35.7891845703125 2.3999996185302734
      vertex 2.272592544555664 36.470550537109375 2.3999996185302734
    endloop
  endfacet
  facet normal 0 0 1
    outer loop
      vertex -12.272592544555664 36.470550537109375 2.3999996185302734
      vertex 2.272592544555664 36.470550537109375 2.3999996185302734
      vertex 2.4824581146240234 37.13616180419922 2.3999996185302734
    endloop
  endfacet
  facet normal 0 0 1
    outer loop
      vertex -12.482458114624023 37.13616180419922 2.3999996185302734
      vertex 2.4824581146240234 37.13616180419922 2.3999996185302734
      vertex 2.749537467956543 37.78094482421875 2.3999996185302734
    endloop
  endfacet
  facet normal 0 0 1
    outer loop
      vertex -12.749537467956543 37.78094482421875 2.3999996185302734
      vertex 2.749537467956543 37.78094482421875 2.3999996185302734
      vertex 3.071796417236328 38.400001525878906 2.3999996185302734
    endloop
  endfacet
  facet normal 0 0 1
    outer loop
      vertex -13.071796417236328 38.400001525878906 2.3999996185302734
      vertex 3.071796417236328 38.400001525878906 2.3999996185302734
      vertex 3.4467830657958984 38.988609313964844 2.3999996185302734
    endloop
  endfacet
  facet normal 0 0 1
    outer loop
      vertex -13.446783065795898 38.988609313964844 2.3999996185302734
      vertex 3.4467830657958984 38.988609313964844 2.3999996185302734
      vertex 3.7624528408050537 39.400001525878906 2.3999996185302734
    endloop
  endfacet
  facet normal 0 0 1
    outer loop
      vertex 2.030442237854004 35.09724426269531 2.3999996185302734
      vertex -12.030442237854004 35.09724426269531 2.3999996185302734
      vertex -12 34.400001525878906 2.3999996185302734
    endloop
  endfacet
  facet normal 0 0 1
    outer loop
      vertex 2.121537208557129 35.7891845703125 2.3999996185302734
      vertex -12.121537208557129 35.7891845703125 2.3999996185302734
      vertex -12.030442237854004 35.09724426269531 2.3999996185302734
    endloop
  endfacet
  facet normal 0 0 1
    outer loop
      vertex 2.272592544555664 36.470550537109375 2.3999996185302734
      vertex -12.272592544555664 36.470550537109375 2.3999996185302734
      vertex -12.121537208557129 35.7891845703125 2.3999996185302734
    endloop
  endfacet
  facet normal 0 0 1
    outer loop
      vertex 2.4824581146240234 37.13616180419922 2.3999996185302734
      vertex -12.482458114624023 37.13616180419922 2.3999996185302734
      vertex -12.272592544555664 36.470550537109375 2.3999996185302734
    endloop
  endfacet
  facet normal 0 0 1
    outer loop
      vertex 2.749537467956543 37.78094482421875 2.3999996185302734
      vertex -12.749537467956543 37.78094482421875 2.3999996185302734
      vertex -12.482458114624023 37.13616180419922 2.3999996185302734
    endloop
  endfacet
  facet normal 0 0 1
    outer loop
      vertex 3.071796417236328 38.400001525878906 2.3999996185302734
      vertex -13.071796417236328 38.400001525878906 2.3999996185302734
      vertex -12.749537467956543 37.78094482421875 2.3999996185302734
    endloop
  endfacet
  facet normal 0 0 1
    outer loop
      vertex 3.4467830657958984 38.988609313964844 2.3999996185302734
      vertex -13.446783065795898 38.988609313964844 2.3999996185302734
      vertex -13.071796417236328 38.400001525878906 2.3999996185302734
    endloop
  endfacet
  facet normal 0 0 1
    outer loop
      vertex -13.446783065795898 38.988609313964844 2.3999996185302734
      vertex 3.7624528408050537 39.400001525878906 2.3999996185302734
      vertex -13.762453079223633 39.400001525878906 2.3999996185302734
    endloop
  endfacet
  facet normal 0 0 1
    outer loop
      vertex 7.929447174072266 26.672592163085938 2.3999996185302734
      vertex 8.5 2 2.3999996185302734
      vertex 8.5 26.546104431152344 2.3999996185302734
    endloop
  endfacet
  facet normal 0 0 1
    outer loop
      vertex 7.263838768005371 26.882457733154297 2.3999996185302734
      vertex 8.5 2 2.3999996185302734
      vertex 7.929447174072266 26.672592163085938 2.3999996185302734
    endloop
  endfacet
  facet normal 0 0 1
    outer loop
      vertex 6.619053840637207 27.1495361328125 2.3999996185302734
      vertex 8.5 2 2.3999996185302734
      vertex 7.263838768005371 26.882457733154297 2.3999996185302734
    endloop
  endfacet
  facet normal 0 0 1
    outer loop
      vertex 6 27.4717960357666 2.3999996185302734
      vertex 8.5 2 2.3999996185302734
      vertex 6.619053840637207 27.1495361328125 2.3999996185302734
    endloop
  endfacet
  facet normal 0 0 1
    outer loop
      vertex 5.411388397216797 27.846782684326172 2.3999996185302734
      vertex 8.5 2 2.3999996185302734
      vertex 6 27.4717960357666 2.3999996185302734
    endloop
  endfacet
  facet normal 0 0 1
    outer loop
      vertex -15.411388397216797 27.846782684326172 2.3999996185302734
      vertex 5.411388397216797 27.846782684326172 2.3999996185302734
      vertex 4.857698440551758 28.271644592285156 2.3999996185302734
    endloop
  endfacet
  facet normal 0 0 1
    outer loop
      vertex -14.857698440551758 28.271644592285156 2.3999996185302734
      vertex 4.857698440551758 28.271644592285156 2.3999996185302734
      vertex 4.343145370483398 28.743144989013672 2.3999996185302734
    endloop
  endfacet
  facet normal 0 0 1
    outer loop
      vertex -14.343145370483398 28.743144989013672 2.3999996185302734
      vertex 4.343145370483398 28.743144989013672 2.3999996185302734
      vertex 3.8716440200805664 29.25769805908203 2.3999996185302734
    endloop
  endfacet
  facet normal 0 0 1
    outer loop
      vertex -13.871644020080566 29.25769805908203 2.3999996185302734
      vertex 3.8716440200805664 29.25769805908203 2.3999996185302734
      vertex 3.4467830657958984 29.81138801574707 2.3999996185302734
    endloop
  endfacet
  facet normal 0 0 1
    outer loop
      vertex -13.446783065795898 29.81138801574707 2.3999996185302734
      vertex 3.4467830657958984 29.81138801574707 2.3999996185302734
      vertex 3.071796417236328 30.399999618530273 2.3999996185302734
    endloop
  endfacet
  facet normal 0 0 1
    outer loop
      vertex -13.071796417236328 30.399999618530273 2.3999996185302734
      vertex 3.071796417236328 30.399999618530273 2.3999996185302734
      vertex 2.749537467956543 31.019054412841797 2.3999996185302734
    endloop
  endfacet
  facet normal 0 0 1
    outer loop
      vertex -12.749537467956543 31.019054412841797 2.3999996185302734
      vertex 2.749537467956543 31.019054412841797 2.3999996185302734
      vertex 2.4824581146240234 31.663837432861328 2.3999996185302734
    endloop
  endfacet
  facet normal 0 0 1
    outer loop
      vertex -12.482458114624023 31.663837432861328 2.3999996185302734
      vertex 2.4824581146240234 31.663837432861328 2.3999996185302734
      vertex 2.272592544555664 32.329444885253906 2.3999996185302734
    endloop
  endfacet
  facet normal 0 0 1
    outer loop
      vertex -12.272592544555664 32.329444885253906 2.3999996185302734
      vertex 2.272592544555664 32.329444885253906 2.3999996185302734
      vertex 2.121537208557129 33.01081466674805 2.3999996185302734
    endloop
  endfacet
  facet normal 0 0 1
    outer loop
      vertex -12 34.400001525878906 2.3999996185302734
      vertex 2.030442237854004 33.702754974365234 2.3999996185302734
      vertex 2 34.400001525878906 2.3999996185302734
    endloop
  endfacet
  facet normal 0 0 1
    outer loop
      vertex -12.030442237854004 33.702754974365234 2.3999996185302734
      vertex 2.030442237854004 33.702754974365234 2.3999996185302734
      vertex -12 34.400001525878906 2.3999996185302734
    endloop
  endfacet
  facet normal 0 0 1
    outer loop
      vertex 2.030442237854004 33.702754974365234 2.3999996185302734
      vertex -12.030442237854004 33.702754974365234 2.3999996185302734
      vertex 2.121537208557129 33.01081466674805 2.3999996185302734
    endloop
  endfacet
  facet normal 0 0 1
    outer loop
      vertex -12.121537208557129 33.01081466674805 2.3999996185302734
      vertex 2.121537208557129 33.01081466674805 2.3999996185302734
      vertex -12.030442237854004 33.702754974365234 2.3999996185302734
    endloop
  endfacet
  facet normal 0 0 1
    outer loop
      vertex -12.272592544555664 32.329444885253906 2.3999996185302734
      vertex 2.121537208557129 33.01081466674805 2.3999996185302734
      vertex -12.121537208557129 33.01081466674805 2.3999996185302734
    endloop
  endfacet
  facet normal 0 0 1
    outer loop
      vertex 2.272592544555664 32.329444885253906 2.3999996185302734
      vertex -12.272592544555664 32.329444885253906 2.3999996185302734
      vertex -12.482458114624023 31.663837432861328 2.3999996185302734
    endloop
  endfacet
  facet normal 0 0 1
    outer loop
      vertex 2.4824581146240234 31.663837432861328 2.3999996185302734
      vertex -12.482458114624023 31.663837432861328 2.3999996185302734
      vertex -12.749537467956543 31.019054412841797 2.3999996185302734
    endloop
  endfacet
  facet normal 0 0 1
    outer loop
      vertex 2.749537467956543 31.019054412841797 2.3999996185302734
      vertex -12.749537467956543 31.019054412841797 2.3999996185302734
      vertex -13.071796417236328 30.399999618530273 2.3999996185302734
    endloop
  endfacet
  facet normal 0 0 1
    outer loop
      vertex 3.071796417236328 30.399999618530273 2.3999996185302734
      vertex -13.071796417236328 30.399999618530273 2.3999996185302734
      vertex -13.446783065795898 29.81138801574707 2.3999996185302734
    endloop
  endfacet
  facet normal 0 0 1
    outer loop
      vertex 3.4467830657958984 29.81138801574707 2.3999996185302734
      vertex -13.446783065795898 29.81138801574707 2.3999996185302734
      vertex -13.871644020080566 29.25769805908203 2.3999996185302734
    endloop
  endfacet
  facet normal 0 0 1
    outer loop
      vertex 3.8716440200805664 29.25769805908203 2.3999996185302734
      vertex -13.871644020080566 29.25769805908203 2.3999996185302734
      vertex -14.343145370483398 28.743144989013672 2.3999996185302734
    endloop
  endfacet
  facet normal 0 0 1
    outer loop
      vertex 4.343145370483398 28.743144989013672 2.3999996185302734
      vertex -14.343145370483398 28.743144989013672 2.3999996185302734
      vertex -14.857698440551758 28.271644592285156 2.3999996185302734
    endloop
  endfacet
  facet normal 0 0 1
    outer loop
      vertex 4.857698440551758 28.271644592285156 2.3999996185302734
      vertex -14.857698440551758 28.271644592285156 2.3999996185302734
      vertex -15.411388397216797 27.846782684326172 2.3999996185302734
    endloop
  endfacet
  facet normal 0 0 1
    outer loop
      vertex 5.411388397216797 27.846782684326172 2.3999996185302734
      vertex -15.411388397216797 27.846782684326172 2.3999996185302734
      vertex 8.5 2 2.3999996185302734
    endloop
  endfacet
  facet normal 0 0 1
    outer loop
      vertex -18.5 2 2.3999996185302734
      vertex -15.411388397216797 27.846782684326172 2.3999996185302734
      vertex -16 27.4717960357666 2.3999996185302734
    endloop
  endfacet
  facet normal 0 0 1
    outer loop
      vertex -18.5 2 2.3999996185302734
      vertex -16 27.4717960357666 2.3999996185302734
      vertex -16.61905288696289 27.1495361328125 2.3999996185302734
    endloop
  endfacet
  facet normal 0 0 1
    outer loop
      vertex -18.5 2 2.3999996185302734
      vertex -16.61905288696289 27.1495361328125 2.3999996185302734
      vertex -17.263839721679688 26.882457733154297 2.3999996185302734
    endloop
  endfacet
  facet normal 0 0 1
    outer loop
      vertex -18.5 2 2.3999996185302734
      vertex -17.263839721679688 26.882457733154297 2.3999996185302734
      vertex -17.929447174072266 26.672592163085938 2.3999996185302734
    endloop
  endfacet
  facet normal 0 0 1
    outer loop
      vertex -18.5 2 2.3999996185302734
      vertex -17.929447174072266 26.672592163085938 2.3999996185302734
      vertex -18.5 26.546104431152344 2.3999996185302734
    endloop
  endfacet
  facet normal 0 0 1
    outer loop
      vertex -15.411388397216797 27.846782684326172 2.3999996185302734
      vertex -18.5 2 2.3999996185302734
      vertex 8.5 2 2.3999996185302734
    endloop
  endfacet
  facet normal 1 0 0
    outer loop
      vertex -25 2 11.5
      vertex -25 28.162452697753906 2.3999996185302734
      vertex -25 28.162452697753906 11.5
    endloop
  endfacet
  facet normal 1 0 0
    outer loop
      vertex -25 28.162452697753906 2.3999996185302734
      vertex -25 2 11.5
      vertex -25 2 2.3999996185302734
    endloop
  endfacet
  facet normal 1 0 0
    outer loop
      vertex -25 -27.162452697753906 11.5
      vertex -25 -2 2.3999996185302734
      vertex -25 -2 11.5
    endloop
  endfacet
  facet normal 1 0 0
    outer loop
      vertex -25 -2 2.3999996185302734
      vertex -25 -27.162452697753906 11.5
      vertex -25 -27.162452697753906 2.3999996185302734
    endloop
  endfacet
  facet normal 0 -1 0
    outer loop
      vertex 16.237546920776367 39.400001525878906 2.3999996185302734
      vertex 44 39.400001525878906 11.5
      vertex 16.237546920776367 39.400001525878906 11.5
    endloop
  endfacet
  facet normal 0 -1 0
    outer loop
      vertex 44 39.400001525878906 11.5
      vertex 16.237546920776367 39.400001525878906 2.3999996185302734
      vertex 44 39.400001525878906 2.3999996185302734
    endloop
  endfacet
  facet normal 0 -1 0
    outer loop
      vertex -13.762453079223633 39.400001525878906 2.3999996185302734
      vertex 3.7624528408050537 39.400001525878906 11.5
      vertex -13.762453079223633 39.400001525878906 11.5
    endloop
  endfacet
  facet normal 0 -1 0
    outer loop
      vertex 3.7624528408050537 39.400001525878906 11.5
      vertex -13.762453079223633 39.400001525878906 2.3999996185302734
      vertex 3.7624528408050537 39.400001525878906 2.3999996185302734
    endloop
  endfacet
  facet normal 0 1 0
    outer loop
      vertex 44 -39.400001525878906 2.3999996185302734
      vertex 16.928203582763672 -39.400001525878906 11.5
      vertex 44 -39.400001525878906 11.5
    endloop
  endfacet
  facet normal 0 1 0
    outer loop
      vertex 16.928203582763672 -39.400001525878906 11.5
      vertex 44 -39.400001525878906 2.3999996185302734
      vertex 16.928203582763672 -39.400001525878906 2.3999996185302734
    endloop
  endfacet
  facet normal 0 1 0
    outer loop
      vertex 3.071796417236328 -39.400001525878906 2.3999996185302734
      vertex -13.071796417236328 -39.400001525878906 11.5
      vertex 3.071796417236328 -39.400001525878906 11.5
    endloop
  endfacet
  facet normal 0 1 0
    outer loop
      vertex -13.071796417236328 -39.400001525878906 11.5
      vertex 3.071796417236328 -39.400001525878906 2.3999996185302734
      vertex -13.071796417236328 -39.400001525878906 2.3999996185302734
    endloop
  endfacet
  facet normal 0 1 0
    outer loop
      vertex -21.5 2 2.3999996185302734
      vertex -25 2 11.5
      vertex -21.5 2 11.5
    endloop
  endfacet
  facet normal 0 1 0
    outer loop
      vertex -25 2 11.5
      vertex -21.5 2 2.3999996185302734
      vertex -25 2 2.3999996185302734
    endloop
  endfacet
  facet normal 0 1 0
    outer loop
      vertex 8.5 2 2.3999996185302734
      vertex -18.5 2 11.5
      vertex 8.5 2 11.5
    endloop
  endfacet
  facet normal 0 1 0
    outer loop
      vertex -18.5 2 11.5
      vertex 8.5 2 2.3999996185302734
      vertex -18.5 2 2.3999996185302734
    endloop
  endfacet
  facet normal 0 1 0
    outer loop
      vertex 24 2 2.3999996185302734
      vertex 11.5 2 11.5
      vertex 24 2 11.5
    endloop
  endfacet
  facet normal 0 1 0
    outer loop
      vertex 11.5 2 11.5
      vertex 24 2 2.3999996185302734
      vertex 11.5 2 2.3999996185302734
    endloop
  endfacet
  facet normal 0 -1 0
    outer loop
      vertex -25 -2 2.3999996185302734
      vertex -21.5 -2 11.5
      vertex -25 -2 11.5
    endloop
  endfacet
  facet normal 0 -1 0
    outer loop
      vertex -21.5 -2 11.5
      vertex -25 -2 2.3999996185302734
      vertex -21.5 -2 2.3999996185302734
    endloop
  endfacet
  facet normal 0 -1 0
    outer loop
      vertex -18.5 -2 2.3999996185302734
      vertex 8.5 -2 11.5
      vertex -18.5 -2 11.5
    endloop
  endfacet
  facet normal 0 -1 0
    outer loop
      vertex 8.5 -2 11.5
      vertex -18.5 -2 2.3999996185302734
      vertex 8.5 -2 2.3999996185302734
    endloop
  endfacet
  facet normal 0 -1 0
    outer loop
      vertex 11.5 -2 2.3999996185302734
      vertex 24 -2 11.5
      vertex 11.5 -2 11.5
    endloop
  endfacet
  facet normal 0 -1 0
    outer loop
      vertex 24 -2 11.5
      vertex 11.5 -2 2.3999996185302734
      vertex 24 -2 2.3999996185302734
    endloop
  endfacet
  facet normal -1 0 0
    outer loop
      vertex 24 2 2.3999996185302734
      vertex 24 9 11.5
      vertex 24 9 2.3999996185302734
    endloop
  endfacet
  facet normal -1 0 0
    outer loop
      vertex 24 9 11.5
      vertex 24 2 2.3999996185302734
      vertex 24 2 11.5
    endloop
  endfacet
  facet normal -1 0 0
    outer loop
      vertex 24 -9 2.3999996185302734
      vertex 24 -2 11.5
      vertex 24 -2 2.3999996185302734
    endloop
  endfacet
  facet normal -1 0 0
    outer loop
      vertex 24 -2 11.5
      vertex 24 -9 2.3999996185302734
      vertex 24 -9 11.5
    endloop
  endfacet
  facet normal 0 1 0
    outer loop
      vertex 44 9 2.3999996185302734
      vertex 24 9 11.5
      vertex 44 9 11.5
    endloop
  endfacet
  facet normal 0 1 0
    outer loop
      vertex 24 9 11.5
      vertex 44 9 2.3999996185302734
      vertex 24 9 2.3999996185302734
    endloop
  endfacet
  facet normal 0 -1 0
    outer loop
      vertex 24 -9 2.3999996185302734
      vertex 44 -9 11.5
      vertex 24 -9 11.5
    endloop
  endfacet
  facet normal 0 -1 0
    outer loop
      vertex 44 -9 11.5
      vertex 24 -9 2.3999996185302734
      vertex 44 -9 2.3999996185302734
    endloop
  endfacet
  facet normal -0.9914429804726449 0 0.13054047828745968
    outer loop
      vertex 52.977210998535156 36.400001525878906 15.239527702331543
      vertex 52.994293212890625 42.400001525878906 15.36926555633545
      vertex 52.977210998535156 42.400001525878906 15.239527702331543
    endloop
  endfacet
  facet normal -0.9914429804726449 0 0.13054047828745968
    outer loop
      vertex 52.994293212890625 42.400001525878906 15.36926555633545
      vertex 52.977210998535156 36.400001525878906 15.239527702331543
      vertex 52.994293212890625 36.400001525878906 15.36926555633545
    endloop
  endfacet
  facet normal -0.9914429804726449 0 0.13054047828745968
    outer loop
      vertex 52.977210998535156 -42.400001525878906 15.239527702331543
      vertex 52.994293212890625 -36.400001525878906 15.36926555633545
      vertex 52.977210998535156 -36.400001525878906 15.239527702331543
    endloop
  endfacet
  facet normal -0.9914429804726449 0 0.13054047828745968
    outer loop
      vertex 52.994293212890625 -36.400001525878906 15.36926555633545
      vertex 52.977210998535156 -42.400001525878906 15.239527702331543
      vertex 52.994293212890625 -42.400001525878906 15.36926555633545
    endloop
  endfacet
  facet normal -0.9990486218132903 0 0.043610219593177436
    outer loop
      vertex 52.994293212890625 36.400001525878906 15.36926555633545
      vertex 53 42.400001525878906 15.5
      vertex 52.994293212890625 42.400001525878906 15.36926555633545
    endloop
  endfacet
  facet normal -0.9990486218132903 0 0.043610219593177436
    outer loop
      vertex 53 42.400001525878906 15.5
      vertex 52.994293212890625 36.400001525878906 15.36926555633545
      vertex 53 36.400001525878906 15.5
    endloop
  endfacet
  facet normal -0.9990486218132903 0 0.043610219593177436
    outer loop
      vertex 52.994293212890625 -42.400001525878906 15.36926555633545
      vertex 53 -36.400001525878906 15.5
      vertex 52.994293212890625 -36.400001525878906 15.36926555633545
    endloop
  endfacet
  facet normal -0.9990486218132903 0 0.043610219593177436
    outer loop
      vertex 53 -36.400001525878906 15.5
      vertex 52.994293212890625 -42.400001525878906 15.36926555633545
      vertex 53 -42.400001525878906 15.5
    endloop
  endfacet
  facet normal 0.21643889300234956 0 0.9762961669472627
    outer loop
      vertex 51.11177062988281 -36.400001525878906 14.051111221313477
      vertex 51.23952865600586 -42.400001525878906 14.022788047790527
      vertex 51.23952865600586 -36.400001525878906 14.022788047790527
    endloop
  endfacet
  facet normal 0.21643889300234956 0 0.9762961669472627
    outer loop
      vertex 51.23952865600586 -42.400001525878906 14.022788047790527
      vertex 51.11177062988281 -36.400001525878906 14.051111221313477
      vertex 51.11177062988281 -42.400001525878906 14.051111221313477
    endloop
  endfacet
  facet normal 0.21643889300234956 0 0.9762961669472627
    outer loop
      vertex 51.11177062988281 42.400001525878906 14.051111221313477
      vertex 51.23952865600586 36.400001525878906 14.022788047790527
      vertex 51.23952865600586 42.400001525878906 14.022788047790527
    endloop
  endfacet
  facet normal 0.21643889300234956 0 0.9762961669472627
    outer loop
      vertex 51.23952865600586 36.400001525878906 14.022788047790527
      vertex 51.11177062988281 42.400001525878906 14.051111221313477
      vertex 51.11177062988281 36.400001525878906 14.051111221313477
    endloop
  endfacet
  facet normal -0.21643889300234956 0 0.9762961669472627
    outer loop
      vertex 51.76047134399414 -36.400001525878906 14.022788047790527
      vertex 51.88822937011719 -42.400001525878906 14.051111221313477
      vertex 51.88822937011719 -36.400001525878906 14.051111221313477
    endloop
  endfacet
  facet normal -0.21643889300234956 0 0.9762961669472627
    outer loop
      vertex 51.88822937011719 -42.400001525878906 14.051111221313477
      vertex 51.76047134399414 -36.400001525878906 14.022788047790527
      vertex 51.76047134399414 -42.400001525878906 14.022788047790527
    endloop
  endfacet
  facet normal -0.21643889300234956 0 0.9762961669472627
    outer loop
      vertex 51.76047134399414 42.400001525878906 14.022788047790527
      vertex 51.88822937011719 36.400001525878906 14.051111221313477
      vertex 51.88822937011719 42.400001525878906 14.051111221313477
    endloop
  endfacet
  facet normal -0.21643889300234956 0 0.9762961669472627
    outer loop
      vertex 51.88822937011719 36.400001525878906 14.051111221313477
      vertex 51.76047134399414 42.400001525878906 14.022788047790527
      vertex 51.76047134399414 36.400001525878906 14.022788047790527
    endloop
  endfacet
  facet normal -0.1305261508725236 0 0.9914448668173148
    outer loop
      vertex 51.630733489990234 -36.400001525878906 14.005707740783691
      vertex 51.76047134399414 -42.400001525878906 14.022788047790527
      vertex 51.76047134399414 -36.400001525878906 14.022788047790527
    endloop
  endfacet
  facet normal -0.1305261508725236 0 0.9914448668173148
    outer loop
      vertex 51.76047134399414 -42.400001525878906 14.022788047790527
      vertex 51.630733489990234 -36.400001525878906 14.005707740783691
      vertex 51.630733489990234 -42.400001525878906 14.005707740783691
    endloop
  endfacet
  facet normal -0.1305261508725236 0 0.9914448668173148
    outer loop
      vertex 51.630733489990234 42.400001525878906 14.005707740783691
      vertex 51.76047134399414 36.400001525878906 14.022788047790527
      vertex 51.76047134399414 42.400001525878906 14.022788047790527
    endloop
  endfacet
  facet normal -0.1305261508725236 0 0.9914448668173148
    outer loop
      vertex 51.76047134399414 36.400001525878906 14.022788047790527
      vertex 51.630733489990234 42.400001525878906 14.005707740783691
      vertex 51.630733489990234 36.400001525878906 14.005707740783691
    endloop
  endfacet
  facet normal -0.9990486079528197 0 -0.04361053711585359
    outer loop
      vertex 53 36.400001525878906 15.5
      vertex 52.994293212890625 42.400001525878906 15.630733489990234
      vertex 53 42.400001525878906 15.5
    endloop
  endfacet
  facet normal -0.9990486079528197 0 -0.04361053711585359
    outer loop
      vertex 52.994293212890625 42.400001525878906 15.630733489990234
      vertex 53 36.400001525878906 15.5
      vertex 52.994293212890625 36.400001525878906 15.630733489990234
    endloop
  endfacet
  facet normal -0.9990486079528197 0 -0.04361053711585359
    outer loop
      vertex 53 -42.400001525878906 15.5
      vertex 52.994293212890625 -36.400001525878906 15.630733489990234
      vertex 53 -36.400001525878906 15.5
    endloop
  endfacet
  facet normal -0.9990486079528197 0 -0.04361053711585359
    outer loop
      vertex 52.994293212890625 -36.400001525878906 15.630733489990234
      vertex 53 -42.400001525878906 15.5
      vertex 52.994293212890625 -42.400001525878906 15.630733489990234
    endloop
  endfacet
  facet normal -0.2164458393356606 0 -0.9762946269616982
    outer loop
      vertex 51.76047134399414 36.400001525878906 16.977210998535156
      vertex 51.88822937011719 42.400001525878906 16.94888687133789
      vertex 51.88822937011719 36.400001525878906 16.94888687133789
    endloop
  endfacet
  facet normal -0.2164458393356606 0 -0.9762946269616982
    outer loop
      vertex 51.88822937011719 42.400001525878906 16.94888687133789
      vertex 51.76047134399414 36.400001525878906 16.977210998535156
      vertex 51.76047134399414 42.400001525878906 16.977210998535156
    endloop
  endfacet
  facet normal -0.2164458393356606 0 -0.9762946269616982
    outer loop
      vertex 51.76047134399414 -42.400001525878906 16.977210998535156
      vertex 51.88822937011719 -36.400001525878906 16.94888687133789
      vertex 51.88822937011719 -42.400001525878906 16.94888687133789
    endloop
  endfacet
  facet normal -0.2164458393356606 0 -0.9762946269616982
    outer loop
      vertex 51.88822937011719 -36.400001525878906 16.94888687133789
      vertex 51.76047134399414 -42.400001525878906 16.977210998535156
      vertex 51.76047134399414 -36.400001525878906 16.977210998535156
    endloop
  endfacet
  facet normal -0.8870174469597741 0 0.4617359080567205
    outer loop
      vertex 52.79903793334961 -42.400001525878906 14.75
      vertex 52.859458923339844 -36.400001525878906 14.866071701049805
      vertex 52.79903793334961 -36.400001525878906 14.75
    endloop
  endfacet
  facet normal -0.8870174469597741 0 0.4617359080567205
    outer loop
      vertex 52.859458923339844 -36.400001525878906 14.866071701049805
      vertex 52.79903793334961 -42.400001525878906 14.75
      vertex 52.859458923339844 -42.400001525878906 14.866071701049805
    endloop
  endfacet
  facet normal -0.8870174469597741 0 0.4617359080567205
    outer loop
      vertex 52.79903793334961 36.400001525878906 14.75
      vertex 52.859458923339844 42.400001525878906 14.866071701049805
      vertex 52.79903793334961 42.400001525878906 14.75
    endloop
  endfacet
  facet normal -0.8870174469597741 0 0.4617359080567205
    outer loop
      vertex 52.859458923339844 42.400001525878906 14.866071701049805
      vertex 52.79903793334961 36.400001525878906 14.75
      vertex 52.859458923339844 36.400001525878906 14.866071701049805
    endloop
  endfacet
  facet normal 0.043625085095013366 0 -0.999047972797329
    outer loop
      vertex 51.369266510009766 36.400001525878906 16.994291305541992
      vertex 51.5 42.400001525878906 17
      vertex 51.5 36.400001525878906 17
    endloop
  endfacet
  facet normal 0.043625085095013366 0 -0.999047972797329
    outer loop
      vertex 51.5 42.400001525878906 17
      vertex 51.369266510009766 36.400001525878906 16.994291305541992
      vertex 51.369266510009766 42.400001525878906 16.994291305541992
    endloop
  endfacet
  facet normal 0.043625085095013366 0 -0.999047972797329
    outer loop
      vertex 51.369266510009766 -42.400001525878906 16.994291305541992
      vertex 51.5 -36.400001525878906 17
      vertex 51.5 -42.400001525878906 17
    endloop
  endfacet
  facet normal 0.043625085095013366 0 -0.999047972797329
    outer loop
      vertex 51.5 -36.400001525878906 17
      vertex 51.369266510009766 -42.400001525878906 16.994291305541992
      vertex 51.369266510009766 -36.400001525878906 16.994291305541992
    endloop
  endfacet
  facet normal 0.843392498874261 0 -0.5372979553679964
    outer loop
      vertex 50.271270751953125 36.400001525878906 16.360363006591797
      vertex 50.20096206665039 42.400001525878906 16.25
      vertex 50.271270751953125 42.400001525878906 16.360363006591797
    endloop
  endfacet
  facet normal 0.843392498874261 0 -0.5372979553679964
    outer loop
      vertex 50.20096206665039 42.400001525878906 16.25
      vertex 50.271270751953125 36.400001525878906 16.360363006591797
      vertex 50.20096206665039 36.400001525878906 16.25
    endloop
  endfacet
  facet normal 0.843392498874261 0 -0.5372979553679964
    outer loop
      vertex 50.271270751953125 -42.400001525878906 16.360363006591797
      vertex 50.20096206665039 -36.400001525878906 16.25
      vertex 50.271270751953125 -36.400001525878906 16.360363006591797
    endloop
  endfacet
  facet normal 0.843392498874261 0 -0.5372979553679964
    outer loop
      vertex 50.20096206665039 -36.400001525878906 16.25
      vertex 50.271270751953125 -42.400001525878906 16.360363006591797
      vertex 50.20096206665039 -42.400001525878906 16.25
    endloop
  endfacet
  facet normal -0.9762942855362317 0 0.21644737935419542
    outer loop
      vertex 52.94888687133789 -42.400001525878906 15.111770629882812
      vertex 52.977210998535156 -36.400001525878906 15.239527702331543
      vertex 52.94888687133789 -36.400001525878906 15.111770629882812
    endloop
  endfacet
  facet normal -0.9762942855362317 0 0.21644737935419542
    outer loop
      vertex 52.977210998535156 -36.400001525878906 15.239527702331543
      vertex 52.94888687133789 -42.400001525878906 15.111770629882812
      vertex 52.977210998535156 -42.400001525878906 15.239527702331543
    endloop
  endfacet
  facet normal -0.9762942855362317 0 0.21644737935419542
    outer loop
      vertex 52.94888687133789 36.400001525878906 15.111770629882812
      vertex 52.977210998535156 42.400001525878906 15.239527702331543
      vertex 52.94888687133789 42.400001525878906 15.111770629882812
    endloop
  endfacet
  facet normal -0.9762942855362317 0 0.21644737935419542
    outer loop
      vertex 52.977210998535156 42.400001525878906 15.239527702331543
      vertex 52.94888687133789 36.400001525878906 15.111770629882812
      vertex 52.977210998535156 36.400001525878906 15.239527702331543
    endloop
  endfacet
  facet normal -0.9537202446397967 0 -0.3006953524153747
    outer loop
      vertex 52.94888687133789 36.400001525878906 15.888228416442871
      vertex 52.90953826904297 42.400001525878906 16.013031005859375
      vertex 52.94888687133789 42.400001525878906 15.888228416442871
    endloop
  endfacet
  facet normal -0.9537202446397967 0 -0.3006953524153747
    outer loop
      vertex 52.90953826904297 42.400001525878906 16.013031005859375
      vertex 52.94888687133789 36.400001525878906 15.888228416442871
      vertex 52.90953826904297 36.400001525878906 16.013031005859375
    endloop
  endfacet
  facet normal -0.9537202446397967 0 -0.3006953524153747
    outer loop
      vertex 52.94888687133789 -42.400001525878906 15.888228416442871
      vertex 52.90953826904297 -36.400001525878906 16.013031005859375
      vertex 52.94888687133789 -36.400001525878906 15.888228416442871
    endloop
  endfacet
  facet normal -0.9537202446397967 0 -0.3006953524153747
    outer loop
      vertex 52.90953826904297 -36.400001525878906 16.013031005859375
      vertex 52.94888687133789 -42.400001525878906 15.888228416442871
      vertex 52.90953826904297 -42.400001525878906 16.013031005859375
    endloop
  endfacet
  facet normal 0.46174140644429923 0 0.8870145847588079
    outer loop
      vertex 50.75 -36.400001525878906 14.200961112976074
      vertex 50.86607360839844 -42.400001525878906 14.140538215637207
      vertex 50.86607360839844 -36.400001525878906 14.140538215637207
    endloop
  endfacet
  facet normal 0.46174140644429923 0 0.8870145847588079
    outer loop
      vertex 50.86607360839844 -42.400001525878906 14.140538215637207
      vertex 50.75 -36.400001525878906 14.200961112976074
      vertex 50.75 -42.400001525878906 14.200961112976074
    endloop
  endfacet
  facet normal 0.46174140644429923 0 0.8870145847588079
    outer loop
      vertex 50.75 42.400001525878906 14.200961112976074
      vertex 50.86607360839844 36.400001525878906 14.140538215637207
      vertex 50.86607360839844 42.400001525878906 14.140538215637207
    endloop
  endfacet
  facet normal 0.46174140644429923 0 0.8870145847588079
    outer loop
      vertex 50.86607360839844 36.400001525878906 14.140538215637207
      vertex 50.75 42.400001525878906 14.200961112976074
      vertex 50.75 36.400001525878906 14.200961112976074
    endloop
  endfacet
  facet normal 0.04361781110890186 0 0.999048290401454
    outer loop
      vertex 51.369266510009766 42.400001525878906 14.005707740783691
      vertex 51.5 36.400001525878906 14
      vertex 51.5 42.400001525878906 14
    endloop
  endfacet
  facet normal 0.04361781110890186 0 0.999048290401454
    outer loop
      vertex 51.5 36.400001525878906 14
      vertex 51.369266510009766 42.400001525878906 14.005707740783691
      vertex 51.369266510009766 36.400001525878906 14.005707740783691
    endloop
  endfacet
  facet normal 0.04361781110890186 0 0.999048290401454
    outer loop
      vertex 51.369266510009766 -36.400001525878906 14.005707740783691
      vertex 51.5 -42.400001525878906 14
      vertex 51.5 -36.400001525878906 14
    endloop
  endfacet
  facet normal 0.04361781110890186 0 0.999048290401454
    outer loop
      vertex 51.5 -42.400001525878906 14
      vertex 51.369266510009766 -36.400001525878906 14.005707740783691
      vertex 51.369266510009766 -42.400001525878906 14.005707740783691
    endloop
  endfacet
  facet normal -0.923871866440207 0 -0.3827019393735655
    outer loop
      vertex 52.90953826904297 36.400001525878906 16.013031005859375
      vertex 52.859458923339844 42.400001525878906 16.133926391601562
      vertex 52.90953826904297 42.400001525878906 16.013031005859375
    endloop
  endfacet
  facet normal -0.923871866440207 0 -0.3827019393735655
    outer loop
      vertex 52.859458923339844 42.400001525878906 16.133926391601562
      vertex 52.90953826904297 36.400001525878906 16.013031005859375
      vertex 52.859458923339844 36.400001525878906 16.133926391601562
    endloop
  endfacet
  facet normal -0.923871866440207 0 -0.3827019393735655
    outer loop
      vertex 52.90953826904297 -42.400001525878906 16.013031005859375
      vertex 52.859458923339844 -36.400001525878906 16.133926391601562
      vertex 52.90953826904297 -36.400001525878906 16.013031005859375
    endloop
  endfacet
  facet normal -0.923871866440207 0 -0.3827019393735655
    outer loop
      vertex 52.859458923339844 -36.400001525878906 16.133926391601562
      vertex 52.90953826904297 -42.400001525878906 16.013031005859375
      vertex 52.859458923339844 -42.400001525878906 16.133926391601562
    endloop
  endfacet
  facet normal -0.9914429804726449 0 -0.13054047828745968
    outer loop
      vertex 52.994293212890625 36.400001525878906 15.630733489990234
      vertex 52.977210998535156 42.400001525878906 15.76047134399414
      vertex 52.994293212890625 42.400001525878906 15.630733489990234
    endloop
  endfacet
  facet normal -0.9914429804726449 0 -0.13054047828745968
    outer loop
      vertex 52.977210998535156 42.400001525878906 15.76047134399414
      vertex 52.994293212890625 36.400001525878906 15.630733489990234
      vertex 52.977210998535156 36.400001525878906 15.76047134399414
    endloop
  endfacet
  facet normal -0.9914429804726449 0 -0.13054047828745968
    outer loop
      vertex 52.994293212890625 -42.400001525878906 15.630733489990234
      vertex 52.977210998535156 -36.400001525878906 15.76047134399414
      vertex 52.994293212890625 -36.400001525878906 15.630733489990234
    endloop
  endfacet
  facet normal -0.9914429804726449 0 -0.13054047828745968
    outer loop
      vertex 52.977210998535156 -36.400001525878906 15.76047134399414
      vertex 52.994293212890625 -42.400001525878906 15.630733489990234
      vertex 52.977210998535156 -42.400001525878906 15.76047134399414
    endloop
  endfacet
  facet normal -0.843392498874261 0 -0.5372979553679964
    outer loop
      vertex 52.79903793334961 36.400001525878906 16.25
      vertex 52.728729248046875 42.400001525878906 16.360363006591797
      vertex 52.79903793334961 42.400001525878906 16.25
    endloop
  endfacet
  facet normal -0.843392498874261 0 -0.5372979553679964
    outer loop
      vertex 52.728729248046875 42.400001525878906 16.360363006591797
      vertex 52.79903793334961 36.400001525878906 16.25
      vertex 52.728729248046875 36.400001525878906 16.360363006591797
    endloop
  endfacet
  facet normal -0.843392498874261 0 -0.5372979553679964
    outer loop
      vertex 52.79903793334961 -42.400001525878906 16.25
      vertex 52.728729248046875 -36.400001525878906 16.360363006591797
      vertex 52.79903793334961 -36.400001525878906 16.25
    endloop
  endfacet
  facet normal -0.843392498874261 0 -0.5372979553679964
    outer loop
      vertex 52.728729248046875 -36.400001525878906 16.360363006591797
      vertex 52.79903793334961 -42.400001525878906 16.25
      vertex 52.728729248046875 -42.400001525878906 16.360363006591797
    endloop
  endfacet
  facet normal -0.9238740011785617 0 0.38269678591061473
    outer loop
      vertex 52.859458923339844 -42.400001525878906 14.866071701049805
      vertex 52.90953826904297 -36.400001525878906 14.986968994140625
      vertex 52.859458923339844 -36.400001525878906 14.866071701049805
    endloop
  endfacet
  facet normal -0.9238740011785617 0 0.38269678591061473
    outer loop
      vertex 52.90953826904297 -36.400001525878906 14.986968994140625
      vertex 52.859458923339844 -42.400001525878906 14.866071701049805
      vertex 52.90953826904297 -42.400001525878906 14.986968994140625
    endloop
  endfacet
  facet normal -0.9238740011785617 0 0.38269678591061473
    outer loop
      vertex 52.859458923339844 36.400001525878906 14.866071701049805
      vertex 52.90953826904297 42.400001525878906 14.986968994140625
      vertex 52.859458923339844 42.400001525878906 14.866071701049805
    endloop
  endfacet
  facet normal -0.9238740011785617 0 0.38269678591061473
    outer loop
      vertex 52.90953826904297 42.400001525878906 14.986968994140625
      vertex 52.859458923339844 36.400001525878906 14.866071701049805
      vertex 52.90953826904297 36.400001525878906 14.986968994140625
    endloop
  endfacet
  facet normal -0.6087604386151544 0 0.7933541002459651
    outer loop
      vertex 52.3603630065918 -36.400001525878906 14.271271705627441
      vertex 52.46417999267578 -42.400001525878906 14.350933074951172
      vertex 52.46417999267578 -36.400001525878906 14.350933074951172
    endloop
  endfacet
  facet normal -0.6087604386151544 0 0.7933541002459651
    outer loop
      vertex 52.46417999267578 -42.400001525878906 14.350933074951172
      vertex 52.3603630065918 -36.400001525878906 14.271271705627441
      vertex 52.3603630065918 -42.400001525878906 14.271271705627441
    endloop
  endfacet
  facet normal -0.6087604386151544 0 0.7933541002459651
    outer loop
      vertex 52.3603630065918 42.400001525878906 14.271271705627441
      vertex 52.46417999267578 36.400001525878906 14.350933074951172
      vertex 52.46417999267578 42.400001525878906 14.350933074951172
    endloop
  endfacet
  facet normal -0.6087604386151544 0 0.7933541002459651
    outer loop
      vertex 52.46417999267578 36.400001525878906 14.350933074951172
      vertex 52.3603630065918 42.400001525878906 14.271271705627441
      vertex 52.3603630065918 36.400001525878906 14.271271705627441
    endloop
  endfacet
  facet normal -0.9762942855362317 0 -0.21644737935419542
    outer loop
      vertex 52.977210998535156 36.400001525878906 15.76047134399414
      vertex 52.94888687133789 42.400001525878906 15.888228416442871
      vertex 52.977210998535156 42.400001525878906 15.76047134399414
    endloop
  endfacet
  facet normal -0.9762942855362317 0 -0.21644737935419542
    outer loop
      vertex 52.94888687133789 42.400001525878906 15.888228416442871
      vertex 52.977210998535156 36.400001525878906 15.76047134399414
      vertex 52.94888687133789 36.400001525878906 15.888228416442871
    endloop
  endfacet
  facet normal -0.9762942855362317 0 -0.21644737935419542
    outer loop
      vertex 52.977210998535156 -42.400001525878906 15.76047134399414
      vertex 52.94888687133789 -36.400001525878906 15.888228416442871
      vertex 52.977210998535156 -36.400001525878906 15.76047134399414
    endloop
  endfacet
  facet normal -0.9762942855362317 0 -0.21644737935419542
    outer loop
      vertex 52.94888687133789 -36.400001525878906 15.888228416442871
      vertex 52.977210998535156 -42.400001525878906 15.76047134399414
      vertex 52.94888687133789 -42.400001525878906 15.888228416442871
    endloop
  endfacet
  facet normal 0.30069744242399665 0 -0.9537195856852616
    outer loop
      vertex 50.986968994140625 36.400001525878906 16.90953826904297
      vertex 51.11177062988281 42.400001525878906 16.94888687133789
      vertex 51.11177062988281 36.400001525878906 16.94888687133789
    endloop
  endfacet
  facet normal 0.30069744242399665 0 -0.9537195856852616
    outer loop
      vertex 51.11177062988281 42.400001525878906 16.94888687133789
      vertex 50.986968994140625 36.400001525878906 16.90953826904297
      vertex 50.986968994140625 42.400001525878906 16.90953826904297
    endloop
  endfacet
  facet normal 0.30069744242399665 0 -0.9537195856852616
    outer loop
      vertex 50.986968994140625 -42.400001525878906 16.90953826904297
      vertex 51.11177062988281 -36.400001525878906 16.94888687133789
      vertex 51.11177062988281 -42.400001525878906 16.94888687133789
    endloop
  endfacet
  facet normal 0.30069744242399665 0 -0.9537195856852616
    outer loop
      vertex 51.11177062988281 -36.400001525878906 16.94888687133789
      vertex 50.986968994140625 -42.400001525878906 16.90953826904297
      vertex 50.986968994140625 -36.400001525878906 16.90953826904297
    endloop
  endfacet
  facet normal 0.3826894982610526 0 0.923877019911581
    outer loop
      vertex 50.86607360839844 -36.400001525878906 14.140538215637207
      vertex 50.986968994140625 -42.400001525878906 14.090460777282715
      vertex 50.986968994140625 -36.400001525878906 14.090460777282715
    endloop
  endfacet
  facet normal 0.3826894982610526 0 0.923877019911581
    outer loop
      vertex 50.986968994140625 -42.400001525878906 14.090460777282715
      vertex 50.86607360839844 -36.400001525878906 14.140538215637207
      vertex 50.86607360839844 -42.400001525878906 14.140538215637207
    endloop
  endfacet
  facet normal 0.3826894982610526 0 0.923877019911581
    outer loop
      vertex 50.86607360839844 42.400001525878906 14.140538215637207
      vertex 50.986968994140625 36.400001525878906 14.090460777282715
      vertex 50.986968994140625 42.400001525878906 14.090460777282715
    endloop
  endfacet
  facet normal 0.3826894982610526 0 0.923877019911581
    outer loop
      vertex 50.986968994140625 36.400001525878906 14.090460777282715
      vertex 50.86607360839844 42.400001525878906 14.140538215637207
      vertex 50.86607360839844 36.400001525878906 14.140538215637207
    endloop
  endfacet
  facet normal -0.3826894982610526 0 0.923877019911581
    outer loop
      vertex 52.013031005859375 -36.400001525878906 14.090460777282715
      vertex 52.13392639160156 -42.400001525878906 14.140538215637207
      vertex 52.13392639160156 -36.400001525878906 14.140538215637207
    endloop
  endfacet
  facet normal -0.3826894982610526 0 0.923877019911581
    outer loop
      vertex 52.13392639160156 -42.400001525878906 14.140538215637207
      vertex 52.013031005859375 -36.400001525878906 14.090460777282715
      vertex 52.013031005859375 -42.400001525878906 14.090460777282715
    endloop
  endfacet
  facet normal -0.3826894982610526 0 0.923877019911581
    outer loop
      vertex 52.013031005859375 42.400001525878906 14.090460777282715
      vertex 52.13392639160156 36.400001525878906 14.140538215637207
      vertex 52.13392639160156 42.400001525878906 14.140538215637207
    endloop
  endfacet
  facet normal -0.3826894982610526 0 0.923877019911581
    outer loop
      vertex 52.13392639160156 36.400001525878906 14.140538215637207
      vertex 52.013031005859375 42.400001525878906 14.090460777282715
      vertex 52.013031005859375 36.400001525878906 14.090460777282715
    endloop
  endfacet
  facet normal 0.8870055071710036 0 0.4617588442556469
    outer loop
      vertex 50.14053726196289 -42.400001525878906 14.866071701049805
      vertex 50.20096206665039 -36.400001525878906 14.75
      vertex 50.14053726196289 -36.400001525878906 14.866071701049805
    endloop
  endfacet
  facet normal 0.8870055071710036 0 0.4617588442556469
    outer loop
      vertex 50.20096206665039 -36.400001525878906 14.75
      vertex 50.14053726196289 -42.400001525878906 14.866071701049805
      vertex 50.20096206665039 -42.400001525878906 14.75
    endloop
  endfacet
  facet normal 0.8870055071710036 0 0.4617588442556469
    outer loop
      vertex 50.14053726196289 36.400001525878906 14.866071701049805
      vertex 50.20096206665039 42.400001525878906 14.75
      vertex 50.14053726196289 42.400001525878906 14.866071701049805
    endloop
  endfacet
  facet normal 0.8870055071710036 0 0.4617588442556469
    outer loop
      vertex 50.20096206665039 42.400001525878906 14.75
      vertex 50.14053726196289 36.400001525878906 14.866071701049805
      vertex 50.20096206665039 36.400001525878906 14.75
    endloop
  endfacet
  facet normal -0.537308323264648 0 0.8433858937346135
    outer loop
      vertex 52.25 -36.400001525878906 14.200961112976074
      vertex 52.3603630065918 -42.400001525878906 14.271271705627441
      vertex 52.3603630065918 -36.400001525878906 14.271271705627441
    endloop
  endfacet
  facet normal -0.537308323264648 0 0.8433858937346135
    outer loop
      vertex 52.3603630065918 -42.400001525878906 14.271271705627441
      vertex 52.25 -36.400001525878906 14.200961112976074
      vertex 52.25 -42.400001525878906 14.200961112976074
    endloop
  endfacet
  facet normal -0.537308323264648 0 0.8433858937346135
    outer loop
      vertex 52.25 42.400001525878906 14.200961112976074
      vertex 52.3603630065918 36.400001525878906 14.271271705627441
      vertex 52.3603630065918 42.400001525878906 14.271271705627441
    endloop
  endfacet
  facet normal -0.537308323264648 0 0.8433858937346135
    outer loop
      vertex 52.3603630065918 36.400001525878906 14.271271705627441
      vertex 52.25 42.400001525878906 14.200961112976074
      vertex 52.25 36.400001525878906 14.200961112976074
    endloop
  endfacet
  facet normal -0.6755807309184144 0 0.7372860204911937
    outer loop
      vertex 52.46417999267578 -36.400001525878906 14.350933074951172
      vertex 52.56066131591797 -42.400001525878906 14.439339637756348
      vertex 52.56066131591797 -36.400001525878906 14.439339637756348
    endloop
  endfacet
  facet normal -0.6755807309184144 0 0.7372860204911937
    outer loop
      vertex 52.56066131591797 -42.400001525878906 14.439339637756348
      vertex 52.46417999267578 -36.400001525878906 14.350933074951172
      vertex 52.46417999267578 -42.400001525878906 14.350933074951172
    endloop
  endfacet
  facet normal -0.6755807309184144 0 0.7372860204911937
    outer loop
      vertex 52.46417999267578 42.400001525878906 14.350933074951172
      vertex 52.56066131591797 36.400001525878906 14.439339637756348
      vertex 52.56066131591797 42.400001525878906 14.439339637756348
    endloop
  endfacet
  facet normal -0.6755807309184144 0 0.7372860204911937
    outer loop
      vertex 52.56066131591797 36.400001525878906 14.439339637756348
      vertex 52.46417999267578 42.400001525878906 14.350933074951172
      vertex 52.46417999267578 36.400001525878906 14.350933074951172
    endloop
  endfacet
  facet normal 0.7933505804949572 0 -0.6087650256283738
    outer loop
      vertex 50.35093307495117 36.400001525878906 16.46417999267578
      vertex 50.271270751953125 42.400001525878906 16.360363006591797
      vertex 50.35093307495117 42.400001525878906 16.46417999267578
    endloop
  endfacet
  facet normal 0.7933505804949572 0 -0.6087650256283738
    outer loop
      vertex 50.271270751953125 42.400001525878906 16.360363006591797
      vertex 50.35093307495117 36.400001525878906 16.46417999267578
      vertex 50.271270751953125 36.400001525878906 16.360363006591797
    endloop
  endfacet
  facet normal 0.7933505804949572 0 -0.6087650256283738
    outer loop
      vertex 50.35093307495117 -42.400001525878906 16.46417999267578
      vertex 50.271270751953125 -36.400001525878906 16.360363006591797
      vertex 50.35093307495117 -36.400001525878906 16.46417999267578
    endloop
  endfacet
  facet normal 0.7933505804949572 0 -0.6087650256283738
    outer loop
      vertex 50.271270751953125 -36.400001525878906 16.360363006591797
      vertex 50.35093307495117 -42.400001525878906 16.46417999267578
      vertex 50.271270751953125 -42.400001525878906 16.360363006591797
    endloop
  endfacet
  facet normal -0.46174140644429923 0 0.8870145847588079
    outer loop
      vertex 52.13392639160156 -36.400001525878906 14.140538215637207
      vertex 52.25 -42.400001525878906 14.200961112976074
      vertex 52.25 -36.400001525878906 14.200961112976074
    endloop
  endfacet
  facet normal -0.46174140644429923 0 0.8870145847588079
    outer loop
      vertex 52.25 -42.400001525878906 14.200961112976074
      vertex 52.13392639160156 -36.400001525878906 14.140538215637207
      vertex 52.13392639160156 -42.400001525878906 14.140538215637207
    endloop
  endfacet
  facet normal -0.46174140644429923 0 0.8870145847588079
    outer loop
      vertex 52.13392639160156 42.400001525878906 14.140538215637207
      vertex 52.25 36.400001525878906 14.200961112976074
      vertex 52.25 42.400001525878906 14.200961112976074
    endloop
  endfacet
  facet normal -0.46174140644429923 0 0.8870145847588079
    outer loop
      vertex 52.25 36.400001525878906 14.200961112976074
      vertex 52.13392639160156 42.400001525878906 14.140538215637207
      vertex 52.13392639160156 36.400001525878906 14.140538215637207
    endloop
  endfacet
  facet normal 0.6087699308029296 0 -0.7933468165627164
    outer loop
      vertex 50.53582000732422 36.400001525878906 16.649066925048828
      vertex 50.63963317871094 42.400001525878906 16.728727340698242
      vertex 50.63963317871094 36.400001525878906 16.728727340698242
    endloop
  endfacet
  facet normal 0.6087699308029296 0 -0.7933468165627164
    outer loop
      vertex 50.63963317871094 42.400001525878906 16.728727340698242
      vertex 50.53582000732422 36.400001525878906 16.649066925048828
      vertex 50.53582000732422 42.400001525878906 16.649066925048828
    endloop
  endfacet
  facet normal 0.6087699308029296 0 -0.7933468165627164
    outer loop
      vertex 50.53582000732422 -42.400001525878906 16.649066925048828
      vertex 50.63963317871094 -36.400001525878906 16.728727340698242
      vertex 50.63963317871094 -42.400001525878906 16.728727340698242
    endloop
  endfacet
  facet normal 0.6087699308029296 0 -0.7933468165627164
    outer loop
      vertex 50.63963317871094 -36.400001525878906 16.728727340698242
      vertex 50.53582000732422 -42.400001525878906 16.649066925048828
      vertex 50.53582000732422 -36.400001525878906 16.649066925048828
    endloop
  endfacet
  facet normal 0.9990486218132903 0 0.043610219593177436
    outer loop
      vertex 50 36.400001525878906 15.5
      vertex 50.005706787109375 42.400001525878906 15.36926555633545
      vertex 50 42.400001525878906 15.5
    endloop
  endfacet
  facet normal 0.9990486218132903 0 0.043610219593177436
    outer loop
      vertex 50.005706787109375 42.400001525878906 15.36926555633545
      vertex 50 36.400001525878906 15.5
      vertex 50.005706787109375 36.400001525878906 15.36926555633545
    endloop
  endfacet
  facet normal 0.9990486218132903 0 0.043610219593177436
    outer loop
      vertex 50 -42.400001525878906 15.5
      vertex 50.005706787109375 -36.400001525878906 15.36926555633545
      vertex 50 -36.400001525878906 15.5
    endloop
  endfacet
  facet normal 0.9990486218132903 0 0.043610219593177436
    outer loop
      vertex 50.005706787109375 -36.400001525878906 15.36926555633545
      vertex 50 -42.400001525878906 15.5
      vertex 50.005706787109375 -42.400001525878906 15.36926555633545
    endloop
  endfacet
  facet normal -0.3826894982610526 0 -0.923877019911581
    outer loop
      vertex 52.013031005859375 36.400001525878906 16.90953826904297
      vertex 52.13392639160156 42.400001525878906 16.859460830688477
      vertex 52.13392639160156 36.400001525878906 16.859460830688477
    endloop
  endfacet
  facet normal -0.3826894982610526 0 -0.923877019911581
    outer loop
      vertex 52.13392639160156 42.400001525878906 16.859460830688477
      vertex 52.013031005859375 36.400001525878906 16.90953826904297
      vertex 52.013031005859375 42.400001525878906 16.90953826904297
    endloop
  endfacet
  facet normal -0.3826894982610526 0 -0.923877019911581
    outer loop
      vertex 52.013031005859375 -42.400001525878906 16.90953826904297
      vertex 52.13392639160156 -36.400001525878906 16.859460830688477
      vertex 52.13392639160156 -42.400001525878906 16.859460830688477
    endloop
  endfacet
  facet normal -0.3826894982610526 0 -0.923877019911581
    outer loop
      vertex 52.13392639160156 -36.400001525878906 16.859460830688477
      vertex 52.013031005859375 -42.400001525878906 16.90953826904297
      vertex 52.013031005859375 -36.400001525878906 16.90953826904297
    endloop
  endfacet
  facet normal -0.7372829980475353 0 -0.6755840294071775
    outer loop
      vertex 52.64906692504883 36.400001525878906 16.46417999267578
      vertex 52.56066131591797 42.400001525878906 16.560659408569336
      vertex 52.64906692504883 42.400001525878906 16.46417999267578
    endloop
  endfacet
  facet normal -0.7372829980475353 0 -0.6755840294071775
    outer loop
      vertex 52.56066131591797 42.400001525878906 16.560659408569336
      vertex 52.64906692504883 36.400001525878906 16.46417999267578
      vertex 52.56066131591797 36.400001525878906 16.560659408569336
    endloop
  endfacet
  facet normal -0.7372829980475353 0 -0.6755840294071775
    outer loop
      vertex 52.64906692504883 -42.400001525878906 16.46417999267578
      vertex 52.56066131591797 -36.400001525878906 16.560659408569336
      vertex 52.64906692504883 -36.400001525878906 16.46417999267578
    endloop
  endfacet
  facet normal -0.7372829980475353 0 -0.6755840294071775
    outer loop
      vertex 52.56066131591797 -36.400001525878906 16.560659408569336
      vertex 52.64906692504883 -42.400001525878906 16.46417999267578
      vertex 52.56066131591797 -42.400001525878906 16.560659408569336
    endloop
  endfacet
  facet normal -0.7933505804949572 0 -0.6087650256283738
    outer loop
      vertex 52.728729248046875 36.400001525878906 16.360363006591797
      vertex 52.64906692504883 42.400001525878906 16.46417999267578
      vertex 52.728729248046875 42.400001525878906 16.360363006591797
    endloop
  endfacet
  facet normal -0.7933505804949572 0 -0.6087650256283738
    outer loop
      vertex 52.64906692504883 42.400001525878906 16.46417999267578
      vertex 52.728729248046875 36.400001525878906 16.360363006591797
      vertex 52.64906692504883 36.400001525878906 16.46417999267578
    endloop
  endfacet
  facet normal -0.7933505804949572 0 -0.6087650256283738
    outer loop
      vertex 52.728729248046875 -42.400001525878906 16.360363006591797
      vertex 52.64906692504883 -36.400001525878906 16.46417999267578
      vertex 52.728729248046875 -36.400001525878906 16.360363006591797
    endloop
  endfacet
  facet normal -0.7933505804949572 0 -0.6087650256283738
    outer loop
      vertex 52.64906692504883 -36.400001525878906 16.46417999267578
      vertex 52.728729248046875 -42.400001525878906 16.360363006591797
      vertex 52.64906692504883 -42.400001525878906 16.46417999267578
    endloop
  endfacet
  facet normal -0.8870205544857861 0 -0.46172993829697534
    outer loop
      vertex 52.859458923339844 36.400001525878906 16.133926391601562
      vertex 52.79903793334961 42.400001525878906 16.25
      vertex 52.859458923339844 42.400001525878906 16.133926391601562
    endloop
  endfacet
  facet normal -0.8870205544857861 0 -0.46172993829697534
    outer loop
      vertex 52.79903793334961 42.400001525878906 16.25
      vertex 52.859458923339844 36.400001525878906 16.133926391601562
      vertex 52.79903793334961 36.400001525878906 16.25
    endloop
  endfacet
  facet normal -0.8870205544857861 0 -0.46172993829697534
    outer loop
      vertex 52.859458923339844 -42.400001525878906 16.133926391601562
      vertex 52.79903793334961 -36.400001525878906 16.25
      vertex 52.859458923339844 -36.400001525878906 16.133926391601562
    endloop
  endfacet
  facet normal -0.8870205544857861 0 -0.46172993829697534
    outer loop
      vertex 52.79903793334961 -36.400001525878906 16.25
      vertex 52.859458923339844 -42.400001525878906 16.133926391601562
      vertex 52.79903793334961 -42.400001525878906 16.25
    endloop
  endfacet
  facet normal 0.300704071309013 0 0.953717495644378
    outer loop
      vertex 50.986968994140625 -36.400001525878906 14.090460777282715
      vertex 51.11177062988281 -42.400001525878906 14.051111221313477
      vertex 51.11177062988281 -36.400001525878906 14.051111221313477
    endloop
  endfacet
  facet normal 0.300704071309013 0 0.953717495644378
    outer loop
      vertex 51.11177062988281 -42.400001525878906 14.051111221313477
      vertex 50.986968994140625 -36.400001525878906 14.090460777282715
      vertex 50.986968994140625 -42.400001525878906 14.090460777282715
    endloop
  endfacet
  facet normal 0.300704071309013 0 0.953717495644378
    outer loop
      vertex 50.986968994140625 42.400001525878906 14.090460777282715
      vertex 51.11177062988281 36.400001525878906 14.051111221313477
      vertex 51.11177062988281 42.400001525878906 14.051111221313477
    endloop
  endfacet
  facet normal 0.300704071309013 0 0.953717495644378
    outer loop
      vertex 51.11177062988281 36.400001525878906 14.051111221313477
      vertex 50.986968994140625 42.400001525878906 14.090460777282715
      vertex 50.986968994140625 36.400001525878906 14.090460777282715
    endloop
  endfacet
  facet normal 0.1305261508725236 0 -0.9914448668173148
    outer loop
      vertex 51.23952865600586 36.400001525878906 16.977210998535156
      vertex 51.369266510009766 42.400001525878906 16.994291305541992
      vertex 51.369266510009766 36.400001525878906 16.994291305541992
    endloop
  endfacet
  facet normal 0.1305261508725236 0 -0.9914448668173148
    outer loop
      vertex 51.369266510009766 42.400001525878906 16.994291305541992
      vertex 51.23952865600586 36.400001525878906 16.977210998535156
      vertex 51.23952865600586 42.400001525878906 16.977210998535156
    endloop
  endfacet
  facet normal 0.1305261508725236 0 -0.9914448668173148
    outer loop
      vertex 51.23952865600586 -42.400001525878906 16.977210998535156
      vertex 51.369266510009766 -36.400001525878906 16.994291305541992
      vertex 51.369266510009766 -42.400001525878906 16.994291305541992
    endloop
  endfacet
  facet normal 0.1305261508725236 0 -0.9914448668173148
    outer loop
      vertex 51.369266510009766 -36.400001525878906 16.994291305541992
      vertex 51.23952865600586 -42.400001525878906 16.977210998535156
      vertex 51.23952865600586 -36.400001525878906 16.977210998535156
    endloop
  endfacet
  facet normal 0.6755807309184144 0 0.7372860204911937
    outer loop
      vertex 50.43933868408203 -36.400001525878906 14.439339637756348
      vertex 50.53582000732422 -42.400001525878906 14.350933074951172
      vertex 50.53582000732422 -36.400001525878906 14.350933074951172
    endloop
  endfacet
  facet normal 0.6755807309184144 0 0.7372860204911937
    outer loop
      vertex 50.53582000732422 -42.400001525878906 14.350933074951172
      vertex 50.43933868408203 -36.400001525878906 14.439339637756348
      vertex 50.43933868408203 -42.400001525878906 14.439339637756348
    endloop
  endfacet
  facet normal 0.6755807309184144 0 0.7372860204911937
    outer loop
      vertex 50.43933868408203 42.400001525878906 14.439339637756348
      vertex 50.53582000732422 36.400001525878906 14.350933074951172
      vertex 50.53582000732422 42.400001525878906 14.350933074951172
    endloop
  endfacet
  facet normal 0.6755807309184144 0 0.7372860204911937
    outer loop
      vertex 50.53582000732422 36.400001525878906 14.350933074951172
      vertex 50.43933868408203 42.400001525878906 14.439339637756348
      vertex 50.43933868408203 36.400001525878906 14.439339637756348
    endloop
  endfacet
  facet normal -0.04361781110890186 0 0.999048290401454
    outer loop
      vertex 51.5 42.400001525878906 14
      vertex 51.630733489990234 36.400001525878906 14.005707740783691
      vertex 51.630733489990234 42.400001525878906 14.005707740783691
    endloop
  endfacet
  facet normal -0.04361781110890186 0 0.999048290401454
    outer loop
      vertex 51.630733489990234 36.400001525878906 14.005707740783691
      vertex 51.5 42.400001525878906 14
      vertex 51.5 36.400001525878906 14
    endloop
  endfacet
  facet normal -0.04361781110890186 0 0.999048290401454
    outer loop
      vertex 51.5 -36.400001525878906 14
      vertex 51.630733489990234 -42.400001525878906 14.005707740783691
      vertex 51.630733489990234 -36.400001525878906 14.005707740783691
    endloop
  endfacet
  facet normal -0.04361781110890186 0 0.999048290401454
    outer loop
      vertex 51.630733489990234 -42.400001525878906 14.005707740783691
      vertex 51.5 -36.400001525878906 14
      vertex 51.5 -42.400001525878906 14
    endloop
  endfacet
  facet normal 0.46174140644429923 0 -0.8870145847588079
    outer loop
      vertex 50.75 36.400001525878906 16.79903793334961
      vertex 50.86607360839844 42.400001525878906 16.859460830688477
      vertex 50.86607360839844 36.400001525878906 16.859460830688477
    endloop
  endfacet
  facet normal 0.46174140644429923 0 -0.8870145847588079
    outer loop
      vertex 50.86607360839844 42.400001525878906 16.859460830688477
      vertex 50.75 36.400001525878906 16.79903793334961
      vertex 50.75 42.400001525878906 16.79903793334961
    endloop
  endfacet
  facet normal 0.46174140644429923 0 -0.8870145847588079
    outer loop
      vertex 50.75 -42.400001525878906 16.79903793334961
      vertex 50.86607360839844 -36.400001525878906 16.859460830688477
      vertex 50.86607360839844 -42.400001525878906 16.859460830688477
    endloop
  endfacet
  facet normal 0.46174140644429923 0 -0.8870145847588079
    outer loop
      vertex 50.86607360839844 -36.400001525878906 16.859460830688477
      vertex 50.75 -42.400001525878906 16.79903793334961
      vertex 50.75 -36.400001525878906 16.79903793334961
    endloop
  endfacet
  facet normal -0.7372796717439071 0 0.6755876594737329
    outer loop
      vertex 52.56066131591797 -42.400001525878906 14.439339637756348
      vertex 52.64906692504883 -36.400001525878906 14.535818099975586
      vertex 52.56066131591797 -36.400001525878906 14.439339637756348
    endloop
  endfacet
  facet normal -0.7372796717439071 0 0.6755876594737329
    outer loop
      vertex 52.64906692504883 -36.400001525878906 14.535818099975586
      vertex 52.56066131591797 -42.400001525878906 14.439339637756348
      vertex 52.64906692504883 -42.400001525878906 14.535818099975586
    endloop
  endfacet
  facet normal -0.7372796717439071 0 0.6755876594737329
    outer loop
      vertex 52.56066131591797 36.400001525878906 14.439339637756348
      vertex 52.64906692504883 42.400001525878906 14.535818099975586
      vertex 52.56066131591797 42.400001525878906 14.439339637756348
    endloop
  endfacet
  facet normal -0.7372796717439071 0 0.6755876594737329
    outer loop
      vertex 52.64906692504883 42.400001525878906 14.535818099975586
      vertex 52.56066131591797 36.400001525878906 14.439339637756348
      vertex 52.64906692504883 36.400001525878906 14.535818099975586
    endloop
  endfacet
  facet normal 0.8433967067088637 0 0.5372913503050677
    outer loop
      vertex 50.20096206665039 -42.400001525878906 14.75
      vertex 50.271270751953125 -36.400001525878906 14.63963508605957
      vertex 50.20096206665039 -36.400001525878906 14.75
    endloop
  endfacet
  facet normal 0.8433967067088637 0 0.5372913503050677
    outer loop
      vertex 50.271270751953125 -36.400001525878906 14.63963508605957
      vertex 50.20096206665039 -42.400001525878906 14.75
      vertex 50.271270751953125 -42.400001525878906 14.63963508605957
    endloop
  endfacet
  facet normal 0.8433967067088637 0 0.5372913503050677
    outer loop
      vertex 50.20096206665039 36.400001525878906 14.75
      vertex 50.271270751953125 42.400001525878906 14.63963508605957
      vertex 50.20096206665039 42.400001525878906 14.75
    endloop
  endfacet
  facet normal 0.8433967067088637 0 0.5372913503050677
    outer loop
      vertex 50.271270751953125 42.400001525878906 14.63963508605957
      vertex 50.20096206665039 36.400001525878906 14.75
      vertex 50.271270751953125 36.400001525878906 14.63963508605957
    endloop
  endfacet
  facet normal 0.9537112253002485 0 0.30072395770257254
    outer loop
      vertex 50.051109313964844 -42.400001525878906 15.111770629882812
      vertex 50.09046173095703 -36.400001525878906 14.986968994140625
      vertex 50.051109313964844 -36.400001525878906 15.111770629882812
    endloop
  endfacet
  facet normal 0.9537112253002485 0 0.30072395770257254
    outer loop
      vertex 50.09046173095703 -36.400001525878906 14.986968994140625
      vertex 50.051109313964844 -42.400001525878906 15.111770629882812
      vertex 50.09046173095703 -42.400001525878906 14.986968994140625
    endloop
  endfacet
  facet normal 0.9537112253002485 0 0.30072395770257254
    outer loop
      vertex 50.051109313964844 36.400001525878906 15.111770629882812
      vertex 50.09046173095703 42.400001525878906 14.986968994140625
      vertex 50.051109313964844 42.400001525878906 15.111770629882812
    endloop
  endfacet
  facet normal 0.9537112253002485 0 0.30072395770257254
    outer loop
      vertex 50.09046173095703 42.400001525878906 14.986968994140625
      vertex 50.051109313964844 36.400001525878906 15.111770629882812
      vertex 50.09046173095703 36.400001525878906 14.986968994140625
    endloop
  endfacet
  facet normal 0.5372951132202323 0 0.8433943095075149
    outer loop
      vertex 50.63963317871094 -36.400001525878906 14.271271705627441
      vertex 50.75 -42.400001525878906 14.200961112976074
      vertex 50.75 -36.400001525878906 14.200961112976074
    endloop
  endfacet
  facet normal 0.5372951132202323 0 0.8433943095075149
    outer loop
      vertex 50.75 -42.400001525878906 14.200961112976074
      vertex 50.63963317871094 -36.400001525878906 14.271271705627441
      vertex 50.63963317871094 -42.400001525878906 14.271271705627441
    endloop
  endfacet
  facet normal 0.5372951132202323 0 0.8433943095075149
    outer loop
      vertex 50.63963317871094 42.400001525878906 14.271271705627441
      vertex 50.75 36.400001525878906 14.200961112976074
      vertex 50.75 42.400001525878906 14.200961112976074
    endloop
  endfacet
  facet normal 0.5372951132202323 0 0.8433943095075149
    outer loop
      vertex 50.75 36.400001525878906 14.200961112976074
      vertex 50.63963317871094 42.400001525878906 14.271271705627441
      vertex 50.63963317871094 36.400001525878906 14.271271705627441
    endloop
  endfacet
  facet normal -0.8433967067088637 0 0.5372913503050677
    outer loop
      vertex 52.728729248046875 -42.400001525878906 14.63963508605957
      vertex 52.79903793334961 -36.400001525878906 14.75
      vertex 52.728729248046875 -36.400001525878906 14.63963508605957
    endloop
  endfacet
  facet normal -0.8433967067088637 0 0.5372913503050677
    outer loop
      vertex 52.79903793334961 -36.400001525878906 14.75
      vertex 52.728729248046875 -42.400001525878906 14.63963508605957
      vertex 52.79903793334961 -42.400001525878906 14.75
    endloop
  endfacet
  facet normal -0.8433967067088637 0 0.5372913503050677
    outer loop
      vertex 52.728729248046875 36.400001525878906 14.63963508605957
      vertex 52.79903793334961 42.400001525878906 14.75
      vertex 52.728729248046875 42.400001525878906 14.63963508605957
    endloop
  endfacet
  facet normal -0.8433967067088637 0 0.5372913503050677
    outer loop
      vertex 52.79903793334961 42.400001525878906 14.75
      vertex 52.728729248046875 36.400001525878906 14.63963508605957
      vertex 52.79903793334961 36.400001525878906 14.75
    endloop
  endfacet
  facet normal 0.6755846924363496 0 -0.7372823905029083
    outer loop
      vertex 50.43933868408203 36.400001525878906 16.560659408569336
      vertex 50.53582000732422 42.400001525878906 16.649066925048828
      vertex 50.53582000732422 36.400001525878906 16.649066925048828
    endloop
  endfacet
  facet normal 0.6755846924363496 0 -0.7372823905029083
    outer loop
      vertex 50.53582000732422 42.400001525878906 16.649066925048828
      vertex 50.43933868408203 36.400001525878906 16.560659408569336
      vertex 50.43933868408203 42.400001525878906 16.560659408569336
    endloop
  endfacet
  facet normal 0.6755846924363496 0 -0.7372823905029083
    outer loop
      vertex 50.43933868408203 -42.400001525878906 16.560659408569336
      vertex 50.53582000732422 -36.400001525878906 16.649066925048828
      vertex 50.53582000732422 -42.400001525878906 16.649066925048828
    endloop
  endfacet
  facet normal 0.6755846924363496 0 -0.7372823905029083
    outer loop
      vertex 50.53582000732422 -36.400001525878906 16.649066925048828
      vertex 50.43933868408203 -42.400001525878906 16.560659408569336
      vertex 50.43933868408203 -36.400001525878906 16.560659408569336
    endloop
  endfacet
  facet normal 0.6087745178583591 0 0.7933432966921208
    outer loop
      vertex 50.53582000732422 -36.400001525878906 14.350933074951172
      vertex 50.63963317871094 -42.400001525878906 14.271271705627441
      vertex 50.63963317871094 -36.400001525878906 14.271271705627441
    endloop
  endfacet
  facet normal 0.6087745178583591 0 0.7933432966921208
    outer loop
      vertex 50.63963317871094 -42.400001525878906 14.271271705627441
      vertex 50.53582000732422 -36.400001525878906 14.350933074951172
      vertex 50.53582000732422 -42.400001525878906 14.350933074951172
    endloop
  endfacet
  facet normal 0.6087745178583591 0 0.7933432966921208
    outer loop
      vertex 50.53582000732422 42.400001525878906 14.350933074951172
      vertex 50.63963317871094 36.400001525878906 14.271271705627441
      vertex 50.63963317871094 42.400001525878906 14.271271705627441
    endloop
  endfacet
  facet normal 0.6087745178583591 0 0.7933432966921208
    outer loop
      vertex 50.63963317871094 36.400001525878906 14.271271705627441
      vertex 50.53582000732422 42.400001525878906 14.350933074951172
      vertex 50.53582000732422 36.400001525878906 14.350933074951172
    endloop
  endfacet
  facet normal -0.043625085095013366 0 -0.999047972797329
    outer loop
      vertex 51.5 36.400001525878906 17
      vertex 51.630733489990234 42.400001525878906 16.994291305541992
      vertex 51.630733489990234 36.400001525878906 16.994291305541992
    endloop
  endfacet
  facet normal -0.043625085095013366 0 -0.999047972797329
    outer loop
      vertex 51.630733489990234 42.400001525878906 16.994291305541992
      vertex 51.5 36.400001525878906 17
      vertex 51.5 42.400001525878906 17
    endloop
  endfacet
  facet normal -0.043625085095013366 0 -0.999047972797329
    outer loop
      vertex 51.5 -42.400001525878906 17
      vertex 51.630733489990234 -36.400001525878906 16.994291305541992
      vertex 51.630733489990234 -42.400001525878906 16.994291305541992
    endloop
  endfacet
  facet normal -0.043625085095013366 0 -0.999047972797329
    outer loop
      vertex 51.630733489990234 -36.400001525878906 16.994291305541992
      vertex 51.5 -42.400001525878906 17
      vertex 51.5 -36.400001525878906 17
    endloop
  endfacet
  facet normal 0.5372951132202323 0 -0.8433943095075149
    outer loop
      vertex 50.63963317871094 36.400001525878906 16.728727340698242
      vertex 50.75 42.400001525878906 16.79903793334961
      vertex 50.75 36.400001525878906 16.79903793334961
    endloop
  endfacet
  facet normal 0.5372951132202323 0 -0.8433943095075149
    outer loop
      vertex 50.75 42.400001525878906 16.79903793334961
      vertex 50.63963317871094 36.400001525878906 16.728727340698242
      vertex 50.63963317871094 42.400001525878906 16.728727340698242
    endloop
  endfacet
  facet normal 0.5372951132202323 0 -0.8433943095075149
    outer loop
      vertex 50.63963317871094 -42.400001525878906 16.728727340698242
      vertex 50.75 -36.400001525878906 16.79903793334961
      vertex 50.75 -42.400001525878906 16.79903793334961
    endloop
  endfacet
  facet normal 0.5372951132202323 0 -0.8433943095075149
    outer loop
      vertex 50.75 -36.400001525878906 16.79903793334961
      vertex 50.63963317871094 -42.400001525878906 16.728727340698242
      vertex 50.63963317871094 -36.400001525878906 16.728727340698242
    endloop
  endfacet
  facet normal -0.9537195856852616 0 0.30069744242399665
    outer loop
      vertex 52.90953826904297 -42.400001525878906 14.986968994140625
      vertex 52.94888687133789 -36.400001525878906 15.111770629882812
      vertex 52.90953826904297 -36.400001525878906 14.986968994140625
    endloop
  endfacet
  facet normal -0.9537195856852616 0 0.30069744242399665
    outer loop
      vertex 52.94888687133789 -36.400001525878906 15.111770629882812
      vertex 52.90953826904297 -42.400001525878906 14.986968994140625
      vertex 52.94888687133789 -42.400001525878906 15.111770629882812
    endloop
  endfacet
  facet normal -0.9537195856852616 0 0.30069744242399665
    outer loop
      vertex 52.90953826904297 36.400001525878906 14.986968994140625
      vertex 52.94888687133789 42.400001525878906 15.111770629882812
      vertex 52.90953826904297 42.400001525878906 14.986968994140625
    endloop
  endfacet
  facet normal -0.9537195856852616 0 0.30069744242399665
    outer loop
      vertex 52.94888687133789 42.400001525878906 15.111770629882812
      vertex 52.90953826904297 36.400001525878906 14.986968994140625
      vertex 52.94888687133789 36.400001525878906 15.111770629882812
    endloop
  endfacet
  facet normal 0.9238821732729094 0 -0.38267705694034715
    outer loop
      vertex 50.14053726196289 36.400001525878906 16.133926391601562
      vertex 50.09046173095703 42.400001525878906 16.013031005859375
      vertex 50.14053726196289 42.400001525878906 16.133926391601562
    endloop
  endfacet
  facet normal 0.9238821732729094 0 -0.38267705694034715
    outer loop
      vertex 50.09046173095703 42.400001525878906 16.013031005859375
      vertex 50.14053726196289 36.400001525878906 16.133926391601562
      vertex 50.09046173095703 36.400001525878906 16.013031005859375
    endloop
  endfacet
  facet normal 0.9238821732729094 0 -0.38267705694034715
    outer loop
      vertex 50.14053726196289 -42.400001525878906 16.133926391601562
      vertex 50.09046173095703 -36.400001525878906 16.013031005859375
      vertex 50.14053726196289 -36.400001525878906 16.133926391601562
    endloop
  endfacet
  facet normal 0.9238821732729094 0 -0.38267705694034715
    outer loop
      vertex 50.09046173095703 -36.400001525878906 16.013031005859375
      vertex 50.14053726196289 -42.400001525878906 16.133926391601562
      vertex 50.09046173095703 -42.400001525878906 16.013031005859375
    endloop
  endfacet
  facet normal -0.7933505804949572 0 0.6087650256283738
    outer loop
      vertex 52.64906692504883 -42.400001525878906 14.535818099975586
      vertex 52.728729248046875 -36.400001525878906 14.63963508605957
      vertex 52.64906692504883 -36.400001525878906 14.535818099975586
    endloop
  endfacet
  facet normal -0.7933505804949572 0 0.6087650256283738
    outer loop
      vertex 52.728729248046875 -36.400001525878906 14.63963508605957
      vertex 52.64906692504883 -42.400001525878906 14.535818099975586
      vertex 52.728729248046875 -42.400001525878906 14.63963508605957
    endloop
  endfacet
  facet normal -0.7933505804949572 0 0.6087650256283738
    outer loop
      vertex 52.64906692504883 36.400001525878906 14.535818099975586
      vertex 52.728729248046875 42.400001525878906 14.63963508605957
      vertex 52.64906692504883 42.400001525878906 14.535818099975586
    endloop
  endfacet
  facet normal -0.7933505804949572 0 0.6087650256283738
    outer loop
      vertex 52.728729248046875 42.400001525878906 14.63963508605957
      vertex 52.64906692504883 36.400001525878906 14.535818099975586
      vertex 52.728729248046875 36.400001525878906 14.63963508605957
    endloop
  endfacet
  facet normal -0.300704071309013 0 0.953717495644378
    outer loop
      vertex 51.88822937011719 -36.400001525878906 14.051111221313477
      vertex 52.013031005859375 -42.400001525878906 14.090460777282715
      vertex 52.013031005859375 -36.400001525878906 14.090460777282715
    endloop
  endfacet
  facet normal -0.300704071309013 0 0.953717495644378
    outer loop
      vertex 52.013031005859375 -42.400001525878906 14.090460777282715
      vertex 51.88822937011719 -36.400001525878906 14.051111221313477
      vertex 51.88822937011719 -42.400001525878906 14.051111221313477
    endloop
  endfacet
  facet normal -0.300704071309013 0 0.953717495644378
    outer loop
      vertex 51.88822937011719 42.400001525878906 14.051111221313477
      vertex 52.013031005859375 36.400001525878906 14.090460777282715
      vertex 52.013031005859375 42.400001525878906 14.090460777282715
    endloop
  endfacet
  facet normal -0.300704071309013 0 0.953717495644378
    outer loop
      vertex 52.013031005859375 36.400001525878906 14.090460777282715
      vertex 51.88822937011719 42.400001525878906 14.051111221313477
      vertex 51.88822937011719 36.400001525878906 14.051111221313477
    endloop
  endfacet
  facet normal 0.2164458393356606 0 -0.9762946269616982
    outer loop
      vertex 51.11177062988281 36.400001525878906 16.94888687133789
      vertex 51.23952865600586 42.400001525878906 16.977210998535156
      vertex 51.23952865600586 36.400001525878906 16.977210998535156
    endloop
  endfacet
  facet normal 0.2164458393356606 0 -0.9762946269616982
    outer loop
      vertex 51.23952865600586 42.400001525878906 16.977210998535156
      vertex 51.11177062988281 36.400001525878906 16.94888687133789
      vertex 51.11177062988281 42.400001525878906 16.94888687133789
    endloop
  endfacet
  facet normal 0.2164458393356606 0 -0.9762946269616982
    outer loop
      vertex 51.11177062988281 -42.400001525878906 16.94888687133789
      vertex 51.23952865600586 -36.400001525878906 16.977210998535156
      vertex 51.23952865600586 -42.400001525878906 16.977210998535156
    endloop
  endfacet
  facet normal 0.2164458393356606 0 -0.9762946269616982
    outer loop
      vertex 51.23952865600586 -36.400001525878906 16.977210998535156
      vertex 51.11177062988281 -42.400001525878906 16.94888687133789
      vertex 51.11177062988281 -36.400001525878906 16.94888687133789
    endloop
  endfacet
  facet normal 0.9763004452965955 0 0.21641959364546703
    outer loop
      vertex 50.022789001464844 -42.400001525878906 15.239527702331543
      vertex 50.051109313964844 -36.400001525878906 15.111770629882812
      vertex 50.022789001464844 -36.400001525878906 15.239527702331543
    endloop
  endfacet
  facet normal 0.9763004452965955 0 0.21641959364546703
    outer loop
      vertex 50.051109313964844 -36.400001525878906 15.111770629882812
      vertex 50.022789001464844 -42.400001525878906 15.239527702331543
      vertex 50.051109313964844 -42.400001525878906 15.111770629882812
    endloop
  endfacet
  facet normal 0.9763004452965955 0 0.21641959364546703
    outer loop
      vertex 50.022789001464844 36.400001525878906 15.239527702331543
      vertex 50.051109313964844 42.400001525878906 15.111770629882812
      vertex 50.022789001464844 42.400001525878906 15.239527702331543
    endloop
  endfacet
  facet normal 0.9763004452965955 0 0.21641959364546703
    outer loop
      vertex 50.051109313964844 42.400001525878906 15.111770629882812
      vertex 50.022789001464844 36.400001525878906 15.239527702331543
      vertex 50.051109313964844 36.400001525878906 15.111770629882812
    endloop
  endfacet
  facet normal -0.6755846924363496 0 -0.7372823905029083
    outer loop
      vertex 52.46417999267578 36.400001525878906 16.649066925048828
      vertex 52.56066131591797 42.400001525878906 16.560659408569336
      vertex 52.56066131591797 36.400001525878906 16.560659408569336
    endloop
  endfacet
  facet normal -0.6755846924363496 0 -0.7372823905029083
    outer loop
      vertex 52.56066131591797 42.400001525878906 16.560659408569336
      vertex 52.46417999267578 36.400001525878906 16.649066925048828
      vertex 52.46417999267578 42.400001525878906 16.649066925048828
    endloop
  endfacet
  facet normal -0.6755846924363496 0 -0.7372823905029083
    outer loop
      vertex 52.46417999267578 -42.400001525878906 16.649066925048828
      vertex 52.56066131591797 -36.400001525878906 16.560659408569336
      vertex 52.56066131591797 -42.400001525878906 16.560659408569336
    endloop
  endfacet
  facet normal -0.6755846924363496 0 -0.7372823905029083
    outer loop
      vertex 52.56066131591797 -36.400001525878906 16.560659408569336
      vertex 52.46417999267578 -42.400001525878906 16.649066925048828
      vertex 52.46417999267578 -36.400001525878906 16.649066925048828
    endloop
  endfacet
  facet normal 0.7933505804949572 0 0.6087650256283738
    outer loop
      vertex 50.271270751953125 -42.400001525878906 14.63963508605957
      vertex 50.35093307495117 -36.400001525878906 14.535818099975586
      vertex 50.271270751953125 -36.400001525878906 14.63963508605957
    endloop
  endfacet
  facet normal 0.7933505804949572 0 0.6087650256283738
    outer loop
      vertex 50.35093307495117 -36.400001525878906 14.535818099975586
      vertex 50.271270751953125 -42.400001525878906 14.63963508605957
      vertex 50.35093307495117 -42.400001525878906 14.535818099975586
    endloop
  endfacet
  facet normal 0.7933505804949572 0 0.6087650256283738
    outer loop
      vertex 50.271270751953125 36.400001525878906 14.63963508605957
      vertex 50.35093307495117 42.400001525878906 14.535818099975586
      vertex 50.271270751953125 42.400001525878906 14.63963508605957
    endloop
  endfacet
  facet normal 0.7933505804949572 0 0.6087650256283738
    outer loop
      vertex 50.35093307495117 42.400001525878906 14.535818099975586
      vertex 50.271270751953125 36.400001525878906 14.63963508605957
      vertex 50.35093307495117 36.400001525878906 14.535818099975586
    endloop
  endfacet
  facet normal 0.9238843077574926 0 0.382671903697487
    outer loop
      vertex 50.09046173095703 -42.400001525878906 14.986968994140625
      vertex 50.14053726196289 -36.400001525878906 14.866071701049805
      vertex 50.09046173095703 -36.400001525878906 14.986968994140625
    endloop
  endfacet
  facet normal 0.9238843077574926 0 0.382671903697487
    outer loop
      vertex 50.14053726196289 -36.400001525878906 14.866071701049805
      vertex 50.09046173095703 -42.400001525878906 14.986968994140625
      vertex 50.14053726196289 -42.400001525878906 14.866071701049805
    endloop
  endfacet
  facet normal 0.9238843077574926 0 0.382671903697487
    outer loop
      vertex 50.09046173095703 36.400001525878906 14.986968994140625
      vertex 50.14053726196289 42.400001525878906 14.866071701049805
      vertex 50.09046173095703 42.400001525878906 14.986968994140625
    endloop
  endfacet
  facet normal 0.9238843077574926 0 0.382671903697487
    outer loop
      vertex 50.14053726196289 42.400001525878906 14.866071701049805
      vertex 50.09046173095703 36.400001525878906 14.986968994140625
      vertex 50.14053726196289 36.400001525878906 14.866071701049805
    endloop
  endfacet
  facet normal 0.9990486079528197 0 -0.04361053711585359
    outer loop
      vertex 50.005706787109375 36.400001525878906 15.630733489990234
      vertex 50 42.400001525878906 15.5
      vertex 50.005706787109375 42.400001525878906 15.630733489990234
    endloop
  endfacet
  facet normal 0.9990486079528197 0 -0.04361053711585359
    outer loop
      vertex 50 42.400001525878906 15.5
      vertex 50.005706787109375 36.400001525878906 15.630733489990234
      vertex 50 36.400001525878906 15.5
    endloop
  endfacet
  facet normal 0.9990486079528197 0 -0.04361053711585359
    outer loop
      vertex 50.005706787109375 -42.400001525878906 15.630733489990234
      vertex 50 -36.400001525878906 15.5
      vertex 50.005706787109375 -36.400001525878906 15.630733489990234
    endloop
  endfacet
  facet normal 0.9990486079528197 0 -0.04361053711585359
    outer loop
      vertex 50 -36.400001525878906 15.5
      vertex 50.005706787109375 -42.400001525878906 15.630733489990234
      vertex 50 -42.400001525878906 15.5
    endloop
  endfacet
  facet normal 0.1305261508725236 0 0.9914448668173148
    outer loop
      vertex 51.23952865600586 -36.400001525878906 14.022788047790527
      vertex 51.369266510009766 -42.400001525878906 14.005707740783691
      vertex 51.369266510009766 -36.400001525878906 14.005707740783691
    endloop
  endfacet
  facet normal 0.1305261508725236 0 0.9914448668173148
    outer loop
      vertex 51.369266510009766 -42.400001525878906 14.005707740783691
      vertex 51.23952865600586 -36.400001525878906 14.022788047790527
      vertex 51.23952865600586 -42.400001525878906 14.022788047790527
    endloop
  endfacet
  facet normal 0.1305261508725236 0 0.9914448668173148
    outer loop
      vertex 51.23952865600586 42.400001525878906 14.022788047790527
      vertex 51.369266510009766 36.400001525878906 14.005707740783691
      vertex 51.369266510009766 42.400001525878906 14.005707740783691
    endloop
  endfacet
  facet normal 0.1305261508725236 0 0.9914448668173148
    outer loop
      vertex 51.369266510009766 36.400001525878906 14.005707740783691
      vertex 51.23952865600586 42.400001525878906 14.022788047790527
      vertex 51.23952865600586 36.400001525878906 14.022788047790527
    endloop
  endfacet
  facet normal -0.30069744242399665 0 -0.9537195856852616
    outer loop
      vertex 51.88822937011719 36.400001525878906 16.94888687133789
      vertex 52.013031005859375 42.400001525878906 16.90953826904297
      vertex 52.013031005859375 36.400001525878906 16.90953826904297
    endloop
  endfacet
  facet normal -0.30069744242399665 0 -0.9537195856852616
    outer loop
      vertex 52.013031005859375 42.400001525878906 16.90953826904297
      vertex 51.88822937011719 36.400001525878906 16.94888687133789
      vertex 51.88822937011719 42.400001525878906 16.94888687133789
    endloop
  endfacet
  facet normal -0.30069744242399665 0 -0.9537195856852616
    outer loop
      vertex 51.88822937011719 -42.400001525878906 16.94888687133789
      vertex 52.013031005859375 -36.400001525878906 16.90953826904297
      vertex 52.013031005859375 -42.400001525878906 16.90953826904297
    endloop
  endfacet
  facet normal -0.30069744242399665 0 -0.9537195856852616
    outer loop
      vertex 52.013031005859375 -36.400001525878906 16.90953826904297
      vertex 51.88822937011719 -42.400001525878906 16.94888687133789
      vertex 51.88822937011719 -36.400001525878906 16.94888687133789
    endloop
  endfacet
  facet normal 0.8870086149639169 0 -0.46175287436007767
    outer loop
      vertex 50.20096206665039 36.400001525878906 16.25
      vertex 50.14053726196289 42.400001525878906 16.133926391601562
      vertex 50.20096206665039 42.400001525878906 16.25
    endloop
  endfacet
  facet normal 0.8870086149639169 0 -0.46175287436007767
    outer loop
      vertex 50.14053726196289 42.400001525878906 16.133926391601562
      vertex 50.20096206665039 36.400001525878906 16.25
      vertex 50.14053726196289 36.400001525878906 16.133926391601562
    endloop
  endfacet
  facet normal 0.8870086149639169 0 -0.46175287436007767
    outer loop
      vertex 50.20096206665039 -42.400001525878906 16.25
      vertex 50.14053726196289 -36.400001525878906 16.133926391601562
      vertex 50.20096206665039 -36.400001525878906 16.25
    endloop
  endfacet
  facet normal 0.8870086149639169 0 -0.46175287436007767
    outer loop
      vertex 50.14053726196289 -36.400001525878906 16.133926391601562
      vertex 50.20096206665039 -42.400001525878906 16.25
      vertex 50.14053726196289 -42.400001525878906 16.133926391601562
    endloop
  endfacet
  facet normal 0.3826894982610526 0 -0.923877019911581
    outer loop
      vertex 50.86607360839844 36.400001525878906 16.859460830688477
      vertex 50.986968994140625 42.400001525878906 16.90953826904297
      vertex 50.986968994140625 36.400001525878906 16.90953826904297
    endloop
  endfacet
  facet normal 0.3826894982610526 0 -0.923877019911581
    outer loop
      vertex 50.986968994140625 42.400001525878906 16.90953826904297
      vertex 50.86607360839844 36.400001525878906 16.859460830688477
      vertex 50.86607360839844 42.400001525878906 16.859460830688477
    endloop
  endfacet
  facet normal 0.3826894982610526 0 -0.923877019911581
    outer loop
      vertex 50.86607360839844 -42.400001525878906 16.859460830688477
      vertex 50.986968994140625 -36.400001525878906 16.90953826904297
      vertex 50.986968994140625 -42.400001525878906 16.90953826904297
    endloop
  endfacet
  facet normal 0.3826894982610526 0 -0.923877019911581
    outer loop
      vertex 50.986968994140625 -36.400001525878906 16.90953826904297
      vertex 50.86607360839844 -42.400001525878906 16.859460830688477
      vertex 50.86607360839844 -36.400001525878906 16.859460830688477
    endloop
  endfacet
  facet normal 0.9914429804726449 0 -0.13054047828745968
    outer loop
      vertex 50.022789001464844 36.400001525878906 15.76047134399414
      vertex 50.005706787109375 42.400001525878906 15.630733489990234
      vertex 50.022789001464844 42.400001525878906 15.76047134399414
    endloop
  endfacet
  facet normal 0.9914429804726449 0 -0.13054047828745968
    outer loop
      vertex 50.005706787109375 42.400001525878906 15.630733489990234
      vertex 50.022789001464844 36.400001525878906 15.76047134399414
      vertex 50.005706787109375 36.400001525878906 15.630733489990234
    endloop
  endfacet
  facet normal 0.9914429804726449 0 -0.13054047828745968
    outer loop
      vertex 50.022789001464844 -42.400001525878906 15.76047134399414
      vertex 50.005706787109375 -36.400001525878906 15.630733489990234
      vertex 50.022789001464844 -36.400001525878906 15.76047134399414
    endloop
  endfacet
  facet normal 0.9914429804726449 0 -0.13054047828745968
    outer loop
      vertex 50.005706787109375 -36.400001525878906 15.630733489990234
      vertex 50.022789001464844 -42.400001525878906 15.76047134399414
      vertex 50.005706787109375 -42.400001525878906 15.630733489990234
    endloop
  endfacet
  facet normal 0.9914429804726449 0 0.13054047828745968
    outer loop
      vertex 50.005706787109375 36.400001525878906 15.36926555633545
      vertex 50.022789001464844 42.400001525878906 15.239527702331543
      vertex 50.005706787109375 42.400001525878906 15.36926555633545
    endloop
  endfacet
  facet normal 0.9914429804726449 0 0.13054047828745968
    outer loop
      vertex 50.022789001464844 42.400001525878906 15.239527702331543
      vertex 50.005706787109375 36.400001525878906 15.36926555633545
      vertex 50.022789001464844 36.400001525878906 15.239527702331543
    endloop
  endfacet
  facet normal 0.9914429804726449 0 0.13054047828745968
    outer loop
      vertex 50.005706787109375 -42.400001525878906 15.36926555633545
      vertex 50.022789001464844 -36.400001525878906 15.239527702331543
      vertex 50.005706787109375 -36.400001525878906 15.36926555633545
    endloop
  endfacet
  facet normal 0.9914429804726449 0 0.13054047828745968
    outer loop
      vertex 50.022789001464844 -36.400001525878906 15.239527702331543
      vertex 50.005706787109375 -42.400001525878906 15.36926555633545
      vertex 50.022789001464844 -42.400001525878906 15.239527702331543
    endloop
  endfacet
  facet normal 0.7372829980475353 0 -0.6755840294071775
    outer loop
      vertex 50.43933868408203 36.400001525878906 16.560659408569336
      vertex 50.35093307495117 42.400001525878906 16.46417999267578
      vertex 50.43933868408203 42.400001525878906 16.560659408569336
    endloop
  endfacet
  facet normal 0.7372829980475353 0 -0.6755840294071775
    outer loop
      vertex 50.35093307495117 42.400001525878906 16.46417999267578
      vertex 50.43933868408203 36.400001525878906 16.560659408569336
      vertex 50.35093307495117 36.400001525878906 16.46417999267578
    endloop
  endfacet
  facet normal 0.7372829980475353 0 -0.6755840294071775
    outer loop
      vertex 50.43933868408203 -42.400001525878906 16.560659408569336
      vertex 50.35093307495117 -36.400001525878906 16.46417999267578
      vertex 50.43933868408203 -36.400001525878906 16.560659408569336
    endloop
  endfacet
  facet normal 0.7372829980475353 0 -0.6755840294071775
    outer loop
      vertex 50.35093307495117 -36.400001525878906 16.46417999267578
      vertex 50.43933868408203 -42.400001525878906 16.560659408569336
      vertex 50.35093307495117 -42.400001525878906 16.46417999267578
    endloop
  endfacet
  facet normal -0.46174140644429923 0 -0.8870145847588079
    outer loop
      vertex 52.13392639160156 36.400001525878906 16.859460830688477
      vertex 52.25 42.400001525878906 16.79903793334961
      vertex 52.25 36.400001525878906 16.79903793334961
    endloop
  endfacet
  facet normal -0.46174140644429923 0 -0.8870145847588079
    outer loop
      vertex 52.25 42.400001525878906 16.79903793334961
      vertex 52.13392639160156 36.400001525878906 16.859460830688477
      vertex 52.13392639160156 42.400001525878906 16.859460830688477
    endloop
  endfacet
  facet normal -0.46174140644429923 0 -0.8870145847588079
    outer loop
      vertex 52.13392639160156 -42.400001525878906 16.859460830688477
      vertex 52.25 -36.400001525878906 16.79903793334961
      vertex 52.25 -42.400001525878906 16.79903793334961
    endloop
  endfacet
  facet normal -0.46174140644429923 0 -0.8870145847588079
    outer loop
      vertex 52.25 -36.400001525878906 16.79903793334961
      vertex 52.13392639160156 -42.400001525878906 16.859460830688477
      vertex 52.13392639160156 -36.400001525878906 16.859460830688477
    endloop
  endfacet
  facet normal -0.1305261508725236 0 -0.9914448668173148
    outer loop
      vertex 51.630733489990234 36.400001525878906 16.994291305541992
      vertex 51.76047134399414 42.400001525878906 16.977210998535156
      vertex 51.76047134399414 36.400001525878906 16.977210998535156
    endloop
  endfacet
  facet normal -0.1305261508725236 0 -0.9914448668173148
    outer loop
      vertex 51.76047134399414 42.400001525878906 16.977210998535156
      vertex 51.630733489990234 36.400001525878906 16.994291305541992
      vertex 51.630733489990234 42.400001525878906 16.994291305541992
    endloop
  endfacet
  facet normal -0.1305261508725236 0 -0.9914448668173148
    outer loop
      vertex 51.630733489990234 -42.400001525878906 16.994291305541992
      vertex 51.76047134399414 -36.400001525878906 16.977210998535156
      vertex 51.76047134399414 -42.400001525878906 16.977210998535156
    endloop
  endfacet
  facet normal -0.1305261508725236 0 -0.9914448668173148
    outer loop
      vertex 51.76047134399414 -36.400001525878906 16.977210998535156
      vertex 51.630733489990234 -42.400001525878906 16.994291305541992
      vertex 51.630733489990234 -36.400001525878906 16.994291305541992
    endloop
  endfacet
  facet normal 0.9763004452965955 0 -0.21641959364546703
    outer loop
      vertex 50.051109313964844 36.400001525878906 15.888228416442871
      vertex 50.022789001464844 42.400001525878906 15.76047134399414
      vertex 50.051109313964844 42.400001525878906 15.888228416442871
    endloop
  endfacet
  facet normal 0.9763004452965955 0 -0.21641959364546703
    outer loop
      vertex 50.022789001464844 42.400001525878906 15.76047134399414
      vertex 50.051109313964844 36.400001525878906 15.888228416442871
      vertex 50.022789001464844 36.400001525878906 15.76047134399414
    endloop
  endfacet
  facet normal 0.9763004452965955 0 -0.21641959364546703
    outer loop
      vertex 50.051109313964844 -42.400001525878906 15.888228416442871
      vertex 50.022789001464844 -36.400001525878906 15.76047134399414
      vertex 50.051109313964844 -36.400001525878906 15.888228416442871
    endloop
  endfacet
  facet normal 0.9763004452965955 0 -0.21641959364546703
    outer loop
      vertex 50.022789001464844 -36.400001525878906 15.76047134399414
      vertex 50.051109313964844 -42.400001525878906 15.888228416442871
      vertex 50.022789001464844 -42.400001525878906 15.76047134399414
    endloop
  endfacet
  facet normal 0.7372796717439071 0 0.6755876594737329
    outer loop
      vertex 50.35093307495117 -42.400001525878906 14.535818099975586
      vertex 50.43933868408203 -36.400001525878906 14.439339637756348
      vertex 50.35093307495117 -36.400001525878906 14.535818099975586
    endloop
  endfacet
  facet normal 0.7372796717439071 0 0.6755876594737329
    outer loop
      vertex 50.43933868408203 -36.400001525878906 14.439339637756348
      vertex 50.35093307495117 -42.400001525878906 14.535818099975586
      vertex 50.43933868408203 -42.400001525878906 14.439339637756348
    endloop
  endfacet
  facet normal 0.7372796717439071 0 0.6755876594737329
    outer loop
      vertex 50.35093307495117 36.400001525878906 14.535818099975586
      vertex 50.43933868408203 42.400001525878906 14.439339637756348
      vertex 50.35093307495117 42.400001525878906 14.535818099975586
    endloop
  endfacet
  facet normal 0.7372796717439071 0 0.6755876594737329
    outer loop
      vertex 50.43933868408203 42.400001525878906 14.439339637756348
      vertex 50.35093307495117 36.400001525878906 14.535818099975586
      vertex 50.43933868408203 36.400001525878906 14.439339637756348
    endloop
  endfacet
  facet normal -0.6087558515408832 0 -0.7933576200016826
    outer loop
      vertex 52.3603630065918 36.400001525878906 16.728727340698242
      vertex 52.46417999267578 42.400001525878906 16.649066925048828
      vertex 52.46417999267578 36.400001525878906 16.649066925048828
    endloop
  endfacet
  facet normal -0.6087558515408832 0 -0.7933576200016826
    outer loop
      vertex 52.46417999267578 42.400001525878906 16.649066925048828
      vertex 52.3603630065918 36.400001525878906 16.728727340698242
      vertex 52.3603630065918 42.400001525878906 16.728727340698242
    endloop
  endfacet
  facet normal -0.6087558515408832 0 -0.7933576200016826
    outer loop
      vertex 52.3603630065918 -42.400001525878906 16.728727340698242
      vertex 52.46417999267578 -36.400001525878906 16.649066925048828
      vertex 52.46417999267578 -42.400001525878906 16.649066925048828
    endloop
  endfacet
  facet normal -0.6087558515408832 0 -0.7933576200016826
    outer loop
      vertex 52.46417999267578 -36.400001525878906 16.649066925048828
      vertex 52.3603630065918 -42.400001525878906 16.728727340698242
      vertex 52.3603630065918 -36.400001525878906 16.728727340698242
    endloop
  endfacet
  facet normal -0.537308323264648 0 -0.8433858937346135
    outer loop
      vertex 52.25 36.400001525878906 16.79903793334961
      vertex 52.3603630065918 42.400001525878906 16.728727340698242
      vertex 52.3603630065918 36.400001525878906 16.728727340698242
    endloop
  endfacet
  facet normal -0.537308323264648 0 -0.8433858937346135
    outer loop
      vertex 52.3603630065918 42.400001525878906 16.728727340698242
      vertex 52.25 36.400001525878906 16.79903793334961
      vertex 52.25 42.400001525878906 16.79903793334961
    endloop
  endfacet
  facet normal -0.537308323264648 0 -0.8433858937346135
    outer loop
      vertex 52.25 -42.400001525878906 16.79903793334961
      vertex 52.3603630065918 -36.400001525878906 16.728727340698242
      vertex 52.3603630065918 -42.400001525878906 16.728727340698242
    endloop
  endfacet
  facet normal -0.537308323264648 0 -0.8433858937346135
    outer loop
      vertex 52.3603630065918 -36.400001525878906 16.728727340698242
      vertex 52.25 -42.400001525878906 16.79903793334961
      vertex 52.25 -36.400001525878906 16.79903793334961
    endloop
  endfacet
  facet normal 0.9537118843652236 0 -0.30072186754630026
    outer loop
      vertex 50.09046173095703 36.400001525878906 16.013031005859375
      vertex 50.051109313964844 42.400001525878906 15.888228416442871
      vertex 50.09046173095703 42.400001525878906 16.013031005859375
    endloop
  endfacet
  facet normal 0.9537118843652236 0 -0.30072186754630026
    outer loop
      vertex 50.051109313964844 42.400001525878906 15.888228416442871
      vertex 50.09046173095703 36.400001525878906 16.013031005859375
      vertex 50.051109313964844 36.400001525878906 15.888228416442871
    endloop
  endfacet
  facet normal 0.9537118843652236 0 -0.30072186754630026
    outer loop
      vertex 50.09046173095703 -42.400001525878906 16.013031005859375
      vertex 50.051109313964844 -36.400001525878906 15.888228416442871
      vertex 50.09046173095703 -36.400001525878906 16.013031005859375
    endloop
  endfacet
  facet normal 0.9537118843652236 0 -0.30072186754630026
    outer loop
      vertex 50.051109313964844 -36.400001525878906 15.888228416442871
      vertex 50.09046173095703 -42.400001525878906 16.013031005859375
      vertex 50.051109313964844 -42.400001525878906 15.888228416442871
    endloop
  endfacet
  facet normal 0.9762993287860687 0 0.216424630326291
    outer loop
      vertex 69.3902587890625 -8 11.53983211517334
      vertex 69.44029235839844 8 11.314128875732422
      vertex 69.3902587890625 8 11.53983211517334
    endloop
  endfacet
  facet normal 0.9762993287860687 0 0.216424630326291
    outer loop
      vertex 69.44029235839844 8 11.314128875732422
      vertex 69.3902587890625 -8 11.53983211517334
      vertex 69.44029235839844 -8 11.314128875732422
    endloop
  endfacet
  facet normal -0.9990478430400095 0 0.043628056535957006
    outer loop
      vertex 74.6399154663086 -8 11.769037246704102
      vertex 74.6500015258789 8 12
      vertex 74.6399154663086 8 11.769037246704102
    endloop
  endfacet
  facet normal -0.9990478430400095 0 0.043628056535957006
    outer loop
      vertex 74.6500015258789 8 12
      vertex 74.6399154663086 -8 11.769037246704102
      vertex 74.6500015258789 -8 12
    endloop
  endfacet
  facet normal -0.793344492432552 0 0.6087729595891529
    outer loop
      vertex 74.03001403808594 -8 10.296612739562988
      vertex 74.1707534790039 8 10.480022430419922
      vertex 74.03001403808594 8 10.296612739562988
    endloop
  endfacet
  facet normal -0.793344492432552 0 0.6087729595891529
    outer loop
      vertex 74.1707534790039 8 10.480022430419922
      vertex 74.03001403808594 -8 10.296612739562988
      vertex 74.1707534790039 -8 10.480022430419922
    endloop
  endfacet
  facet normal -0.21644297326979317 0 -0.9762952623679639
    outer loop
      vertex 72.46016693115234 -8 14.609740257263184
      vertex 72.68586730957031 8 14.55970287322998
      vertex 72.68586730957031 -8 14.55970287322998
    endloop
  endfacet
  facet normal -0.21644297326979317 0 -0.9762952623679639
    outer loop
      vertex 72.68586730957031 8 14.55970287322998
      vertex 72.46016693115234 -8 14.609740257263184
      vertex 72.46016693115234 8 14.609740257263184
    endloop
  endfacet
  facet normal 0.3006979952150356 0 0.953719411396066
    outer loop
      vertex 71.09364318847656 8 9.509814262390137
      vertex 71.31413269042969 -8 9.440296173095703
      vertex 71.31413269042969 8 9.440296173095703
    endloop
  endfacet
  facet normal 0.3006979952150356 0 0.953719411396066
    outer loop
      vertex 71.31413269042969 -8 9.440296173095703
      vertex 71.09364318847656 8 9.509814262390137
      vertex 71.09364318847656 -8 9.509814262390137
    endloop
  endfacet
  facet normal -0.9537250815067041 0 0.3006800108171988
    outer loop
      vertex 74.49018859863281 -8 11.093646049499512
      vertex 74.55970001220703 8 11.314128875732422
      vertex 74.49018859863281 8 11.093646049499512
    endloop
  endfacet
  facet normal -0.9537250815067041 0 0.3006800108171988
    outer loop
      vertex 74.55970001220703 8 11.314128875732422
      vertex 74.49018859863281 -8 11.093646049499512
      vertex 74.55970001220703 -8 11.314128875732422
    endloop
  endfacet
  facet normal 0.3826824836838302 0 -0.9238799254673602
    outer loop
      vertex 70.88005828857422 -8 14.401715278625488
      vertex 71.09364318847656 8 14.490184783935547
      vertex 71.09364318847656 -8 14.490184783935547
    endloop
  endfacet
  facet normal 0.3826824836838302 0 -0.9238799254673602
    outer loop
      vertex 71.09364318847656 8 14.490184783935547
      vertex 70.88005828857422 -8 14.401715278625488
      vertex 70.88005828857422 8 14.401715278625488
    endloop
  endfacet
  facet normal 0.843390961054331 0 -0.5373003692645782
    outer loop
      vertex 69.8292465209961 -8 13.519976615905762
      vertex 69.70503234863281 8 13.324999809265137
      vertex 69.8292465209961 8 13.519976615905762
    endloop
  endfacet
  facet normal 0.843390961054331 0 -0.5373003692645782
    outer loop
      vertex 69.70503234863281 8 13.324999809265137
      vertex 69.8292465209961 -8 13.519976615905762
      vertex 69.70503234863281 -8 13.324999809265137
    endloop
  endfacet
  facet normal 0.9990478351880356 0 -0.04362823633955044
    outer loop
      vertex 69.3600845336914 -8 12.230961799621582
      vertex 69.3499984741211 8 12
      vertex 69.3600845336914 8 12.230961799621582
    endloop
  endfacet
  facet normal 0.9990478351880356 0 -0.04362823633955044
    outer loop
      vertex 69.3499984741211 8 12
      vertex 69.3600845336914 -8 12.230961799621582
      vertex 69.3499984741211 -8 12
    endloop
  endfacet
  facet normal 0.9762993287860687 0 -0.216424630326291
    outer loop
      vertex 69.44029235839844 -8 12.685870170593262
      vertex 69.3902587890625 8 12.460166931152344
      vertex 69.44029235839844 8 12.685870170593262
    endloop
  endfacet
  facet normal 0.9762993287860687 0 -0.216424630326291
    outer loop
      vertex 69.3902587890625 8 12.460166931152344
      vertex 69.44029235839844 -8 12.685870170593262
      vertex 69.3902587890625 -8 12.460166931152344
    endloop
  endfacet
  facet normal 0.5373003692645782 0 -0.843390961054331
    outer loop
      vertex 70.48002624511719 -8 14.17075252532959
      vertex 70.67500305175781 8 14.294966697692871
      vertex 70.67500305175781 -8 14.294966697692871
    endloop
  endfacet
  facet normal 0.5373003692645782 0 -0.843390961054331
    outer loop
      vertex 70.67500305175781 8 14.294966697692871
      vertex 70.48002624511719 -8 14.17075252532959
      vertex 70.48002624511719 8 14.17075252532959
    endloop
  endfacet
  facet normal 0.13052686266683777 0 0.9914447731075858
    outer loop
      vertex 71.53983306884766 8 9.3902587890625
      vertex 71.76903533935547 -8 9.36008358001709
      vertex 71.76903533935547 8 9.36008358001709
    endloop
  endfacet
  facet normal 0.13052686266683777 0 0.9914447731075858
    outer loop
      vertex 71.76903533935547 -8 9.36008358001709
      vertex 71.53983306884766 8 9.3902587890625
      vertex 71.53983306884766 -8 9.3902587890625
    endloop
  endfacet
  facet normal 0.9990478430400095 0 0.043628056535957006
    outer loop
      vertex 69.3499984741211 -8 12
      vertex 69.3600845336914 8 11.769037246704102
      vertex 69.3499984741211 8 12
    endloop
  endfacet
  facet normal 0.9990478430400095 0 0.043628056535957006
    outer loop
      vertex 69.3600845336914 8 11.769037246704102
      vertex 69.3499984741211 -8 12
      vertex 69.3600845336914 -8 11.769037246704102
    endloop
  endfacet
  facet normal 0.21644297326979317 0 0.9762952623679639
    outer loop
      vertex 71.31413269042969 8 9.440296173095703
      vertex 71.53983306884766 -8 9.3902587890625
      vertex 71.53983306884766 8 9.3902587890625
    endloop
  endfacet
  facet normal 0.21644297326979317 0 0.9762952623679639
    outer loop
      vertex 71.53983306884766 -8 9.3902587890625
      vertex 71.31413269042969 8 9.440296173095703
      vertex 71.31413269042969 -8 9.440296173095703
    endloop
  endfacet
  facet normal 0.4617608011116427 0 -0.8870044884648183
    outer loop
      vertex 70.67500305175781 -8 14.294966697692871
      vertex 70.88005828857422 8 14.401715278625488
      vertex 70.88005828857422 -8 14.401715278625488
    endloop
  endfacet
  facet normal 0.4617608011116427 0 -0.8870044884648183
    outer loop
      vertex 70.88005828857422 8 14.401715278625488
      vertex 70.67500305175781 -8 14.294966697692871
      vertex 70.67500305175781 8 14.294966697692871
    endloop
  endfacet
  facet normal 0.6755833951658037 0 0.7372835792123987
    outer loop
      vertex 70.12616729736328 8 10.126166343688965
      vertex 70.29661560058594 -8 9.969982147216797
      vertex 70.29661560058594 8 9.969982147216797
    endloop
  endfacet
  facet normal 0.6755833951658037 0 0.7372835792123987
    outer loop
      vertex 70.29661560058594 -8 9.969982147216797
      vertex 70.12616729736328 8 10.126166343688965
      vertex 70.12616729736328 -8 10.126166343688965
    endloop
  endfacet
  facet normal -0.6755833951658037 0 -0.7372835792123987
    outer loop
      vertex 73.70338439941406 -8 14.030016899108887
      vertex 73.87383270263672 8 13.873832702636719
      vertex 73.87383270263672 -8 13.873832702636719
    endloop
  endfacet
  facet normal -0.6755833951658037 0 -0.7372835792123987
    outer loop
      vertex 73.87383270263672 8 13.873832702636719
      vertex 73.70338439941406 -8 14.030016899108887
      vertex 73.70338439941406 8 14.030016899108887
    endloop
  endfacet
  facet normal -0.9238784669872906 0 -0.3826860047574432
    outer loop
      vertex 74.49018859863281 -8 12.906352996826172
      vertex 74.40171813964844 8 13.119937896728516
      vertex 74.49018859863281 8 12.906352996826172
    endloop
  endfacet
  facet normal -0.9238784669872906 0 -0.3826860047574432
    outer loop
      vertex 74.40171813964844 8 13.119937896728516
      vertex 74.49018859863281 -8 12.906352996826172
      vertex 74.40171813964844 -8 13.119937896728516
    endloop
  endfacet
  facet normal -0.9238784669872906 0 0.3826860047574432
    outer loop
      vertex 74.40171813964844 -8 10.880061149597168
      vertex 74.49018859863281 8 11.093646049499512
      vertex 74.40171813964844 8 10.880061149597168
    endloop
  endfacet
  facet normal -0.9238784669872906 0 0.3826860047574432
    outer loop
      vertex 74.49018859863281 8 11.093646049499512
      vertex 74.40171813964844 -8 10.880061149597168
      vertex 74.49018859863281 -8 11.093646049499512
    endloop
  endfacet
  facet normal -0.7372859778799876 0 -0.6755807774215828
    outer loop
      vertex 74.03001403808594 -8 13.703386306762695
      vertex 73.87383270263672 8 13.873832702636719
      vertex 74.03001403808594 8 13.703386306762695
    endloop
  endfacet
  facet normal -0.7372859778799876 0 -0.6755807774215828
    outer loop
      vertex 73.87383270263672 8 13.873832702636719
      vertex 74.03001403808594 -8 13.703386306762695
      vertex 73.87383270263672 -8 13.873832702636719
    endloop
  endfacet
  facet normal -0.9914455177799505 0 0.13052120622353272
    outer loop
      vertex 74.6097412109375 -8 11.53983211517334
      vertex 74.6399154663086 8 11.769037246704102
      vertex 74.6097412109375 8 11.53983211517334
    endloop
  endfacet
  facet normal -0.9914455177799505 0 0.13052120622353272
    outer loop
      vertex 74.6399154663086 8 11.769037246704102
      vertex 74.6097412109375 -8 11.53983211517334
      vertex 74.6399154663086 -8 11.769037246704102
    endloop
  endfacet
  facet normal -0.9762923552443314 0 0.21645608582683923
    outer loop
      vertex 74.55970001220703 -8 11.314128875732422
      vertex 74.6097412109375 8 11.53983211517334
      vertex 74.55970001220703 8 11.314128875732422
    endloop
  endfacet
  facet normal -0.9762923552443314 0 0.21645608582683923
    outer loop
      vertex 74.6097412109375 8 11.53983211517334
      vertex 74.55970001220703 -8 11.314128875732422
      vertex 74.6097412109375 -8 11.53983211517334
    endloop
  endfacet
  facet normal 0.793344492432552 0 -0.6087729595891529
    outer loop
      vertex 69.96998596191406 -8 13.703386306762695
      vertex 69.8292465209961 8 13.519976615905762
      vertex 69.96998596191406 8 13.703386306762695
    endloop
  endfacet
  facet normal 0.793344492432552 0 -0.6087729595891529
    outer loop
      vertex 69.8292465209961 8 13.519976615905762
      vertex 69.96998596191406 -8 13.703386306762695
      vertex 69.8292465209961 -8 13.519976615905762
    endloop
  endfacet
  facet normal 0.6087605817217308 0 -0.7933539904366903
    outer loop
      vertex 70.29661560058594 -8 14.030016899108887
      vertex 70.48002624511719 8 14.17075252532959
      vertex 70.48002624511719 -8 14.17075252532959
    endloop
  endfacet
  facet normal 0.6087605817217308 0 -0.7933539904366903
    outer loop
      vertex 70.48002624511719 8 14.17075252532959
      vertex 70.29661560058594 -8 14.030016899108887
      vertex 70.29661560058594 8 14.030016899108887
    endloop
  endfacet
  facet normal -0.13052686266683777 0 0.9914447731075858
    outer loop
      vertex 72.23096466064453 8 9.36008358001709
      vertex 72.46016693115234 -8 9.3902587890625
      vertex 72.46016693115234 8 9.3902587890625
    endloop
  endfacet
  facet normal -0.13052686266683777 0 0.9914447731075858
    outer loop
      vertex 72.46016693115234 -8 9.3902587890625
      vertex 72.23096466064453 8 9.36008358001709
      vertex 72.23096466064453 -8 9.36008358001709
    endloop
  endfacet
  facet normal 0.04361946231132593 0 0.9990482183096423
    outer loop
      vertex 71.76903533935547 8 9.36008358001709
      vertex 72 -8 9.34999942779541
      vertex 72 8 9.34999942779541
    endloop
  endfacet
  facet normal 0.04361946231132593 0 0.9990482183096423
    outer loop
      vertex 72 -8 9.34999942779541
      vertex 71.76903533935547 8 9.36008358001709
      vertex 71.76903533935547 -8 9.36008358001709
    endloop
  endfacet
  facet normal -0.6755833951658037 0 0.7372835792123987
    outer loop
      vertex 73.70338439941406 8 9.969982147216797
      vertex 73.87383270263672 -8 10.126166343688965
      vertex 73.87383270263672 8 10.126166343688965
    endloop
  endfacet
  facet normal -0.6755833951658037 0 0.7372835792123987
    outer loop
      vertex 73.87383270263672 -8 10.126166343688965
      vertex 73.70338439941406 8 9.969982147216797
      vertex 73.70338439941406 -8 9.969982147216797
    endloop
  endfacet
  facet normal 0.9537156173125706 0 -0.30071002858917506
    outer loop
      vertex 69.50981140136719 -8 12.906352996826172
      vertex 69.44029235839844 8 12.685870170593262
      vertex 69.50981140136719 8 12.906352996826172
    endloop
  endfacet
  facet normal 0.9537156173125706 0 -0.30071002858917506
    outer loop
      vertex 69.44029235839844 8 12.685870170593262
      vertex 69.50981140136719 -8 12.906352996826172
      vertex 69.44029235839844 -8 12.685870170593262
    endloop
  endfacet
  facet normal 0.04361946231132593 0 -0.9990482183096423
    outer loop
      vertex 71.76903533935547 -8 14.639915466308594
      vertex 72 8 14.649999618530273
      vertex 72 -8 14.649999618530273
    endloop
  endfacet
  facet normal 0.04361946231132593 0 -0.9990482183096423
    outer loop
      vertex 72 8 14.649999618530273
      vertex 71.76903533935547 -8 14.639915466308594
      vertex 71.76903533935547 8 14.639915466308594
    endloop
  endfacet
  facet normal -0.9914455177799505 0 -0.13052120622353272
    outer loop
      vertex 74.6399154663086 -8 12.230961799621582
      vertex 74.6097412109375 8 12.460166931152344
      vertex 74.6399154663086 8 12.230961799621582
    endloop
  endfacet
  facet normal -0.9914455177799505 0 -0.13052120622353272
    outer loop
      vertex 74.6097412109375 8 12.460166931152344
      vertex 74.6399154663086 -8 12.230961799621582
      vertex 74.6097412109375 -8 12.460166931152344
    endloop
  endfacet
  facet normal 0.9238784669872906 0 -0.3826860047574432
    outer loop
      vertex 69.59828186035156 -8 13.119937896728516
      vertex 69.50981140136719 8 12.906352996826172
      vertex 69.59828186035156 8 13.119937896728516
    endloop
  endfacet
  facet normal 0.9238784669872906 0 -0.3826860047574432
    outer loop
      vertex 69.50981140136719 8 12.906352996826172
      vertex 69.59828186035156 -8 13.119937896728516
      vertex 69.50981140136719 -8 12.906352996826172
    endloop
  endfacet
  facet normal -0.843390961054331 0 0.5373003692645782
    outer loop
      vertex 74.1707534790039 -8 10.480022430419922
      vertex 74.29496765136719 8 10.674999237060547
      vertex 74.1707534790039 8 10.480022430419922
    endloop
  endfacet
  facet normal -0.843390961054331 0 0.5373003692645782
    outer loop
      vertex 74.29496765136719 8 10.674999237060547
      vertex 74.1707534790039 -8 10.480022430419922
      vertex 74.29496765136719 -8 10.674999237060547
    endloop
  endfacet
  facet normal -0.5373003692645782 0 -0.843390961054331
    outer loop
      vertex 73.32499694824219 -8 14.294966697692871
      vertex 73.51997375488281 8 14.17075252532959
      vertex 73.51997375488281 -8 14.17075252532959
    endloop
  endfacet
  facet normal -0.5373003692645782 0 -0.843390961054331
    outer loop
      vertex 73.51997375488281 8 14.17075252532959
      vertex 73.32499694824219 -8 14.294966697692871
      vertex 73.32499694824219 8 14.294966697692871
    endloop
  endfacet
  facet normal 0.7372859778799876 0 -0.6755807774215828
    outer loop
      vertex 70.12616729736328 -8 13.873832702636719
      vertex 69.96998596191406 8 13.703386306762695
      vertex 70.12616729736328 8 13.873832702636719
    endloop
  endfacet
  facet normal 0.7372859778799876 0 -0.6755807774215828
    outer loop
      vertex 69.96998596191406 8 13.703386306762695
      vertex 70.12616729736328 -8 13.873832702636719
      vertex 69.96998596191406 -8 13.703386306762695
    endloop
  endfacet
  facet normal 0.21644297326979317 0 -0.9762952623679639
    outer loop
      vertex 71.31413269042969 -8 14.55970287322998
      vertex 71.53983306884766 8 14.609740257263184
      vertex 71.53983306884766 -8 14.609740257263184
    endloop
  endfacet
  facet normal 0.21644297326979317 0 -0.9762952623679639
    outer loop
      vertex 71.53983306884766 8 14.609740257263184
      vertex 71.31413269042969 -8 14.55970287322998
      vertex 71.31413269042969 8 14.55970287322998
    endloop
  endfacet
  facet normal 0.4617608011116427 0 0.8870044884648183
    outer loop
      vertex 70.67500305175781 8 9.705032348632812
      vertex 70.88005828857422 -8 9.598283767700195
      vertex 70.88005828857422 8 9.598283767700195
    endloop
  endfacet
  facet normal 0.4617608011116427 0 0.8870044884648183
    outer loop
      vertex 70.88005828857422 -8 9.598283767700195
      vertex 70.67500305175781 8 9.705032348632812
      vertex 70.67500305175781 -8 9.705032348632812
    endloop
  endfacet
  facet normal 0.843390961054331 0 0.5373003692645782
    outer loop
      vertex 69.70503234863281 -8 10.674999237060547
      vertex 69.8292465209961 8 10.480022430419922
      vertex 69.70503234863281 8 10.674999237060547
    endloop
  endfacet
  facet normal 0.843390961054331 0 0.5373003692645782
    outer loop
      vertex 69.8292465209961 8 10.480022430419922
      vertex 69.70503234863281 -8 10.674999237060547
      vertex 69.8292465209961 -8 10.480022430419922
    endloop
  endfacet
  facet normal -0.5373003692645782 0 0.843390961054331
    outer loop
      vertex 73.32499694824219 8 9.705032348632812
      vertex 73.51997375488281 -8 9.829246520996094
      vertex 73.51997375488281 8 9.829246520996094
    endloop
  endfacet
  facet normal -0.5373003692645782 0 0.843390961054331
    outer loop
      vertex 73.51997375488281 -8 9.829246520996094
      vertex 73.32499694824219 8 9.705032348632812
      vertex 73.32499694824219 -8 9.705032348632812
    endloop
  endfacet
  facet normal -0.6087605817217308 0 -0.7933539904366903
    outer loop
      vertex 73.51997375488281 -8 14.17075252532959
      vertex 73.70338439941406 8 14.030016899108887
      vertex 73.70338439941406 -8 14.030016899108887
    endloop
  endfacet
  facet normal -0.6087605817217308 0 -0.7933539904366903
    outer loop
      vertex 73.70338439941406 8 14.030016899108887
      vertex 73.51997375488281 -8 14.17075252532959
      vertex 73.51997375488281 8 14.17075252532959
    endloop
  endfacet
  facet normal -0.04361946231132593 0 -0.9990482183096423
    outer loop
      vertex 72 -8 14.649999618530273
      vertex 72.23096466064453 8 14.639915466308594
      vertex 72.23096466064453 -8 14.639915466308594
    endloop
  endfacet
  facet normal -0.04361946231132593 0 -0.9990482183096423
    outer loop
      vertex 72.23096466064453 8 14.639915466308594
      vertex 72 -8 14.649999618530273
      vertex 72 8 14.649999618530273
    endloop
  endfacet
  facet normal -0.13052686266683777 0 -0.9914447731075858
    outer loop
      vertex 72.23096466064453 -8 14.639915466308594
      vertex 72.46016693115234 8 14.609740257263184
      vertex 72.46016693115234 -8 14.609740257263184
    endloop
  endfacet
  facet normal -0.13052686266683777 0 -0.9914447731075858
    outer loop
      vertex 72.46016693115234 8 14.609740257263184
      vertex 72.23096466064453 -8 14.639915466308594
      vertex 72.23096466064453 8 14.639915466308594
    endloop
  endfacet
  facet normal 0.7372859778799876 0 0.6755807774215828
    outer loop
      vertex 69.96998596191406 -8 10.296612739562988
      vertex 70.12616729736328 8 10.126166343688965
      vertex 69.96998596191406 8 10.296612739562988
    endloop
  endfacet
  facet normal 0.7372859778799876 0 0.6755807774215828
    outer loop
      vertex 70.12616729736328 8 10.126166343688965
      vertex 69.96998596191406 -8 10.296612739562988
      vertex 70.12616729736328 -8 10.126166343688965
    endloop
  endfacet
  facet normal -0.38269415181436445 0 0.923875092297159
    outer loop
      vertex 72.90635681152344 8 9.509814262390137
      vertex 73.11993408203125 -8 9.598283767700195
      vertex 73.11993408203125 8 9.598283767700195
    endloop
  endfacet
  facet normal -0.38269415181436445 0 0.923875092297159
    outer loop
      vertex 73.11993408203125 -8 9.598283767700195
      vertex 72.90635681152344 8 9.509814262390137
      vertex 72.90635681152344 -8 9.509814262390137
    endloop
  endfacet
  facet normal -0.38269415181436445 0 -0.923875092297159
    outer loop
      vertex 72.90635681152344 -8 14.490184783935547
      vertex 73.11993408203125 8 14.401715278625488
      vertex 73.11993408203125 -8 14.401715278625488
    endloop
  endfacet
  facet normal -0.38269415181436445 0 -0.923875092297159
    outer loop
      vertex 73.11993408203125 8 14.401715278625488
      vertex 72.90635681152344 -8 14.490184783935547
      vertex 72.90635681152344 8 14.490184783935547
    endloop
  endfacet
  facet normal -0.7372859778799876 0 0.6755807774215828
    outer loop
      vertex 73.87383270263672 -8 10.126166343688965
      vertex 74.03001403808594 8 10.296612739562988
      vertex 73.87383270263672 8 10.126166343688965
    endloop
  endfacet
  facet normal -0.7372859778799876 0 0.6755807774215828
    outer loop
      vertex 74.03001403808594 8 10.296612739562988
      vertex 73.87383270263672 -8 10.126166343688965
      vertex 74.03001403808594 -8 10.296612739562988
    endloop
  endfacet
  facet normal -0.04361946231132593 0 0.9990482183096423
    outer loop
      vertex 72 8 9.34999942779541
      vertex 72.23096466064453 -8 9.36008358001709
      vertex 72.23096466064453 8 9.36008358001709
    endloop
  endfacet
  facet normal -0.04361946231132593 0 0.9990482183096423
    outer loop
      vertex 72.23096466064453 -8 9.36008358001709
      vertex 72 8 9.34999942779541
      vertex 72 -8 9.34999942779541
    endloop
  endfacet
  facet normal 0.9914455177799505 0 0.13052120622353272
    outer loop
      vertex 69.3600845336914 -8 11.769037246704102
      vertex 69.3902587890625 8 11.53983211517334
      vertex 69.3600845336914 8 11.769037246704102
    endloop
  endfacet
  facet normal 0.9914455177799505 0 0.13052120622353272
    outer loop
      vertex 69.3902587890625 8 11.53983211517334
      vertex 69.3600845336914 -8 11.769037246704102
      vertex 69.3902587890625 -8 11.53983211517334
    endloop
  endfacet
  facet normal 0.793344492432552 0 0.6087729595891529
    outer loop
      vertex 69.8292465209961 -8 10.480022430419922
      vertex 69.96998596191406 8 10.296612739562988
      vertex 69.8292465209961 8 10.480022430419922
    endloop
  endfacet
  facet normal 0.793344492432552 0 0.6087729595891529
    outer loop
      vertex 69.96998596191406 8 10.296612739562988
      vertex 69.8292465209961 -8 10.480022430419922
      vertex 69.96998596191406 -8 10.296612739562988
    endloop
  endfacet
  facet normal -0.4617472842173928 0 -0.8870115250197498
    outer loop
      vertex 73.11993408203125 -8 14.401715278625488
      vertex 73.32499694824219 8 14.294966697692871
      vertex 73.32499694824219 -8 14.294966697692871
    endloop
  endfacet
  facet normal -0.4617472842173928 0 -0.8870115250197498
    outer loop
      vertex 73.32499694824219 8 14.294966697692871
      vertex 73.11993408203125 -8 14.401715278625488
      vertex 73.11993408203125 8 14.401715278625488
    endloop
  endfacet
  facet normal -0.9537250815067041 0 -0.3006800108171988
    outer loop
      vertex 74.55970001220703 -8 12.685870170593262
      vertex 74.49018859863281 8 12.906352996826172
      vertex 74.55970001220703 8 12.685870170593262
    endloop
  endfacet
  facet normal -0.9537250815067041 0 -0.3006800108171988
    outer loop
      vertex 74.49018859863281 8 12.906352996826172
      vertex 74.55970001220703 -8 12.685870170593262
      vertex 74.49018859863281 -8 12.906352996826172
    endloop
  endfacet
  facet normal -0.8870072663138723 0 0.4617554650530855
    outer loop
      vertex 74.29496765136719 -8 10.674999237060547
      vertex 74.40171813964844 8 10.880061149597168
      vertex 74.29496765136719 8 10.674999237060547
    endloop
  endfacet
  facet normal -0.8870072663138723 0 0.4617554650530855
    outer loop
      vertex 74.40171813964844 8 10.880061149597168
      vertex 74.29496765136719 -8 10.674999237060547
      vertex 74.40171813964844 -8 10.880061149597168
    endloop
  endfacet
  facet normal -0.843390961054331 0 -0.5373003692645782
    outer loop
      vertex 74.29496765136719 -8 13.324999809265137
      vertex 74.1707534790039 8 13.519976615905762
      vertex 74.29496765136719 8 13.324999809265137
    endloop
  endfacet
  facet normal -0.843390961054331 0 -0.5373003692645782
    outer loop
      vertex 74.1707534790039 8 13.519976615905762
      vertex 74.29496765136719 -8 13.324999809265137
      vertex 74.1707534790039 -8 13.519976615905762
    endloop
  endfacet
  facet normal 0.9537156173125706 0 0.30071002858917506
    outer loop
      vertex 69.44029235839844 -8 11.314128875732422
      vertex 69.50981140136719 8 11.093646049499512
      vertex 69.44029235839844 8 11.314128875732422
    endloop
  endfacet
  facet normal 0.9537156173125706 0 0.30071002858917506
    outer loop
      vertex 69.50981140136719 8 11.093646049499512
      vertex 69.44029235839844 -8 11.314128875732422
      vertex 69.50981140136719 -8 11.093646049499512
    endloop
  endfacet
  facet normal -0.8870072663138723 0 -0.4617554650530855
    outer loop
      vertex 74.40171813964844 -8 13.119937896728516
      vertex 74.29496765136719 8 13.324999809265137
      vertex 74.40171813964844 8 13.119937896728516
    endloop
  endfacet
  facet normal -0.8870072663138723 0 -0.4617554650530855
    outer loop
      vertex 74.29496765136719 8 13.324999809265137
      vertex 74.40171813964844 -8 13.119937896728516
      vertex 74.29496765136719 -8 13.324999809265137
    endloop
  endfacet
  facet normal -0.9762923552443314 0 -0.21645608582683923
    outer loop
      vertex 74.6097412109375 -8 12.460166931152344
      vertex 74.55970001220703 8 12.685870170593262
      vertex 74.6097412109375 8 12.460166931152344
    endloop
  endfacet
  facet normal -0.9762923552443314 0 -0.21645608582683923
    outer loop
      vertex 74.55970001220703 8 12.685870170593262
      vertex 74.6097412109375 -8 12.460166931152344
      vertex 74.55970001220703 -8 12.685870170593262
    endloop
  endfacet
  facet normal 0.9238784669872906 0 0.3826860047574432
    outer loop
      vertex 69.50981140136719 -8 11.093646049499512
      vertex 69.59828186035156 8 10.880061149597168
      vertex 69.50981140136719 8 11.093646049499512
    endloop
  endfacet
  facet normal 0.9238784669872906 0 0.3826860047574432
    outer loop
      vertex 69.59828186035156 8 10.880061149597168
      vertex 69.50981140136719 -8 11.093646049499512
      vertex 69.59828186035156 -8 10.880061149597168
    endloop
  endfacet
  facet normal -0.9990478351880356 0 -0.04362823633955044
    outer loop
      vertex 74.6500015258789 -8 12
      vertex 74.6399154663086 8 12.230961799621582
      vertex 74.6500015258789 8 12
    endloop
  endfacet
  facet normal -0.9990478351880356 0 -0.04362823633955044
    outer loop
      vertex 74.6399154663086 8 12.230961799621582
      vertex 74.6500015258789 -8 12
      vertex 74.6399154663086 -8 12.230961799621582
    endloop
  endfacet
  facet normal 0.8870072663138723 0 -0.4617554650530855
    outer loop
      vertex 69.70503234863281 -8 13.324999809265137
      vertex 69.59828186035156 8 13.119937896728516
      vertex 69.70503234863281 8 13.324999809265137
    endloop
  endfacet
  facet normal 0.8870072663138723 0 -0.4617554650530855
    outer loop
      vertex 69.59828186035156 8 13.119937896728516
      vertex 69.70503234863281 -8 13.324999809265137
      vertex 69.59828186035156 -8 13.119937896728516
    endloop
  endfacet
  facet normal -0.4617472842173928 0 0.8870115250197498
    outer loop
      vertex 73.11993408203125 8 9.598283767700195
      vertex 73.32499694824219 -8 9.705032348632812
      vertex 73.32499694824219 8 9.705032348632812
    endloop
  endfacet
  facet normal -0.4617472842173928 0 0.8870115250197498
    outer loop
      vertex 73.32499694824219 -8 9.705032348632812
      vertex 73.11993408203125 8 9.598283767700195
      vertex 73.11993408203125 -8 9.598283767700195
    endloop
  endfacet
  facet normal -0.21644297326979317 0 0.9762952623679639
    outer loop
      vertex 72.46016693115234 8 9.3902587890625
      vertex 72.68586730957031 -8 9.440296173095703
      vertex 72.68586730957031 8 9.440296173095703
    endloop
  endfacet
  facet normal -0.21644297326979317 0 0.9762952623679639
    outer loop
      vertex 72.68586730957031 -8 9.440296173095703
      vertex 72.46016693115234 8 9.3902587890625
      vertex 72.46016693115234 -8 9.3902587890625
    endloop
  endfacet
  facet normal 0.13052686266683777 0 -0.9914447731075858
    outer loop
      vertex 71.53983306884766 -8 14.609740257263184
      vertex 71.76903533935547 8 14.639915466308594
      vertex 71.76903533935547 -8 14.639915466308594
    endloop
  endfacet
  facet normal 0.13052686266683777 0 -0.9914447731075858
    outer loop
      vertex 71.76903533935547 8 14.639915466308594
      vertex 71.53983306884766 -8 14.609740257263184
      vertex 71.53983306884766 8 14.609740257263184
    endloop
  endfacet
  facet normal 0.3006979952150356 0 -0.953719411396066
    outer loop
      vertex 71.09364318847656 -8 14.490184783935547
      vertex 71.31413269042969 8 14.55970287322998
      vertex 71.31413269042969 -8 14.55970287322998
    endloop
  endfacet
  facet normal 0.3006979952150356 0 -0.953719411396066
    outer loop
      vertex 71.31413269042969 8 14.55970287322998
      vertex 71.09364318847656 -8 14.490184783935547
      vertex 71.09364318847656 8 14.490184783935547
    endloop
  endfacet
  facet normal -0.6087605817217308 0 0.7933539904366903
    outer loop
      vertex 73.51997375488281 8 9.829246520996094
      vertex 73.70338439941406 -8 9.969982147216797
      vertex 73.70338439941406 8 9.969982147216797
    endloop
  endfacet
  facet normal -0.6087605817217308 0 0.7933539904366903
    outer loop
      vertex 73.70338439941406 -8 9.969982147216797
      vertex 73.51997375488281 8 9.829246520996094
      vertex 73.51997375488281 -8 9.829246520996094
    endloop
  endfacet
  facet normal -0.3006979952150356 0 0.953719411396066
    outer loop
      vertex 72.68586730957031 8 9.440296173095703
      vertex 72.90635681152344 -8 9.509814262390137
      vertex 72.90635681152344 8 9.509814262390137
    endloop
  endfacet
  facet normal -0.3006979952150356 0 0.953719411396066
    outer loop
      vertex 72.90635681152344 -8 9.509814262390137
      vertex 72.68586730957031 8 9.440296173095703
      vertex 72.68586730957031 -8 9.440296173095703
    endloop
  endfacet
  facet normal 0.8870072663138723 0 0.4617554650530855
    outer loop
      vertex 69.59828186035156 -8 10.880061149597168
      vertex 69.70503234863281 8 10.674999237060547
      vertex 69.59828186035156 8 10.880061149597168
    endloop
  endfacet
  facet normal 0.8870072663138723 0 0.4617554650530855
    outer loop
      vertex 69.70503234863281 8 10.674999237060547
      vertex 69.59828186035156 -8 10.880061149597168
      vertex 69.70503234863281 -8 10.674999237060547
    endloop
  endfacet
  facet normal 0.3826824836838302 0 0.9238799254673602
    outer loop
      vertex 70.88005828857422 8 9.598283767700195
      vertex 71.09364318847656 -8 9.509814262390137
      vertex 71.09364318847656 8 9.509814262390137
    endloop
  endfacet
  facet normal 0.3826824836838302 0 0.9238799254673602
    outer loop
      vertex 71.09364318847656 -8 9.509814262390137
      vertex 70.88005828857422 8 9.598283767700195
      vertex 70.88005828857422 -8 9.598283767700195
    endloop
  endfacet
  facet normal 0.6087605817217308 0 0.7933539904366903
    outer loop
      vertex 70.29661560058594 8 9.969982147216797
      vertex 70.48002624511719 -8 9.829246520996094
      vertex 70.48002624511719 8 9.829246520996094
    endloop
  endfacet
  facet normal 0.6087605817217308 0 0.7933539904366903
    outer loop
      vertex 70.48002624511719 -8 9.829246520996094
      vertex 70.29661560058594 8 9.969982147216797
      vertex 70.29661560058594 -8 9.969982147216797
    endloop
  endfacet
  facet normal 0.6755833951658037 0 -0.7372835792123987
    outer loop
      vertex 70.12616729736328 -8 13.873832702636719
      vertex 70.29661560058594 8 14.030016899108887
      vertex 70.29661560058594 -8 14.030016899108887
    endloop
  endfacet
  facet normal 0.6755833951658037 0 -0.7372835792123987
    outer loop
      vertex 70.29661560058594 8 14.030016899108887
      vertex 70.12616729736328 -8 13.873832702636719
      vertex 70.12616729736328 8 13.873832702636719
    endloop
  endfacet
  facet normal -0.793344492432552 0 -0.6087729595891529
    outer loop
      vertex 74.1707534790039 -8 13.519976615905762
      vertex 74.03001403808594 8 13.703386306762695
      vertex 74.1707534790039 8 13.519976615905762
    endloop
  endfacet
  facet normal -0.793344492432552 0 -0.6087729595891529
    outer loop
      vertex 74.03001403808594 8 13.703386306762695
      vertex 74.1707534790039 -8 13.519976615905762
      vertex 74.03001403808594 -8 13.703386306762695
    endloop
  endfacet
  facet normal 0.5373003692645782 0 0.843390961054331
    outer loop
      vertex 70.48002624511719 8 9.829246520996094
      vertex 70.67500305175781 -8 9.705032348632812
      vertex 70.67500305175781 8 9.705032348632812
    endloop
  endfacet
  facet normal 0.5373003692645782 0 0.843390961054331
    outer loop
      vertex 70.67500305175781 -8 9.705032348632812
      vertex 70.48002624511719 8 9.829246520996094
      vertex 70.48002624511719 -8 9.829246520996094
    endloop
  endfacet
  facet normal 0.9914455177799505 0 -0.13052120622353272
    outer loop
      vertex 69.3902587890625 -8 12.460166931152344
      vertex 69.3600845336914 8 12.230961799621582
      vertex 69.3902587890625 8 12.460166931152344
    endloop
  endfacet
  facet normal 0.9914455177799505 0 -0.13052120622353272
    outer loop
      vertex 69.3600845336914 8 12.230961799621582
      vertex 69.3902587890625 -8 12.460166931152344
      vertex 69.3600845336914 -8 12.230961799621582
    endloop
  endfacet
  facet normal -0.3006979952150356 0 -0.953719411396066
    outer loop
      vertex 72.68586730957031 -8 14.55970287322998
      vertex 72.90635681152344 8 14.490184783935547
      vertex 72.90635681152344 -8 14.490184783935547
    endloop
  endfacet
  facet normal -0.3006979952150356 0 -0.953719411396066
    outer loop
      vertex 72.90635681152344 8 14.490184783935547
      vertex 72.68586730957031 -8 14.55970287322998
      vertex 72.68586730957031 8 14.55970287322998
    endloop
  endfacet
  facet normal -1 0 0
    outer loop
      vertex 37 -6 2
      vertex 37 6 11.5
      vertex 37 6 2
    endloop
  endfacet
  facet normal -1 0 0
    outer loop
      vertex 37 6 11.5
      vertex 37 -6 2
      vertex 37 -6 11.5
    endloop
  endfacet
  facet normal 0 0 1
    outer loop
      vertex 37 6 2
      vertex 30 1.5 2
      vertex 37 -6 2
    endloop
  endfacet
  facet normal 0 0 1
    outer loop
      vertex 27 6 2
      vertex 30 1.5 2
      vertex 37 6 2
    endloop
  endfacet
  facet normal 0 0 1
    outer loop
      vertex 30 1.5 2
      vertex 27 6 2
      vertex 27 1.5 2
    endloop
  endfacet
  facet normal 0 0 1
    outer loop
      vertex 30 -1.5 2
      vertex 37 -6 2
      vertex 30 1.5 2
    endloop
  endfacet
  facet normal 0 0 1
    outer loop
      vertex 27 -6 2
      vertex 30 -1.5 2
      vertex 27 -1.5 2
    endloop
  endfacet
  facet normal 0 0 1
    outer loop
      vertex 30 -1.5 2
      vertex 27 -6 2
      vertex 37 -6 2
    endloop
  endfacet
  facet normal 1 0 0
    outer loop
      vertex 27 6 11.5
      vertex 27 1.5 3
      vertex 27 6 2
    endloop
  endfacet
  facet normal 1 0 0
    outer loop
      vertex 27 6 11.5
      vertex 27 -1.5 3
      vertex 27 1.5 3
    endloop
  endfacet
  facet normal 1 0 0
    outer loop
      vertex 27 -6 11.5
      vertex 27 -1.5 3
      vertex 27 6 11.5
    endloop
  endfacet
  facet normal 1 0 0
    outer loop
      vertex 27 -6 2
      vertex 27 -1.5 3
      vertex 27 -6 11.5
    endloop
  endfacet
  facet normal 1 0 0
    outer loop
      vertex 27 -1.5 3
      vertex 27 -6 2
      vertex 27 -1.5 2
    endloop
  endfacet
  facet normal 1 0 0
    outer loop
      vertex 27 6 2
      vertex 27 1.5 3
      vertex 27 1.5 2
    endloop
  endfacet
  facet normal 0 -1 0
    outer loop
      vertex 27 6 2
      vertex 37 6 11.5
      vertex 27 6 11.5
    endloop
  endfacet
  facet normal 0 -1 0
    outer loop
      vertex 37 6 11.5
      vertex 27 6 2
      vertex 37 6 2
    endloop
  endfacet
  facet normal 0 1 0
    outer loop
      vertex 37 -6 2
      vertex 27 -6 11.5
      vertex 37 -6 11.5
    endloop
  endfacet
  facet normal 0 1 0
    outer loop
      vertex 27 -6 11.5
      vertex 37 -6 2
      vertex 27 -6 2
    endloop
  endfacet
  facet normal -1 0 0
    outer loop
      vertex 30 -1.5 0
      vertex 30 1.5 2
      vertex 30 1.5 0
    endloop
  endfacet
  facet normal -1 0 0
    outer loop
      vertex 30 1.5 2
      vertex 30 -1.5 0
      vertex 30 -1.5 2
    endloop
  endfacet
  facet normal 0 0 -1
    outer loop
      vertex 26 -1.5 3
      vertex 27 1.5 3
      vertex 27 -1.5 3
    endloop
  endfacet
  facet normal 0 0 -1
    outer loop
      vertex 27 1.5 3
      vertex 26 -1.5 3
      vertex 26 1.5 3
    endloop
  endfacet
  facet normal 1 0 0
    outer loop
      vertex 26 -1.5 3
      vertex 26 1.5 0
      vertex 26 1.5 3
    endloop
  endfacet
  facet normal 1 0 0
    outer loop
      vertex 26 1.5 0
      vertex 26 -1.5 3
      vertex 26 -1.5 0
    endloop
  endfacet
  facet normal 0 -1 0
    outer loop
      vertex 26 1.5 3
      vertex 27 1.5 2
      vertex 27 1.5 3
    endloop
  endfacet
  facet normal 0 -1 0
    outer loop
      vertex 26 1.5 0
      vertex 27 1.5 2
      vertex 26 1.5 3
    endloop
  endfacet
  facet normal 0 -1 0
    outer loop
      vertex 30 1.5 0
      vertex 27 1.5 2
      vertex 26 1.5 0
    endloop
  endfacet
  facet normal 0 -1 0
    outer loop
      vertex 27 1.5 2
      vertex 30 1.5 0
      vertex 30 1.5 2
    endloop
  endfacet
  facet normal 0 1 0
    outer loop
      vertex 30 -1.5 2
      vertex 30 -1.5 0
      vertex 27 -1.5 2
    endloop
  endfacet
  facet normal 0 1 0
    outer loop
      vertex 27 -1.5 2
      vertex 26 -1.5 3
      vertex 27 -1.5 3
    endloop
  endfacet
  facet normal 0 1 0
    outer loop
      vertex 27 -1.5 2
      vertex 26 -1.5 0
      vertex 26 -1.5 3
    endloop
  endfacet
  facet normal 0 1 0
    outer loop
      vertex 26 -1.5 0
      vertex 27 -1.5 2
      vertex 30 -1.5 0
    endloop
  endfacet
endsolid OpenSCAD_Model
