solid OpenSCAD_Model
  facet normal 1 0 0
    outer loop
      vertex -29 -25 17
      vertex -29 -26 13.700000762939453
      vertex -29 -25 12.700000762939453
    endloop
  endfacet
  facet normal 1 0 0
    outer loop
      vertex -29 -40 0
      vertex -29 -26 13.700000762939453
      vertex -29 -40 17
    endloop
  endfacet
  facet normal 1 0 0
    outer loop
      vertex -29 -40 17
      vertex -29 -26 13.700000762939453
      vertex -29 -25 17
    endloop
  endfacet
  facet normal 1 0 0
    outer loop
      vertex -29 -26 0.7000007629394531
      vertex -29 -25 0
      vertex -29 -25 1.7000007629394531
    endloop
  endfacet
  facet normal 1 0 0
    outer loop
      vertex -29 -26 0.7000007629394531
      vertex -29 -40 0
      vertex -29 -25 0
    endloop
  endfacet
  facet normal 1 0 0
    outer loop
      vertex -29 -26 13.700000762939453
      vertex -29 -40 0
      vertex -29 -26 0.7000007629394531
    endloop
  endfacet
  facet normal 1 0 0
    outer loop
      vertex -29 40 17
      vertex -29 26 13.700000762939453
      vertex -29 40 0
    endloop
  endfacet
  facet normal 1 0 0
    outer loop
      vertex -29 25 17
      vertex -29 26 13.700000762939453
      vertex -29 40 17
    endloop
  endfacet
  facet normal 1 0 0
    outer loop
      vertex -29 26 13.700000762939453
      vertex -29 25 17
      vertex -29 25 12.700000762939453
    endloop
  endfacet
  facet normal 1 0 0
    outer loop
      vertex -29 26 0.7000007629394531
      vertex -29 40 0
      vertex -29 26 13.700000762939453
    endloop
  endfacet
  facet normal 1 0 0
    outer loop
      vertex -29 26 0.7000007629394531
      vertex -29 25 0
      vertex -29 40 0
    endloop
  endfacet
  facet normal 1 0 0
    outer loop
      vertex -29 25 0
      vertex -29 26 0.7000007629394531
      vertex -29 25 1.7000007629394531
    endloop
  endfacet
  facet normal 1 0 0
    outer loop
      vertex -29 25 12.700000762939453
      vertex -29 26 0.7000007629394531
      vertex -29 26 13.700000762939453
    endloop
  endfacet
  facet normal 1 0 0
    outer loop
      vertex -29 25 12.700000762939453
      vertex -29 25 1.7000007629394531
      vertex -29 26 0.7000007629394531
    endloop
  endfacet
  facet normal 1 0 0
    outer loop
      vertex -29 22 9.700000762939453
      vertex -29 25 1.7000007629394531
      vertex -29 25 12.700000762939453
    endloop
  endfacet
  facet normal 1 0 0
    outer loop
      vertex -29 25 1.7000007629394531
      vertex -29 22 9.700000762939453
      vertex -29 22 4.700000762939453
    endloop
  endfacet
  facet normal 1 0 0
    outer loop
      vertex -29 -25 12.700000762939453
      vertex -29 -22 4.700000762939453
      vertex -29 -22 9.700000762939453
    endloop
  endfacet
  facet normal 1 0 0
    outer loop
      vertex -29 -25 12.700000762939453
      vertex -29 -25 1.7000007629394531
      vertex -29 -22 4.700000762939453
    endloop
  endfacet
  facet normal 1 0 0
    outer loop
      vertex -29 -26 13.700000762939453
      vertex -29 -25 1.7000007629394531
      vertex -29 -25 12.700000762939453
    endloop
  endfacet
  facet normal 1 0 0
    outer loop
      vertex -29 -25 1.7000007629394531
      vertex -29 -26 13.700000762939453
      vertex -29 -26 0.7000007629394531
    endloop
  endfacet
  facet normal 0 0 -1
    outer loop
      vertex -34 -40 0
      vertex -29 -25 0
      vertex -29 -40 0
    endloop
  endfacet
  facet normal 0 0 -1
    outer loop
      vertex -30.5 -5.299999237060547 0
      vertex -34 -40 0
      vertex -30.5 5.299999237060547 0
    endloop
  endfacet
  facet normal 0 0 -1
    outer loop
      vertex -29 -25 0
      vertex -34 -40 0
      vertex -30.5 -5.299999237060547 0
    endloop
  endfacet
  facet normal 0 0 -1
    outer loop
      vertex -29 -25 0
      vertex -3.5 -5.299999237060547 0
      vertex 124.9000015258789 -25 0
    endloop
  endfacet
  facet normal 0 0 -1
    outer loop
      vertex -3.5 -5.299999237060547 0
      vertex -29 -25 0
      vertex -30.5 -5.299999237060547 0
    endloop
  endfacet
  facet normal 0 0 -1
    outer loop
      vertex 124.9000015258789 -25 0
      vertex 129.89999389648438 -40 0
      vertex 124.9000015258789 -40 0
    endloop
  endfacet
  facet normal 0 0 -1
    outer loop
      vertex 129.89999389648438 -40 0
      vertex 124.9000015258789 -25 0
      vertex 129.89999389648438 -3 0
    endloop
  endfacet
  facet normal 0 0 -1
    outer loop
      vertex -3.5 -3 0
      vertex 124.9000015258789 -25 0
      vertex -3.5 -5.299999237060547 0
    endloop
  endfacet
  facet normal 0 0 -1
    outer loop
      vertex 124.9000015258789 -25 0
      vertex -3.5 -3 0
      vertex 129.89999389648438 -3 0
    endloop
  endfacet
  facet normal 0 0 -1
    outer loop
      vertex 129.89999389648438 3 0
      vertex 124.9000015258789 25 0
      vertex 129.89999389648438 40 0
    endloop
  endfacet
  facet normal 0 0 -1
    outer loop
      vertex -3.5 3 0
      vertex 124.9000015258789 25 0
      vertex 129.89999389648438 3 0
    endloop
  endfacet
  facet normal 0 0 -1
    outer loop
      vertex -3.5 5.299999237060547 0
      vertex 124.9000015258789 25 0
      vertex -3.5 3 0
    endloop
  endfacet
  facet normal 0 0 -1
    outer loop
      vertex -3.5 5.299999237060547 0
      vertex -29 25 0
      vertex 124.9000015258789 25 0
    endloop
  endfacet
  facet normal 0 0 -1
    outer loop
      vertex -30.5 5.299999237060547 0
      vertex -29 25 0
      vertex -3.5 5.299999237060547 0
    endloop
  endfacet
  facet normal 0 0 -1
    outer loop
      vertex -34 40 0
      vertex -29 25 0
      vertex -30.5 5.299999237060547 0
    endloop
  endfacet
  facet normal 0 0 -1
    outer loop
      vertex -34 40 0
      vertex -30.5 5.299999237060547 0
      vertex -34 -40 0
    endloop
  endfacet
  facet normal 0 0 -1
    outer loop
      vertex -29 25 0
      vertex -34 40 0
      vertex -29 40 0
    endloop
  endfacet
  facet normal 0 0 -1
    outer loop
      vertex 129.89999389648438 40 0
      vertex 124.9000015258789 25 0
      vertex 124.9000015258789 40 0
    endloop
  endfacet
  facet normal 0 0 1
    outer loop
      vertex -34 -25 17
      vertex -29 -40 17
      vertex -29 -25 17
    endloop
  endfacet
  facet normal 0 0 1
    outer loop
      vertex -29 -40 17
      vertex -34 -25 17
      vertex -34 -40 17
    endloop
  endfacet
  facet normal 0 0 1
    outer loop
      vertex -34 40 17
      vertex -29 25 17
      vertex -29 40 17
    endloop
  endfacet
  facet normal 0 0 1
    outer loop
      vertex -29 25 17
      vertex -34 40 17
      vertex -34 25 17
    endloop
  endfacet
  facet normal 0 0 1
    outer loop
      vertex -3.5 5.299999237060547 17
      vertex 0 -5.299999237060547 17
      vertex 0 5.299999237060547 17
    endloop
  endfacet
  facet normal 0 0 1
    outer loop
      vertex 0 -5.299999237060547 17
      vertex -3.5 5.299999237060547 17
      vertex -3.5 -5.299999237060547 17
    endloop
  endfacet
  facet normal 0 0 1
    outer loop
      vertex 10 6 17
      vertex 63.45000076293945 -6 17
      vertex 63.45000076293945 6 17
    endloop
  endfacet
  facet normal 0 0 1
    outer loop
      vertex 63.45000076293945 -6 17
      vertex 10 6 17
      vertex 10 -6 17
    endloop
  endfacet
  facet normal 0 0 1
    outer loop
      vertex 67.44999694824219 6 17
      vertex 120.9000015258789 -6 17
      vertex 120.9000015258789 6 17
    endloop
  endfacet
  facet normal 0 0 1
    outer loop
      vertex 120.9000015258789 -6 17
      vertex 67.44999694824219 6 17
      vertex 67.44999694824219 -6 17
    endloop
  endfacet
  facet normal 0 0 1
    outer loop
      vertex 120.9000015258789 6 17
      vertex 124.9000015258789 25 17
      vertex 120.9000015258789 18 17
    endloop
  endfacet
  facet normal 0 0 1
    outer loop
      vertex 124.9000015258789 25 17
      vertex 67.44999694824219 18 17
      vertex 120.9000015258789 18 17
    endloop
  endfacet
  facet normal 0 0 1
    outer loop
      vertex 63.45000076293945 6 17
      vertex 67.44999694824219 6 17
      vertex 67.44999694824219 18 17
    endloop
  endfacet
  facet normal 0 0 1
    outer loop
      vertex 67.44999694824219 6 17
      vertex 63.45000076293945 6 17
      vertex 67.44999694824219 -6 17
    endloop
  endfacet
  facet normal 0 0 1
    outer loop
      vertex 63.45000076293945 6 17
      vertex 67.44999694824219 18 17
      vertex 63.45000076293945 18 17
    endloop
  endfacet
  facet normal 0 0 1
    outer loop
      vertex 124.9000015258789 25 17
      vertex 63.45000076293945 18 17
      vertex 67.44999694824219 18 17
    endloop
  endfacet
  facet normal 0 0 1
    outer loop
      vertex 0 25 17
      vertex 63.45000076293945 18 17
      vertex 124.9000015258789 25 17
    endloop
  endfacet
  facet normal 0 0 1
    outer loop
      vertex 0 5.299999237060547 17
      vertex 10 6 17
      vertex 10 18 17
    endloop
  endfacet
  facet normal 0 0 1
    outer loop
      vertex 10 6 17
      vertex 0 5.299999237060547 17
      vertex 10 -6 17
    endloop
  endfacet
  facet normal 0 0 1
    outer loop
      vertex 0 5.299999237060547 17
      vertex 10 18 17
      vertex 0 25 17
    endloop
  endfacet
  facet normal 0 0 1
    outer loop
      vertex 63.45000076293945 18 17
      vertex 0 25 17
      vertex 10 18 17
    endloop
  endfacet
  facet normal 0 0 1
    outer loop
      vertex 124.9000015258789 25 17
      vertex 129.89999389648438 40 17
      vertex 124.9000015258789 40 17
    endloop
  endfacet
  facet normal 0 0 1
    outer loop
      vertex 129.89999389648438 40 17
      vertex 124.9000015258789 25 17
      vertex 129.89999389648438 -40 17
    endloop
  endfacet
  facet normal 0 0 1
    outer loop
      vertex 124.9000015258789 -25 17
      vertex 129.89999389648438 -40 17
      vertex 124.9000015258789 25 17
    endloop
  endfacet
  facet normal 0 0 1
    outer loop
      vertex 129.89999389648438 -40 17
      vertex 124.9000015258789 -25 17
      vertex 124.9000015258789 -40 17
    endloop
  endfacet
  facet normal 0 0 1
    outer loop
      vertex 124.9000015258789 25 17
      vertex 120.9000015258789 6 17
      vertex 124.9000015258789 -25 17
    endloop
  endfacet
  facet normal 0 0 1
    outer loop
      vertex 120.9000015258789 -6 17
      vertex 124.9000015258789 -25 17
      vertex 120.9000015258789 6 17
    endloop
  endfacet
  facet normal 0 0 1
    outer loop
      vertex 120.9000015258789 -18 17
      vertex 124.9000015258789 -25 17
      vertex 120.9000015258789 -6 17
    endloop
  endfacet
  facet normal 0 0 1
    outer loop
      vertex 67.44999694824219 -18 17
      vertex 124.9000015258789 -25 17
      vertex 120.9000015258789 -18 17
    endloop
  endfacet
  facet normal 0 0 1
    outer loop
      vertex 63.45000076293945 -6 17
      vertex 67.44999694824219 -6 17
      vertex 63.45000076293945 6 17
    endloop
  endfacet
  facet normal 0 0 1
    outer loop
      vertex 67.44999694824219 -6 17
      vertex 63.45000076293945 -6 17
      vertex 67.44999694824219 -18 17
    endloop
  endfacet
  facet normal 0 0 1
    outer loop
      vertex 63.45000076293945 -18 17
      vertex 67.44999694824219 -18 17
      vertex 63.45000076293945 -6 17
    endloop
  endfacet
  facet normal 0 0 1
    outer loop
      vertex 63.45000076293945 -18 17
      vertex 124.9000015258789 -25 17
      vertex 67.44999694824219 -18 17
    endloop
  endfacet
  facet normal 0 0 1
    outer loop
      vertex 0 -25 17
      vertex 63.45000076293945 -18 17
      vertex 10 -18 17
    endloop
  endfacet
  facet normal 0 0 1
    outer loop
      vertex 0 -5.299999237060547 17
      vertex 10 -6 17
      vertex 0 5.299999237060547 17
    endloop
  endfacet
  facet normal 0 0 1
    outer loop
      vertex 10 -6 17
      vertex 0 -5.299999237060547 17
      vertex 10 -18 17
    endloop
  endfacet
  facet normal 0 0 1
    outer loop
      vertex 63.45000076293945 -18 17
      vertex 0 -25 17
      vertex 124.9000015258789 -25 17
    endloop
  endfacet
  facet normal 0 0 1
    outer loop
      vertex 0 -25 17
      vertex 10 -18 17
      vertex 0 -5.299999237060547 17
    endloop
  endfacet
  facet normal 0 0 1
    outer loop
      vertex -34 5.299999237060547 17
      vertex -30.5 -5.299999237060547 17
      vertex -30.5 5.299999237060547 17
    endloop
  endfacet
  facet normal 0 0 1
    outer loop
      vertex -30.5 -5.299999237060547 17
      vertex -34 5.299999237060547 17
      vertex -34 -5.299999237060547 17
    endloop
  endfacet
  facet normal -1 0 0
    outer loop
      vertex -34 40 0
      vertex -34 25 17
      vertex -34 40 17
    endloop
  endfacet
  facet normal -1 0 0
    outer loop
      vertex -34 25 17
      vertex -34 5.299999237060547 17
      vertex -34 25 21
    endloop
  endfacet
  facet normal -1 0 0
    outer loop
      vertex -34 40 0
      vertex -34 5.299999237060547 17
      vertex -34 25 17
    endloop
  endfacet
  facet normal -1 0 0
    outer loop
      vertex -34 40 0
      vertex -34 -5.299999237060547 17
      vertex -34 5.299999237060547 17
    endloop
  endfacet
  facet normal -1 0 0
    outer loop
      vertex -34 -5.299999237060547 17
      vertex -34 -25 17
      vertex -34 -5.299999237060547 21
    endloop
  endfacet
  facet normal -1 0 0
    outer loop
      vertex -34 -40 0
      vertex -34 -5.299999237060547 17
      vertex -34 40 0
    endloop
  endfacet
  facet normal -1 0 0
    outer loop
      vertex -34 -5.299999237060547 17
      vertex -34 -40 0
      vertex -34 -25 17
    endloop
  endfacet
  facet normal -1 0 0
    outer loop
      vertex -34 -25 17
      vertex -34 -40 0
      vertex -34 -40 17
    endloop
  endfacet
  facet normal -1 0 0
    outer loop
      vertex -34 25 21
      vertex -34 5.299999237060547 17
      vertex -34 5.299999237060547 21
    endloop
  endfacet
  facet normal -1 0 0
    outer loop
      vertex -34 -5.299999237060547 21
      vertex -34 -25 17
      vertex -34 -25 21
    endloop
  endfacet
  facet normal 0 -1 0
    outer loop
      vertex -34 -40 0
      vertex -29 -40 17
      vertex -34 -40 17
    endloop
  endfacet
  facet normal 0 -1 0
    outer loop
      vertex -29 -40 17
      vertex -34 -40 0
      vertex -29 -40 0
    endloop
  endfacet
  facet normal 0 1 0
    outer loop
      vertex -29 40 0
      vertex -34 40 17
      vertex -29 40 17
    endloop
  endfacet
  facet normal 0 1 0
    outer loop
      vertex -34 40 17
      vertex -29 40 0
      vertex -34 40 0
    endloop
  endfacet
  facet normal 1 0 0
    outer loop
      vertex 129.89999389648438 40 17
      vertex 129.89999389648438 3 9
      vertex 129.89999389648438 40 0
    endloop
  endfacet
  facet normal 1 0 0
    outer loop
      vertex 129.89999389648438 40 17
      vertex 129.89999389648438 -3 9
      vertex 129.89999389648438 3 9
    endloop
  endfacet
  facet normal 1 0 0
    outer loop
      vertex 129.89999389648438 -40 17
      vertex 129.89999389648438 -3 9
      vertex 129.89999389648438 40 17
    endloop
  endfacet
  facet normal 1 0 0
    outer loop
      vertex 129.89999389648438 -40 0
      vertex 129.89999389648438 -3 9
      vertex 129.89999389648438 -40 17
    endloop
  endfacet
  facet normal 1 0 0
    outer loop
      vertex 129.89999389648438 -3 9
      vertex 129.89999389648438 -40 0
      vertex 129.89999389648438 -3 0
    endloop
  endfacet
  facet normal 1 0 0
    outer loop
      vertex 129.89999389648438 40 0
      vertex 129.89999389648438 3 9
      vertex 129.89999389648438 3 0
    endloop
  endfacet
  facet normal -1 0 0
    outer loop
      vertex 124.9000015258789 -25 0
      vertex 124.9000015258789 -26 0.7000007629394531
      vertex 124.9000015258789 -25 1.7000007629394531
    endloop
  endfacet
  facet normal -1 0 0
    outer loop
      vertex 124.9000015258789 -26 0.7000007629394531
      vertex 124.9000015258789 -40 0
      vertex 124.9000015258789 -26 13.700000762939453
    endloop
  endfacet
  facet normal -1 0 0
    outer loop
      vertex 124.9000015258789 -40 0
      vertex 124.9000015258789 -26 0.7000007629394531
      vertex 124.9000015258789 -25 0
    endloop
  endfacet
  facet normal -1 0 0
    outer loop
      vertex 124.9000015258789 -26 13.700000762939453
      vertex 124.9000015258789 -25 17
      vertex 124.9000015258789 -25 12.700000762939453
    endloop
  endfacet
  facet normal -1 0 0
    outer loop
      vertex 124.9000015258789 -40 17
      vertex 124.9000015258789 -26 13.700000762939453
      vertex 124.9000015258789 -40 0
    endloop
  endfacet
  facet normal -1 0 0
    outer loop
      vertex 124.9000015258789 -26 13.700000762939453
      vertex 124.9000015258789 -40 17
      vertex 124.9000015258789 -25 17
    endloop
  endfacet
  facet normal -1 0 0
    outer loop
      vertex 124.9000015258789 26 13.700000762939453
      vertex 124.9000015258789 40 0
      vertex 124.9000015258789 26 0.7000007629394531
    endloop
  endfacet
  facet normal -1 0 0
    outer loop
      vertex 124.9000015258789 25 0
      vertex 124.9000015258789 26 0.7000007629394531
      vertex 124.9000015258789 40 0
    endloop
  endfacet
  facet normal -1 0 0
    outer loop
      vertex 124.9000015258789 26 0.7000007629394531
      vertex 124.9000015258789 25 0
      vertex 124.9000015258789 25 1.7000007629394531
    endloop
  endfacet
  facet normal -1 0 0
    outer loop
      vertex 124.9000015258789 40 0
      vertex 124.9000015258789 26 13.700000762939453
      vertex 124.9000015258789 40 17
    endloop
  endfacet
  facet normal -1 0 0
    outer loop
      vertex 124.9000015258789 26 13.700000762939453
      vertex 124.9000015258789 25 17
      vertex 124.9000015258789 40 17
    endloop
  endfacet
  facet normal -1 0 0
    outer loop
      vertex 124.9000015258789 25 17
      vertex 124.9000015258789 26 13.700000762939453
      vertex 124.9000015258789 25 12.700000762939453
    endloop
  endfacet
  facet normal -1 0 0
    outer loop
      vertex 124.9000015258789 25 1.7000007629394531
      vertex 124.9000015258789 26 13.700000762939453
      vertex 124.9000015258789 26 0.7000007629394531
    endloop
  endfacet
  facet normal -1 0 0
    outer loop
      vertex 124.9000015258789 25 1.7000007629394531
      vertex 124.9000015258789 25 12.700000762939453
      vertex 124.9000015258789 26 13.700000762939453
    endloop
  endfacet
  facet normal -1 0 0
    outer loop
      vertex 124.9000015258789 22 4.700000762939453
      vertex 124.9000015258789 25 12.700000762939453
      vertex 124.9000015258789 25 1.7000007629394531
    endloop
  endfacet
  facet normal -1 0 0
    outer loop
      vertex 124.9000015258789 25 12.700000762939453
      vertex 124.9000015258789 22 4.700000762939453
      vertex 124.9000015258789 22 9.700000762939453
    endloop
  endfacet
  facet normal -1 0 0
    outer loop
      vertex 124.9000015258789 -25 1.7000007629394531
      vertex 124.9000015258789 -22 9.700000762939453
      vertex 124.9000015258789 -22 4.700000762939453
    endloop
  endfacet
  facet normal -1 0 0
    outer loop
      vertex 124.9000015258789 -25 1.7000007629394531
      vertex 124.9000015258789 -25 12.700000762939453
      vertex 124.9000015258789 -22 9.700000762939453
    endloop
  endfacet
  facet normal -1 0 0
    outer loop
      vertex 124.9000015258789 -26 0.7000007629394531
      vertex 124.9000015258789 -25 12.700000762939453
      vertex 124.9000015258789 -25 1.7000007629394531
    endloop
  endfacet
  facet normal -1 0 0
    outer loop
      vertex 124.9000015258789 -25 12.700000762939453
      vertex 124.9000015258789 -26 0.7000007629394531
      vertex 124.9000015258789 -26 13.700000762939453
    endloop
  endfacet
  facet normal 0 -1 0
    outer loop
      vertex 124.9000015258789 -40 0
      vertex 129.89999389648438 -40 17
      vertex 124.9000015258789 -40 17
    endloop
  endfacet
  facet normal 0 -1 0
    outer loop
      vertex 129.89999389648438 -40 17
      vertex 124.9000015258789 -40 0
      vertex 129.89999389648438 -40 0
    endloop
  endfacet
  facet normal 0 1 0
    outer loop
      vertex 129.89999389648438 40 0
      vertex 124.9000015258789 40 17
      vertex 129.89999389648438 40 17
    endloop
  endfacet
  facet normal 0 1 0
    outer loop
      vertex 124.9000015258789 40 17
      vertex 129.89999389648438 40 0
      vertex 124.9000015258789 40 0
    endloop
  endfacet
  facet normal -0.7808688094430304 0 0.6246950475544243
    outer loop
      vertex -34 -25 21
      vertex -30.5 -5.299999237060547 25.375
      vertex -34 -5.299999237060547 21
    endloop
  endfacet
  facet normal -0.7808688094430303 0 0.6246950475544242
    outer loop
      vertex -26 -25 31
      vertex -30.5 -5.299999237060547 25.375
      vertex -34 -25 21
    endloop
  endfacet
  facet normal -0.7808688094430304 0 0.6246950475544243
    outer loop
      vertex -30.5 -5.299999237060547 25.375
      vertex -26 -25 31
      vertex -26 -5.299999237060547 31
    endloop
  endfacet
  facet normal 0 0 1
    outer loop
      vertex -3.5 -5.299999237060547 31
      vertex -24 -8.299999237060547 31
      vertex -3.5 -8.299999237060547 31
    endloop
  endfacet
  facet normal 0 0 1
    outer loop
      vertex -24 -8.299999237060547 31
      vertex -26 -5.299999237060547 31
      vertex -24 -22 31
    endloop
  endfacet
  facet normal 0 0 1
    outer loop
      vertex -26 -5.299999237060547 31
      vertex -24 -8.299999237060547 31
      vertex -3.5 -5.299999237060547 31
    endloop
  endfacet
  facet normal 0 0 1
    outer loop
      vertex -3.5 -8.299999237060547 31
      vertex 0 -5.299999237060547 31
      vertex -3.5 -5.299999237060547 31
    endloop
  endfacet
  facet normal 0 0 1
    outer loop
      vertex 0 -5.299999237060547 31
      vertex -3.5 -8.299999237060547 31
      vertex 0 -25 31
    endloop
  endfacet
  facet normal 0 0 1
    outer loop
      vertex -3.5 -22 31
      vertex 0 -25 31
      vertex -3.5 -8.299999237060547 31
    endloop
  endfacet
  facet normal 0 0 1
    outer loop
      vertex -26 -25 31
      vertex -3.5 -22 31
      vertex -24 -22 31
    endloop
  endfacet
  facet normal 0 0 1
    outer loop
      vertex -3.5 -22 31
      vertex -26 -25 31
      vertex 0 -25 31
    endloop
  endfacet
  facet normal 0 0 1
    outer loop
      vertex -26 -25 31
      vertex -24 -22 31
      vertex -26 -5.299999237060547 31
    endloop
  endfacet
  facet normal 1 0 0
    outer loop
      vertex 0 -25 31
      vertex 0 -5.299999237060547 17
      vertex 0 -5.299999237060547 31
    endloop
  endfacet
  facet normal 1 0 0
    outer loop
      vertex 0 -5.299999237060547 17
      vertex 0 -25 31
      vertex 0 -25 17
    endloop
  endfacet
  facet normal 0 -1 0
    outer loop
      vertex -14.603996276855469 -25 22.149999618530273
      vertex -26 -25 31
      vertex -19.39600372314453 -25 22.149999618530273
    endloop
  endfacet
  facet normal 0 -1 0
    outer loop
      vertex -29 -25 17
      vertex -26 -25 31
      vertex -34 -25 21
    endloop
  endfacet
  facet normal 0 -1 0
    outer loop
      vertex -26 -25 31
      vertex -29 -25 17
      vertex -19.39600372314453 -25 22.149999618530273
    endloop
  endfacet
  facet normal 0 -1 0
    outer loop
      vertex -29 -25 17
      vertex -34 -25 21
      vertex -34 -25 17
    endloop
  endfacet
  facet normal 0 -1 0
    outer loop
      vertex -19.39600372314453 -25 22.149999618530273
      vertex -29 -25 17
      vertex -21.792007446289062 -25 18
    endloop
  endfacet
  facet normal 0 -1 0
    outer loop
      vertex -29 -25 12.700000762939453
      vertex -21.792007446289062 -25 18
      vertex -29 -25 17
    endloop
  endfacet
  facet normal 0 -1 0
    outer loop
      vertex -19.39600372314453 -25 13.850000381469727
      vertex -29 -25 12.700000762939453
      vertex -14.603996276855469 -25 13.850000381469727
    endloop
  endfacet
  facet normal 0 -1 0
    outer loop
      vertex -21.792007446289062 -25 18
      vertex -29 -25 12.700000762939453
      vertex -19.39600372314453 -25 13.850000381469727
    endloop
  endfacet
  facet normal 0 -1 0
    outer loop
      vertex -26 -25 31
      vertex -14.603996276855469 -25 22.149999618530273
      vertex 0 -25 31
    endloop
  endfacet
  facet normal 0 -1 0
    outer loop
      vertex -12.207992553710938 -25 18
      vertex 0 -25 31
      vertex -14.603996276855469 -25 22.149999618530273
    endloop
  endfacet
  facet normal 0 -1 0
    outer loop
      vertex -12.207992553710938 -25 18
      vertex 0 -25 17
      vertex 0 -25 31
    endloop
  endfacet
  facet normal 0 -1 0
    outer loop
      vertex -14.603996276855469 -25 13.850000381469727
      vertex 0 -25 17
      vertex -12.207992553710938 -25 18
    endloop
  endfacet
  facet normal 0 -1 0
    outer loop
      vertex 124.9000015258789 -25 12.700000762939453
      vertex 0 -25 17
      vertex -14.603996276855469 -25 13.850000381469727
    endloop
  endfacet
  facet normal 0 -1 0
    outer loop
      vertex 124.9000015258789 -25 12.700000762939453
      vertex -14.603996276855469 -25 13.850000381469727
      vertex -29 -25 12.700000762939453
    endloop
  endfacet
  facet normal 0 -1 0
    outer loop
      vertex 0 -25 17
      vertex 124.9000015258789 -25 12.700000762939453
      vertex 124.9000015258789 -25 17
    endloop
  endfacet
  facet normal 0 -1 0
    outer loop
      vertex -29 -25 0
      vertex 124.9000015258789 -25 1.7000007629394531
      vertex -29 -25 1.7000007629394531
    endloop
  endfacet
  facet normal 0 -1 0
    outer loop
      vertex 124.9000015258789 -25 1.7000007629394531
      vertex -29 -25 0
      vertex 124.9000015258789 -25 0
    endloop
  endfacet
  facet normal 0 1 0
    outer loop
      vertex 0 -5.299999237060547 17
      vertex -3.5 -5.299999237060547 31
      vertex 0 -5.299999237060547 31
    endloop
  endfacet
  facet normal 0 1 0
    outer loop
      vertex -3.5 -5.299999237060547 31
      vertex 0 -5.299999237060547 17
      vertex -3.5 -5.299999237060547 17
    endloop
  endfacet
  facet normal 0 1 0
    outer loop
      vertex -30.5 -5.299999237060547 17
      vertex -34 -5.299999237060547 21
      vertex -30.5 -5.299999237060547 25.375
    endloop
  endfacet
  facet normal 0 1 0
    outer loop
      vertex -34 -5.299999237060547 21
      vertex -30.5 -5.299999237060547 17
      vertex -34 -5.299999237060547 17
    endloop
  endfacet
  facet normal 0 1 0
    outer loop
      vertex -16.539833068847656 -5.299999237060547 20.6097412109375
      vertex -26 -5.299999237060547 31
      vertex -3.5 -5.299999237060547 31
    endloop
  endfacet
  facet normal 0 1 0
    outer loop
      vertex -26 -5.299999237060547 31
      vertex -17 -5.299999237060547 20.649999618530273
      vertex -17.230960845947266 -5.299999237060547 20.639915466308594
    endloop
  endfacet
  facet normal 0 1 0
    outer loop
      vertex -26 -5.299999237060547 31
      vertex -16.7690372467041 -5.299999237060547 20.639915466308594
      vertex -17 -5.299999237060547 20.649999618530273
    endloop
  endfacet
  facet normal 0 1 0
    outer loop
      vertex -26 -5.299999237060547 31
      vertex -16.539833068847656 -5.299999237060547 20.6097412109375
      vertex -16.7690372467041 -5.299999237060547 20.639915466308594
    endloop
  endfacet
  facet normal 0 1 0
    outer loop
      vertex -3.5 -5.299999237060547 31
      vertex -16.314128875732422 -5.299999237060547 20.559703826904297
      vertex -16.539833068847656 -5.299999237060547 20.6097412109375
    endloop
  endfacet
  facet normal 0 1 0
    outer loop
      vertex -3.5 -5.299999237060547 31
      vertex -16.093647003173828 -5.299999237060547 20.490184783935547
      vertex -16.314128875732422 -5.299999237060547 20.559703826904297
    endloop
  endfacet
  facet normal 0 1 0
    outer loop
      vertex -3.5 -5.299999237060547 31
      vertex -15.880061149597168 -5.299999237060547 20.401714324951172
      vertex -16.093647003173828 -5.299999237060547 20.490184783935547
    endloop
  endfacet
  facet normal 0 1 0
    outer loop
      vertex -3.5 -5.299999237060547 31
      vertex -15.674999237060547 -5.299999237060547 20.294967651367188
      vertex -15.880061149597168 -5.299999237060547 20.401714324951172
    endloop
  endfacet
  facet normal 0 1 0
    outer loop
      vertex -3.5 -5.299999237060547 31
      vertex -15.480022430419922 -5.299999237060547 20.170753479003906
      vertex -15.674999237060547 -5.299999237060547 20.294967651367188
    endloop
  endfacet
  facet normal 0 1 0
    outer loop
      vertex -3.5 -5.299999237060547 31
      vertex -15.296612739562988 -5.299999237060547 20.030017852783203
      vertex -15.480022430419922 -5.299999237060547 20.170753479003906
    endloop
  endfacet
  facet normal 0 1 0
    outer loop
      vertex -3.5 -5.299999237060547 31
      vertex -15.126166343688965 -5.299999237060547 19.87383270263672
      vertex -15.296612739562988 -5.299999237060547 20.030017852783203
    endloop
  endfacet
  facet normal 0 1 0
    outer loop
      vertex -3.5 -5.299999237060547 31
      vertex -14.969982147216797 -5.299999237060547 19.703386306762695
      vertex -15.126166343688965 -5.299999237060547 19.87383270263672
    endloop
  endfacet
  facet normal 0 1 0
    outer loop
      vertex -3.5 -5.299999237060547 31
      vertex -14.829246520996094 -5.299999237060547 19.519977569580078
      vertex -14.969982147216797 -5.299999237060547 19.703386306762695
    endloop
  endfacet
  facet normal 0 1 0
    outer loop
      vertex -3.5 -5.299999237060547 17
      vertex -14.829246520996094 -5.299999237060547 19.519977569580078
      vertex -3.5 -5.299999237060547 31
    endloop
  endfacet
  facet normal 0 1 0
    outer loop
      vertex -14.829246520996094 -5.299999237060547 19.519977569580078
      vertex -3.5 -5.299999237060547 17
      vertex -14.705032348632812 -5.299999237060547 19.325000762939453
    endloop
  endfacet
  facet normal 0 1 0
    outer loop
      vertex -14.705032348632812 -5.299999237060547 19.325000762939453
      vertex -3.5 -5.299999237060547 17
      vertex -14.598283767700195 -5.299999237060547 19.119937896728516
    endloop
  endfacet
  facet normal 0 1 0
    outer loop
      vertex -14.598283767700195 -5.299999237060547 19.119937896728516
      vertex -3.5 -5.299999237060547 17
      vertex -14.509814262390137 -5.299999237060547 18.906352996826172
    endloop
  endfacet
  facet normal 0 1 0
    outer loop
      vertex -14.509814262390137 -5.299999237060547 18.906352996826172
      vertex -3.5 -5.299999237060547 17
      vertex -14.440296173095703 -5.299999237060547 18.685871124267578
    endloop
  endfacet
  facet normal 0 1 0
    outer loop
      vertex -14.440296173095703 -5.299999237060547 18.685871124267578
      vertex -3.5 -5.299999237060547 17
      vertex -14.3902587890625 -5.299999237060547 18.460166931152344
    endloop
  endfacet
  facet normal 0 1 0
    outer loop
      vertex -14.3902587890625 -5.299999237060547 18.460166931152344
      vertex -3.5 -5.299999237060547 17
      vertex -14.36008358001709 -5.299999237060547 18.230960845947266
    endloop
  endfacet
  facet normal 0 1 0
    outer loop
      vertex -14.36008358001709 -5.299999237060547 18.230960845947266
      vertex -3.5 -5.299999237060547 17
      vertex -14.34999942779541 -5.299999237060547 18
    endloop
  endfacet
  facet normal 0 1 0
    outer loop
      vertex -14.34999942779541 -5.299999237060547 18
      vertex -3.5 -5.299999237060547 17
      vertex -14.36008358001709 -5.299999237060547 17.7690372467041
    endloop
  endfacet
  facet normal 0 1 0
    outer loop
      vertex -14.36008358001709 -5.299999237060547 17.7690372467041
      vertex -3.5 -5.299999237060547 17
      vertex -14.3902587890625 -5.299999237060547 17.539833068847656
    endloop
  endfacet
  facet normal 0 1 0
    outer loop
      vertex -14.3902587890625 -5.299999237060547 17.539833068847656
      vertex -3.5 -5.299999237060547 17
      vertex -14.440296173095703 -5.299999237060547 17.314128875732422
    endloop
  endfacet
  facet normal 0 1 0
    outer loop
      vertex -14.440296173095703 -5.299999237060547 17.314128875732422
      vertex -3.5 -5.299999237060547 17
      vertex -14.509814262390137 -5.299999237060547 17.093647003173828
    endloop
  endfacet
  facet normal 0 1 0
    outer loop
      vertex -3.5 -5.299999237060547 17
      vertex -14.598283767700195 -5.299999237060547 16.880062103271484
      vertex -14.509814262390137 -5.299999237060547 17.093647003173828
    endloop
  endfacet
  facet normal 0 1 0
    outer loop
      vertex -3.5 -5.299999237060547 17
      vertex -14.705032348632812 -5.299999237060547 16.674999237060547
      vertex -14.598283767700195 -5.299999237060547 16.880062103271484
    endloop
  endfacet
  facet normal 0 1 0
    outer loop
      vertex -3.5 -5.299999237060547 17
      vertex -14.829246520996094 -5.299999237060547 16.480022430419922
      vertex -14.705032348632812 -5.299999237060547 16.674999237060547
    endloop
  endfacet
  facet normal 0 1 0
    outer loop
      vertex -3.5 -5.299999237060547 17
      vertex -14.969982147216797 -5.299999237060547 16.296613693237305
      vertex -14.829246520996094 -5.299999237060547 16.480022430419922
    endloop
  endfacet
  facet normal 0 1 0
    outer loop
      vertex -3.5 -5.299999237060547 17
      vertex -15.126166343688965 -5.299999237060547 16.12616729736328
      vertex -14.969982147216797 -5.299999237060547 16.296613693237305
    endloop
  endfacet
  facet normal 0 1 0
    outer loop
      vertex -3.5 -5.299999237060547 17
      vertex -15.296612739562988 -5.299999237060547 15.969983100891113
      vertex -15.126166343688965 -5.299999237060547 16.12616729736328
    endloop
  endfacet
  facet normal 0 1 0
    outer loop
      vertex -3.5 -5.299999237060547 0
      vertex -15.296612739562988 -5.299999237060547 15.969983100891113
      vertex -3.5 -5.299999237060547 17
    endloop
  endfacet
  facet normal 0 1 0
    outer loop
      vertex -15.296612739562988 -5.299999237060547 15.969983100891113
      vertex -3.5 -5.299999237060547 0
      vertex -15.480022430419922 -5.299999237060547 15.82924747467041
    endloop
  endfacet
  facet normal 0 1 0
    outer loop
      vertex -15.480022430419922 -5.299999237060547 15.82924747467041
      vertex -3.5 -5.299999237060547 0
      vertex -15.674999237060547 -5.299999237060547 15.705033302307129
    endloop
  endfacet
  facet normal 0 1 0
    outer loop
      vertex -15.674999237060547 -5.299999237060547 15.705033302307129
      vertex -3.5 -5.299999237060547 0
      vertex -15.880061149597168 -5.299999237060547 15.598284721374512
    endloop
  endfacet
  facet normal 0 1 0
    outer loop
      vertex -15.880061149597168 -5.299999237060547 15.598284721374512
      vertex -3.5 -5.299999237060547 0
      vertex -16.093647003173828 -5.299999237060547 15.509815216064453
    endloop
  endfacet
  facet normal 0 1 0
    outer loop
      vertex -16.093647003173828 -5.299999237060547 15.509815216064453
      vertex -3.5 -5.299999237060547 0
      vertex -16.314128875732422 -5.299999237060547 15.44029712677002
    endloop
  endfacet
  facet normal 0 1 0
    outer loop
      vertex -16.314128875732422 -5.299999237060547 15.44029712677002
      vertex -3.5 -5.299999237060547 0
      vertex -16.539833068847656 -5.299999237060547 15.390259742736816
    endloop
  endfacet
  facet normal 0 1 0
    outer loop
      vertex -16.7690372467041 -5.299999237060547 15.360084533691406
      vertex -3.5 -5.299999237060547 0
      vertex -17 -5.299999237060547 15.350000381469727
    endloop
  endfacet
  facet normal 0 1 0
    outer loop
      vertex -16.539833068847656 -5.299999237060547 15.390259742736816
      vertex -3.5 -5.299999237060547 0
      vertex -16.7690372467041 -5.299999237060547 15.360084533691406
    endloop
  endfacet
  facet normal 0 1 0
    outer loop
      vertex -17.460166931152344 -5.299999237060547 20.6097412109375
      vertex -26 -5.299999237060547 31
      vertex -17.230960845947266 -5.299999237060547 20.639915466308594
    endloop
  endfacet
  facet normal 0 1 0
    outer loop
      vertex -17.685871124267578 -5.299999237060547 20.559703826904297
      vertex -26 -5.299999237060547 31
      vertex -17.460166931152344 -5.299999237060547 20.6097412109375
    endloop
  endfacet
  facet normal 0 1 0
    outer loop
      vertex -17.906352996826172 -5.299999237060547 20.490184783935547
      vertex -26 -5.299999237060547 31
      vertex -17.685871124267578 -5.299999237060547 20.559703826904297
    endloop
  endfacet
  facet normal 0 1 0
    outer loop
      vertex -18.119937896728516 -5.299999237060547 20.401714324951172
      vertex -26 -5.299999237060547 31
      vertex -17.906352996826172 -5.299999237060547 20.490184783935547
    endloop
  endfacet
  facet normal 0 1 0
    outer loop
      vertex -18.325000762939453 -5.299999237060547 20.294967651367188
      vertex -26 -5.299999237060547 31
      vertex -18.119937896728516 -5.299999237060547 20.401714324951172
    endloop
  endfacet
  facet normal 0 1 0
    outer loop
      vertex -18.519977569580078 -5.299999237060547 20.170753479003906
      vertex -26 -5.299999237060547 31
      vertex -18.325000762939453 -5.299999237060547 20.294967651367188
    endloop
  endfacet
  facet normal 0 1 0
    outer loop
      vertex -18.703386306762695 -5.299999237060547 20.030017852783203
      vertex -26 -5.299999237060547 31
      vertex -18.519977569580078 -5.299999237060547 20.170753479003906
    endloop
  endfacet
  facet normal 0 1 0
    outer loop
      vertex -18.87383270263672 -5.299999237060547 19.87383270263672
      vertex -26 -5.299999237060547 31
      vertex -18.703386306762695 -5.299999237060547 20.030017852783203
    endloop
  endfacet
  facet normal 0 1 0
    outer loop
      vertex -26 -5.299999237060547 31
      vertex -18.87383270263672 -5.299999237060547 19.87383270263672
      vertex -30.5 -5.299999237060547 25.375
    endloop
  endfacet
  facet normal 0 1 0
    outer loop
      vertex -19.030017852783203 -5.299999237060547 19.703386306762695
      vertex -30.5 -5.299999237060547 25.375
      vertex -18.87383270263672 -5.299999237060547 19.87383270263672
    endloop
  endfacet
  facet normal 0 1 0
    outer loop
      vertex -19.170753479003906 -5.299999237060547 19.519977569580078
      vertex -30.5 -5.299999237060547 25.375
      vertex -19.030017852783203 -5.299999237060547 19.703386306762695
    endloop
  endfacet
  facet normal 0 1 0
    outer loop
      vertex -19.294967651367188 -5.299999237060547 19.325000762939453
      vertex -30.5 -5.299999237060547 25.375
      vertex -19.170753479003906 -5.299999237060547 19.519977569580078
    endloop
  endfacet
  facet normal 0 1 0
    outer loop
      vertex -19.401714324951172 -5.299999237060547 19.119937896728516
      vertex -30.5 -5.299999237060547 25.375
      vertex -19.294967651367188 -5.299999237060547 19.325000762939453
    endloop
  endfacet
  facet normal 0 1 0
    outer loop
      vertex -19.490184783935547 -5.299999237060547 18.906352996826172
      vertex -30.5 -5.299999237060547 25.375
      vertex -19.401714324951172 -5.299999237060547 19.119937896728516
    endloop
  endfacet
  facet normal 0 1 0
    outer loop
      vertex -30.5 -5.299999237060547 17
      vertex -19.490184783935547 -5.299999237060547 18.906352996826172
      vertex -19.559703826904297 -5.299999237060547 18.685871124267578
    endloop
  endfacet
  facet normal 0 1 0
    outer loop
      vertex -30.5 -5.299999237060547 17
      vertex -19.559703826904297 -5.299999237060547 18.685871124267578
      vertex -19.6097412109375 -5.299999237060547 18.460166931152344
    endloop
  endfacet
  facet normal 0 1 0
    outer loop
      vertex -30.5 -5.299999237060547 17
      vertex -19.6097412109375 -5.299999237060547 18.460166931152344
      vertex -19.639915466308594 -5.299999237060547 18.230960845947266
    endloop
  endfacet
  facet normal 0 1 0
    outer loop
      vertex -30.5 -5.299999237060547 17
      vertex -19.639915466308594 -5.299999237060547 18.230960845947266
      vertex -19.649999618530273 -5.299999237060547 18
    endloop
  endfacet
  facet normal 0 1 0
    outer loop
      vertex -30.5 -5.299999237060547 17
      vertex -19.649999618530273 -5.299999237060547 18
      vertex -19.639915466308594 -5.299999237060547 17.7690372467041
    endloop
  endfacet
  facet normal 0 1 0
    outer loop
      vertex -30.5 -5.299999237060547 17
      vertex -19.639915466308594 -5.299999237060547 17.7690372467041
      vertex -19.6097412109375 -5.299999237060547 17.539833068847656
    endloop
  endfacet
  facet normal 0 1 0
    outer loop
      vertex -30.5 -5.299999237060547 17
      vertex -19.6097412109375 -5.299999237060547 17.539833068847656
      vertex -19.559703826904297 -5.299999237060547 17.314128875732422
    endloop
  endfacet
  facet normal 0 1 0
    outer loop
      vertex -30.5 -5.299999237060547 17
      vertex -19.559703826904297 -5.299999237060547 17.314128875732422
      vertex -19.490184783935547 -5.299999237060547 17.093647003173828
    endloop
  endfacet
  facet normal 0 1 0
    outer loop
      vertex -19.490184783935547 -5.299999237060547 18.906352996826172
      vertex -30.5 -5.299999237060547 17
      vertex -30.5 -5.299999237060547 25.375
    endloop
  endfacet
  facet normal 0 1 0
    outer loop
      vertex -19.401714324951172 -5.299999237060547 16.880062103271484
      vertex -30.5 -5.299999237060547 17
      vertex -19.490184783935547 -5.299999237060547 17.093647003173828
    endloop
  endfacet
  facet normal 0 1 0
    outer loop
      vertex -19.294967651367188 -5.299999237060547 16.674999237060547
      vertex -30.5 -5.299999237060547 17
      vertex -19.401714324951172 -5.299999237060547 16.880062103271484
    endloop
  endfacet
  facet normal 0 1 0
    outer loop
      vertex -19.170753479003906 -5.299999237060547 16.480022430419922
      vertex -30.5 -5.299999237060547 17
      vertex -19.294967651367188 -5.299999237060547 16.674999237060547
    endloop
  endfacet
  facet normal 0 1 0
    outer loop
      vertex -19.030017852783203 -5.299999237060547 16.296613693237305
      vertex -30.5 -5.299999237060547 17
      vertex -19.170753479003906 -5.299999237060547 16.480022430419922
    endloop
  endfacet
  facet normal 0 1 0
    outer loop
      vertex -18.87383270263672 -5.299999237060547 16.12616729736328
      vertex -30.5 -5.299999237060547 17
      vertex -19.030017852783203 -5.299999237060547 16.296613693237305
    endloop
  endfacet
  facet normal 0 1 0
    outer loop
      vertex -18.703386306762695 -5.299999237060547 15.969983100891113
      vertex -30.5 -5.299999237060547 17
      vertex -18.87383270263672 -5.299999237060547 16.12616729736328
    endloop
  endfacet
  facet normal 0 1 0
    outer loop
      vertex -30.5 -5.299999237060547 0
      vertex -18.703386306762695 -5.299999237060547 15.969983100891113
      vertex -18.519977569580078 -5.299999237060547 15.82924747467041
    endloop
  endfacet
  facet normal 0 1 0
    outer loop
      vertex -30.5 -5.299999237060547 0
      vertex -18.519977569580078 -5.299999237060547 15.82924747467041
      vertex -18.325000762939453 -5.299999237060547 15.705033302307129
    endloop
  endfacet
  facet normal 0 1 0
    outer loop
      vertex -30.5 -5.299999237060547 0
      vertex -18.325000762939453 -5.299999237060547 15.705033302307129
      vertex -18.119937896728516 -5.299999237060547 15.598284721374512
    endloop
  endfacet
  facet normal 0 1 0
    outer loop
      vertex -30.5 -5.299999237060547 0
      vertex -18.119937896728516 -5.299999237060547 15.598284721374512
      vertex -17.906352996826172 -5.299999237060547 15.509815216064453
    endloop
  endfacet
  facet normal 0 1 0
    outer loop
      vertex -30.5 -5.299999237060547 0
      vertex -17.906352996826172 -5.299999237060547 15.509815216064453
      vertex -17.685871124267578 -5.299999237060547 15.44029712677002
    endloop
  endfacet
  facet normal 0 1 0
    outer loop
      vertex -30.5 -5.299999237060547 0
      vertex -17.685871124267578 -5.299999237060547 15.44029712677002
      vertex -17.460166931152344 -5.299999237060547 15.390259742736816
    endloop
  endfacet
  facet normal 0 1 0
    outer loop
      vertex -30.5 -5.299999237060547 0
      vertex -17.460166931152344 -5.299999237060547 15.390259742736816
      vertex -17.230960845947266 -5.299999237060547 15.360084533691406
    endloop
  endfacet
  facet normal 0 1 0
    outer loop
      vertex -30.5 -5.299999237060547 0
      vertex -17 -5.299999237060547 15.350000381469727
      vertex -3.5 -5.299999237060547 0
    endloop
  endfacet
  facet normal 0 1 0
    outer loop
      vertex -17 -5.299999237060547 15.350000381469727
      vertex -30.5 -5.299999237060547 0
      vertex -17.230960845947266 -5.299999237060547 15.360084533691406
    endloop
  endfacet
  facet normal 0 1 0
    outer loop
      vertex -18.703386306762695 -5.299999237060547 15.969983100891113
      vertex -30.5 -5.299999237060547 0
      vertex -30.5 -5.299999237060547 17
    endloop
  endfacet
  facet normal -0.7808688094430304 0 0.6246950475544243
    outer loop
      vertex -30.5 5.299999237060547 25.375
      vertex -34 25 21
      vertex -34 5.299999237060547 21
    endloop
  endfacet
  facet normal -0.7808688094430303 0 0.6246950475544242
    outer loop
      vertex -34 25 21
      vertex -30.5 5.299999237060547 25.375
      vertex -26 25 31
    endloop
  endfacet
  facet normal -0.7808688094430304 0 0.6246950475544243
    outer loop
      vertex -26 25 31
      vertex -30.5 5.299999237060547 25.375
      vertex -26 5.299999237060547 31
    endloop
  endfacet
  facet normal 0 0 1
    outer loop
      vertex 0 25 31
      vertex -3.5 22 31
      vertex 0 5.299999237060547 31
    endloop
  endfacet
  facet normal 0 0 1
    outer loop
      vertex -26 25 31
      vertex -3.5 22 31
      vertex 0 25 31
    endloop
  endfacet
  facet normal 0 0 1
    outer loop
      vertex -24 22 31
      vertex -26 25 31
      vertex -24 8.299999237060547 31
    endloop
  endfacet
  facet normal 0 0 1
    outer loop
      vertex -3.5 22 31
      vertex -26 25 31
      vertex -24 22 31
    endloop
  endfacet
  facet normal 0 0 1
    outer loop
      vertex -3.5 8.299999237060547 31
      vertex 0 5.299999237060547 31
      vertex -3.5 22 31
    endloop
  endfacet
  facet normal 0 0 1
    outer loop
      vertex -3.5 8.299999237060547 31
      vertex -3.5 5.299999237060547 31
      vertex 0 5.299999237060547 31
    endloop
  endfacet
  facet normal 0 0 1
    outer loop
      vertex -24 8.299999237060547 31
      vertex -3.5 5.299999237060547 31
      vertex -3.5 8.299999237060547 31
    endloop
  endfacet
  facet normal 0 0 1
    outer loop
      vertex -24 8.299999237060547 31
      vertex -26 5.299999237060547 31
      vertex -3.5 5.299999237060547 31
    endloop
  endfacet
  facet normal 0 0 1
    outer loop
      vertex -26 5.299999237060547 31
      vertex -24 8.299999237060547 31
      vertex -26 25 31
    endloop
  endfacet
  facet normal 1 0 0
    outer loop
      vertex 0 5.299999237060547 31
      vertex 0 25 17
      vertex 0 25 31
    endloop
  endfacet
  facet normal 1 0 0
    outer loop
      vertex 0 25 17
      vertex 0 5.299999237060547 31
      vertex 0 5.299999237060547 17
    endloop
  endfacet
  facet normal 0 -1 0
    outer loop
      vertex -3.5 5.299999237060547 17
      vertex 0 5.299999237060547 31
      vertex -3.5 5.299999237060547 31
    endloop
  endfacet
  facet normal 0 -1 0
    outer loop
      vertex 0 5.299999237060547 31
      vertex -3.5 5.299999237060547 17
      vertex 0 5.299999237060547 17
    endloop
  endfacet
  facet normal 0 -1 0
    outer loop
      vertex -30.5 5.299999237060547 17
      vertex -34 5.299999237060547 21
      vertex -34 5.299999237060547 17
    endloop
  endfacet
  facet normal 0 -1 0
    outer loop
      vertex -34 5.299999237060547 21
      vertex -30.5 5.299999237060547 17
      vertex -30.5 5.299999237060547 25.375
    endloop
  endfacet
  facet normal 0 -1 0
    outer loop
      vertex -26 5.299999237060547 31
      vertex -17.230960845947266 5.299999237060547 20.639915466308594
      vertex -17 5.299999237060547 20.649999618530273
    endloop
  endfacet
  facet normal 0 -1 0
    outer loop
      vertex -26 5.299999237060547 31
      vertex -17.460166931152344 5.299999237060547 20.6097412109375
      vertex -17.230960845947266 5.299999237060547 20.639915466308594
    endloop
  endfacet
  facet normal 0 -1 0
    outer loop
      vertex -26 5.299999237060547 31
      vertex -17.685871124267578 5.299999237060547 20.559703826904297
      vertex -17.460166931152344 5.299999237060547 20.6097412109375
    endloop
  endfacet
  facet normal 0 -1 0
    outer loop
      vertex -26 5.299999237060547 31
      vertex -17.906352996826172 5.299999237060547 20.490184783935547
      vertex -17.685871124267578 5.299999237060547 20.559703826904297
    endloop
  endfacet
  facet normal 0 -1 0
    outer loop
      vertex -26 5.299999237060547 31
      vertex -18.119937896728516 5.299999237060547 20.401714324951172
      vertex -17.906352996826172 5.299999237060547 20.490184783935547
    endloop
  endfacet
  facet normal 0 -1 0
    outer loop
      vertex -26 5.299999237060547 31
      vertex -18.325000762939453 5.299999237060547 20.294967651367188
      vertex -18.119937896728516 5.299999237060547 20.401714324951172
    endloop
  endfacet
  facet normal 0 -1 0
    outer loop
      vertex -26 5.299999237060547 31
      vertex -18.519977569580078 5.299999237060547 20.170753479003906
      vertex -18.325000762939453 5.299999237060547 20.294967651367188
    endloop
  endfacet
  facet normal 0 -1 0
    outer loop
      vertex -26 5.299999237060547 31
      vertex -18.703386306762695 5.299999237060547 20.030017852783203
      vertex -18.519977569580078 5.299999237060547 20.170753479003906
    endloop
  endfacet
  facet normal 0 -1 0
    outer loop
      vertex -26 5.299999237060547 31
      vertex -18.87383270263672 5.299999237060547 19.87383270263672
      vertex -18.703386306762695 5.299999237060547 20.030017852783203
    endloop
  endfacet
  facet normal 0 -1 0
    outer loop
      vertex -30.5 5.299999237060547 25.375
      vertex -19.030017852783203 5.299999237060547 19.703386306762695
      vertex -18.87383270263672 5.299999237060547 19.87383270263672
    endloop
  endfacet
  facet normal 0 -1 0
    outer loop
      vertex -30.5 5.299999237060547 25.375
      vertex -19.170753479003906 5.299999237060547 19.519977569580078
      vertex -19.030017852783203 5.299999237060547 19.703386306762695
    endloop
  endfacet
  facet normal 0 -1 0
    outer loop
      vertex -30.5 5.299999237060547 25.375
      vertex -19.294967651367188 5.299999237060547 19.325000762939453
      vertex -19.170753479003906 5.299999237060547 19.519977569580078
    endloop
  endfacet
  facet normal 0 -1 0
    outer loop
      vertex -30.5 5.299999237060547 25.375
      vertex -19.401714324951172 5.299999237060547 19.119937896728516
      vertex -19.294967651367188 5.299999237060547 19.325000762939453
    endloop
  endfacet
  facet normal 0 -1 0
    outer loop
      vertex -30.5 5.299999237060547 25.375
      vertex -19.490184783935547 5.299999237060547 18.906352996826172
      vertex -19.401714324951172 5.299999237060547 19.119937896728516
    endloop
  endfacet
  facet normal 0 -1 0
    outer loop
      vertex -30.5 5.299999237060547 17
      vertex -19.490184783935547 5.299999237060547 18.906352996826172
      vertex -30.5 5.299999237060547 25.375
    endloop
  endfacet
  facet normal 0 -1 0
    outer loop
      vertex -19.490184783935547 5.299999237060547 18.906352996826172
      vertex -30.5 5.299999237060547 17
      vertex -19.559703826904297 5.299999237060547 18.685871124267578
    endloop
  endfacet
  facet normal 0 -1 0
    outer loop
      vertex -19.559703826904297 5.299999237060547 18.685871124267578
      vertex -30.5 5.299999237060547 17
      vertex -19.6097412109375 5.299999237060547 18.460166931152344
    endloop
  endfacet
  facet normal 0 -1 0
    outer loop
      vertex -19.6097412109375 5.299999237060547 18.460166931152344
      vertex -30.5 5.299999237060547 17
      vertex -19.639915466308594 5.299999237060547 18.230960845947266
    endloop
  endfacet
  facet normal 0 -1 0
    outer loop
      vertex -19.639915466308594 5.299999237060547 18.230960845947266
      vertex -30.5 5.299999237060547 17
      vertex -19.649999618530273 5.299999237060547 18
    endloop
  endfacet
  facet normal 0 -1 0
    outer loop
      vertex -19.649999618530273 5.299999237060547 18
      vertex -30.5 5.299999237060547 17
      vertex -19.639915466308594 5.299999237060547 17.7690372467041
    endloop
  endfacet
  facet normal 0 -1 0
    outer loop
      vertex -19.639915466308594 5.299999237060547 17.7690372467041
      vertex -30.5 5.299999237060547 17
      vertex -19.6097412109375 5.299999237060547 17.539833068847656
    endloop
  endfacet
  facet normal 0 -1 0
    outer loop
      vertex -19.6097412109375 5.299999237060547 17.539833068847656
      vertex -30.5 5.299999237060547 17
      vertex -19.559703826904297 5.299999237060547 17.314128875732422
    endloop
  endfacet
  facet normal 0 -1 0
    outer loop
      vertex -19.559703826904297 5.299999237060547 17.314128875732422
      vertex -30.5 5.299999237060547 17
      vertex -19.490184783935547 5.299999237060547 17.093647003173828
    endloop
  endfacet
  facet normal 0 -1 0
    outer loop
      vertex -30.5 5.299999237060547 17
      vertex -19.401714324951172 5.299999237060547 16.880062103271484
      vertex -19.490184783935547 5.299999237060547 17.093647003173828
    endloop
  endfacet
  facet normal 0 -1 0
    outer loop
      vertex -30.5 5.299999237060547 17
      vertex -19.294967651367188 5.299999237060547 16.674999237060547
      vertex -19.401714324951172 5.299999237060547 16.880062103271484
    endloop
  endfacet
  facet normal 0 -1 0
    outer loop
      vertex -30.5 5.299999237060547 17
      vertex -19.170753479003906 5.299999237060547 16.480022430419922
      vertex -19.294967651367188 5.299999237060547 16.674999237060547
    endloop
  endfacet
  facet normal 0 -1 0
    outer loop
      vertex -30.5 5.299999237060547 17
      vertex -19.030017852783203 5.299999237060547 16.296613693237305
      vertex -19.170753479003906 5.299999237060547 16.480022430419922
    endloop
  endfacet
  facet normal 0 -1 0
    outer loop
      vertex -30.5 5.299999237060547 17
      vertex -18.87383270263672 5.299999237060547 16.12616729736328
      vertex -19.030017852783203 5.299999237060547 16.296613693237305
    endloop
  endfacet
  facet normal 0 -1 0
    outer loop
      vertex -30.5 5.299999237060547 17
      vertex -18.703386306762695 5.299999237060547 15.969983100891113
      vertex -18.87383270263672 5.299999237060547 16.12616729736328
    endloop
  endfacet
  facet normal 0 -1 0
    outer loop
      vertex -30.5 5.299999237060547 0
      vertex -18.703386306762695 5.299999237060547 15.969983100891113
      vertex -30.5 5.299999237060547 17
    endloop
  endfacet
  facet normal 0 -1 0
    outer loop
      vertex -18.703386306762695 5.299999237060547 15.969983100891113
      vertex -30.5 5.299999237060547 0
      vertex -18.519977569580078 5.299999237060547 15.82924747467041
    endloop
  endfacet
  facet normal 0 -1 0
    outer loop
      vertex -18.519977569580078 5.299999237060547 15.82924747467041
      vertex -30.5 5.299999237060547 0
      vertex -18.325000762939453 5.299999237060547 15.705033302307129
    endloop
  endfacet
  facet normal 0 -1 0
    outer loop
      vertex -18.325000762939453 5.299999237060547 15.705033302307129
      vertex -30.5 5.299999237060547 0
      vertex -18.119937896728516 5.299999237060547 15.598284721374512
    endloop
  endfacet
  facet normal 0 -1 0
    outer loop
      vertex -18.119937896728516 5.299999237060547 15.598284721374512
      vertex -30.5 5.299999237060547 0
      vertex -17.906352996826172 5.299999237060547 15.509815216064453
    endloop
  endfacet
  facet normal 0 -1 0
    outer loop
      vertex -17.906352996826172 5.299999237060547 15.509815216064453
      vertex -30.5 5.299999237060547 0
      vertex -17.685871124267578 5.299999237060547 15.44029712677002
    endloop
  endfacet
  facet normal 0 -1 0
    outer loop
      vertex -17.685871124267578 5.299999237060547 15.44029712677002
      vertex -30.5 5.299999237060547 0
      vertex -17.460166931152344 5.299999237060547 15.390259742736816
    endloop
  endfacet
  facet normal 0 -1 0
    outer loop
      vertex -17.230960845947266 5.299999237060547 15.360084533691406
      vertex -30.5 5.299999237060547 0
      vertex -17 5.299999237060547 15.350000381469727
    endloop
  endfacet
  facet normal 0 -1 0
    outer loop
      vertex -17.460166931152344 5.299999237060547 15.390259742736816
      vertex -30.5 5.299999237060547 0
      vertex -17.230960845947266 5.299999237060547 15.360084533691406
    endloop
  endfacet
  facet normal 0 -1 0
    outer loop
      vertex -18.87383270263672 5.299999237060547 19.87383270263672
      vertex -26 5.299999237060547 31
      vertex -30.5 5.299999237060547 25.375
    endloop
  endfacet
  facet normal 0 -1 0
    outer loop
      vertex -16.7690372467041 5.299999237060547 20.639915466308594
      vertex -26 5.299999237060547 31
      vertex -17 5.299999237060547 20.649999618530273
    endloop
  endfacet
  facet normal 0 -1 0
    outer loop
      vertex -16.539833068847656 5.299999237060547 20.6097412109375
      vertex -26 5.299999237060547 31
      vertex -16.7690372467041 5.299999237060547 20.639915466308594
    endloop
  endfacet
  facet normal 0 -1 0
    outer loop
      vertex -26 5.299999237060547 31
      vertex -16.539833068847656 5.299999237060547 20.6097412109375
      vertex -3.5 5.299999237060547 31
    endloop
  endfacet
  facet normal 0 -1 0
    outer loop
      vertex -16.314128875732422 5.299999237060547 20.559703826904297
      vertex -3.5 5.299999237060547 31
      vertex -16.539833068847656 5.299999237060547 20.6097412109375
    endloop
  endfacet
  facet normal 0 -1 0
    outer loop
      vertex -16.093647003173828 5.299999237060547 20.490184783935547
      vertex -3.5 5.299999237060547 31
      vertex -16.314128875732422 5.299999237060547 20.559703826904297
    endloop
  endfacet
  facet normal 0 -1 0
    outer loop
      vertex -15.880061149597168 5.299999237060547 20.401714324951172
      vertex -3.5 5.299999237060547 31
      vertex -16.093647003173828 5.299999237060547 20.490184783935547
    endloop
  endfacet
  facet normal 0 -1 0
    outer loop
      vertex -15.674999237060547 5.299999237060547 20.294967651367188
      vertex -3.5 5.299999237060547 31
      vertex -15.880061149597168 5.299999237060547 20.401714324951172
    endloop
  endfacet
  facet normal 0 -1 0
    outer loop
      vertex -15.480022430419922 5.299999237060547 20.170753479003906
      vertex -3.5 5.299999237060547 31
      vertex -15.674999237060547 5.299999237060547 20.294967651367188
    endloop
  endfacet
  facet normal 0 -1 0
    outer loop
      vertex -15.296612739562988 5.299999237060547 20.030017852783203
      vertex -3.5 5.299999237060547 31
      vertex -15.480022430419922 5.299999237060547 20.170753479003906
    endloop
  endfacet
  facet normal 0 -1 0
    outer loop
      vertex -15.126166343688965 5.299999237060547 19.87383270263672
      vertex -3.5 5.299999237060547 31
      vertex -15.296612739562988 5.299999237060547 20.030017852783203
    endloop
  endfacet
  facet normal 0 -1 0
    outer loop
      vertex -14.969982147216797 5.299999237060547 19.703386306762695
      vertex -3.5 5.299999237060547 31
      vertex -15.126166343688965 5.299999237060547 19.87383270263672
    endloop
  endfacet
  facet normal 0 -1 0
    outer loop
      vertex -14.829246520996094 5.299999237060547 19.519977569580078
      vertex -3.5 5.299999237060547 31
      vertex -14.969982147216797 5.299999237060547 19.703386306762695
    endloop
  endfacet
  facet normal 0 -1 0
    outer loop
      vertex -3.5 5.299999237060547 17
      vertex -14.829246520996094 5.299999237060547 19.519977569580078
      vertex -14.705032348632812 5.299999237060547 19.325000762939453
    endloop
  endfacet
  facet normal 0 -1 0
    outer loop
      vertex -3.5 5.299999237060547 17
      vertex -14.705032348632812 5.299999237060547 19.325000762939453
      vertex -14.598283767700195 5.299999237060547 19.119937896728516
    endloop
  endfacet
  facet normal 0 -1 0
    outer loop
      vertex -3.5 5.299999237060547 17
      vertex -14.598283767700195 5.299999237060547 19.119937896728516
      vertex -14.509814262390137 5.299999237060547 18.906352996826172
    endloop
  endfacet
  facet normal 0 -1 0
    outer loop
      vertex -3.5 5.299999237060547 17
      vertex -14.509814262390137 5.299999237060547 18.906352996826172
      vertex -14.440296173095703 5.299999237060547 18.685871124267578
    endloop
  endfacet
  facet normal 0 -1 0
    outer loop
      vertex -3.5 5.299999237060547 17
      vertex -14.440296173095703 5.299999237060547 18.685871124267578
      vertex -14.3902587890625 5.299999237060547 18.460166931152344
    endloop
  endfacet
  facet normal 0 -1 0
    outer loop
      vertex -3.5 5.299999237060547 17
      vertex -14.3902587890625 5.299999237060547 18.460166931152344
      vertex -14.36008358001709 5.299999237060547 18.230960845947266
    endloop
  endfacet
  facet normal 0 -1 0
    outer loop
      vertex -3.5 5.299999237060547 17
      vertex -14.36008358001709 5.299999237060547 18.230960845947266
      vertex -14.34999942779541 5.299999237060547 18
    endloop
  endfacet
  facet normal 0 -1 0
    outer loop
      vertex -3.5 5.299999237060547 17
      vertex -14.34999942779541 5.299999237060547 18
      vertex -14.36008358001709 5.299999237060547 17.7690372467041
    endloop
  endfacet
  facet normal 0 -1 0
    outer loop
      vertex -3.5 5.299999237060547 17
      vertex -14.36008358001709 5.299999237060547 17.7690372467041
      vertex -14.3902587890625 5.299999237060547 17.539833068847656
    endloop
  endfacet
  facet normal 0 -1 0
    outer loop
      vertex -3.5 5.299999237060547 17
      vertex -14.3902587890625 5.299999237060547 17.539833068847656
      vertex -14.440296173095703 5.299999237060547 17.314128875732422
    endloop
  endfacet
  facet normal 0 -1 0
    outer loop
      vertex -3.5 5.299999237060547 17
      vertex -14.440296173095703 5.299999237060547 17.314128875732422
      vertex -14.509814262390137 5.299999237060547 17.093647003173828
    endloop
  endfacet
  facet normal 0 -1 0
    outer loop
      vertex -14.829246520996094 5.299999237060547 19.519977569580078
      vertex -3.5 5.299999237060547 17
      vertex -3.5 5.299999237060547 31
    endloop
  endfacet
  facet normal 0 -1 0
    outer loop
      vertex -14.598283767700195 5.299999237060547 16.880062103271484
      vertex -3.5 5.299999237060547 17
      vertex -14.509814262390137 5.299999237060547 17.093647003173828
    endloop
  endfacet
  facet normal 0 -1 0
    outer loop
      vertex -14.705032348632812 5.299999237060547 16.674999237060547
      vertex -3.5 5.299999237060547 17
      vertex -14.598283767700195 5.299999237060547 16.880062103271484
    endloop
  endfacet
  facet normal 0 -1 0
    outer loop
      vertex -14.829246520996094 5.299999237060547 16.480022430419922
      vertex -3.5 5.299999237060547 17
      vertex -14.705032348632812 5.299999237060547 16.674999237060547
    endloop
  endfacet
  facet normal 0 -1 0
    outer loop
      vertex -14.969982147216797 5.299999237060547 16.296613693237305
      vertex -3.5 5.299999237060547 17
      vertex -14.829246520996094 5.299999237060547 16.480022430419922
    endloop
  endfacet
  facet normal 0 -1 0
    outer loop
      vertex -15.126166343688965 5.299999237060547 16.12616729736328
      vertex -3.5 5.299999237060547 17
      vertex -14.969982147216797 5.299999237060547 16.296613693237305
    endloop
  endfacet
  facet normal 0 -1 0
    outer loop
      vertex -15.296612739562988 5.299999237060547 15.969983100891113
      vertex -3.5 5.299999237060547 17
      vertex -15.126166343688965 5.299999237060547 16.12616729736328
    endloop
  endfacet
  facet normal 0 -1 0
    outer loop
      vertex -3.5 5.299999237060547 0
      vertex -15.296612739562988 5.299999237060547 15.969983100891113
      vertex -15.480022430419922 5.299999237060547 15.82924747467041
    endloop
  endfacet
  facet normal 0 -1 0
    outer loop
      vertex -3.5 5.299999237060547 0
      vertex -15.480022430419922 5.299999237060547 15.82924747467041
      vertex -15.674999237060547 5.299999237060547 15.705033302307129
    endloop
  endfacet
  facet normal 0 -1 0
    outer loop
      vertex -3.5 5.299999237060547 0
      vertex -15.674999237060547 5.299999237060547 15.705033302307129
      vertex -15.880061149597168 5.299999237060547 15.598284721374512
    endloop
  endfacet
  facet normal 0 -1 0
    outer loop
      vertex -3.5 5.299999237060547 0
      vertex -15.880061149597168 5.299999237060547 15.598284721374512
      vertex -16.093647003173828 5.299999237060547 15.509815216064453
    endloop
  endfacet
  facet normal 0 -1 0
    outer loop
      vertex -3.5 5.299999237060547 0
      vertex -16.093647003173828 5.299999237060547 15.509815216064453
      vertex -16.314128875732422 5.299999237060547 15.44029712677002
    endloop
  endfacet
  facet normal 0 -1 0
    outer loop
      vertex -3.5 5.299999237060547 0
      vertex -16.314128875732422 5.299999237060547 15.44029712677002
      vertex -16.539833068847656 5.299999237060547 15.390259742736816
    endloop
  endfacet
  facet normal 0 -1 0
    outer loop
      vertex -3.5 5.299999237060547 0
      vertex -16.539833068847656 5.299999237060547 15.390259742736816
      vertex -16.7690372467041 5.299999237060547 15.360084533691406
    endloop
  endfacet
  facet normal 0 -1 0
    outer loop
      vertex -3.5 5.299999237060547 0
      vertex -17 5.299999237060547 15.350000381469727
      vertex -30.5 5.299999237060547 0
    endloop
  endfacet
  facet normal 0 -1 0
    outer loop
      vertex -17 5.299999237060547 15.350000381469727
      vertex -3.5 5.299999237060547 0
      vertex -16.7690372467041 5.299999237060547 15.360084533691406
    endloop
  endfacet
  facet normal 0 -1 0
    outer loop
      vertex -15.296612739562988 5.299999237060547 15.969983100891113
      vertex -3.5 5.299999237060547 0
      vertex -3.5 5.299999237060547 17
    endloop
  endfacet
  facet normal 0 1 0
    outer loop
      vertex -21.346664428710938 25 16.835315704345703
      vertex -29 25 17
      vertex -21.43163299560547 25 17.218582153320312
    endloop
  endfacet
  facet normal 0 1 0
    outer loop
      vertex -21.22861671447754 25 16.46091079711914
      vertex -29 25 17
      vertex -21.346664428710938 25 16.835315704345703
    endloop
  endfacet
  facet normal 0 1 0
    outer loop
      vertex -29 25 12.700000762939453
      vertex -21.22861671447754 25 16.46091079711914
      vertex -21.078384399414062 25 16.098217010498047
    endloop
  endfacet
  facet normal 0 1 0
    outer loop
      vertex -29 25 12.700000762939453
      vertex -21.078384399414062 25 16.098217010498047
      vertex -20.897113800048828 25 15.75
    endloop
  endfacet
  facet normal 0 1 0
    outer loop
      vertex -29 25 12.700000762939453
      vertex -20.897113800048828 25 15.75
      vertex -20.68618392944336 25 15.418906211853027
    endloop
  endfacet
  facet normal 0 1 0
    outer loop
      vertex -29 25 12.700000762939453
      vertex -20.68618392944336 25 15.418906211853027
      vertex -20.447200775146484 25 15.10745620727539
    endloop
  endfacet
  facet normal 0 1 0
    outer loop
      vertex -29 25 12.700000762939453
      vertex -20.447200775146484 25 15.10745620727539
      vertex -20.18198013305664 25 14.81801986694336
    endloop
  endfacet
  facet normal 0 1 0
    outer loop
      vertex -29 25 12.700000762939453
      vertex -20.18198013305664 25 14.81801986694336
      vertex -19.89254379272461 25 14.552800178527832
    endloop
  endfacet
  facet normal 0 1 0
    outer loop
      vertex -29 25 12.700000762939453
      vertex -19.89254379272461 25 14.552800178527832
      vertex -19.581092834472656 25 14.31381607055664
    endloop
  endfacet
  facet normal 0 1 0
    outer loop
      vertex -29 25 12.700000762939453
      vertex -19.581092834472656 25 14.31381607055664
      vertex -19.25 25 14.102886199951172
    endloop
  endfacet
  facet normal 0 1 0
    outer loop
      vertex -29 25 12.700000762939453
      vertex -19.25 25 14.102886199951172
      vertex -18.901782989501953 25 13.921615600585938
    endloop
  endfacet
  facet normal 0 1 0
    outer loop
      vertex -29 25 12.700000762939453
      vertex -18.901782989501953 25 13.921615600585938
      vertex -18.53908920288086 25 13.771383285522461
    endloop
  endfacet
  facet normal 0 1 0
    outer loop
      vertex -29 25 12.700000762939453
      vertex -18.53908920288086 25 13.771383285522461
      vertex -18.164684295654297 25 13.653334617614746
    endloop
  endfacet
  facet normal 0 1 0
    outer loop
      vertex -21.22861671447754 25 16.46091079711914
      vertex -29 25 12.700000762939453
      vertex -29 25 17
    endloop
  endfacet
  facet normal 0 1 0
    outer loop
      vertex -17.781415939331055 25 13.568366050720215
      vertex -29 25 12.700000762939453
      vertex -18.164684295654297 25 13.653334617614746
    endloop
  endfacet
  facet normal 0 1 0
    outer loop
      vertex -17.392200469970703 25 13.51712417602539
      vertex -29 25 12.700000762939453
      vertex -17.781415939331055 25 13.568366050720215
    endloop
  endfacet
  facet normal 0 1 0
    outer loop
      vertex -17 25 13.5
      vertex -29 25 12.700000762939453
      vertex -17.392200469970703 25 13.51712417602539
    endloop
  endfacet
  facet normal 0 1 0
    outer loop
      vertex -16.607799530029297 25 13.51712417602539
      vertex -29 25 12.700000762939453
      vertex -17 25 13.5
    endloop
  endfacet
  facet normal 0 1 0
    outer loop
      vertex 124.9000015258789 25 12.700000762939453
      vertex 0 25 17
      vertex 124.9000015258789 25 17
    endloop
  endfacet
  facet normal 0 1 0
    outer loop
      vertex -15.83531379699707 25 13.653334617614746
      vertex 0 25 17
      vertex 124.9000015258789 25 12.700000762939453
    endloop
  endfacet
  facet normal 0 1 0
    outer loop
      vertex 0 25 17
      vertex -12.771382331848145 25 16.46091079711914
      vertex -12.65333366394043 25 16.835315704345703
    endloop
  endfacet
  facet normal 0 1 0
    outer loop
      vertex 0 25 17
      vertex -12.921614646911621 25 16.098217010498047
      vertex -12.771382331848145 25 16.46091079711914
    endloop
  endfacet
  facet normal 0 1 0
    outer loop
      vertex 0 25 17
      vertex -13.102885246276855 25 15.75
      vertex -12.921614646911621 25 16.098217010498047
    endloop
  endfacet
  facet normal 0 1 0
    outer loop
      vertex 0 25 17
      vertex -13.313815116882324 25 15.418906211853027
      vertex -13.102885246276855 25 15.75
    endloop
  endfacet
  facet normal 0 1 0
    outer loop
      vertex 0 25 17
      vertex -13.552799224853516 25 15.10745620727539
      vertex -13.313815116882324 25 15.418906211853027
    endloop
  endfacet
  facet normal 0 1 0
    outer loop
      vertex 0 25 17
      vertex -13.818018913269043 25 14.81801986694336
      vertex -13.552799224853516 25 15.10745620727539
    endloop
  endfacet
  facet normal 0 1 0
    outer loop
      vertex 0 25 17
      vertex -14.107455253601074 25 14.552800178527832
      vertex -13.818018913269043 25 14.81801986694336
    endloop
  endfacet
  facet normal 0 1 0
    outer loop
      vertex 0 25 17
      vertex -14.418905258178711 25 14.31381607055664
      vertex -14.107455253601074 25 14.552800178527832
    endloop
  endfacet
  facet normal 0 1 0
    outer loop
      vertex 0 25 17
      vertex -14.75 25 14.102886199951172
      vertex -14.418905258178711 25 14.31381607055664
    endloop
  endfacet
  facet normal 0 1 0
    outer loop
      vertex 0 25 17
      vertex -15.098217010498047 25 13.921615600585938
      vertex -14.75 25 14.102886199951172
    endloop
  endfacet
  facet normal 0 1 0
    outer loop
      vertex 0 25 17
      vertex -15.460908889770508 25 13.771383285522461
      vertex -15.098217010498047 25 13.921615600585938
    endloop
  endfacet
  facet normal 0 1 0
    outer loop
      vertex 0 25 17
      vertex -15.83531379699707 25 13.653334617614746
      vertex -15.460908889770508 25 13.771383285522461
    endloop
  endfacet
  facet normal 0 1 0
    outer loop
      vertex -15.83531379699707 25 13.653334617614746
      vertex 124.9000015258789 25 12.700000762939453
      vertex -16.218582153320312 25 13.568366050720215
    endloop
  endfacet
  facet normal 0 1 0
    outer loop
      vertex -16.218582153320312 25 13.568366050720215
      vertex 124.9000015258789 25 12.700000762939453
      vertex -16.607799530029297 25 13.51712417602539
    endloop
  endfacet
  facet normal 0 1 0
    outer loop
      vertex -29 25 12.700000762939453
      vertex -16.607799530029297 25 13.51712417602539
      vertex 124.9000015258789 25 12.700000762939453
    endloop
  endfacet
  facet normal 0 1 0
    outer loop
      vertex -16.218582153320312 25 22.43163299560547
      vertex -26 25 31
      vertex 0 25 31
    endloop
  endfacet
  facet normal 0 1 0
    outer loop
      vertex -26 25 31
      vertex -16.607799530029297 25 22.48287582397461
      vertex -17 25 22.5
    endloop
  endfacet
  facet normal 0 1 0
    outer loop
      vertex -26 25 31
      vertex -16.218582153320312 25 22.43163299560547
      vertex -16.607799530029297 25 22.48287582397461
    endloop
  endfacet
  facet normal 0 1 0
    outer loop
      vertex 0 25 31
      vertex -15.83531379699707 25 22.346664428710938
      vertex -16.218582153320312 25 22.43163299560547
    endloop
  endfacet
  facet normal 0 1 0
    outer loop
      vertex 0 25 31
      vertex -15.460908889770508 25 22.22861671447754
      vertex -15.83531379699707 25 22.346664428710938
    endloop
  endfacet
  facet normal 0 1 0
    outer loop
      vertex 0 25 31
      vertex -15.098217010498047 25 22.078384399414062
      vertex -15.460908889770508 25 22.22861671447754
    endloop
  endfacet
  facet normal 0 1 0
    outer loop
      vertex 0 25 31
      vertex -14.75 25 21.897113800048828
      vertex -15.098217010498047 25 22.078384399414062
    endloop
  endfacet
  facet normal 0 1 0
    outer loop
      vertex 0 25 31
      vertex -14.418905258178711 25 21.68618392944336
      vertex -14.75 25 21.897113800048828
    endloop
  endfacet
  facet normal 0 1 0
    outer loop
      vertex 0 25 31
      vertex -14.107455253601074 25 21.447200775146484
      vertex -14.418905258178711 25 21.68618392944336
    endloop
  endfacet
  facet normal 0 1 0
    outer loop
      vertex 0 25 31
      vertex -13.818018913269043 25 21.18198013305664
      vertex -14.107455253601074 25 21.447200775146484
    endloop
  endfacet
  facet normal 0 1 0
    outer loop
      vertex 0 25 31
      vertex -13.552799224853516 25 20.89254379272461
      vertex -13.818018913269043 25 21.18198013305664
    endloop
  endfacet
  facet normal 0 1 0
    outer loop
      vertex 0 25 31
      vertex -13.313815116882324 25 20.581092834472656
      vertex -13.552799224853516 25 20.89254379272461
    endloop
  endfacet
  facet normal 0 1 0
    outer loop
      vertex 0 25 31
      vertex -13.102885246276855 25 20.25
      vertex -13.313815116882324 25 20.581092834472656
    endloop
  endfacet
  facet normal 0 1 0
    outer loop
      vertex 0 25 31
      vertex -12.921614646911621 25 19.901782989501953
      vertex -13.102885246276855 25 20.25
    endloop
  endfacet
  facet normal 0 1 0
    outer loop
      vertex 0 25 17
      vertex -12.921614646911621 25 19.901782989501953
      vertex 0 25 31
    endloop
  endfacet
  facet normal 0 1 0
    outer loop
      vertex -12.921614646911621 25 19.901782989501953
      vertex 0 25 17
      vertex -12.771382331848145 25 19.53908920288086
    endloop
  endfacet
  facet normal 0 1 0
    outer loop
      vertex -12.771382331848145 25 19.53908920288086
      vertex 0 25 17
      vertex -12.65333366394043 25 19.164684295654297
    endloop
  endfacet
  facet normal 0 1 0
    outer loop
      vertex -12.65333366394043 25 19.164684295654297
      vertex 0 25 17
      vertex -12.568365097045898 25 18.781415939331055
    endloop
  endfacet
  facet normal 0 1 0
    outer loop
      vertex -12.568365097045898 25 18.781415939331055
      vertex 0 25 17
      vertex -12.517123222351074 25 18.392200469970703
    endloop
  endfacet
  facet normal 0 1 0
    outer loop
      vertex -12.517123222351074 25 18.392200469970703
      vertex 0 25 17
      vertex -12.5 25 18
    endloop
  endfacet
  facet normal 0 1 0
    outer loop
      vertex -12.5 25 18
      vertex 0 25 17
      vertex -12.517123222351074 25 17.607799530029297
    endloop
  endfacet
  facet normal 0 1 0
    outer loop
      vertex -12.517123222351074 25 17.607799530029297
      vertex 0 25 17
      vertex -12.568365097045898 25 17.218582153320312
    endloop
  endfacet
  facet normal 0 1 0
    outer loop
      vertex -12.568365097045898 25 17.218582153320312
      vertex 0 25 17
      vertex -12.65333366394043 25 16.835315704345703
    endloop
  endfacet
  facet normal 0 1 0
    outer loop
      vertex -17.392200469970703 25 22.48287582397461
      vertex -26 25 31
      vertex -17 25 22.5
    endloop
  endfacet
  facet normal 0 1 0
    outer loop
      vertex -17.781415939331055 25 22.43163299560547
      vertex -26 25 31
      vertex -17.392200469970703 25 22.48287582397461
    endloop
  endfacet
  facet normal 0 1 0
    outer loop
      vertex -18.164684295654297 25 22.346664428710938
      vertex -26 25 31
      vertex -17.781415939331055 25 22.43163299560547
    endloop
  endfacet
  facet normal 0 1 0
    outer loop
      vertex -18.53908920288086 25 22.22861671447754
      vertex -26 25 31
      vertex -18.164684295654297 25 22.346664428710938
    endloop
  endfacet
  facet normal 0 1 0
    outer loop
      vertex -18.901782989501953 25 22.078384399414062
      vertex -26 25 31
      vertex -18.53908920288086 25 22.22861671447754
    endloop
  endfacet
  facet normal 0 1 0
    outer loop
      vertex -19.25 25 21.897113800048828
      vertex -26 25 31
      vertex -18.901782989501953 25 22.078384399414062
    endloop
  endfacet
  facet normal 0 1 0
    outer loop
      vertex -19.581092834472656 25 21.68618392944336
      vertex -26 25 31
      vertex -19.25 25 21.897113800048828
    endloop
  endfacet
  facet normal 0 1 0
    outer loop
      vertex -19.89254379272461 25 21.447200775146484
      vertex -26 25 31
      vertex -19.581092834472656 25 21.68618392944336
    endloop
  endfacet
  facet normal 0 1 0
    outer loop
      vertex -20.18198013305664 25 21.18198013305664
      vertex -26 25 31
      vertex -19.89254379272461 25 21.447200775146484
    endloop
  endfacet
  facet normal 0 1 0
    outer loop
      vertex -20.447200775146484 25 20.89254379272461
      vertex -26 25 31
      vertex -20.18198013305664 25 21.18198013305664
    endloop
  endfacet
  facet normal 0 1 0
    outer loop
      vertex -20.68618392944336 25 20.581092834472656
      vertex -26 25 31
      vertex -20.447200775146484 25 20.89254379272461
    endloop
  endfacet
  facet normal 0 1 0
    outer loop
      vertex -20.897113800048828 25 20.25
      vertex -26 25 31
      vertex -20.68618392944336 25 20.581092834472656
    endloop
  endfacet
  facet normal 0 1 0
    outer loop
      vertex -29 25 17
      vertex -26 25 31
      vertex -20.897113800048828 25 20.25
    endloop
  endfacet
  facet normal 0 1 0
    outer loop
      vertex -29 25 17
      vertex -20.897113800048828 25 20.25
      vertex -21.078384399414062 25 19.901782989501953
    endloop
  endfacet
  facet normal 0 1 0
    outer loop
      vertex -29 25 17
      vertex -21.078384399414062 25 19.901782989501953
      vertex -21.22861671447754 25 19.53908920288086
    endloop
  endfacet
  facet normal 0 1 0
    outer loop
      vertex -29 25 17
      vertex -21.22861671447754 25 19.53908920288086
      vertex -21.346664428710938 25 19.164684295654297
    endloop
  endfacet
  facet normal 0 1 0
    outer loop
      vertex -29 25 17
      vertex -21.346664428710938 25 19.164684295654297
      vertex -21.43163299560547 25 18.781415939331055
    endloop
  endfacet
  facet normal 0 1 0
    outer loop
      vertex -29 25 17
      vertex -21.43163299560547 25 18.781415939331055
      vertex -21.48287582397461 25 18.392200469970703
    endloop
  endfacet
  facet normal 0 1 0
    outer loop
      vertex -29 25 17
      vertex -21.48287582397461 25 18.392200469970703
      vertex -21.5 25 18
    endloop
  endfacet
  facet normal 0 1 0
    outer loop
      vertex -29 25 17
      vertex -21.5 25 18
      vertex -21.48287582397461 25 17.607799530029297
    endloop
  endfacet
  facet normal 0 1 0
    outer loop
      vertex -29 25 17
      vertex -21.48287582397461 25 17.607799530029297
      vertex -21.43163299560547 25 17.218582153320312
    endloop
  endfacet
  facet normal 0 1 0
    outer loop
      vertex -26 25 31
      vertex -29 25 17
      vertex -34 25 21
    endloop
  endfacet
  facet normal 0 1 0
    outer loop
      vertex -34 25 21
      vertex -29 25 17
      vertex -34 25 17
    endloop
  endfacet
  facet normal 0 1 0
    outer loop
      vertex 124.9000015258789 25 0
      vertex -29 25 1.7000007629394531
      vertex 124.9000015258789 25 1.7000007629394531
    endloop
  endfacet
  facet normal 0 1 0
    outer loop
      vertex -29 25 1.7000007629394531
      vertex 124.9000015258789 25 0
      vertex -29 25 0
    endloop
  endfacet
  facet normal 0 0.7071067811865476 0.7071067811865476
    outer loop
      vertex 124.9000015258789 25 1.7000007629394531
      vertex -29 22 4.700000762939453
      vertex 124.9000015258789 22 4.700000762939453
    endloop
  endfacet
  facet normal 0 0.7071067811865476 0.7071067811865476
    outer loop
      vertex -29 22 4.700000762939453
      vertex 124.9000015258789 25 1.7000007629394531
      vertex -29 25 1.7000007629394531
    endloop
  endfacet
  facet normal 0 0.7071067811865476 -0.7071067811865476
    outer loop
      vertex 124.9000015258789 22 9.700000762939453
      vertex -29 25 12.700000762939453
      vertex 124.9000015258789 25 12.700000762939453
    endloop
  endfacet
  facet normal 0 0.7071067811865476 -0.7071067811865476
    outer loop
      vertex -29 25 12.700000762939453
      vertex 124.9000015258789 22 9.700000762939453
      vertex -29 22 9.700000762939453
    endloop
  endfacet
  facet normal 0 1 0
    outer loop
      vertex 124.9000015258789 22 4.700000762939453
      vertex -29 22 9.700000762939453
      vertex 124.9000015258789 22 9.700000762939453
    endloop
  endfacet
  facet normal 0 1 0
    outer loop
      vertex -29 22 9.700000762939453
      vertex 124.9000015258789 22 4.700000762939453
      vertex -29 22 4.700000762939453
    endloop
  endfacet
  facet normal 0 -1 0
    outer loop
      vertex -29 -22 4.700000762939453
      vertex 124.9000015258789 -22 9.700000762939453
      vertex -29 -22 9.700000762939453
    endloop
  endfacet
  facet normal 0 -1 0
    outer loop
      vertex 124.9000015258789 -22 9.700000762939453
      vertex -29 -22 4.700000762939453
      vertex 124.9000015258789 -22 4.700000762939453
    endloop
  endfacet
  facet normal 0 -0.7071067811865476 -0.7071067811865476
    outer loop
      vertex -29 -22 9.700000762939453
      vertex 124.9000015258789 -25 12.700000762939453
      vertex -29 -25 12.700000762939453
    endloop
  endfacet
  facet normal 0 -0.7071067811865476 -0.7071067811865476
    outer loop
      vertex 124.9000015258789 -25 12.700000762939453
      vertex -29 -22 9.700000762939453
      vertex 124.9000015258789 -22 9.700000762939453
    endloop
  endfacet
  facet normal 0 -0.7071067811865476 0.7071067811865476
    outer loop
      vertex -29 -25 1.7000007629394531
      vertex 124.9000015258789 -22 4.700000762939453
      vertex -29 -22 4.700000762939453
    endloop
  endfacet
  facet normal 0 -0.7071067811865476 0.7071067811865476
    outer loop
      vertex 124.9000015258789 -22 4.700000762939453
      vertex -29 -25 1.7000007629394531
      vertex 124.9000015258789 -25 1.7000007629394531
    endloop
  endfacet
  facet normal -1 0 0
    outer loop
      vertex 63.45000076293945 6 3
      vertex 63.45000076293945 18 17
      vertex 63.45000076293945 18 3
    endloop
  endfacet
  facet normal -1 0 0
    outer loop
      vertex 63.45000076293945 18 17
      vertex 63.45000076293945 6 3
      vertex 63.45000076293945 6 17
    endloop
  endfacet
  facet normal 0 0 1
    outer loop
      vertex 10 18 3
      vertex 63.45000076293945 6 3
      vertex 63.45000076293945 18 3
    endloop
  endfacet
  facet normal 0 0 1
    outer loop
      vertex 63.45000076293945 6 3
      vertex 10 18 3
      vertex 10 6 3
    endloop
  endfacet
  facet normal 1 0 0
    outer loop
      vertex 10 6 17
      vertex 10 18 3
      vertex 10 18 17
    endloop
  endfacet
  facet normal 1 0 0
    outer loop
      vertex 10 18 3
      vertex 10 6 17
      vertex 10 6 3
    endloop
  endfacet
  facet normal 0 1 0
    outer loop
      vertex 63.45000076293945 6 3
      vertex 10 6 17
      vertex 63.45000076293945 6 17
    endloop
  endfacet
  facet normal 0 1 0
    outer loop
      vertex 10 6 17
      vertex 63.45000076293945 6 3
      vertex 10 6 3
    endloop
  endfacet
  facet normal 0 -1 0
    outer loop
      vertex 10 18 3
      vertex 63.45000076293945 18 17
      vertex 10 18 17
    endloop
  endfacet
  facet normal 0 -1 0
    outer loop
      vertex 63.45000076293945 18 17
      vertex 10 18 3
      vertex 63.45000076293945 18 3
    endloop
  endfacet
  facet normal -1 0 0
    outer loop
      vertex 63.45000076293945 -18 3
      vertex 63.45000076293945 -6 17
      vertex 63.45000076293945 -6 3
    endloop
  endfacet
  facet normal -1 0 0
    outer loop
      vertex 63.45000076293945 -6 17
      vertex 63.45000076293945 -18 3
      vertex 63.45000076293945 -18 17
    endloop
  endfacet
  facet normal 0 0 1
    outer loop
      vertex 10 -6 3
      vertex 63.45000076293945 -18 3
      vertex 63.45000076293945 -6 3
    endloop
  endfacet
  facet normal 0 0 1
    outer loop
      vertex 63.45000076293945 -18 3
      vertex 10 -6 3
      vertex 10 -18 3
    endloop
  endfacet
  facet normal 1 0 0
    outer loop
      vertex 10 -18 17
      vertex 10 -6 3
      vertex 10 -6 17
    endloop
  endfacet
  facet normal 1 0 0
    outer loop
      vertex 10 -6 3
      vertex 10 -18 17
      vertex 10 -18 3
    endloop
  endfacet
  facet normal 0 1 0
    outer loop
      vertex 63.45000076293945 -18 3
      vertex 10 -18 17
      vertex 63.45000076293945 -18 17
    endloop
  endfacet
  facet normal 0 1 0
    outer loop
      vertex 10 -18 17
      vertex 63.45000076293945 -18 3
      vertex 10 -18 3
    endloop
  endfacet
  facet normal 0 -1 0
    outer loop
      vertex 10 -6 3
      vertex 63.45000076293945 -6 17
      vertex 10 -6 17
    endloop
  endfacet
  facet normal 0 -1 0
    outer loop
      vertex 63.45000076293945 -6 17
      vertex 10 -6 3
      vertex 63.45000076293945 -6 3
    endloop
  endfacet
  facet normal -1 0 0
    outer loop
      vertex 120.9000015258789 6 3
      vertex 120.9000015258789 18 17
      vertex 120.9000015258789 18 3
    endloop
  endfacet
  facet normal -1 0 0
    outer loop
      vertex 120.9000015258789 18 17
      vertex 120.9000015258789 6 3
      vertex 120.9000015258789 6 17
    endloop
  endfacet
  facet normal 0 0 1
    outer loop
      vertex 67.44999694824219 18 3
      vertex 120.9000015258789 6 3
      vertex 120.9000015258789 18 3
    endloop
  endfacet
  facet normal 0 0 1
    outer loop
      vertex 120.9000015258789 6 3
      vertex 67.44999694824219 18 3
      vertex 67.44999694824219 6 3
    endloop
  endfacet
  facet normal 1 0 0
    outer loop
      vertex 67.44999694824219 6 17
      vertex 67.44999694824219 18 3
      vertex 67.44999694824219 18 17
    endloop
  endfacet
  facet normal 1 0 0
    outer loop
      vertex 67.44999694824219 18 3
      vertex 67.44999694824219 6 17
      vertex 67.44999694824219 6 3
    endloop
  endfacet
  facet normal 0 1 0
    outer loop
      vertex 120.9000015258789 6 3
      vertex 67.44999694824219 6 17
      vertex 120.9000015258789 6 17
    endloop
  endfacet
  facet normal 0 1 0
    outer loop
      vertex 67.44999694824219 6 17
      vertex 120.9000015258789 6 3
      vertex 67.44999694824219 6 3
    endloop
  endfacet
  facet normal 0 -1 0
    outer loop
      vertex 67.44999694824219 18 3
      vertex 120.9000015258789 18 17
      vertex 67.44999694824219 18 17
    endloop
  endfacet
  facet normal 0 -1 0
    outer loop
      vertex 120.9000015258789 18 17
      vertex 67.44999694824219 18 3
      vertex 120.9000015258789 18 3
    endloop
  endfacet
  facet normal -1 0 0
    outer loop
      vertex 120.9000015258789 -18 3
      vertex 120.9000015258789 -6 17
      vertex 120.9000015258789 -6 3
    endloop
  endfacet
  facet normal -1 0 0
    outer loop
      vertex 120.9000015258789 -6 17
      vertex 120.9000015258789 -18 3
      vertex 120.9000015258789 -18 17
    endloop
  endfacet
  facet normal 0 0 1
    outer loop
      vertex 67.44999694824219 -6 3
      vertex 120.9000015258789 -18 3
      vertex 120.9000015258789 -6 3
    endloop
  endfacet
  facet normal 0 0 1
    outer loop
      vertex 120.9000015258789 -18 3
      vertex 67.44999694824219 -6 3
      vertex 67.44999694824219 -18 3
    endloop
  endfacet
  facet normal 1 0 0
    outer loop
      vertex 67.44999694824219 -18 17
      vertex 67.44999694824219 -6 3
      vertex 67.44999694824219 -6 17
    endloop
  endfacet
  facet normal 1 0 0
    outer loop
      vertex 67.44999694824219 -6 3
      vertex 67.44999694824219 -18 17
      vertex 67.44999694824219 -18 3
    endloop
  endfacet
  facet normal 0 1 0
    outer loop
      vertex 120.9000015258789 -18 3
      vertex 67.44999694824219 -18 17
      vertex 120.9000015258789 -18 17
    endloop
  endfacet
  facet normal 0 1 0
    outer loop
      vertex 67.44999694824219 -18 17
      vertex 120.9000015258789 -18 3
      vertex 67.44999694824219 -18 3
    endloop
  endfacet
  facet normal 0 -1 0
    outer loop
      vertex 67.44999694824219 -6 3
      vertex 120.9000015258789 -6 17
      vertex 67.44999694824219 -6 17
    endloop
  endfacet
  facet normal 0 -1 0
    outer loop
      vertex 120.9000015258789 -6 17
      vertex 67.44999694824219 -6 3
      vertex 120.9000015258789 -6 3
    endloop
  endfacet
  facet normal -1 0 0
    outer loop
      vertex -3.5 -22 24.5
      vertex -3.5 -8.299999237060547 31
      vertex -3.5 -8.299999237060547 24.5
    endloop
  endfacet
  facet normal -1 0 0
    outer loop
      vertex -3.5 -8.299999237060547 31
      vertex -3.5 -22 24.5
      vertex -3.5 -22 31
    endloop
  endfacet
  facet normal 0 0 1
    outer loop
      vertex -24 -8.299999237060547 24.5
      vertex -3.5 -22 24.5
      vertex -3.5 -8.299999237060547 24.5
    endloop
  endfacet
  facet normal 0 0 1
    outer loop
      vertex -3.5 -22 24.5
      vertex -24 -8.299999237060547 24.5
      vertex -24 -22 24.5
    endloop
  endfacet
  facet normal 1 0 0
    outer loop
      vertex -24 -22 31
      vertex -24 -8.299999237060547 24.5
      vertex -24 -8.299999237060547 31
    endloop
  endfacet
  facet normal 1 0 0
    outer loop
      vertex -24 -8.299999237060547 24.5
      vertex -24 -22 31
      vertex -24 -22 24.5
    endloop
  endfacet
  facet normal 0 1 0
    outer loop
      vertex -3.5 -22 24.5
      vertex -24 -22 31
      vertex -3.5 -22 31
    endloop
  endfacet
  facet normal 0 1 0
    outer loop
      vertex -24 -22 31
      vertex -3.5 -22 24.5
      vertex -24 -22 24.5
    endloop
  endfacet
  facet normal 0 -1 0
    outer loop
      vertex -24 -8.299999237060547 24.5
      vertex -3.5 -8.299999237060547 31
      vertex -24 -8.299999237060547 31
    endloop
  endfacet
  facet normal 0 -1 0
    outer loop
      vertex -3.5 -8.299999237060547 31
      vertex -24 -8.299999237060547 24.5
      vertex -3.5 -8.299999237060547 24.5
    endloop
  endfacet
  facet normal -1 0 0
    outer loop
      vertex -3.5 8.299999237060547 24.5
      vertex -3.5 22 31
      vertex -3.5 22 24.5
    endloop
  endfacet
  facet normal -1 0 0
    outer loop
      vertex -3.5 22 31
      vertex -3.5 8.299999237060547 24.5
      vertex -3.5 8.299999237060547 31
    endloop
  endfacet
  facet normal 0 0 1
    outer loop
      vertex -24 22 24.5
      vertex -3.5 8.299999237060547 24.5
      vertex -3.5 22 24.5
    endloop
  endfacet
  facet normal 0 0 1
    outer loop
      vertex -3.5 8.299999237060547 24.5
      vertex -24 22 24.5
      vertex -24 8.299999237060547 24.5
    endloop
  endfacet
  facet normal 1 0 0
    outer loop
      vertex -24 8.299999237060547 31
      vertex -24 22 24.5
      vertex -24 22 31
    endloop
  endfacet
  facet normal 1 0 0
    outer loop
      vertex -24 22 24.5
      vertex -24 8.299999237060547 31
      vertex -24 8.299999237060547 24.5
    endloop
  endfacet
  facet normal 0 1 0
    outer loop
      vertex -3.5 8.299999237060547 24.5
      vertex -24 8.299999237060547 31
      vertex -3.5 8.299999237060547 31
    endloop
  endfacet
  facet normal 0 1 0
    outer loop
      vertex -24 8.299999237060547 31
      vertex -3.5 8.299999237060547 24.5
      vertex -24 8.299999237060547 24.5
    endloop
  endfacet
  facet normal 0 -1 0
    outer loop
      vertex -24 22 24.5
      vertex -3.5 22 31
      vertex -24 22 31
    endloop
  endfacet
  facet normal 0 -1 0
    outer loop
      vertex -3.5 22 31
      vertex -24 22 24.5
      vertex -3.5 22 24.5
    endloop
  endfacet
  facet normal -1 0 0
    outer loop
      vertex -3.5 -3 0
      vertex -3.5 -5.299999237060547 0
      vertex -3.5 -3 9
    endloop
  endfacet
  facet normal -1 0 0
    outer loop
      vertex -3.5 3 9
      vertex -3.5 5.299999237060547 0
      vertex -3.5 3 0
    endloop
  endfacet
  facet normal -1 0 0
    outer loop
      vertex -3.5 5.299999237060547 0
      vertex -3.5 3 9
      vertex -3.5 5.299999237060547 17
    endloop
  endfacet
  facet normal -1 0 0
    outer loop
      vertex -3.5 -3 9
      vertex -3.5 5.299999237060547 17
      vertex -3.5 3 9
    endloop
  endfacet
  facet normal -1 0 0
    outer loop
      vertex -3.5 -3 9
      vertex -3.5 -5.299999237060547 17
      vertex -3.5 5.299999237060547 17
    endloop
  endfacet
  facet normal -1 0 0
    outer loop
      vertex -3.5 -5.299999237060547 17
      vertex -3.5 -3 9
      vertex -3.5 -5.299999237060547 0
    endloop
  endfacet
  facet normal 1 0 0
    outer loop
      vertex -30.5 -5.299999237060547 17
      vertex -30.5 5.299999237060547 0
      vertex -30.5 5.299999237060547 17
    endloop
  endfacet
  facet normal 1 0 0
    outer loop
      vertex -30.5 5.299999237060547 0
      vertex -30.5 -5.299999237060547 17
      vertex -30.5 -5.299999237060547 0
    endloop
  endfacet
  facet normal -0.04361982184645561 0 -0.9990482026119077
    outer loop
      vertex -17 -18.5 20.649999618530273
      vertex -16.7690372467041 -5.299999237060547 20.639915466308594
      vertex -16.7690372467041 -18.5 20.639915466308594
    endloop
  endfacet
  facet normal -0.04361982184645561 0 -0.9990482026119077
    outer loop
      vertex -16.7690372467041 -5.299999237060547 20.639915466308594
      vertex -17 -18.5 20.649999618530273
      vertex -17 -5.299999237060547 20.649999618530273
    endloop
  endfacet
  facet normal -0.04361982184645562 0 -0.9990482026119079
    outer loop
      vertex -17 5.299999237060547 20.649999618530273
      vertex -16.7690372467041 15.5 20.639915466308594
      vertex -16.7690372467041 5.299999237060547 20.639915466308594
    endloop
  endfacet
  facet normal -0.04361982184645562 0 -0.9990482026119079
    outer loop
      vertex -16.7690372467041 15.5 20.639915466308594
      vertex -17 5.299999237060547 20.649999618530273
      vertex -17 15.5 20.649999618530273
    endloop
  endfacet
  facet normal 0.843390961054331 0 -0.5373003692645782
    outer loop
      vertex -19.170753479003906 -18.5 19.519977569580078
      vertex -19.294967651367188 -5.299999237060547 19.325000762939453
      vertex -19.170753479003906 -5.299999237060547 19.519977569580078
    endloop
  endfacet
  facet normal 0.843390961054331 0 -0.5373003692645782
    outer loop
      vertex -19.294967651367188 -5.299999237060547 19.325000762939453
      vertex -19.170753479003906 -18.5 19.519977569580078
      vertex -19.294967651367188 -18.5 19.325000762939453
    endloop
  endfacet
  facet normal 0.8433909610543309 0 -0.5373003692645781
    outer loop
      vertex -19.170753479003906 5.299999237060547 19.519977569580078
      vertex -19.294967651367188 15.5 19.325000762939453
      vertex -19.170753479003906 15.5 19.519977569580078
    endloop
  endfacet
  facet normal 0.8433909610543309 0 -0.5373003692645781
    outer loop
      vertex -19.294967651367188 15.5 19.325000762939453
      vertex -19.170753479003906 5.299999237060547 19.519977569580078
      vertex -19.294967651367188 5.299999237060547 19.325000762939453
    endloop
  endfacet
  facet normal 0.04362018138750665 0 -0.9990481869137849
    outer loop
      vertex -17.230960845947266 -18.5 20.639915466308594
      vertex -17 -5.299999237060547 20.649999618530273
      vertex -17 -18.5 20.649999618530273
    endloop
  endfacet
  facet normal 0.04362018138750665 0 -0.9990481869137849
    outer loop
      vertex -17 -5.299999237060547 20.649999618530273
      vertex -17.230960845947266 -18.5 20.639915466308594
      vertex -17.230960845947266 -5.299999237060547 20.639915466308594
    endloop
  endfacet
  facet normal 0.04362018138750665 0 -0.9990481869137849
    outer loop
      vertex -17.230960845947266 5.299999237060547 20.639915466308594
      vertex -17 15.5 20.649999618530273
      vertex -17 5.299999237060547 20.649999618530273
    endloop
  endfacet
  facet normal 0.04362018138750665 0 -0.9990481869137849
    outer loop
      vertex -17 15.5 20.649999618530273
      vertex -17.230960845947266 5.299999237060547 20.639915466308594
      vertex -17.230960845947266 15.5 20.639915466308594
    endloop
  endfacet
  facet normal 0.7933509329127476 0 -0.6087645663526035
    outer loop
      vertex -19.030017852783203 -18.5 19.703386306762695
      vertex -19.170753479003906 -5.299999237060547 19.519977569580078
      vertex -19.030017852783203 -5.299999237060547 19.703386306762695
    endloop
  endfacet
  facet normal 0.7933509329127476 0 -0.6087645663526035
    outer loop
      vertex -19.170753479003906 -5.299999237060547 19.519977569580078
      vertex -19.030017852783203 -18.5 19.703386306762695
      vertex -19.170753479003906 -18.5 19.519977569580078
    endloop
  endfacet
  facet normal 0.7933509329127475 0 -0.6087645663526035
    outer loop
      vertex -19.030017852783203 5.299999237060547 19.703386306762695
      vertex -19.170753479003906 15.5 19.519977569580078
      vertex -19.030017852783203 15.5 19.703386306762695
    endloop
  endfacet
  facet normal 0.7933509329127475 0 -0.6087645663526035
    outer loop
      vertex -19.170753479003906 15.5 19.519977569580078
      vertex -19.030017852783203 5.299999237060547 19.703386306762695
      vertex -19.170753479003906 5.299999237060547 19.519977569580078
    endloop
  endfacet
  facet normal 0.9238784669872905 0 0.38268600475744313
    outer loop
      vertex -19.490184783935547 -18.5 17.093647003173828
      vertex -19.401714324951172 -5.299999237060547 16.880062103271484
      vertex -19.490184783935547 -5.299999237060547 17.093647003173828
    endloop
  endfacet
  facet normal 0.9238784669872905 0 0.38268600475744313
    outer loop
      vertex -19.401714324951172 -5.299999237060547 16.880062103271484
      vertex -19.490184783935547 -18.5 17.093647003173828
      vertex -19.401714324951172 -18.5 16.880062103271484
    endloop
  endfacet
  facet normal 0.9238784669872906 0 0.3826860047574432
    outer loop
      vertex -19.490184783935547 5.299999237060547 17.093647003173828
      vertex -19.401714324951172 15.5 16.880062103271484
      vertex -19.490184783935547 15.5 17.093647003173828
    endloop
  endfacet
  facet normal 0.9238784669872906 0 0.3826860047574432
    outer loop
      vertex -19.401714324951172 15.5 16.880062103271484
      vertex -19.490184783935547 5.299999237060547 17.093647003173828
      vertex -19.401714324951172 5.299999237060547 16.880062103271484
    endloop
  endfacet
  facet normal 0.9914455880554752 0 -0.13052067240607154
    outer loop
      vertex -19.6097412109375 -18.5 18.460166931152344
      vertex -19.639915466308594 -5.299999237060547 18.230960845947266
      vertex -19.6097412109375 -5.299999237060547 18.460166931152344
    endloop
  endfacet
  facet normal 0.9914455880554752 0 -0.13052067240607154
    outer loop
      vertex -19.639915466308594 -5.299999237060547 18.230960845947266
      vertex -19.6097412109375 -18.5 18.460166931152344
      vertex -19.639915466308594 -18.5 18.230960845947266
    endloop
  endfacet
  facet normal 0.9914455880554751 0 -0.13052067240607154
    outer loop
      vertex -19.6097412109375 5.299999237060547 18.460166931152344
      vertex -19.639915466308594 15.5 18.230960845947266
      vertex -19.6097412109375 15.5 18.460166931152344
    endloop
  endfacet
  facet normal 0.9914455880554751 0 -0.13052067240607154
    outer loop
      vertex -19.639915466308594 15.5 18.230960845947266
      vertex -19.6097412109375 5.299999237060547 18.460166931152344
      vertex -19.639915466308594 5.299999237060547 18.230960845947266
    endloop
  endfacet
  facet normal -0.6755897470182879 0 -0.7372777588695901
    outer loop
      vertex -15.296612739562988 -18.5 20.030017852783203
      vertex -15.126166343688965 -5.299999237060547 19.87383270263672
      vertex -15.126166343688965 -18.5 19.87383270263672
    endloop
  endfacet
  facet normal -0.6755897470182879 0 -0.7372777588695901
    outer loop
      vertex -15.126166343688965 -5.299999237060547 19.87383270263672
      vertex -15.296612739562988 -18.5 20.030017852783203
      vertex -15.296612739562988 -5.299999237060547 20.030017852783203
    endloop
  endfacet
  facet normal -0.675589747018288 0 -0.7372777588695902
    outer loop
      vertex -15.296612739562988 5.299999237060547 20.030017852783203
      vertex -15.126166343688965 15.5 19.87383270263672
      vertex -15.126166343688965 5.299999237060547 19.87383270263672
    endloop
  endfacet
  facet normal -0.675589747018288 0 -0.7372777588695902
    outer loop
      vertex -15.126166343688965 15.5 19.87383270263672
      vertex -15.296612739562988 5.299999237060547 20.030017852783203
      vertex -15.296612739562988 15.5 20.030017852783203
    endloop
  endfacet
  facet normal -0.9990481869137849 0 -0.04362018138750665
    outer loop
      vertex -14.34999942779541 -18.5 18
      vertex -14.36008358001709 -5.299999237060547 18.230960845947266
      vertex -14.34999942779541 -5.299999237060547 18
    endloop
  endfacet
  facet normal -0.9990481869137849 0 -0.04362018138750665
    outer loop
      vertex -14.36008358001709 -5.299999237060547 18.230960845947266
      vertex -14.34999942779541 -18.5 18
      vertex -14.36008358001709 -18.5 18.230960845947266
    endloop
  endfacet
  facet normal -0.9990481869137849 0 -0.04362018138750665
    outer loop
      vertex -14.34999942779541 5.299999237060547 18
      vertex -14.36008358001709 15.5 18.230960845947266
      vertex -14.34999942779541 15.5 18
    endloop
  endfacet
  facet normal -0.9990481869137849 0 -0.04362018138750665
    outer loop
      vertex -14.36008358001709 15.5 18.230960845947266
      vertex -14.34999942779541 5.299999237060547 18
      vertex -14.36008358001709 5.299999237060547 18.230960845947266
    endloop
  endfacet
  facet normal -0.976296035378584 0 0.2164394864715278
    outer loop
      vertex -14.440296173095703 -18.5 17.314128875732422
      vertex -14.3902587890625 -5.299999237060547 17.539833068847656
      vertex -14.440296173095703 -5.299999237060547 17.314128875732422
    endloop
  endfacet
  facet normal -0.976296035378584 0 0.2164394864715278
    outer loop
      vertex -14.3902587890625 -5.299999237060547 17.539833068847656
      vertex -14.440296173095703 -18.5 17.314128875732422
      vertex -14.3902587890625 -18.5 17.539833068847656
    endloop
  endfacet
  facet normal -0.976296035378584 0 0.21643948647152783
    outer loop
      vertex -14.440296173095703 5.299999237060547 17.314128875732422
      vertex -14.3902587890625 15.5 17.539833068847656
      vertex -14.440296173095703 15.5 17.314128875732422
    endloop
  endfacet
  facet normal -0.976296035378584 0 0.21643948647152783
    outer loop
      vertex -14.3902587890625 15.5 17.539833068847656
      vertex -14.440296173095703 5.299999237060547 17.314128875732422
      vertex -14.3902587890625 5.299999237060547 17.539833068847656
    endloop
  endfacet
  facet normal 0.30070745948072114 0 0.9537164273580752
    outer loop
      vertex -17.906352996826172 -5.299999237060547 15.509815216064453
      vertex -17.685871124267578 -18.5 15.44029712677002
      vertex -17.685871124267578 -5.299999237060547 15.44029712677002
    endloop
  endfacet
  facet normal 0.30070745948072114 0 0.9537164273580752
    outer loop
      vertex -17.685871124267578 -18.5 15.44029712677002
      vertex -17.906352996826172 -5.299999237060547 15.509815216064453
      vertex -17.906352996826172 -18.5 15.509815216064453
    endloop
  endfacet
  facet normal 0.30070745948072114 0 0.953716427358075
    outer loop
      vertex -17.906352996826172 15.5 15.509815216064453
      vertex -17.685871124267578 5.299999237060547 15.44029712677002
      vertex -17.685871124267578 15.5 15.44029712677002
    endloop
  endfacet
  facet normal 0.30070745948072114 0 0.953716427358075
    outer loop
      vertex -17.685871124267578 5.299999237060547 15.44029712677002
      vertex -17.906352996826172 15.5 15.509815216064453
      vertex -17.906352996826172 5.299999237060547 15.509815216064453
    endloop
  endfacet
  facet normal 0.38268600475744313 0 -0.9238784669872905
    outer loop
      vertex -18.119937896728516 -18.5 20.401714324951172
      vertex -17.906352996826172 -5.299999237060547 20.490184783935547
      vertex -17.906352996826172 -18.5 20.490184783935547
    endloop
  endfacet
  facet normal 0.38268600475744313 0 -0.9238784669872905
    outer loop
      vertex -17.906352996826172 -5.299999237060547 20.490184783935547
      vertex -18.119937896728516 -18.5 20.401714324951172
      vertex -18.119937896728516 -5.299999237060547 20.401714324951172
    endloop
  endfacet
  facet normal 0.3826860047574432 0 -0.9238784669872906
    outer loop
      vertex -18.119937896728516 5.299999237060547 20.401714324951172
      vertex -17.906352996826172 15.5 20.490184783935547
      vertex -17.906352996826172 5.299999237060547 20.490184783935547
    endloop
  endfacet
  facet normal 0.3826860047574432 0 -0.9238784669872906
    outer loop
      vertex -17.906352996826172 15.5 20.490184783935547
      vertex -18.119937896728516 5.299999237060547 20.401714324951172
      vertex -18.119937896728516 15.5 20.401714324951172
    endloop
  endfacet
  facet normal -0.6087625740325663 0 -0.7933524616822237
    outer loop
      vertex -15.480022430419922 -18.5 20.170753479003906
      vertex -15.296612739562988 -5.299999237060547 20.030017852783203
      vertex -15.296612739562988 -18.5 20.030017852783203
    endloop
  endfacet
  facet normal -0.6087625740325663 0 -0.7933524616822237
    outer loop
      vertex -15.296612739562988 -5.299999237060547 20.030017852783203
      vertex -15.480022430419922 -18.5 20.170753479003906
      vertex -15.480022430419922 -5.299999237060547 20.170753479003906
    endloop
  endfacet
  facet normal -0.6087625740325663 0 -0.7933524616822237
    outer loop
      vertex -15.480022430419922 5.299999237060547 20.170753479003906
      vertex -15.296612739562988 15.5 20.030017852783203
      vertex -15.296612739562988 5.299999237060547 20.030017852783203
    endloop
  endfacet
  facet normal -0.6087625740325663 0 -0.7933524616822237
    outer loop
      vertex -15.296612739562988 15.5 20.030017852783203
      vertex -15.480022430419922 5.299999237060547 20.170753479003906
      vertex -15.480022430419922 15.5 20.170753479003906
    endloop
  endfacet
  facet normal -0.9914450542321738 0 -0.13052472730698264
    outer loop
      vertex -14.36008358001709 -18.5 18.230960845947266
      vertex -14.3902587890625 -5.299999237060547 18.460166931152344
      vertex -14.36008358001709 -5.299999237060547 18.230960845947266
    endloop
  endfacet
  facet normal -0.9914450542321738 0 -0.13052472730698264
    outer loop
      vertex -14.3902587890625 -5.299999237060547 18.460166931152344
      vertex -14.36008358001709 -18.5 18.230960845947266
      vertex -14.3902587890625 -18.5 18.460166931152344
    endloop
  endfacet
  facet normal -0.9914450542321738 0 -0.13052472730698264
    outer loop
      vertex -14.36008358001709 5.299999237060547 18.230960845947266
      vertex -14.3902587890625 15.5 18.460166931152344
      vertex -14.36008358001709 15.5 18.230960845947266
    endloop
  endfacet
  facet normal -0.9914450542321738 0 -0.13052472730698264
    outer loop
      vertex -14.3902587890625 15.5 18.460166931152344
      vertex -14.36008358001709 5.299999237060547 18.230960845947266
      vertex -14.3902587890625 5.299999237060547 18.460166931152344
    endloop
  endfacet
  facet normal -0.38268102521324954 0 0.9238805295825517
    outer loop
      vertex -16.093647003173828 -5.299999237060547 15.509815216064453
      vertex -15.880061149597168 -18.5 15.598284721374512
      vertex -15.880061149597168 -5.299999237060547 15.598284721374512
    endloop
  endfacet
  facet normal -0.38268102521324954 0 0.9238805295825517
    outer loop
      vertex -15.880061149597168 -18.5 15.598284721374512
      vertex -16.093647003173828 -5.299999237060547 15.509815216064453
      vertex -16.093647003173828 -18.5 15.509815216064453
    endloop
  endfacet
  facet normal -0.3826810252132495 0 0.9238805295825517
    outer loop
      vertex -16.093647003173828 15.5 15.509815216064453
      vertex -15.880061149597168 5.299999237060547 15.598284721374512
      vertex -15.880061149597168 15.5 15.598284721374512
    endloop
  endfacet
  facet normal -0.3826810252132495 0 0.9238805295825517
    outer loop
      vertex -15.880061149597168 5.299999237060547 15.598284721374512
      vertex -16.093647003173828 15.5 15.509815216064453
      vertex -16.093647003173828 5.299999237060547 15.509815216064453
    endloop
  endfacet
  facet normal 0.13052067240607154 0 -0.9914455880554752
    outer loop
      vertex -17.460166931152344 -18.5 20.6097412109375
      vertex -17.230960845947266 -5.299999237060547 20.639915466308594
      vertex -17.230960845947266 -18.5 20.639915466308594
    endloop
  endfacet
  facet normal 0.13052067240607154 0 -0.9914455880554752
    outer loop
      vertex -17.230960845947266 -5.299999237060547 20.639915466308594
      vertex -17.460166931152344 -18.5 20.6097412109375
      vertex -17.460166931152344 -5.299999237060547 20.6097412109375
    endloop
  endfacet
  facet normal 0.13052067240607154 0 -0.9914455880554751
    outer loop
      vertex -17.460166931152344 5.299999237060547 20.6097412109375
      vertex -17.230960845947266 15.5 20.639915466308594
      vertex -17.230960845947266 5.299999237060547 20.639915466308594
    endloop
  endfacet
  facet normal 0.13052067240607154 0 -0.9914455880554751
    outer loop
      vertex -17.230960845947266 15.5 20.639915466308594
      vertex -17.460166931152344 5.299999237060547 20.6097412109375
      vertex -17.460166931152344 15.5 20.6097412109375
    endloop
  endfacet
  facet normal -0.843390961054331 0 0.5373003692645782
    outer loop
      vertex -14.829246520996094 -18.5 16.480022430419922
      vertex -14.705032348632812 -5.299999237060547 16.674999237060547
      vertex -14.829246520996094 -5.299999237060547 16.480022430419922
    endloop
  endfacet
  facet normal -0.843390961054331 0 0.5373003692645782
    outer loop
      vertex -14.705032348632812 -5.299999237060547 16.674999237060547
      vertex -14.829246520996094 -18.5 16.480022430419922
      vertex -14.705032348632812 -18.5 16.674999237060547
    endloop
  endfacet
  facet normal -0.8433909610543309 0 0.5373003692645781
    outer loop
      vertex -14.829246520996094 5.299999237060547 16.480022430419922
      vertex -14.705032348632812 15.5 16.674999237060547
      vertex -14.829246520996094 15.5 16.480022430419922
    endloop
  endfacet
  facet normal -0.8433909610543309 0 0.5373003692645781
    outer loop
      vertex -14.705032348632812 15.5 16.674999237060547
      vertex -14.829246520996094 5.299999237060547 16.480022430419922
      vertex -14.705032348632812 5.299999237060547 16.674999237060547
    endloop
  endfacet
  facet normal -0.9990482026119077 0 0.04361982184645561
    outer loop
      vertex -14.36008358001709 -18.5 17.7690372467041
      vertex -14.34999942779541 -5.299999237060547 18
      vertex -14.36008358001709 -5.299999237060547 17.7690372467041
    endloop
  endfacet
  facet normal -0.9990482026119077 0 0.04361982184645561
    outer loop
      vertex -14.34999942779541 -5.299999237060547 18
      vertex -14.36008358001709 -18.5 17.7690372467041
      vertex -14.34999942779541 -18.5 18
    endloop
  endfacet
  facet normal -0.9990482026119079 0 0.04361982184645562
    outer loop
      vertex -14.36008358001709 5.299999237060547 17.7690372467041
      vertex -14.34999942779541 15.5 18
      vertex -14.36008358001709 15.5 17.7690372467041
    endloop
  endfacet
  facet normal -0.9990482026119079 0 0.04361982184645562
    outer loop
      vertex -14.34999942779541 15.5 18
      vertex -14.36008358001709 5.299999237060547 17.7690372467041
      vertex -14.34999942779541 5.299999237060547 18
    endloop
  endfacet
  facet normal -0.30071121166517384 0 -0.9537152442835665
    outer loop
      vertex -16.314128875732422 -18.5 20.559703826904297
      vertex -16.093647003173828 -5.299999237060547 20.490184783935547
      vertex -16.093647003173828 -18.5 20.490184783935547
    endloop
  endfacet
  facet normal -0.30071121166517384 0 -0.9537152442835665
    outer loop
      vertex -16.093647003173828 -5.299999237060547 20.490184783935547
      vertex -16.314128875732422 -18.5 20.559703826904297
      vertex -16.314128875732422 -5.299999237060547 20.559703826904297
    endloop
  endfacet
  facet normal -0.30071121166517384 0 -0.9537152442835666
    outer loop
      vertex -16.314128875732422 5.299999237060547 20.559703826904297
      vertex -16.093647003173828 15.5 20.490184783935547
      vertex -16.093647003173828 5.299999237060547 20.490184783935547
    endloop
  endfacet
  facet normal -0.30071121166517384 0 -0.9537152442835666
    outer loop
      vertex -16.093647003173828 15.5 20.490184783935547
      vertex -16.314128875732422 5.299999237060547 20.559703826904297
      vertex -16.314128875732422 15.5 20.559703826904297
    endloop
  endfacet
  facet normal -0.843390961054331 0 -0.5373003692645782
    outer loop
      vertex -14.705032348632812 -18.5 19.325000762939453
      vertex -14.829246520996094 -5.299999237060547 19.519977569580078
      vertex -14.705032348632812 -5.299999237060547 19.325000762939453
    endloop
  endfacet
  facet normal -0.843390961054331 0 -0.5373003692645782
    outer loop
      vertex -14.829246520996094 -5.299999237060547 19.519977569580078
      vertex -14.705032348632812 -18.5 19.325000762939453
      vertex -14.829246520996094 -18.5 19.519977569580078
    endloop
  endfacet
  facet normal -0.8433909610543309 0 -0.5373003692645781
    outer loop
      vertex -14.705032348632812 5.299999237060547 19.325000762939453
      vertex -14.829246520996094 15.5 19.519977569580078
      vertex -14.705032348632812 15.5 19.325000762939453
    endloop
  endfacet
  facet normal -0.8433909610543309 0 -0.5373003692645781
    outer loop
      vertex -14.829246520996094 15.5 19.519977569580078
      vertex -14.705032348632812 5.299999237060547 19.325000762939453
      vertex -14.829246520996094 5.299999237060547 19.519977569580078
    endloop
  endfacet
  facet normal -0.7933509329127476 0 -0.6087645663526035
    outer loop
      vertex -14.829246520996094 -18.5 19.519977569580078
      vertex -14.969982147216797 -5.299999237060547 19.703386306762695
      vertex -14.829246520996094 -5.299999237060547 19.519977569580078
    endloop
  endfacet
  facet normal -0.7933509329127476 0 -0.6087645663526035
    outer loop
      vertex -14.969982147216797 -5.299999237060547 19.703386306762695
      vertex -14.829246520996094 -18.5 19.519977569580078
      vertex -14.969982147216797 -18.5 19.703386306762695
    endloop
  endfacet
  facet normal -0.7933509329127475 0 -0.6087645663526035
    outer loop
      vertex -14.829246520996094 5.299999237060547 19.519977569580078
      vertex -14.969982147216797 15.5 19.703386306762695
      vertex -14.829246520996094 15.5 19.519977569580078
    endloop
  endfacet
  facet normal -0.7933509329127475 0 -0.6087645663526035
    outer loop
      vertex -14.969982147216797 15.5 19.703386306762695
      vertex -14.829246520996094 5.299999237060547 19.519977569580078
      vertex -14.969982147216797 5.299999237060547 19.703386306762695
    endloop
  endfacet
  facet normal 0.8870149041469176 0 -0.4617407928927598
    outer loop
      vertex -19.294967651367188 -18.5 19.325000762939453
      vertex -19.401714324951172 -5.299999237060547 19.119937896728516
      vertex -19.294967651367188 -5.299999237060547 19.325000762939453
    endloop
  endfacet
  facet normal 0.8870149041469176 0 -0.4617407928927598
    outer loop
      vertex -19.401714324951172 -5.299999237060547 19.119937896728516
      vertex -19.294967651367188 -18.5 19.325000762939453
      vertex -19.401714324951172 -18.5 19.119937896728516
    endloop
  endfacet
  facet normal 0.8870149041469177 0 -0.4617407928927599
    outer loop
      vertex -19.294967651367188 5.299999237060547 19.325000762939453
      vertex -19.401714324951172 15.5 19.119937896728516
      vertex -19.294967651367188 15.5 19.325000762939453
    endloop
  endfacet
  facet normal 0.8870149041469177 0 -0.4617407928927599
    outer loop
      vertex -19.401714324951172 15.5 19.119937896728516
      vertex -19.294967651367188 5.299999237060547 19.325000762939453
      vertex -19.401714324951172 5.299999237060547 19.119937896728516
    endloop
  endfacet
  facet normal 0.976296035378584 0 -0.2164394864715278
    outer loop
      vertex -19.559703826904297 -18.5 18.685871124267578
      vertex -19.6097412109375 -5.299999237060547 18.460166931152344
      vertex -19.559703826904297 -5.299999237060547 18.685871124267578
    endloop
  endfacet
  facet normal 0.976296035378584 0 -0.2164394864715278
    outer loop
      vertex -19.6097412109375 -5.299999237060547 18.460166931152344
      vertex -19.559703826904297 -18.5 18.685871124267578
      vertex -19.6097412109375 -18.5 18.460166931152344
    endloop
  endfacet
  facet normal 0.976296035378584 0 -0.21643948647152783
    outer loop
      vertex -19.559703826904297 5.299999237060547 18.685871124267578
      vertex -19.6097412109375 15.5 18.460166931152344
      vertex -19.559703826904297 15.5 18.685871124267578
    endloop
  endfacet
  facet normal 0.976296035378584 0 -0.21643948647152783
    outer loop
      vertex -19.6097412109375 15.5 18.460166931152344
      vertex -19.559703826904297 5.299999237060547 18.685871124267578
      vertex -19.6097412109375 5.299999237060547 18.460166931152344
    endloop
  endfacet
  facet normal -0.9238799254673602 0 0.3826824836838301
    outer loop
      vertex -14.598283767700195 -18.5 16.880062103271484
      vertex -14.509814262390137 -5.299999237060547 17.093647003173828
      vertex -14.598283767700195 -5.299999237060547 16.880062103271484
    endloop
  endfacet
  facet normal -0.9238799254673602 0 0.3826824836838301
    outer loop
      vertex -14.509814262390137 -5.299999237060547 17.093647003173828
      vertex -14.598283767700195 -18.5 16.880062103271484
      vertex -14.509814262390137 -18.5 17.093647003173828
    endloop
  endfacet
  facet normal -0.9238799254673603 0 0.3826824836838302
    outer loop
      vertex -14.598283767700195 5.299999237060547 16.880062103271484
      vertex -14.509814262390137 15.5 17.093647003173828
      vertex -14.598283767700195 15.5 16.880062103271484
    endloop
  endfacet
  facet normal -0.9238799254673603 0 0.3826824836838302
    outer loop
      vertex -14.509814262390137 15.5 17.093647003173828
      vertex -14.598283767700195 5.299999237060547 16.880062103271484
      vertex -14.509814262390137 5.299999237060547 17.093647003173828
    endloop
  endfacet
  facet normal 0.2164394864715278 0 -0.976296035378584
    outer loop
      vertex -17.685871124267578 -18.5 20.559703826904297
      vertex -17.460166931152344 -5.299999237060547 20.6097412109375
      vertex -17.460166931152344 -18.5 20.6097412109375
    endloop
  endfacet
  facet normal 0.2164394864715278 0 -0.976296035378584
    outer loop
      vertex -17.460166931152344 -5.299999237060547 20.6097412109375
      vertex -17.685871124267578 -18.5 20.559703826904297
      vertex -17.685871124267578 -5.299999237060547 20.559703826904297
    endloop
  endfacet
  facet normal 0.21643948647152783 0 -0.976296035378584
    outer loop
      vertex -17.685871124267578 5.299999237060547 20.559703826904297
      vertex -17.460166931152344 15.5 20.6097412109375
      vertex -17.460166931152344 5.299999237060547 20.6097412109375
    endloop
  endfacet
  facet normal 0.21643948647152783 0 -0.976296035378584
    outer loop
      vertex -17.460166931152344 15.5 20.6097412109375
      vertex -17.685871124267578 5.299999237060547 20.559703826904297
      vertex -17.685871124267578 15.5 20.559703826904297
    endloop
  endfacet
  facet normal -0.461748973791761 0 0.8870106454841766
    outer loop
      vertex -15.880061149597168 -5.299999237060547 15.598284721374512
      vertex -15.674999237060547 -18.5 15.705033302307129
      vertex -15.674999237060547 -5.299999237060547 15.705033302307129
    endloop
  endfacet
  facet normal -0.461748973791761 0 0.8870106454841766
    outer loop
      vertex -15.674999237060547 -18.5 15.705033302307129
      vertex -15.880061149597168 -5.299999237060547 15.598284721374512
      vertex -15.880061149597168 -18.5 15.598284721374512
    endloop
  endfacet
  facet normal -0.461748973791761 0 0.8870106454841765
    outer loop
      vertex -15.880061149597168 15.5 15.598284721374512
      vertex -15.674999237060547 5.299999237060547 15.705033302307129
      vertex -15.674999237060547 15.5 15.705033302307129
    endloop
  endfacet
  facet normal -0.461748973791761 0 0.8870106454841765
    outer loop
      vertex -15.674999237060547 5.299999237060547 15.705033302307129
      vertex -15.880061149597168 15.5 15.598284721374512
      vertex -15.880061149597168 5.299999237060547 15.598284721374512
    endloop
  endfacet
  facet normal -0.5373003692645782 0 0.843390961054331
    outer loop
      vertex -15.674999237060547 -5.299999237060547 15.705033302307129
      vertex -15.480022430419922 -18.5 15.82924747467041
      vertex -15.480022430419922 -5.299999237060547 15.82924747467041
    endloop
  endfacet
  facet normal -0.5373003692645782 0 0.843390961054331
    outer loop
      vertex -15.480022430419922 -18.5 15.82924747467041
      vertex -15.674999237060547 -5.299999237060547 15.705033302307129
      vertex -15.674999237060547 -18.5 15.705033302307129
    endloop
  endfacet
  facet normal -0.5373003692645781 0 0.8433909610543309
    outer loop
      vertex -15.674999237060547 15.5 15.705033302307129
      vertex -15.480022430419922 5.299999237060547 15.82924747467041
      vertex -15.480022430419922 15.5 15.82924747467041
    endloop
  endfacet
  facet normal -0.5373003692645781 0 0.8433909610543309
    outer loop
      vertex -15.480022430419922 5.299999237060547 15.82924747467041
      vertex -15.674999237060547 15.5 15.705033302307129
      vertex -15.674999237060547 5.299999237060547 15.705033302307129
    endloop
  endfacet
  facet normal 0.6087645663526035 0 0.7933509329127476
    outer loop
      vertex -18.703386306762695 -5.299999237060547 15.969983100891113
      vertex -18.519977569580078 -18.5 15.82924747467041
      vertex -18.519977569580078 -5.299999237060547 15.82924747467041
    endloop
  endfacet
  facet normal 0.6087645663526035 0 0.7933509329127476
    outer loop
      vertex -18.519977569580078 -18.5 15.82924747467041
      vertex -18.703386306762695 -5.299999237060547 15.969983100891113
      vertex -18.703386306762695 -18.5 15.969983100891113
    endloop
  endfacet
  facet normal 0.6087645663526035 0 0.7933509329127475
    outer loop
      vertex -18.703386306762695 15.5 15.969983100891113
      vertex -18.519977569580078 5.299999237060547 15.82924747467041
      vertex -18.519977569580078 15.5 15.82924747467041
    endloop
  endfacet
  facet normal 0.6087645663526035 0 0.7933509329127475
    outer loop
      vertex -18.519977569580078 5.299999237060547 15.82924747467041
      vertex -18.703386306762695 15.5 15.969983100891113
      vertex -18.703386306762695 5.299999237060547 15.969983100891113
    endloop
  endfacet
  facet normal 0.4617407928927598 0 -0.8870149041469176
    outer loop
      vertex -18.325000762939453 -18.5 20.294967651367188
      vertex -18.119937896728516 -5.299999237060547 20.401714324951172
      vertex -18.119937896728516 -18.5 20.401714324951172
    endloop
  endfacet
  facet normal 0.4617407928927598 0 -0.8870149041469176
    outer loop
      vertex -18.119937896728516 -5.299999237060547 20.401714324951172
      vertex -18.325000762939453 -18.5 20.294967651367188
      vertex -18.325000762939453 -5.299999237060547 20.294967651367188
    endloop
  endfacet
  facet normal 0.4617407928927599 0 -0.8870149041469177
    outer loop
      vertex -18.325000762939453 5.299999237060547 20.294967651367188
      vertex -18.119937896728516 15.5 20.401714324951172
      vertex -18.119937896728516 5.299999237060547 20.401714324951172
    endloop
  endfacet
  facet normal 0.4617407928927599 0 -0.8870149041469177
    outer loop
      vertex -18.119937896728516 15.5 20.401714324951172
      vertex -18.325000762939453 5.299999237060547 20.294967651367188
      vertex -18.325000762939453 15.5 20.294967651367188
    endloop
  endfacet
  facet normal -0.9537164273580752 0 0.30070745948072114
    outer loop
      vertex -14.509814262390137 -18.5 17.093647003173828
      vertex -14.440296173095703 -5.299999237060547 17.314128875732422
      vertex -14.509814262390137 -5.299999237060547 17.093647003173828
    endloop
  endfacet
  facet normal -0.9537164273580752 0 0.30070745948072114
    outer loop
      vertex -14.440296173095703 -5.299999237060547 17.314128875732422
      vertex -14.509814262390137 -18.5 17.093647003173828
      vertex -14.440296173095703 -18.5 17.314128875732422
    endloop
  endfacet
  facet normal -0.953716427358075 0 0.30070745948072114
    outer loop
      vertex -14.509814262390137 5.299999237060547 17.093647003173828
      vertex -14.440296173095703 15.5 17.314128875732422
      vertex -14.509814262390137 15.5 17.093647003173828
    endloop
  endfacet
  facet normal -0.953716427358075 0 0.30070745948072114
    outer loop
      vertex -14.440296173095703 15.5 17.314128875732422
      vertex -14.509814262390137 5.299999237060547 17.093647003173828
      vertex -14.440296173095703 5.299999237060547 17.314128875732422
    endloop
  endfacet
  facet normal -0.6755875046472339 0 0.7372798136152404
    outer loop
      vertex -15.296612739562988 -5.299999237060547 15.969983100891113
      vertex -15.126166343688965 -18.5 16.12616729736328
      vertex -15.126166343688965 -5.299999237060547 16.12616729736328
    endloop
  endfacet
  facet normal -0.6755875046472339 0 0.7372798136152404
    outer loop
      vertex -15.126166343688965 -18.5 16.12616729736328
      vertex -15.296612739562988 -5.299999237060547 15.969983100891113
      vertex -15.296612739562988 -18.5 15.969983100891113
    endloop
  endfacet
  facet normal -0.675587504647234 0 0.7372798136152404
    outer loop
      vertex -15.296612739562988 15.5 15.969983100891113
      vertex -15.126166343688965 5.299999237060547 16.12616729736328
      vertex -15.126166343688965 15.5 16.12616729736328
    endloop
  endfacet
  facet normal -0.675587504647234 0 0.7372798136152404
    outer loop
      vertex -15.126166343688965 5.299999237060547 16.12616729736328
      vertex -15.296612739562988 15.5 15.969983100891113
      vertex -15.296612739562988 5.299999237060547 15.969983100891113
    endloop
  endfacet
  facet normal 0.843390961054331 0 0.5373003692645782
    outer loop
      vertex -19.294967651367188 -18.5 16.674999237060547
      vertex -19.170753479003906 -5.299999237060547 16.480022430419922
      vertex -19.294967651367188 -5.299999237060547 16.674999237060547
    endloop
  endfacet
  facet normal 0.843390961054331 0 0.5373003692645782
    outer loop
      vertex -19.170753479003906 -5.299999237060547 16.480022430419922
      vertex -19.294967651367188 -18.5 16.674999237060547
      vertex -19.170753479003906 -18.5 16.480022430419922
    endloop
  endfacet
  facet normal 0.8433909610543309 0 0.5373003692645781
    outer loop
      vertex -19.294967651367188 5.299999237060547 16.674999237060547
      vertex -19.170753479003906 15.5 16.480022430419922
      vertex -19.294967651367188 15.5 16.674999237060547
    endloop
  endfacet
  facet normal 0.8433909610543309 0 0.5373003692645781
    outer loop
      vertex -19.170753479003906 15.5 16.480022430419922
      vertex -19.294967651367188 5.299999237060547 16.674999237060547
      vertex -19.170753479003906 5.299999237060547 16.480022430419922
    endloop
  endfacet
  facet normal 0.9914454475035634 0 0.1305217400453226
    outer loop
      vertex -19.639915466308594 -18.5 17.7690372467041
      vertex -19.6097412109375 -5.299999237060547 17.539833068847656
      vertex -19.639915466308594 -5.299999237060547 17.7690372467041
    endloop
  endfacet
  facet normal 0.9914454475035634 0 0.1305217400453226
    outer loop
      vertex -19.6097412109375 -5.299999237060547 17.539833068847656
      vertex -19.639915466308594 -18.5 17.7690372467041
      vertex -19.6097412109375 -18.5 17.539833068847656
    endloop
  endfacet
  facet normal 0.9914454475035636 0 0.13052174004532263
    outer loop
      vertex -19.639915466308594 5.299999237060547 17.7690372467041
      vertex -19.6097412109375 15.5 17.539833068847656
      vertex -19.639915466308594 15.5 17.7690372467041
    endloop
  endfacet
  facet normal 0.9914454475035636 0 0.13052174004532263
    outer loop
      vertex -19.6097412109375 15.5 17.539833068847656
      vertex -19.639915466308594 5.299999237060547 17.7690372467041
      vertex -19.6097412109375 5.299999237060547 17.539833068847656
    endloop
  endfacet
  facet normal 0.6755897470182879 0 -0.7372777588695901
    outer loop
      vertex -18.87383270263672 -18.5 19.87383270263672
      vertex -18.703386306762695 -5.299999237060547 20.030017852783203
      vertex -18.703386306762695 -18.5 20.030017852783203
    endloop
  endfacet
  facet normal 0.6755897470182879 0 -0.7372777588695901
    outer loop
      vertex -18.703386306762695 -5.299999237060547 20.030017852783203
      vertex -18.87383270263672 -18.5 19.87383270263672
      vertex -18.87383270263672 -5.299999237060547 19.87383270263672
    endloop
  endfacet
  facet normal 0.675589747018288 0 -0.7372777588695902
    outer loop
      vertex -18.87383270263672 5.299999237060547 19.87383270263672
      vertex -18.703386306762695 15.5 20.030017852783203
      vertex -18.703386306762695 5.299999237060547 20.030017852783203
    endloop
  endfacet
  facet normal 0.675589747018288 0 -0.7372777588695902
    outer loop
      vertex -18.703386306762695 15.5 20.030017852783203
      vertex -18.87383270263672 5.299999237060547 19.87383270263672
      vertex -18.87383270263672 15.5 19.87383270263672
    endloop
  endfacet
  facet normal 0.9537152442835665 0 -0.30071121166517384
    outer loop
      vertex -19.490184783935547 -18.5 18.906352996826172
      vertex -19.559703826904297 -5.299999237060547 18.685871124267578
      vertex -19.490184783935547 -5.299999237060547 18.906352996826172
    endloop
  endfacet
  facet normal 0.9537152442835665 0 -0.30071121166517384
    outer loop
      vertex -19.559703826904297 -5.299999237060547 18.685871124267578
      vertex -19.490184783935547 -18.5 18.906352996826172
      vertex -19.559703826904297 -18.5 18.685871124267578
    endloop
  endfacet
  facet normal 0.9537152442835666 0 -0.30071121166517384
    outer loop
      vertex -19.490184783935547 5.299999237060547 18.906352996826172
      vertex -19.559703826904297 15.5 18.685871124267578
      vertex -19.490184783935547 15.5 18.906352996826172
    endloop
  endfacet
  facet normal 0.9537152442835666 0 -0.30071121166517384
    outer loop
      vertex -19.559703826904297 15.5 18.685871124267578
      vertex -19.490184783935547 5.299999237060547 18.906352996826172
      vertex -19.559703826904297 5.299999237060547 18.685871124267578
    endloop
  endfacet
  facet normal 0.6087645663526035 0 -0.7933509329127476
    outer loop
      vertex -18.703386306762695 -18.5 20.030017852783203
      vertex -18.519977569580078 -5.299999237060547 20.170753479003906
      vertex -18.519977569580078 -18.5 20.170753479003906
    endloop
  endfacet
  facet normal 0.6087645663526035 0 -0.7933509329127476
    outer loop
      vertex -18.519977569580078 -5.299999237060547 20.170753479003906
      vertex -18.703386306762695 -18.5 20.030017852783203
      vertex -18.703386306762695 -5.299999237060547 20.030017852783203
    endloop
  endfacet
  facet normal 0.6087645663526035 0 -0.7933509329127475
    outer loop
      vertex -18.703386306762695 5.299999237060547 20.030017852783203
      vertex -18.519977569580078 15.5 20.170753479003906
      vertex -18.519977569580078 5.299999237060547 20.170753479003906
    endloop
  endfacet
  facet normal 0.6087645663526035 0 -0.7933509329127475
    outer loop
      vertex -18.519977569580078 15.5 20.170753479003906
      vertex -18.703386306762695 5.299999237060547 20.030017852783203
      vertex -18.703386306762695 15.5 20.030017852783203
    endloop
  endfacet
  facet normal 0.5373003692645782 0 -0.843390961054331
    outer loop
      vertex -18.519977569580078 -18.5 20.170753479003906
      vertex -18.325000762939453 -5.299999237060547 20.294967651367188
      vertex -18.325000762939453 -18.5 20.294967651367188
    endloop
  endfacet
  facet normal 0.5373003692645782 0 -0.843390961054331
    outer loop
      vertex -18.325000762939453 -5.299999237060547 20.294967651367188
      vertex -18.519977569580078 -18.5 20.170753479003906
      vertex -18.519977569580078 -5.299999237060547 20.170753479003906
    endloop
  endfacet
  facet normal 0.5373003692645781 0 -0.8433909610543309
    outer loop
      vertex -18.519977569580078 5.299999237060547 20.170753479003906
      vertex -18.325000762939453 15.5 20.294967651367188
      vertex -18.325000762939453 5.299999237060547 20.294967651367188
    endloop
  endfacet
  facet normal 0.5373003692645781 0 -0.8433909610543309
    outer loop
      vertex -18.325000762939453 15.5 20.294967651367188
      vertex -18.519977569580078 5.299999237060547 20.170753479003906
      vertex -18.519977569580078 15.5 20.170753479003906
    endloop
  endfacet
  facet normal 0.5373003692645782 0 0.843390961054331
    outer loop
      vertex -18.519977569580078 -5.299999237060547 15.82924747467041
      vertex -18.325000762939453 -18.5 15.705033302307129
      vertex -18.325000762939453 -5.299999237060547 15.705033302307129
    endloop
  endfacet
  facet normal 0.5373003692645782 0 0.843390961054331
    outer loop
      vertex -18.325000762939453 -18.5 15.705033302307129
      vertex -18.519977569580078 -5.299999237060547 15.82924747467041
      vertex -18.519977569580078 -18.5 15.82924747467041
    endloop
  endfacet
  facet normal 0.5373003692645781 0 0.8433909610543309
    outer loop
      vertex -18.519977569580078 15.5 15.82924747467041
      vertex -18.325000762939453 5.299999237060547 15.705033302307129
      vertex -18.325000762939453 15.5 15.705033302307129
    endloop
  endfacet
  facet normal 0.5373003692645781 0 0.8433909610543309
    outer loop
      vertex -18.325000762939453 5.299999237060547 15.705033302307129
      vertex -18.519977569580078 15.5 15.82924747467041
      vertex -18.519977569580078 5.299999237060547 15.82924747467041
    endloop
  endfacet
  facet normal 0.9990482026119077 0 0.04361982184645561
    outer loop
      vertex -19.649999618530273 -18.5 18
      vertex -19.639915466308594 -5.299999237060547 17.7690372467041
      vertex -19.649999618530273 -5.299999237060547 18
    endloop
  endfacet
  facet normal 0.9990482026119077 0 0.04361982184645561
    outer loop
      vertex -19.639915466308594 -5.299999237060547 17.7690372467041
      vertex -19.649999618530273 -18.5 18
      vertex -19.639915466308594 -18.5 17.7690372467041
    endloop
  endfacet
  facet normal 0.9990482026119079 0 0.04361982184645562
    outer loop
      vertex -19.649999618530273 5.299999237060547 18
      vertex -19.639915466308594 15.5 17.7690372467041
      vertex -19.649999618530273 15.5 18
    endloop
  endfacet
  facet normal 0.9990482026119079 0 0.04361982184645562
    outer loop
      vertex -19.639915466308594 15.5 17.7690372467041
      vertex -19.649999618530273 5.299999237060547 18
      vertex -19.639915466308594 5.299999237060547 17.7690372467041
    endloop
  endfacet
  facet normal -0.1305217400453226 0 -0.9914454475035634
    outer loop
      vertex -16.7690372467041 -18.5 20.639915466308594
      vertex -16.539833068847656 -5.299999237060547 20.6097412109375
      vertex -16.539833068847656 -18.5 20.6097412109375
    endloop
  endfacet
  facet normal -0.1305217400453226 0 -0.9914454475035634
    outer loop
      vertex -16.539833068847656 -5.299999237060547 20.6097412109375
      vertex -16.7690372467041 -18.5 20.639915466308594
      vertex -16.7690372467041 -5.299999237060547 20.639915466308594
    endloop
  endfacet
  facet normal -0.13052174004532263 0 -0.9914454475035636
    outer loop
      vertex -16.7690372467041 5.299999237060547 20.639915466308594
      vertex -16.539833068847656 15.5 20.6097412109375
      vertex -16.539833068847656 5.299999237060547 20.6097412109375
    endloop
  endfacet
  facet normal -0.13052174004532263 0 -0.9914454475035636
    outer loop
      vertex -16.539833068847656 15.5 20.6097412109375
      vertex -16.7690372467041 5.299999237060547 20.639915466308594
      vertex -16.7690372467041 15.5 20.639915466308594
    endloop
  endfacet
  facet normal 0.4617472842173928 0 0.8870115250197498
    outer loop
      vertex -18.325000762939453 -5.299999237060547 15.705033302307129
      vertex -18.119937896728516 -18.5 15.598284721374512
      vertex -18.119937896728516 -5.299999237060547 15.598284721374512
    endloop
  endfacet
  facet normal 0.4617472842173928 0 0.8870115250197498
    outer loop
      vertex -18.119937896728516 -18.5 15.598284721374512
      vertex -18.325000762939453 -5.299999237060547 15.705033302307129
      vertex -18.325000762939453 -18.5 15.705033302307129
    endloop
  endfacet
  facet normal 0.4617472842173928 0 0.8870115250197498
    outer loop
      vertex -18.325000762939453 15.5 15.705033302307129
      vertex -18.119937896728516 5.299999237060547 15.598284721374512
      vertex -18.119937896728516 15.5 15.598284721374512
    endloop
  endfacet
  facet normal 0.4617472842173928 0 0.8870115250197498
    outer loop
      vertex -18.119937896728516 5.299999237060547 15.598284721374512
      vertex -18.325000762939453 15.5 15.705033302307129
      vertex -18.325000762939453 5.299999237060547 15.705033302307129
    endloop
  endfacet
  facet normal 0.6755875046472339 0 0.7372798136152404
    outer loop
      vertex -18.87383270263672 -5.299999237060547 16.12616729736328
      vertex -18.703386306762695 -18.5 15.969983100891113
      vertex -18.703386306762695 -5.299999237060547 15.969983100891113
    endloop
  endfacet
  facet normal 0.6755875046472339 0 0.7372798136152404
    outer loop
      vertex -18.703386306762695 -18.5 15.969983100891113
      vertex -18.87383270263672 -5.299999237060547 16.12616729736328
      vertex -18.87383270263672 -18.5 16.12616729736328
    endloop
  endfacet
  facet normal 0.675587504647234 0 0.7372798136152404
    outer loop
      vertex -18.87383270263672 15.5 16.12616729736328
      vertex -18.703386306762695 5.299999237060547 15.969983100891113
      vertex -18.703386306762695 15.5 15.969983100891113
    endloop
  endfacet
  facet normal 0.675587504647234 0 0.7372798136152404
    outer loop
      vertex -18.703386306762695 5.299999237060547 15.969983100891113
      vertex -18.87383270263672 15.5 16.12616729736328
      vertex -18.87383270263672 5.299999237060547 16.12616729736328
    endloop
  endfacet
  facet normal 0.9990481869137849 0 -0.04362018138750665
    outer loop
      vertex -19.639915466308594 -18.5 18.230960845947266
      vertex -19.649999618530273 -5.299999237060547 18
      vertex -19.639915466308594 -5.299999237060547 18.230960845947266
    endloop
  endfacet
  facet normal 0.9990481869137849 0 -0.04362018138750665
    outer loop
      vertex -19.649999618530273 -5.299999237060547 18
      vertex -19.639915466308594 -18.5 18.230960845947266
      vertex -19.649999618530273 -18.5 18
    endloop
  endfacet
  facet normal 0.9990481869137849 0 -0.04362018138750665
    outer loop
      vertex -19.639915466308594 5.299999237060547 18.230960845947266
      vertex -19.649999618530273 15.5 18
      vertex -19.639915466308594 15.5 18.230960845947266
    endloop
  endfacet
  facet normal 0.9990481869137849 0 -0.04362018138750665
    outer loop
      vertex -19.649999618530273 15.5 18
      vertex -19.639915466308594 5.299999237060547 18.230960845947266
      vertex -19.649999618530273 5.299999237060547 18
    endloop
  endfacet
  facet normal -0.9238799254673602 0 -0.3826824836838301
    outer loop
      vertex -14.509814262390137 -18.5 18.906352996826172
      vertex -14.598283767700195 -5.299999237060547 19.119937896728516
      vertex -14.509814262390137 -5.299999237060547 18.906352996826172
    endloop
  endfacet
  facet normal -0.9238799254673602 0 -0.3826824836838301
    outer loop
      vertex -14.598283767700195 -5.299999237060547 19.119937896728516
      vertex -14.509814262390137 -18.5 18.906352996826172
      vertex -14.598283767700195 -18.5 19.119937896728516
    endloop
  endfacet
  facet normal -0.9238799254673603 0 -0.3826824836838302
    outer loop
      vertex -14.509814262390137 5.299999237060547 18.906352996826172
      vertex -14.598283767700195 15.5 19.119937896728516
      vertex -14.509814262390137 15.5 18.906352996826172
    endloop
  endfacet
  facet normal -0.9238799254673603 0 -0.3826824836838302
    outer loop
      vertex -14.598283767700195 15.5 19.119937896728516
      vertex -14.509814262390137 5.299999237060547 18.906352996826172
      vertex -14.598283767700195 5.299999237060547 19.119937896728516
    endloop
  endfacet
  facet normal -0.13052579497825245 0 0.9914449136716045
    outer loop
      vertex -16.7690372467041 -5.299999237060547 15.360084533691406
      vertex -16.539833068847656 -18.5 15.390259742736816
      vertex -16.539833068847656 -5.299999237060547 15.390259742736816
    endloop
  endfacet
  facet normal -0.13052579497825245 0 0.9914449136716045
    outer loop
      vertex -16.539833068847656 -18.5 15.390259742736816
      vertex -16.7690372467041 -5.299999237060547 15.360084533691406
      vertex -16.7690372467041 -18.5 15.360084533691406
    endloop
  endfacet
  facet normal -0.13052579497825245 0 0.9914449136716046
    outer loop
      vertex -16.7690372467041 15.5 15.360084533691406
      vertex -16.539833068847656 5.299999237060547 15.390259742736816
      vertex -16.539833068847656 15.5 15.390259742736816
    endloop
  endfacet
  facet normal -0.13052579497825245 0 0.9914449136716046
    outer loop
      vertex -16.539833068847656 5.299999237060547 15.390259742736816
      vertex -16.7690372467041 15.5 15.360084533691406
      vertex -16.7690372467041 5.299999237060547 15.360084533691406
    endloop
  endfacet
  facet normal -0.2164394864715278 0 -0.976296035378584
    outer loop
      vertex -16.539833068847656 -18.5 20.6097412109375
      vertex -16.314128875732422 -5.299999237060547 20.559703826904297
      vertex -16.314128875732422 -18.5 20.559703826904297
    endloop
  endfacet
  facet normal -0.2164394864715278 0 -0.976296035378584
    outer loop
      vertex -16.314128875732422 -5.299999237060547 20.559703826904297
      vertex -16.539833068847656 -18.5 20.6097412109375
      vertex -16.539833068847656 -5.299999237060547 20.6097412109375
    endloop
  endfacet
  facet normal -0.21643948647152783 0 -0.976296035378584
    outer loop
      vertex -16.539833068847656 5.299999237060547 20.6097412109375
      vertex -16.314128875732422 15.5 20.559703826904297
      vertex -16.314128875732422 5.299999237060547 20.559703826904297
    endloop
  endfacet
  facet normal -0.21643948647152783 0 -0.976296035378584
    outer loop
      vertex -16.314128875732422 15.5 20.559703826904297
      vertex -16.539833068847656 5.299999237060547 20.6097412109375
      vertex -16.539833068847656 15.5 20.6097412109375
    endloop
  endfacet
  facet normal 0.30071121166517384 0 -0.9537152442835665
    outer loop
      vertex -17.906352996826172 -18.5 20.490184783935547
      vertex -17.685871124267578 -5.299999237060547 20.559703826904297
      vertex -17.685871124267578 -18.5 20.559703826904297
    endloop
  endfacet
  facet normal 0.30071121166517384 0 -0.9537152442835665
    outer loop
      vertex -17.685871124267578 -5.299999237060547 20.559703826904297
      vertex -17.906352996826172 -18.5 20.490184783935547
      vertex -17.906352996826172 -5.299999237060547 20.490184783935547
    endloop
  endfacet
  facet normal 0.30071121166517384 0 -0.9537152442835666
    outer loop
      vertex -17.906352996826172 5.299999237060547 20.490184783935547
      vertex -17.685871124267578 15.5 20.559703826904297
      vertex -17.685871124267578 5.299999237060547 20.559703826904297
    endloop
  endfacet
  facet normal 0.30071121166517384 0 -0.9537152442835666
    outer loop
      vertex -17.685871124267578 15.5 20.559703826904297
      vertex -17.906352996826172 5.299999237060547 20.490184783935547
      vertex -17.906352996826172 15.5 20.490184783935547
    endloop
  endfacet
  facet normal 0.9238784669872905 0 -0.38268600475744313
    outer loop
      vertex -19.401714324951172 -18.5 19.119937896728516
      vertex -19.490184783935547 -5.299999237060547 18.906352996826172
      vertex -19.401714324951172 -5.299999237060547 19.119937896728516
    endloop
  endfacet
  facet normal 0.9238784669872905 0 -0.38268600475744313
    outer loop
      vertex -19.490184783935547 -5.299999237060547 18.906352996826172
      vertex -19.401714324951172 -18.5 19.119937896728516
      vertex -19.490184783935547 -18.5 18.906352996826172
    endloop
  endfacet
  facet normal 0.9238784669872906 0 -0.3826860047574432
    outer loop
      vertex -19.401714324951172 5.299999237060547 19.119937896728516
      vertex -19.490184783935547 15.5 18.906352996826172
      vertex -19.401714324951172 15.5 19.119937896728516
    endloop
  endfacet
  facet normal 0.9238784669872906 0 -0.3826860047574432
    outer loop
      vertex -19.490184783935547 15.5 18.906352996826172
      vertex -19.401714324951172 5.299999237060547 19.119937896728516
      vertex -19.490184783935547 5.299999237060547 18.906352996826172
    endloop
  endfacet
  facet normal -0.7933509329127476 0 0.6087645663526035
    outer loop
      vertex -14.969982147216797 -18.5 16.296613693237305
      vertex -14.829246520996094 -5.299999237060547 16.480022430419922
      vertex -14.969982147216797 -5.299999237060547 16.296613693237305
    endloop
  endfacet
  facet normal -0.7933509329127476 0 0.6087645663526035
    outer loop
      vertex -14.829246520996094 -5.299999237060547 16.480022430419922
      vertex -14.969982147216797 -18.5 16.296613693237305
      vertex -14.829246520996094 -18.5 16.480022430419922
    endloop
  endfacet
  facet normal -0.7933509329127475 0 0.6087645663526035
    outer loop
      vertex -14.969982147216797 5.299999237060547 16.296613693237305
      vertex -14.829246520996094 15.5 16.480022430419922
      vertex -14.969982147216797 15.5 16.296613693237305
    endloop
  endfacet
  facet normal -0.7933509329127475 0 0.6087645663526035
    outer loop
      vertex -14.829246520996094 15.5 16.480022430419922
      vertex -14.969982147216797 5.299999237060547 16.296613693237305
      vertex -14.829246520996094 5.299999237060547 16.480022430419922
    endloop
  endfacet
  facet normal 0.7933509329127476 0 0.6087645663526035
    outer loop
      vertex -19.170753479003906 -18.5 16.480022430419922
      vertex -19.030017852783203 -5.299999237060547 16.296613693237305
      vertex -19.170753479003906 -5.299999237060547 16.480022430419922
    endloop
  endfacet
  facet normal 0.7933509329127476 0 0.6087645663526035
    outer loop
      vertex -19.030017852783203 -5.299999237060547 16.296613693237305
      vertex -19.170753479003906 -18.5 16.480022430419922
      vertex -19.030017852783203 -18.5 16.296613693237305
    endloop
  endfacet
  facet normal 0.7933509329127475 0 0.6087645663526035
    outer loop
      vertex -19.170753479003906 5.299999237060547 16.480022430419922
      vertex -19.030017852783203 15.5 16.296613693237305
      vertex -19.170753479003906 15.5 16.480022430419922
    endloop
  endfacet
  facet normal 0.7933509329127475 0 0.6087645663526035
    outer loop
      vertex -19.030017852783203 15.5 16.296613693237305
      vertex -19.170753479003906 5.299999237060547 16.480022430419922
      vertex -19.030017852783203 5.299999237060547 16.296613693237305
    endloop
  endfacet
  facet normal -0.9914449136716045 0 0.13052579497825245
    outer loop
      vertex -14.3902587890625 -18.5 17.539833068847656
      vertex -14.36008358001709 -5.299999237060547 17.7690372467041
      vertex -14.3902587890625 -5.299999237060547 17.539833068847656
    endloop
  endfacet
  facet normal -0.9914449136716045 0 0.13052579497825245
    outer loop
      vertex -14.36008358001709 -5.299999237060547 17.7690372467041
      vertex -14.3902587890625 -18.5 17.539833068847656
      vertex -14.36008358001709 -18.5 17.7690372467041
    endloop
  endfacet
  facet normal -0.9914449136716046 0 0.13052579497825245
    outer loop
      vertex -14.3902587890625 5.299999237060547 17.539833068847656
      vertex -14.36008358001709 15.5 17.7690372467041
      vertex -14.3902587890625 15.5 17.539833068847656
    endloop
  endfacet
  facet normal -0.9914449136716046 0 0.13052579497825245
    outer loop
      vertex -14.36008358001709 15.5 17.7690372467041
      vertex -14.3902587890625 5.299999237060547 17.539833068847656
      vertex -14.36008358001709 5.299999237060547 17.7690372467041
    endloop
  endfacet
  facet normal -0.976296035378584 0 -0.2164394864715278
    outer loop
      vertex -14.3902587890625 -18.5 18.460166931152344
      vertex -14.440296173095703 -5.299999237060547 18.685871124267578
      vertex -14.3902587890625 -5.299999237060547 18.460166931152344
    endloop
  endfacet
  facet normal -0.976296035378584 0 -0.2164394864715278
    outer loop
      vertex -14.440296173095703 -5.299999237060547 18.685871124267578
      vertex -14.3902587890625 -18.5 18.460166931152344
      vertex -14.440296173095703 -18.5 18.685871124267578
    endloop
  endfacet
  facet normal -0.976296035378584 0 -0.21643948647152783
    outer loop
      vertex -14.3902587890625 5.299999237060547 18.460166931152344
      vertex -14.440296173095703 15.5 18.685871124267578
      vertex -14.3902587890625 15.5 18.460166931152344
    endloop
  endfacet
  facet normal -0.976296035378584 0 -0.21643948647152783
    outer loop
      vertex -14.440296173095703 15.5 18.685871124267578
      vertex -14.3902587890625 5.299999237060547 18.460166931152344
      vertex -14.440296173095703 5.299999237060547 18.685871124267578
    endloop
  endfacet
  facet normal -0.8870115250197498 0 0.4617472842173928
    outer loop
      vertex -14.705032348632812 -18.5 16.674999237060547
      vertex -14.598283767700195 -5.299999237060547 16.880062103271484
      vertex -14.705032348632812 -5.299999237060547 16.674999237060547
    endloop
  endfacet
  facet normal -0.8870115250197498 0 0.4617472842173928
    outer loop
      vertex -14.598283767700195 -5.299999237060547 16.880062103271484
      vertex -14.705032348632812 -18.5 16.674999237060547
      vertex -14.598283767700195 -18.5 16.880062103271484
    endloop
  endfacet
  facet normal -0.8870115250197498 0 0.4617472842173928
    outer loop
      vertex -14.705032348632812 5.299999237060547 16.674999237060547
      vertex -14.598283767700195 15.5 16.880062103271484
      vertex -14.705032348632812 15.5 16.674999237060547
    endloop
  endfacet
  facet normal -0.8870115250197498 0 0.4617472842173928
    outer loop
      vertex -14.598283767700195 15.5 16.880062103271484
      vertex -14.705032348632812 5.299999237060547 16.674999237060547
      vertex -14.598283767700195 5.299999237060547 16.880062103271484
    endloop
  endfacet
  facet normal 0.7372777588695901 0 0.6755897470182879
    outer loop
      vertex -19.030017852783203 -18.5 16.296613693237305
      vertex -18.87383270263672 -5.299999237060547 16.12616729736328
      vertex -19.030017852783203 -5.299999237060547 16.296613693237305
    endloop
  endfacet
  facet normal 0.7372777588695901 0 0.6755897470182879
    outer loop
      vertex -18.87383270263672 -5.299999237060547 16.12616729736328
      vertex -19.030017852783203 -18.5 16.296613693237305
      vertex -18.87383270263672 -18.5 16.12616729736328
    endloop
  endfacet
  facet normal 0.7372777588695902 0 0.675589747018288
    outer loop
      vertex -19.030017852783203 5.299999237060547 16.296613693237305
      vertex -18.87383270263672 15.5 16.12616729736328
      vertex -19.030017852783203 15.5 16.296613693237305
    endloop
  endfacet
  facet normal 0.7372777588695902 0 0.675589747018288
    outer loop
      vertex -18.87383270263672 15.5 16.12616729736328
      vertex -19.030017852783203 5.299999237060547 16.296613693237305
      vertex -18.87383270263672 5.299999237060547 16.12616729736328
    endloop
  endfacet
  facet normal 0.7372777588695901 0 -0.6755897470182879
    outer loop
      vertex -18.87383270263672 -18.5 19.87383270263672
      vertex -19.030017852783203 -5.299999237060547 19.703386306762695
      vertex -18.87383270263672 -5.299999237060547 19.87383270263672
    endloop
  endfacet
  facet normal 0.7372777588695901 0 -0.6755897470182879
    outer loop
      vertex -19.030017852783203 -5.299999237060547 19.703386306762695
      vertex -18.87383270263672 -18.5 19.87383270263672
      vertex -19.030017852783203 -18.5 19.703386306762695
    endloop
  endfacet
  facet normal 0.7372777588695902 0 -0.675589747018288
    outer loop
      vertex -18.87383270263672 5.299999237060547 19.87383270263672
      vertex -19.030017852783203 15.5 19.703386306762695
      vertex -18.87383270263672 15.5 19.87383270263672
    endloop
  endfacet
  facet normal 0.7372777588695902 0 -0.675589747018288
    outer loop
      vertex -19.030017852783203 15.5 19.703386306762695
      vertex -18.87383270263672 5.299999237060547 19.87383270263672
      vertex -19.030017852783203 5.299999237060547 19.703386306762695
    endloop
  endfacet
  facet normal -0.382684546278048 0 -0.9238790711126456
    outer loop
      vertex -16.093647003173828 -18.5 20.490184783935547
      vertex -15.880061149597168 -5.299999237060547 20.401714324951172
      vertex -15.880061149597168 -18.5 20.401714324951172
    endloop
  endfacet
  facet normal -0.382684546278048 0 -0.9238790711126456
    outer loop
      vertex -15.880061149597168 -5.299999237060547 20.401714324951172
      vertex -16.093647003173828 -18.5 20.490184783935547
      vertex -16.093647003173828 -5.299999237060547 20.490184783935547
    endloop
  endfacet
  facet normal -0.38268454627804793 0 -0.9238790711126454
    outer loop
      vertex -16.093647003173828 5.299999237060547 20.490184783935547
      vertex -15.880061149597168 15.5 20.401714324951172
      vertex -15.880061149597168 5.299999237060547 20.401714324951172
    endloop
  endfacet
  facet normal -0.38268454627804793 0 -0.9238790711126454
    outer loop
      vertex -15.880061149597168 15.5 20.401714324951172
      vertex -16.093647003173828 5.299999237060547 20.490184783935547
      vertex -16.093647003173828 15.5 20.490184783935547
    endloop
  endfacet
  facet normal -0.6087625740325663 0 0.7933524616822237
    outer loop
      vertex -15.480022430419922 -5.299999237060547 15.82924747467041
      vertex -15.296612739562988 -18.5 15.969983100891113
      vertex -15.296612739562988 -5.299999237060547 15.969983100891113
    endloop
  endfacet
  facet normal -0.6087625740325663 0 0.7933524616822237
    outer loop
      vertex -15.296612739562988 -18.5 15.969983100891113
      vertex -15.480022430419922 -5.299999237060547 15.82924747467041
      vertex -15.480022430419922 -18.5 15.82924747467041
    endloop
  endfacet
  facet normal -0.6087625740325663 0 0.7933524616822237
    outer loop
      vertex -15.480022430419922 15.5 15.82924747467041
      vertex -15.296612739562988 5.299999237060547 15.969983100891113
      vertex -15.296612739562988 15.5 15.969983100891113
    endloop
  endfacet
  facet normal -0.6087625740325663 0 0.7933524616822237
    outer loop
      vertex -15.296612739562988 5.299999237060547 15.969983100891113
      vertex -15.480022430419922 15.5 15.82924747467041
      vertex -15.480022430419922 5.299999237060547 15.82924747467041
    endloop
  endfacet
  facet normal 0.8870149041469176 0 0.4617407928927598
    outer loop
      vertex -19.401714324951172 -18.5 16.880062103271484
      vertex -19.294967651367188 -5.299999237060547 16.674999237060547
      vertex -19.401714324951172 -5.299999237060547 16.880062103271484
    endloop
  endfacet
  facet normal 0.8870149041469176 0 0.4617407928927598
    outer loop
      vertex -19.294967651367188 -5.299999237060547 16.674999237060547
      vertex -19.401714324951172 -18.5 16.880062103271484
      vertex -19.294967651367188 -18.5 16.674999237060547
    endloop
  endfacet
  facet normal 0.8870149041469177 0 0.4617407928927599
    outer loop
      vertex -19.401714324951172 5.299999237060547 16.880062103271484
      vertex -19.294967651367188 15.5 16.674999237060547
      vertex -19.401714324951172 15.5 16.880062103271484
    endloop
  endfacet
  facet normal 0.8870149041469177 0 0.4617407928927599
    outer loop
      vertex -19.294967651367188 15.5 16.674999237060547
      vertex -19.401714324951172 5.299999237060547 16.880062103271484
      vertex -19.294967651367188 5.299999237060547 16.674999237060547
    endloop
  endfacet
  facet normal -0.9537164273580752 0 -0.30070745948072114
    outer loop
      vertex -14.440296173095703 -18.5 18.685871124267578
      vertex -14.509814262390137 -5.299999237060547 18.906352996826172
      vertex -14.440296173095703 -5.299999237060547 18.685871124267578
    endloop
  endfacet
  facet normal -0.9537164273580752 0 -0.30070745948072114
    outer loop
      vertex -14.509814262390137 -5.299999237060547 18.906352996826172
      vertex -14.440296173095703 -18.5 18.685871124267578
      vertex -14.509814262390137 -18.5 18.906352996826172
    endloop
  endfacet
  facet normal -0.953716427358075 0 -0.30070745948072114
    outer loop
      vertex -14.440296173095703 5.299999237060547 18.685871124267578
      vertex -14.509814262390137 15.5 18.906352996826172
      vertex -14.440296173095703 15.5 18.685871124267578
    endloop
  endfacet
  facet normal -0.953716427358075 0 -0.30070745948072114
    outer loop
      vertex -14.509814262390137 15.5 18.906352996826172
      vertex -14.440296173095703 5.299999237060547 18.685871124267578
      vertex -14.509814262390137 5.299999237060547 18.906352996826172
    endloop
  endfacet
  facet normal 0.04362018138750665 0 0.9990481869137849
    outer loop
      vertex -17.230960845947266 -5.299999237060547 15.360084533691406
      vertex -17 -18.5 15.350000381469727
      vertex -17 -5.299999237060547 15.350000381469727
    endloop
  endfacet
  facet normal 0.04362018138750665 0 0.9990481869137849
    outer loop
      vertex -17 -18.5 15.350000381469727
      vertex -17.230960845947266 -5.299999237060547 15.360084533691406
      vertex -17.230960845947266 -18.5 15.360084533691406
    endloop
  endfacet
  facet normal 0.04362018138750665 0 0.9990481869137849
    outer loop
      vertex -17.230960845947266 15.5 15.360084533691406
      vertex -17 5.299999237060547 15.350000381469727
      vertex -17 15.5 15.350000381469727
    endloop
  endfacet
  facet normal 0.04362018138750665 0 0.9990481869137849
    outer loop
      vertex -17 5.299999237060547 15.350000381469727
      vertex -17.230960845947266 15.5 15.360084533691406
      vertex -17.230960845947266 5.299999237060547 15.360084533691406
    endloop
  endfacet
  facet normal -0.8870115250197498 0 -0.4617472842173928
    outer loop
      vertex -14.598283767700195 -18.5 19.119937896728516
      vertex -14.705032348632812 -5.299999237060547 19.325000762939453
      vertex -14.598283767700195 -5.299999237060547 19.119937896728516
    endloop
  endfacet
  facet normal -0.8870115250197498 0 -0.4617472842173928
    outer loop
      vertex -14.705032348632812 -5.299999237060547 19.325000762939453
      vertex -14.598283767700195 -18.5 19.119937896728516
      vertex -14.705032348632812 -18.5 19.325000762939453
    endloop
  endfacet
  facet normal -0.8870115250197498 0 -0.4617472842173928
    outer loop
      vertex -14.598283767700195 5.299999237060547 19.119937896728516
      vertex -14.705032348632812 15.5 19.325000762939453
      vertex -14.598283767700195 15.5 19.119937896728516
    endloop
  endfacet
  facet normal -0.8870115250197498 0 -0.4617472842173928
    outer loop
      vertex -14.705032348632812 15.5 19.325000762939453
      vertex -14.598283767700195 5.299999237060547 19.119937896728516
      vertex -14.705032348632812 5.299999237060547 19.325000762939453
    endloop
  endfacet
  facet normal -0.7372798136152404 0 -0.6755875046472339
    outer loop
      vertex -14.969982147216797 -18.5 19.703386306762695
      vertex -15.126166343688965 -5.299999237060547 19.87383270263672
      vertex -14.969982147216797 -5.299999237060547 19.703386306762695
    endloop
  endfacet
  facet normal -0.7372798136152404 0 -0.6755875046472339
    outer loop
      vertex -15.126166343688965 -5.299999237060547 19.87383270263672
      vertex -14.969982147216797 -18.5 19.703386306762695
      vertex -15.126166343688965 -18.5 19.87383270263672
    endloop
  endfacet
  facet normal -0.7372798136152404 0 -0.675587504647234
    outer loop
      vertex -14.969982147216797 5.299999237060547 19.703386306762695
      vertex -15.126166343688965 15.5 19.87383270263672
      vertex -14.969982147216797 15.5 19.703386306762695
    endloop
  endfacet
  facet normal -0.7372798136152404 0 -0.675587504647234
    outer loop
      vertex -15.126166343688965 15.5 19.87383270263672
      vertex -14.969982147216797 5.299999237060547 19.703386306762695
      vertex -15.126166343688965 5.299999237060547 19.87383270263672
    endloop
  endfacet
  facet normal -0.7372798136152404 0 0.6755875046472339
    outer loop
      vertex -15.126166343688965 -18.5 16.12616729736328
      vertex -14.969982147216797 -5.299999237060547 16.296613693237305
      vertex -15.126166343688965 -5.299999237060547 16.12616729736328
    endloop
  endfacet
  facet normal -0.7372798136152404 0 0.6755875046472339
    outer loop
      vertex -14.969982147216797 -5.299999237060547 16.296613693237305
      vertex -15.126166343688965 -18.5 16.12616729736328
      vertex -14.969982147216797 -18.5 16.296613693237305
    endloop
  endfacet
  facet normal -0.7372798136152404 0 0.675587504647234
    outer loop
      vertex -15.126166343688965 5.299999237060547 16.12616729736328
      vertex -14.969982147216797 15.5 16.296613693237305
      vertex -15.126166343688965 15.5 16.12616729736328
    endloop
  endfacet
  facet normal -0.7372798136152404 0 0.675587504647234
    outer loop
      vertex -14.969982147216797 15.5 16.296613693237305
      vertex -15.126166343688965 5.299999237060547 16.12616729736328
      vertex -14.969982147216797 5.299999237060547 16.296613693237305
    endloop
  endfacet
  facet normal -0.46174248245624866 0 -0.887014024632723
    outer loop
      vertex -15.880061149597168 -18.5 20.401714324951172
      vertex -15.674999237060547 -5.299999237060547 20.294967651367188
      vertex -15.674999237060547 -18.5 20.294967651367188
    endloop
  endfacet
  facet normal -0.46174248245624866 0 -0.887014024632723
    outer loop
      vertex -15.674999237060547 -5.299999237060547 20.294967651367188
      vertex -15.880061149597168 -18.5 20.401714324951172
      vertex -15.880061149597168 -5.299999237060547 20.401714324951172
    endloop
  endfacet
  facet normal -0.4617424824562487 0 -0.887014024632723
    outer loop
      vertex -15.880061149597168 5.299999237060547 20.401714324951172
      vertex -15.674999237060547 15.5 20.294967651367188
      vertex -15.674999237060547 5.299999237060547 20.294967651367188
    endloop
  endfacet
  facet normal -0.4617424824562487 0 -0.887014024632723
    outer loop
      vertex -15.674999237060547 15.5 20.294967651367188
      vertex -15.880061149597168 5.299999237060547 20.401714324951172
      vertex -15.880061149597168 15.5 20.401714324951172
    endloop
  endfacet
  facet normal 0.976296035378584 0 0.2164394864715278
    outer loop
      vertex -19.6097412109375 -18.5 17.539833068847656
      vertex -19.559703826904297 -5.299999237060547 17.314128875732422
      vertex -19.6097412109375 -5.299999237060547 17.539833068847656
    endloop
  endfacet
  facet normal 0.976296035378584 0 0.2164394864715278
    outer loop
      vertex -19.559703826904297 -5.299999237060547 17.314128875732422
      vertex -19.6097412109375 -18.5 17.539833068847656
      vertex -19.559703826904297 -18.5 17.314128875732422
    endloop
  endfacet
  facet normal 0.976296035378584 0 0.21643948647152783
    outer loop
      vertex -19.6097412109375 5.299999237060547 17.539833068847656
      vertex -19.559703826904297 15.5 17.314128875732422
      vertex -19.6097412109375 15.5 17.539833068847656
    endloop
  endfacet
  facet normal 0.976296035378584 0 0.21643948647152783
    outer loop
      vertex -19.559703826904297 15.5 17.314128875732422
      vertex -19.6097412109375 5.299999237060547 17.539833068847656
      vertex -19.559703826904297 5.299999237060547 17.314128875732422
    endloop
  endfacet
  facet normal 0.9537152442835665 0 0.30071121166517384
    outer loop
      vertex -19.559703826904297 -18.5 17.314128875732422
      vertex -19.490184783935547 -5.299999237060547 17.093647003173828
      vertex -19.559703826904297 -5.299999237060547 17.314128875732422
    endloop
  endfacet
  facet normal 0.9537152442835665 0 0.30071121166517384
    outer loop
      vertex -19.490184783935547 -5.299999237060547 17.093647003173828
      vertex -19.559703826904297 -18.5 17.314128875732422
      vertex -19.490184783935547 -18.5 17.093647003173828
    endloop
  endfacet
  facet normal 0.9537152442835666 0 0.30071121166517384
    outer loop
      vertex -19.559703826904297 5.299999237060547 17.314128875732422
      vertex -19.490184783935547 15.5 17.093647003173828
      vertex -19.559703826904297 15.5 17.314128875732422
    endloop
  endfacet
  facet normal 0.9537152442835666 0 0.30071121166517384
    outer loop
      vertex -19.490184783935547 15.5 17.093647003173828
      vertex -19.559703826904297 5.299999237060547 17.314128875732422
      vertex -19.490184783935547 5.299999237060547 17.093647003173828
    endloop
  endfacet
  facet normal 0.3826824836838301 0 0.9238799254673602
    outer loop
      vertex -18.119937896728516 -5.299999237060547 15.598284721374512
      vertex -17.906352996826172 -18.5 15.509815216064453
      vertex -17.906352996826172 -5.299999237060547 15.509815216064453
    endloop
  endfacet
  facet normal 0.3826824836838301 0 0.9238799254673602
    outer loop
      vertex -17.906352996826172 -18.5 15.509815216064453
      vertex -18.119937896728516 -5.299999237060547 15.598284721374512
      vertex -18.119937896728516 -18.5 15.598284721374512
    endloop
  endfacet
  facet normal 0.3826824836838302 0 0.9238799254673603
    outer loop
      vertex -18.119937896728516 15.5 15.598284721374512
      vertex -17.906352996826172 5.299999237060547 15.509815216064453
      vertex -17.906352996826172 15.5 15.509815216064453
    endloop
  endfacet
  facet normal 0.3826824836838302 0 0.9238799254673603
    outer loop
      vertex -17.906352996826172 5.299999237060547 15.509815216064453
      vertex -18.119937896728516 15.5 15.598284721374512
      vertex -18.119937896728516 5.299999237060547 15.598284721374512
    endloop
  endfacet
  facet normal -0.04361982184645561 0 0.9990482026119077
    outer loop
      vertex -17 -5.299999237060547 15.350000381469727
      vertex -16.7690372467041 -18.5 15.360084533691406
      vertex -16.7690372467041 -5.299999237060547 15.360084533691406
    endloop
  endfacet
  facet normal -0.04361982184645561 0 0.9990482026119077
    outer loop
      vertex -16.7690372467041 -18.5 15.360084533691406
      vertex -17 -5.299999237060547 15.350000381469727
      vertex -17 -18.5 15.350000381469727
    endloop
  endfacet
  facet normal -0.04361982184645562 0 0.9990482026119079
    outer loop
      vertex -17 15.5 15.350000381469727
      vertex -16.7690372467041 5.299999237060547 15.360084533691406
      vertex -16.7690372467041 15.5 15.360084533691406
    endloop
  endfacet
  facet normal -0.04361982184645562 0 0.9990482026119079
    outer loop
      vertex -16.7690372467041 5.299999237060547 15.360084533691406
      vertex -17 15.5 15.350000381469727
      vertex -17 5.299999237060547 15.350000381469727
    endloop
  endfacet
  facet normal -0.5373003692645782 0 -0.843390961054331
    outer loop
      vertex -15.674999237060547 -18.5 20.294967651367188
      vertex -15.480022430419922 -5.299999237060547 20.170753479003906
      vertex -15.480022430419922 -18.5 20.170753479003906
    endloop
  endfacet
  facet normal -0.5373003692645782 0 -0.843390961054331
    outer loop
      vertex -15.480022430419922 -5.299999237060547 20.170753479003906
      vertex -15.674999237060547 -18.5 20.294967651367188
      vertex -15.674999237060547 -5.299999237060547 20.294967651367188
    endloop
  endfacet
  facet normal -0.5373003692645781 0 -0.8433909610543309
    outer loop
      vertex -15.674999237060547 5.299999237060547 20.294967651367188
      vertex -15.480022430419922 15.5 20.170753479003906
      vertex -15.480022430419922 5.299999237060547 20.170753479003906
    endloop
  endfacet
  facet normal -0.5373003692645781 0 -0.8433909610543309
    outer loop
      vertex -15.480022430419922 15.5 20.170753479003906
      vertex -15.674999237060547 5.299999237060547 20.294967651367188
      vertex -15.674999237060547 15.5 20.294967651367188
    endloop
  endfacet
  facet normal -0.2164394864715278 0 0.976296035378584
    outer loop
      vertex -16.539833068847656 -5.299999237060547 15.390259742736816
      vertex -16.314128875732422 -18.5 15.44029712677002
      vertex -16.314128875732422 -5.299999237060547 15.44029712677002
    endloop
  endfacet
  facet normal -0.2164394864715278 0 0.976296035378584
    outer loop
      vertex -16.314128875732422 -18.5 15.44029712677002
      vertex -16.539833068847656 -5.299999237060547 15.390259742736816
      vertex -16.539833068847656 -18.5 15.390259742736816
    endloop
  endfacet
  facet normal -0.21643948647152783 0 0.976296035378584
    outer loop
      vertex -16.539833068847656 15.5 15.390259742736816
      vertex -16.314128875732422 5.299999237060547 15.44029712677002
      vertex -16.314128875732422 15.5 15.44029712677002
    endloop
  endfacet
  facet normal -0.21643948647152783 0 0.976296035378584
    outer loop
      vertex -16.314128875732422 5.299999237060547 15.44029712677002
      vertex -16.539833068847656 15.5 15.390259742736816
      vertex -16.539833068847656 5.299999237060547 15.390259742736816
    endloop
  endfacet
  facet normal 0.13052472730698264 0 0.9914450542321738
    outer loop
      vertex -17.460166931152344 -5.299999237060547 15.390259742736816
      vertex -17.230960845947266 -18.5 15.360084533691406
      vertex -17.230960845947266 -5.299999237060547 15.360084533691406
    endloop
  endfacet
  facet normal 0.13052472730698264 0 0.9914450542321738
    outer loop
      vertex -17.230960845947266 -18.5 15.360084533691406
      vertex -17.460166931152344 -5.299999237060547 15.390259742736816
      vertex -17.460166931152344 -18.5 15.390259742736816
    endloop
  endfacet
  facet normal 0.13052472730698264 0 0.9914450542321738
    outer loop
      vertex -17.460166931152344 15.5 15.390259742736816
      vertex -17.230960845947266 5.299999237060547 15.360084533691406
      vertex -17.230960845947266 15.5 15.360084533691406
    endloop
  endfacet
  facet normal 0.13052472730698264 0 0.9914450542321738
    outer loop
      vertex -17.230960845947266 5.299999237060547 15.360084533691406
      vertex -17.460166931152344 15.5 15.390259742736816
      vertex -17.460166931152344 5.299999237060547 15.390259742736816
    endloop
  endfacet
  facet normal -0.30070745948072114 0 0.9537164273580752
    outer loop
      vertex -16.314128875732422 -5.299999237060547 15.44029712677002
      vertex -16.093647003173828 -18.5 15.509815216064453
      vertex -16.093647003173828 -5.299999237060547 15.509815216064453
    endloop
  endfacet
  facet normal -0.30070745948072114 0 0.9537164273580752
    outer loop
      vertex -16.093647003173828 -18.5 15.509815216064453
      vertex -16.314128875732422 -5.299999237060547 15.44029712677002
      vertex -16.314128875732422 -18.5 15.44029712677002
    endloop
  endfacet
  facet normal -0.30070745948072114 0 0.953716427358075
    outer loop
      vertex -16.314128875732422 15.5 15.44029712677002
      vertex -16.093647003173828 5.299999237060547 15.509815216064453
      vertex -16.093647003173828 15.5 15.509815216064453
    endloop
  endfacet
  facet normal -0.30070745948072114 0 0.953716427358075
    outer loop
      vertex -16.093647003173828 5.299999237060547 15.509815216064453
      vertex -16.314128875732422 15.5 15.44029712677002
      vertex -16.314128875732422 5.299999237060547 15.44029712677002
    endloop
  endfacet
  facet normal 0.2164394864715278 0 0.976296035378584
    outer loop
      vertex -17.685871124267578 -5.299999237060547 15.44029712677002
      vertex -17.460166931152344 -18.5 15.390259742736816
      vertex -17.460166931152344 -5.299999237060547 15.390259742736816
    endloop
  endfacet
  facet normal 0.2164394864715278 0 0.976296035378584
    outer loop
      vertex -17.460166931152344 -18.5 15.390259742736816
      vertex -17.685871124267578 -5.299999237060547 15.44029712677002
      vertex -17.685871124267578 -18.5 15.44029712677002
    endloop
  endfacet
  facet normal 0.21643948647152783 0 0.976296035378584
    outer loop
      vertex -17.685871124267578 15.5 15.44029712677002
      vertex -17.460166931152344 5.299999237060547 15.390259742736816
      vertex -17.460166931152344 15.5 15.390259742736816
    endloop
  endfacet
  facet normal 0.21643948647152783 0 0.976296035378584
    outer loop
      vertex -17.460166931152344 5.299999237060547 15.390259742736816
      vertex -17.685871124267578 15.5 15.44029712677002
      vertex -17.685871124267578 5.299999237060547 15.44029712677002
    endloop
  endfacet
  facet normal -0.9914447179965291 0 0.13052728127400376
    outer loop
      vertex -12.568365097045898 15.5 17.218582153320312
      vertex -12.517123222351074 25 17.607799530029297
      vertex -12.568365097045898 25 17.218582153320312
    endloop
  endfacet
  facet normal -0.9914447179965291 0 0.13052728127400376
    outer loop
      vertex -12.517123222351074 25 17.607799530029297
      vertex -12.568365097045898 15.5 17.218582153320312
      vertex -12.517123222351074 15.5 17.607799530029297
    endloop
  endfacet
  facet normal -0.6087600828504206 0 -0.7933543732330143
    outer loop
      vertex -14.418905258178711 15.5 21.68618392944336
      vertex -14.107455253601074 25 21.447200775146484
      vertex -14.107455253601074 15.5 21.447200775146484
    endloop
  endfacet
  facet normal -0.6087600828504206 0 -0.7933543732330143
    outer loop
      vertex -14.107455253601074 25 21.447200775146484
      vertex -14.418905258178711 15.5 21.68618392944336
      vertex -14.418905258178711 25 21.68618392944336
    endloop
  endfacet
  facet normal -0.9990482904014542 0 -0.043617811108901866
    outer loop
      vertex -12.5 15.5 18
      vertex -12.517123222351074 25 18.392200469970703
      vertex -12.5 25 18
    endloop
  endfacet
  facet normal -0.9990482904014542 0 -0.043617811108901866
    outer loop
      vertex -12.517123222351074 25 18.392200469970703
      vertex -12.5 15.5 18
      vertex -12.517123222351074 15.5 18.392200469970703
    endloop
  endfacet
  facet normal -0.46174920899399 0 -0.8870105230454848
    outer loop
      vertex -15.098217010498047 15.5 22.078384399414062
      vertex -14.75 25 21.897113800048828
      vertex -14.75 15.5 21.897113800048828
    endloop
  endfacet
  facet normal -0.46174920899399 0 -0.8870105230454848
    outer loop
      vertex -14.75 25 21.897113800048828
      vertex -15.098217010498047 15.5 22.078384399414062
      vertex -15.098217010498047 25 22.078384399414062
    endloop
  endfacet
  facet normal -0.04362023577170984 0 0.9990481845392746
    outer loop
      vertex -17 25 13.5
      vertex -16.607799530029297 15.5 13.51712417602539
      vertex -16.607799530029297 25 13.51712417602539
    endloop
  endfacet
  facet normal -0.04362023577170984 0 0.9990481845392746
    outer loop
      vertex -16.607799530029297 15.5 13.51712417602539
      vertex -17 25 13.5
      vertex -17 15.5 13.5
    endloop
  endfacet
  facet normal -0.6087616118678708 0 0.7933531999784407
    outer loop
      vertex -14.418905258178711 25 14.31381607055664
      vertex -14.107455253601074 15.5 14.552800178527832
      vertex -14.107455253601074 25 14.552800178527832
    endloop
  endfacet
  facet normal -0.6087616118678708 0 0.7933531999784407
    outer loop
      vertex -14.107455253601074 15.5 14.552800178527832
      vertex -14.418905258178711 25 14.31381607055664
      vertex -14.418905258178711 15.5 14.31381607055664
    endloop
  endfacet
  facet normal 0.7372759404368239 0 0.6755917314865516
    outer loop
      vertex -20.447200775146484 15.5 15.10745620727539
      vertex -20.18198013305664 25 14.81801986694336
      vertex -20.447200775146484 25 15.10745620727539
    endloop
  endfacet
  facet normal 0.7372759404368239 0 0.6755917314865516
    outer loop
      vertex -20.18198013305664 25 14.81801986694336
      vertex -20.447200775146484 15.5 15.10745620727539
      vertex -20.18198013305664 15.5 14.81801986694336
    endloop
  endfacet
  facet normal 0.9238798660410428 0 -0.38268262715203694
    outer loop
      vertex -21.078384399414062 15.5 19.901782989501953
      vertex -21.22861671447754 25 19.53908920288086
      vertex -21.078384399414062 25 19.901782989501953
    endloop
  endfacet
  facet normal 0.9238798660410428 0 -0.38268262715203694
    outer loop
      vertex -21.22861671447754 25 19.53908920288086
      vertex -21.078384399414062 15.5 19.901782989501953
      vertex -21.22861671447754 15.5 19.53908920288086
    endloop
  endfacet
  facet normal -0.9990482904014542 0 0.043617811108901866
    outer loop
      vertex -12.517123222351074 15.5 17.607799530029297
      vertex -12.5 25 18
      vertex -12.517123222351074 25 17.607799530029297
    endloop
  endfacet
  facet normal -0.9990482904014542 0 0.043617811108901866
    outer loop
      vertex -12.5 25 18
      vertex -12.517123222351074 15.5 17.607799530029297
      vertex -12.5 15.5 18
    endloop
  endfacet
  facet normal 0.5373004639258295 0 0.8433909007483353
    outer loop
      vertex -19.581092834472656 25 14.31381607055664
      vertex -19.25 15.5 14.102886199951172
      vertex -19.25 25 14.102886199951172
    endloop
  endfacet
  facet normal 0.5373004639258295 0 0.8433909007483353
    outer loop
      vertex -19.25 15.5 14.102886199951172
      vertex -19.581092834472656 25 14.31381607055664
      vertex -19.581092834472656 15.5 14.31381607055664
    endloop
  endfacet
  facet normal 0.7933543732330143 0 0.6087600828504206
    outer loop
      vertex -20.68618392944336 15.5 15.418906211853027
      vertex -20.447200775146484 25 15.10745620727539
      vertex -20.68618392944336 25 15.418906211853027
    endloop
  endfacet
  facet normal 0.7933543732330143 0 0.6087600828504206
    outer loop
      vertex -20.447200775146484 25 15.10745620727539
      vertex -20.68618392944336 15.5 15.418906211853027
      vertex -20.447200775146484 15.5 15.10745620727539
    endloop
  endfacet
  facet normal 0.9914443208396229 0 -0.13053029791913842
    outer loop
      vertex -21.43163299560547 15.5 18.781415939331055
      vertex -21.48287582397461 25 18.392200469970703
      vertex -21.43163299560547 25 18.781415939331055
    endloop
  endfacet
  facet normal 0.9914443208396229 0 -0.13053029791913842
    outer loop
      vertex -21.48287582397461 25 18.392200469970703
      vertex -21.43163299560547 15.5 18.781415939331055
      vertex -21.48287582397461 15.5 18.392200469970703
    endloop
  endfacet
  facet normal -0.04362023577170984 0 -0.9990481845392746
    outer loop
      vertex -17 15.5 22.5
      vertex -16.607799530029297 25 22.48287582397461
      vertex -16.607799530029297 15.5 22.48287582397461
    endloop
  endfacet
  facet normal -0.04362023577170984 0 -0.9990481845392746
    outer loop
      vertex -16.607799530029297 25 22.48287582397461
      vertex -17 15.5 22.5
      vertex -17 25 22.5
    endloop
  endfacet
  facet normal -0.8433916020620186 0 0.5372993630847349
    outer loop
      vertex -13.313815116882324 15.5 15.418906211853027
      vertex -13.102885246276855 25 15.75
      vertex -13.313815116882324 25 15.418906211853027
    endloop
  endfacet
  facet normal -0.8433916020620186 0 0.5372993630847349
    outer loop
      vertex -13.102885246276855 25 15.75
      vertex -13.313815116882324 15.5 15.418906211853027
      vertex -13.102885246276855 15.5 15.75
    endloop
  endfacet
  facet normal 0.04362023577170984 0 -0.9990481845392746
    outer loop
      vertex -17.392200469970703 15.5 22.48287582397461
      vertex -17 25 22.5
      vertex -17 15.5 22.5
    endloop
  endfacet
  facet normal 0.04362023577170984 0 -0.9990481845392746
    outer loop
      vertex -17 25 22.5
      vertex -17.392200469970703 15.5 22.48287582397461
      vertex -17.392200469970703 25 22.48287582397461
    endloop
  endfacet
  facet normal 0.5373004639258295 0 -0.8433909007483353
    outer loop
      vertex -19.581092834472656 15.5 21.68618392944336
      vertex -19.25 25 21.897113800048828
      vertex -19.25 15.5 21.897113800048828
    endloop
  endfacet
  facet normal 0.5373004639258295 0 -0.8433909007483353
    outer loop
      vertex -19.25 25 21.897113800048828
      vertex -19.581092834472656 15.5 21.68618392944336
      vertex -19.581092834472656 25 21.68618392944336
    endloop
  endfacet
  facet normal -0.7933541002459651 0 -0.6087604386151544
    outer loop
      vertex -13.313815116882324 15.5 20.581092834472656
      vertex -13.552799224853516 25 20.89254379272461
      vertex -13.313815116882324 25 20.581092834472656
    endloop
  endfacet
  facet normal -0.7933541002459651 0 -0.6087604386151544
    outer loop
      vertex -13.552799224853516 25 20.89254379272461
      vertex -13.313815116882324 15.5 20.581092834472656
      vertex -13.552799224853516 15.5 20.89254379272461
    endloop
  endfacet
  facet normal 0.38268262715203694 0 0.9238798660410428
    outer loop
      vertex -18.901782989501953 25 13.921615600585938
      vertex -18.53908920288086 15.5 13.771383285522461
      vertex -18.53908920288086 25 13.771383285522461
    endloop
  endfacet
  facet normal 0.38268262715203694 0 0.9238798660410428
    outer loop
      vertex -18.53908920288086 15.5 13.771383285522461
      vertex -18.901782989501953 25 13.921615600585938
      vertex -18.901782989501953 15.5 13.921615600585938
    endloop
  endfacet
  facet normal 0.30070186168551655 0 -0.9537181923287741
    outer loop
      vertex -18.53908920288086 15.5 22.22861671447754
      vertex -18.164684295654297 25 22.346664428710938
      vertex -18.164684295654297 15.5 22.346664428710938
    endloop
  endfacet
  facet normal 0.30070186168551655 0 -0.9537181923287741
    outer loop
      vertex -18.164684295654297 25 22.346664428710938
      vertex -18.53908920288086 15.5 22.22861671447754
      vertex -18.53908920288086 25 22.22861671447754
    endloop
  endfacet
  facet normal 0.8433909007483353 0 -0.5373004639258295
    outer loop
      vertex -20.68618392944336 15.5 20.581092834472656
      vertex -20.897113800048828 25 20.25
      vertex -20.68618392944336 25 20.581092834472656
    endloop
  endfacet
  facet normal 0.8433909007483353 0 -0.5373004639258295
    outer loop
      vertex -20.897113800048828 25 20.25
      vertex -20.68618392944336 15.5 20.581092834472656
      vertex -20.897113800048828 15.5 20.25
    endloop
  endfacet
  facet normal 0.9990481845392746 0 0.04362023577170984
    outer loop
      vertex -21.5 15.5 18
      vertex -21.48287582397461 25 17.607799530029297
      vertex -21.5 25 18
    endloop
  endfacet
  facet normal 0.9990481845392746 0 0.04362023577170984
    outer loop
      vertex -21.48287582397461 25 17.607799530029297
      vertex -21.5 15.5 18
      vertex -21.48287582397461 15.5 17.607799530029297
    endloop
  endfacet
  facet normal -0.8870105230454848 0 -0.46174920899399
    outer loop
      vertex -12.921614646911621 15.5 19.901782989501953
      vertex -13.102885246276855 25 20.25
      vertex -12.921614646911621 25 19.901782989501953
    endloop
  endfacet
  facet normal -0.8870105230454848 0 -0.46174920899399
    outer loop
      vertex -13.102885246276855 25 20.25
      vertex -12.921614646911621 15.5 19.901782989501953
      vertex -13.102885246276855 15.5 20.25
    endloop
  endfacet
  facet normal -0.30070186168551655 0 -0.9537181923287741
    outer loop
      vertex -15.83531379699707 15.5 22.346664428710938
      vertex -15.460908889770508 25 22.22861671447754
      vertex -15.460908889770508 15.5 22.22861671447754
    endloop
  endfacet
  facet normal -0.30070186168551655 0 -0.9537181923287741
    outer loop
      vertex -15.460908889770508 25 22.22861671447754
      vertex -15.83531379699707 15.5 22.346664428710938
      vertex -15.83531379699707 25 22.346664428710938
    endloop
  endfacet
  facet normal 0.9990481845392746 0 -0.04362023577170984
    outer loop
      vertex -21.48287582397461 15.5 18.392200469970703
      vertex -21.5 25 18
      vertex -21.48287582397461 25 18.392200469970703
    endloop
  endfacet
  facet normal 0.9990481845392746 0 -0.04362023577170984
    outer loop
      vertex -21.5 25 18
      vertex -21.48287582397461 15.5 18.392200469970703
      vertex -21.5 15.5 18
    endloop
  endfacet
  facet normal 0.9537181923287741 0 0.30070186168551655
    outer loop
      vertex -21.346664428710938 15.5 16.835315704345703
      vertex -21.22861671447754 25 16.46091079711914
      vertex -21.346664428710938 25 16.835315704345703
    endloop
  endfacet
  facet normal 0.9537181923287741 0 0.30070186168551655
    outer loop
      vertex -21.22861671447754 25 16.46091079711914
      vertex -21.346664428710938 15.5 16.835315704345703
      vertex -21.22861671447754 15.5 16.46091079711914
    endloop
  endfacet
  facet normal -0.5372982622472358 0 -0.8433923033713911
    outer loop
      vertex -14.75 15.5 21.897113800048828
      vertex -14.418905258178711 25 21.68618392944336
      vertex -14.418905258178711 15.5 21.68618392944336
    endloop
  endfacet
  facet normal -0.5372982622472358 0 -0.8433923033713911
    outer loop
      vertex -14.418905258178711 25 21.68618392944336
      vertex -14.75 15.5 21.897113800048828
      vertex -14.75 25 21.897113800048828
    endloop
  endfacet
  facet normal -0.6755904109869244 0 0.7372771504546431
    outer loop
      vertex -14.107455253601074 25 14.552800178527832
      vertex -13.818018913269043 15.5 14.81801986694336
      vertex -13.818018913269043 25 14.81801986694336
    endloop
  endfacet
  facet normal -0.6755904109869244 0 0.7372771504546431
    outer loop
      vertex -13.818018913269043 15.5 14.81801986694336
      vertex -14.107455253601074 25 14.552800178527832
      vertex -14.107455253601074 15.5 14.552800178527832
    endloop
  endfacet
  facet normal 0.2164396574902125 0 0.9762959974646621
    outer loop
      vertex -18.164684295654297 25 13.653334617614746
      vertex -17.781415939331055 15.5 13.568366050720215
      vertex -17.781415939331055 25 13.568366050720215
    endloop
  endfacet
  facet normal 0.2164396574902125 0 0.9762959974646621
    outer loop
      vertex -17.781415939331055 15.5 13.568366050720215
      vertex -18.164684295654297 25 13.653334617614746
      vertex -18.164684295654297 15.5 13.653334617614746
    endloop
  endfacet
  facet normal 0.8433916020620186 0 0.5372993630847349
    outer loop
      vertex -20.897113800048828 15.5 15.75
      vertex -20.68618392944336 25 15.418906211853027
      vertex -20.897113800048828 25 15.75
    endloop
  endfacet
  facet normal 0.8433916020620186 0 0.5372993630847349
    outer loop
      vertex -20.68618392944336 25 15.418906211853027
      vertex -20.897113800048828 15.5 15.75
      vertex -20.68618392944336 15.5 15.418906211853027
    endloop
  endfacet
  facet normal 0.9914444036200836 0 0.1305296691576931
    outer loop
      vertex -21.48287582397461 15.5 17.607799530029297
      vertex -21.43163299560547 25 17.218582153320312
      vertex -21.48287582397461 25 17.607799530029297
    endloop
  endfacet
  facet normal 0.9914444036200836 0 0.1305296691576931
    outer loop
      vertex -21.43163299560547 25 17.218582153320312
      vertex -21.48287582397461 15.5 17.607799530029297
      vertex -21.43163299560547 15.5 17.218582153320312
    endloop
  endfacet
  facet normal 0.300704071309013 0 0.9537174956443779
    outer loop
      vertex -18.53908920288086 25 13.771383285522461
      vertex -18.164684295654297 15.5 13.653334617614746
      vertex -18.164684295654297 25 13.653334617614746
    endloop
  endfacet
  facet normal 0.300704071309013 0 0.9537174956443779
    outer loop
      vertex -18.164684295654297 15.5 13.653334617614746
      vertex -18.53908920288086 25 13.771383285522461
      vertex -18.53908920288086 15.5 13.771383285522461
    endloop
  endfacet
  facet normal 0.9238798660410428 0 0.38268262715203694
    outer loop
      vertex -21.22861671447754 15.5 16.46091079711914
      vertex -21.078384399414062 25 16.098217010498047
      vertex -21.22861671447754 25 16.46091079711914
    endloop
  endfacet
  facet normal 0.9238798660410428 0 0.38268262715203694
    outer loop
      vertex -21.078384399414062 25 16.098217010498047
      vertex -21.22861671447754 15.5 16.46091079711914
      vertex -21.078384399414062 15.5 16.098217010498047
    endloop
  endfacet
  facet normal -0.9537174956443779 0 -0.300704071309013
    outer loop
      vertex -12.65333366394043 15.5 19.164684295654297
      vertex -12.771382331848145 25 19.53908920288086
      vertex -12.65333366394043 25 19.164684295654297
    endloop
  endfacet
  facet normal -0.9537174956443779 0 -0.300704071309013
    outer loop
      vertex -12.771382331848145 25 19.53908920288086
      vertex -12.65333366394043 15.5 19.164684295654297
      vertex -12.771382331848145 15.5 19.53908920288086
    endloop
  endfacet
  facet normal 0.6087604386151544 0 0.7933541002459651
    outer loop
      vertex -19.89254379272461 25 14.552800178527832
      vertex -19.581092834472656 15.5 14.31381607055664
      vertex -19.581092834472656 25 14.31381607055664
    endloop
  endfacet
  facet normal 0.6087604386151544 0 0.7933541002459651
    outer loop
      vertex -19.581092834472656 15.5 14.31381607055664
      vertex -19.89254379272461 25 14.552800178527832
      vertex -19.89254379272461 15.5 14.552800178527832
    endloop
  endfacet
  facet normal -0.9238798660410428 0 0.38268262715203694
    outer loop
      vertex -12.921614646911621 15.5 16.098217010498047
      vertex -12.771382331848145 25 16.46091079711914
      vertex -12.921614646911621 25 16.098217010498047
    endloop
  endfacet
  facet normal -0.9238798660410428 0 0.38268262715203694
    outer loop
      vertex -12.771382331848145 25 16.46091079711914
      vertex -12.921614646911621 15.5 16.098217010498047
      vertex -12.771382331848145 15.5 16.46091079711914
    endloop
  endfacet
  facet normal -0.7933531999784407 0 0.6087616118678708
    outer loop
      vertex -13.552799224853516 15.5 15.10745620727539
      vertex -13.313815116882324 25 15.418906211853027
      vertex -13.552799224853516 25 15.10745620727539
    endloop
  endfacet
  facet normal -0.7933531999784407 0 0.6087616118678708
    outer loop
      vertex -13.313815116882324 25 15.418906211853027
      vertex -13.552799224853516 15.5 15.10745620727539
      vertex -13.313815116882324 15.5 15.418906211853027
    endloop
  endfacet
  facet normal -0.3826843449081434 0 -0.9238791545230497
    outer loop
      vertex -15.460908889770508 15.5 22.22861671447754
      vertex -15.098217010498047 25 22.078384399414062
      vertex -15.098217010498047 15.5 22.078384399414062
    endloop
  endfacet
  facet normal -0.3826843449081434 0 -0.9238791545230497
    outer loop
      vertex -15.098217010498047 25 22.078384399414062
      vertex -15.460908889770508 15.5 22.22861671447754
      vertex -15.460908889770508 25 22.22861671447754
    endloop
  endfacet
  facet normal 0.8870105230454848 0 -0.46174920899399
    outer loop
      vertex -20.897113800048828 15.5 20.25
      vertex -21.078384399414062 25 19.901782989501953
      vertex -20.897113800048828 25 20.25
    endloop
  endfacet
  facet normal 0.8870105230454848 0 -0.46174920899399
    outer loop
      vertex -21.078384399414062 25 19.901782989501953
      vertex -20.897113800048828 15.5 20.25
      vertex -21.078384399414062 15.5 19.901782989501953
    endloop
  endfacet
  facet normal -0.9537174956443779 0 0.300704071309013
    outer loop
      vertex -12.771382331848145 15.5 16.46091079711914
      vertex -12.65333366394043 25 16.835315704345703
      vertex -12.771382331848145 25 16.46091079711914
    endloop
  endfacet
  facet normal -0.9537174956443779 0 0.300704071309013
    outer loop
      vertex -12.65333366394043 25 16.835315704345703
      vertex -12.771382331848145 15.5 16.46091079711914
      vertex -12.65333366394043 15.5 16.835315704345703
    endloop
  endfacet
  facet normal 0.7933552734973477 0 -0.6087589095971809
    outer loop
      vertex -20.447200775146484 15.5 20.89254379272461
      vertex -20.68618392944336 25 20.581092834472656
      vertex -20.447200775146484 25 20.89254379272461
    endloop
  endfacet
  facet normal 0.7933552734973477 0 -0.6087589095971809
    outer loop
      vertex -20.68618392944336 25 20.581092834472656
      vertex -20.447200775146484 15.5 20.89254379272461
      vertex -20.68618392944336 15.5 20.581092834472656
    endloop
  endfacet
  facet normal -0.2164396574902125 0 -0.9762959974646621
    outer loop
      vertex -16.218582153320312 15.5 22.43163299560547
      vertex -15.83531379699707 25 22.346664428710938
      vertex -15.83531379699707 15.5 22.346664428710938
    endloop
  endfacet
  facet normal -0.2164396574902125 0 -0.9762959974646621
    outer loop
      vertex -15.83531379699707 25 22.346664428710938
      vertex -16.218582153320312 15.5 22.43163299560547
      vertex -16.218582153320312 25 22.43163299560547
    endloop
  endfacet
  facet normal -0.7372771504546431 0 -0.6755904109869244
    outer loop
      vertex -13.552799224853516 15.5 20.89254379272461
      vertex -13.818018913269043 25 21.18198013305664
      vertex -13.552799224853516 25 20.89254379272461
    endloop
  endfacet
  facet normal -0.7372771504546431 0 -0.6755904109869244
    outer loop
      vertex -13.818018913269043 25 21.18198013305664
      vertex -13.552799224853516 15.5 20.89254379272461
      vertex -13.818018913269043 15.5 21.18198013305664
    endloop
  endfacet
  facet normal -0.8433909007483353 0 -0.5373004639258295
    outer loop
      vertex -13.102885246276855 15.5 20.25
      vertex -13.313815116882324 25 20.581092834472656
      vertex -13.102885246276855 25 20.25
    endloop
  endfacet
  facet normal -0.8433909007483353 0 -0.5373004639258295
    outer loop
      vertex -13.313815116882324 25 20.581092834472656
      vertex -13.102885246276855 15.5 20.25
      vertex -13.313815116882324 15.5 20.581092834472656
    endloop
  endfacet
  facet normal -0.9762959974646621 0 -0.2164396574902125
    outer loop
      vertex -12.568365097045898 15.5 18.781415939331055
      vertex -12.65333366394043 25 19.164684295654297
      vertex -12.568365097045898 25 18.781415939331055
    endloop
  endfacet
  facet normal -0.9762959974646621 0 -0.2164396574902125
    outer loop
      vertex -12.65333366394043 25 19.164684295654297
      vertex -12.568365097045898 15.5 18.781415939331055
      vertex -12.65333366394043 15.5 19.164684295654297
    endloop
  endfacet
  facet normal -0.13052728127400376 0 0.9914447179965291
    outer loop
      vertex -16.607799530029297 25 13.51712417602539
      vertex -16.218582153320312 15.5 13.568366050720215
      vertex -16.218582153320312 25 13.568366050720215
    endloop
  endfacet
  facet normal -0.13052728127400376 0 0.9914447179965291
    outer loop
      vertex -16.218582153320312 15.5 13.568366050720215
      vertex -16.607799530029297 25 13.51712417602539
      vertex -16.607799530029297 15.5 13.51712417602539
    endloop
  endfacet
  facet normal -0.1305296691576931 0 -0.9914444036200836
    outer loop
      vertex -16.607799530029297 15.5 22.48287582397461
      vertex -16.218582153320312 25 22.43163299560547
      vertex -16.218582153320312 15.5 22.43163299560547
    endloop
  endfacet
  facet normal -0.1305296691576931 0 -0.9914444036200836
    outer loop
      vertex -16.218582153320312 25 22.43163299560547
      vertex -16.607799530029297 15.5 22.48287582397461
      vertex -16.607799530029297 25 22.48287582397461
    endloop
  endfacet
  facet normal -0.5372982622472358 0 0.8433923033713911
    outer loop
      vertex -14.75 25 14.102886199951172
      vertex -14.418905258178711 15.5 14.31381607055664
      vertex -14.418905258178711 25 14.31381607055664
    endloop
  endfacet
  facet normal -0.5372982622472358 0 0.8433923033713911
    outer loop
      vertex -14.418905258178711 15.5 14.31381607055664
      vertex -14.75 25 14.102886199951172
      vertex -14.75 15.5 14.102886199951172
    endloop
  endfacet
  facet normal 0.9537181923287741 0 -0.30070186168551655
    outer loop
      vertex -21.22861671447754 15.5 19.53908920288086
      vertex -21.346664428710938 25 19.164684295654297
      vertex -21.22861671447754 25 19.53908920288086
    endloop
  endfacet
  facet normal 0.9537181923287741 0 -0.30070186168551655
    outer loop
      vertex -21.346664428710938 25 19.164684295654297
      vertex -21.22861671447754 15.5 19.53908920288086
      vertex -21.346664428710938 15.5 19.164684295654297
    endloop
  endfacet
  facet normal 0.13053029791913842 0 -0.9914443208396229
    outer loop
      vertex -17.781415939331055 15.5 22.43163299560547
      vertex -17.392200469970703 25 22.48287582397461
      vertex -17.392200469970703 15.5 22.48287582397461
    endloop
  endfacet
  facet normal 0.13053029791913842 0 -0.9914443208396229
    outer loop
      vertex -17.392200469970703 25 22.48287582397461
      vertex -17.781415939331055 15.5 22.43163299560547
      vertex -17.781415939331055 25 22.43163299560547
    endloop
  endfacet
  facet normal 0.46174920899399 0 0.8870105230454848
    outer loop
      vertex -19.25 25 14.102886199951172
      vertex -18.901782989501953 15.5 13.921615600585938
      vertex -18.901782989501953 25 13.921615600585938
    endloop
  endfacet
  facet normal 0.46174920899399 0 0.8870105230454848
    outer loop
      vertex -18.901782989501953 15.5 13.921615600585938
      vertex -19.25 25 14.102886199951172
      vertex -19.25 15.5 14.102886199951172
    endloop
  endfacet
  facet normal -0.6755917314865516 0 -0.7372759404368239
    outer loop
      vertex -14.107455253601074 15.5 21.447200775146484
      vertex -13.818018913269043 25 21.18198013305664
      vertex -13.818018913269043 15.5 21.18198013305664
    endloop
  endfacet
  facet normal -0.6755917314865516 0 -0.7372759404368239
    outer loop
      vertex -13.818018913269043 25 21.18198013305664
      vertex -14.107455253601074 15.5 21.447200775146484
      vertex -14.107455253601074 25 21.447200775146484
    endloop
  endfacet
  facet normal 0.2164396574902125 0 -0.9762959974646621
    outer loop
      vertex -18.164684295654297 15.5 22.346664428710938
      vertex -17.781415939331055 25 22.43163299560547
      vertex -17.781415939331055 15.5 22.43163299560547
    endloop
  endfacet
  facet normal 0.2164396574902125 0 -0.9762959974646621
    outer loop
      vertex -17.781415939331055 25 22.43163299560547
      vertex -18.164684295654297 15.5 22.346664428710938
      vertex -18.164684295654297 25 22.346664428710938
    endloop
  endfacet
  facet normal -0.9238798660410428 0 -0.38268262715203694
    outer loop
      vertex -12.771382331848145 15.5 19.53908920288086
      vertex -12.921614646911621 25 19.901782989501953
      vertex -12.771382331848145 25 19.53908920288086
    endloop
  endfacet
  facet normal -0.9238798660410428 0 -0.38268262715203694
    outer loop
      vertex -12.921614646911621 25 19.901782989501953
      vertex -12.771382331848145 15.5 19.53908920288086
      vertex -12.921614646911621 15.5 19.901782989501953
    endloop
  endfacet
  facet normal -0.8870105230454848 0 0.46174920899399
    outer loop
      vertex -13.102885246276855 15.5 15.75
      vertex -12.921614646911621 25 16.098217010498047
      vertex -13.102885246276855 25 15.75
    endloop
  endfacet
  facet normal -0.8870105230454848 0 0.46174920899399
    outer loop
      vertex -12.921614646911621 25 16.098217010498047
      vertex -13.102885246276855 15.5 15.75
      vertex -12.921614646911621 15.5 16.098217010498047
    endloop
  endfacet
  facet normal -0.9762957698577782 0 0.21644068415574794
    outer loop
      vertex -12.65333366394043 15.5 16.835315704345703
      vertex -12.568365097045898 25 17.218582153320312
      vertex -12.65333366394043 25 16.835315704345703
    endloop
  endfacet
  facet normal -0.9762957698577782 0 0.21644068415574794
    outer loop
      vertex -12.568365097045898 25 17.218582153320312
      vertex -12.65333366394043 15.5 16.835315704345703
      vertex -12.568365097045898 15.5 17.218582153320312
    endloop
  endfacet
  facet normal -0.300704071309013 0 0.9537174956443779
    outer loop
      vertex -15.83531379699707 25 13.653334617614746
      vertex -15.460908889770508 15.5 13.771383285522461
      vertex -15.460908889770508 25 13.771383285522461
    endloop
  endfacet
  facet normal -0.300704071309013 0 0.9537174956443779
    outer loop
      vertex -15.460908889770508 15.5 13.771383285522461
      vertex -15.83531379699707 25 13.653334617614746
      vertex -15.83531379699707 15.5 13.653334617614746
    endloop
  endfacet
  facet normal 0.6755917314865516 0 -0.7372759404368239
    outer loop
      vertex -20.18198013305664 15.5 21.18198013305664
      vertex -19.89254379272461 25 21.447200775146484
      vertex -19.89254379272461 15.5 21.447200775146484
    endloop
  endfacet
  facet normal 0.6755917314865516 0 -0.7372759404368239
    outer loop
      vertex -19.89254379272461 25 21.447200775146484
      vertex -20.18198013305664 15.5 21.18198013305664
      vertex -20.18198013305664 25 21.18198013305664
    endloop
  endfacet
  facet normal -0.7372771504546431 0 0.6755904109869244
    outer loop
      vertex -13.818018913269043 15.5 14.81801986694336
      vertex -13.552799224853516 25 15.10745620727539
      vertex -13.818018913269043 25 14.81801986694336
    endloop
  endfacet
  facet normal -0.7372771504546431 0 0.6755904109869244
    outer loop
      vertex -13.552799224853516 25 15.10745620727539
      vertex -13.818018913269043 15.5 14.81801986694336
      vertex -13.552799224853516 15.5 15.10745620727539
    endloop
  endfacet
  facet normal 0.7372759404368239 0 -0.6755917314865516
    outer loop
      vertex -20.18198013305664 15.5 21.18198013305664
      vertex -20.447200775146484 25 20.89254379272461
      vertex -20.18198013305664 25 21.18198013305664
    endloop
  endfacet
  facet normal 0.7372759404368239 0 -0.6755917314865516
    outer loop
      vertex -20.447200775146484 25 20.89254379272461
      vertex -20.18198013305664 15.5 21.18198013305664
      vertex -20.447200775146484 15.5 20.89254379272461
    endloop
  endfacet
  facet normal 0.1305279100243454 0 0.9914446352190708
    outer loop
      vertex -17.781415939331055 25 13.568366050720215
      vertex -17.392200469970703 15.5 13.51712417602539
      vertex -17.392200469970703 25 13.51712417602539
    endloop
  endfacet
  facet normal 0.1305279100243454 0 0.9914446352190708
    outer loop
      vertex -17.392200469970703 15.5 13.51712417602539
      vertex -17.781415939331055 25 13.568366050720215
      vertex -17.781415939331055 15.5 13.568366050720215
    endloop
  endfacet
  facet normal 0.6755904109869244 0 0.7372771504546431
    outer loop
      vertex -20.18198013305664 25 14.81801986694336
      vertex -19.89254379272461 15.5 14.552800178527832
      vertex -19.89254379272461 25 14.552800178527832
    endloop
  endfacet
  facet normal 0.6755904109869244 0 0.7372771504546431
    outer loop
      vertex -19.89254379272461 15.5 14.552800178527832
      vertex -20.18198013305664 25 14.81801986694336
      vertex -20.18198013305664 15.5 14.81801986694336
    endloop
  endfacet
  facet normal 0.04362023577170984 0 0.9990481845392746
    outer loop
      vertex -17.392200469970703 25 13.51712417602539
      vertex -17 15.5 13.5
      vertex -17 25 13.5
    endloop
  endfacet
  facet normal 0.04362023577170984 0 0.9990481845392746
    outer loop
      vertex -17 15.5 13.5
      vertex -17.392200469970703 25 13.51712417602539
      vertex -17.392200469970703 15.5 13.51712417602539
    endloop
  endfacet
  facet normal -0.46174920899399 0 0.8870105230454848
    outer loop
      vertex -15.098217010498047 25 13.921615600585938
      vertex -14.75 15.5 14.102886199951172
      vertex -14.75 25 14.102886199951172
    endloop
  endfacet
  facet normal -0.46174920899399 0 0.8870105230454848
    outer loop
      vertex -14.75 15.5 14.102886199951172
      vertex -15.098217010498047 25 13.921615600585938
      vertex -15.098217010498047 15.5 13.921615600585938
    endloop
  endfacet
  facet normal 0.38268262715203694 0 -0.9238798660410428
    outer loop
      vertex -18.901782989501953 15.5 22.078384399414062
      vertex -18.53908920288086 25 22.22861671447754
      vertex -18.53908920288086 15.5 22.22861671447754
    endloop
  endfacet
  facet normal 0.38268262715203694 0 -0.9238798660410428
    outer loop
      vertex -18.53908920288086 25 22.22861671447754
      vertex -18.901782989501953 15.5 22.078384399414062
      vertex -18.901782989501953 25 22.078384399414062
    endloop
  endfacet
  facet normal 0.8870105230454848 0 0.46174920899399
    outer loop
      vertex -21.078384399414062 15.5 16.098217010498047
      vertex -20.897113800048828 25 15.75
      vertex -21.078384399414062 25 16.098217010498047
    endloop
  endfacet
  facet normal 0.8870105230454848 0 0.46174920899399
    outer loop
      vertex -20.897113800048828 25 15.75
      vertex -21.078384399414062 15.5 16.098217010498047
      vertex -20.897113800048828 15.5 15.75
    endloop
  endfacet
  facet normal 0.46174920899399 0 -0.8870105230454848
    outer loop
      vertex -19.25 15.5 21.897113800048828
      vertex -18.901782989501953 25 22.078384399414062
      vertex -18.901782989501953 15.5 22.078384399414062
    endloop
  endfacet
  facet normal 0.46174920899399 0 -0.8870105230454848
    outer loop
      vertex -18.901782989501953 25 22.078384399414062
      vertex -19.25 15.5 21.897113800048828
      vertex -19.25 25 21.897113800048828
    endloop
  endfacet
  facet normal -0.2164396574902125 0 0.9762959974646621
    outer loop
      vertex -16.218582153320312 25 13.568366050720215
      vertex -15.83531379699707 15.5 13.653334617614746
      vertex -15.83531379699707 25 13.653334617614746
    endloop
  endfacet
  facet normal -0.2164396574902125 0 0.9762959974646621
    outer loop
      vertex -15.83531379699707 15.5 13.653334617614746
      vertex -16.218582153320312 25 13.568366050720215
      vertex -16.218582153320312 15.5 13.568366050720215
    endloop
  endfacet
  facet normal 0.6087589095971809 0 -0.7933552734973477
    outer loop
      vertex -19.89254379272461 15.5 21.447200775146484
      vertex -19.581092834472656 25 21.68618392944336
      vertex -19.581092834472656 15.5 21.68618392944336
    endloop
  endfacet
  facet normal 0.6087589095971809 0 -0.7933552734973477
    outer loop
      vertex -19.581092834472656 25 21.68618392944336
      vertex -19.89254379272461 15.5 21.447200775146484
      vertex -19.89254379272461 25 21.447200775146484
    endloop
  endfacet
  facet normal 0.9762957698577782 0 0.21644068415574794
    outer loop
      vertex -21.43163299560547 15.5 17.218582153320312
      vertex -21.346664428710938 25 16.835315704345703
      vertex -21.43163299560547 25 17.218582153320312
    endloop
  endfacet
  facet normal 0.9762957698577782 0 0.21644068415574794
    outer loop
      vertex -21.346664428710938 25 16.835315704345703
      vertex -21.43163299560547 15.5 17.218582153320312
      vertex -21.346664428710938 15.5 16.835315704345703
    endloop
  endfacet
  facet normal -0.9914446352190708 0 -0.1305279100243454
    outer loop
      vertex -12.517123222351074 15.5 18.392200469970703
      vertex -12.568365097045898 25 18.781415939331055
      vertex -12.517123222351074 25 18.392200469970703
    endloop
  endfacet
  facet normal -0.9914446352190708 0 -0.1305279100243454
    outer loop
      vertex -12.568365097045898 25 18.781415939331055
      vertex -12.517123222351074 15.5 18.392200469970703
      vertex -12.568365097045898 15.5 18.781415939331055
    endloop
  endfacet
  facet normal -0.3826843449081434 0 0.9238791545230497
    outer loop
      vertex -15.460908889770508 25 13.771383285522461
      vertex -15.098217010498047 15.5 13.921615600585938
      vertex -15.098217010498047 25 13.921615600585938
    endloop
  endfacet
  facet normal -0.3826843449081434 0 0.9238791545230497
    outer loop
      vertex -15.098217010498047 15.5 13.921615600585938
      vertex -15.460908889770508 25 13.771383285522461
      vertex -15.460908889770508 15.5 13.771383285522461
    endloop
  endfacet
  facet normal 0.9762959974646621 0 -0.2164396574902125
    outer loop
      vertex -21.346664428710938 15.5 19.164684295654297
      vertex -21.43163299560547 25 18.781415939331055
      vertex -21.346664428710938 25 19.164684295654297
    endloop
  endfacet
  facet normal 0.9762959974646621 0 -0.2164396574902125
    outer loop
      vertex -21.43163299560547 25 18.781415939331055
      vertex -21.346664428710938 15.5 19.164684295654297
      vertex -21.43163299560547 15.5 18.781415939331055
    endloop
  endfacet
  facet normal 0 1 0
    outer loop
      vertex -17 15.5 20.649999618530273
      vertex -17 15.5 22.5
      vertex -16.607799530029297 15.5 22.48287582397461
    endloop
  endfacet
  facet normal 0 1 0
    outer loop
      vertex -16.7690372467041 15.5 20.639915466308594
      vertex -16.607799530029297 15.5 22.48287582397461
      vertex -16.218582153320312 15.5 22.43163299560547
    endloop
  endfacet
  facet normal 0 1 0
    outer loop
      vertex -17 15.5 22.5
      vertex -17 15.5 20.649999618530273
      vertex -17.392200469970703 15.5 22.48287582397461
    endloop
  endfacet
  facet normal 0 1 0
    outer loop
      vertex -16.539833068847656 15.5 20.6097412109375
      vertex -16.218582153320312 15.5 22.43163299560547
      vertex -15.83531379699707 15.5 22.346664428710938
    endloop
  endfacet
  facet normal 0 1 0
    outer loop
      vertex -17.230960845947266 15.5 20.639915466308594
      vertex -17.392200469970703 15.5 22.48287582397461
      vertex -17 15.5 20.649999618530273
    endloop
  endfacet
  facet normal 0 1 0
    outer loop
      vertex -16.314128875732422 15.5 20.559703826904297
      vertex -15.83531379699707 15.5 22.346664428710938
      vertex -15.460908889770508 15.5 22.22861671447754
    endloop
  endfacet
  facet normal 0 1 0
    outer loop
      vertex -17.392200469970703 15.5 22.48287582397461
      vertex -17.230960845947266 15.5 20.639915466308594
      vertex -17.781415939331055 15.5 22.43163299560547
    endloop
  endfacet
  facet normal 0 1 0
    outer loop
      vertex -16.093647003173828 15.5 20.490184783935547
      vertex -15.460908889770508 15.5 22.22861671447754
      vertex -15.098217010498047 15.5 22.078384399414062
    endloop
  endfacet
  facet normal 0 1 0
    outer loop
      vertex -17.460166931152344 15.5 20.6097412109375
      vertex -17.781415939331055 15.5 22.43163299560547
      vertex -17.230960845947266 15.5 20.639915466308594
    endloop
  endfacet
  facet normal 0 1 0
    outer loop
      vertex -15.880061149597168 15.5 20.401714324951172
      vertex -15.098217010498047 15.5 22.078384399414062
      vertex -14.75 15.5 21.897113800048828
    endloop
  endfacet
  facet normal 0 1 0
    outer loop
      vertex -17.781415939331055 15.5 22.43163299560547
      vertex -17.460166931152344 15.5 20.6097412109375
      vertex -18.164684295654297 15.5 22.346664428710938
    endloop
  endfacet
  facet normal 0 1 0
    outer loop
      vertex -15.674999237060547 15.5 20.294967651367188
      vertex -14.75 15.5 21.897113800048828
      vertex -14.418905258178711 15.5 21.68618392944336
    endloop
  endfacet
  facet normal 0 1 0
    outer loop
      vertex -17.685871124267578 15.5 20.559703826904297
      vertex -18.164684295654297 15.5 22.346664428710938
      vertex -17.460166931152344 15.5 20.6097412109375
    endloop
  endfacet
  facet normal 0 1 0
    outer loop
      vertex -15.480022430419922 15.5 20.170753479003906
      vertex -14.418905258178711 15.5 21.68618392944336
      vertex -14.107455253601074 15.5 21.447200775146484
    endloop
  endfacet
  facet normal 0 1 0
    outer loop
      vertex -18.164684295654297 15.5 22.346664428710938
      vertex -17.685871124267578 15.5 20.559703826904297
      vertex -18.53908920288086 15.5 22.22861671447754
    endloop
  endfacet
  facet normal 0 1 0
    outer loop
      vertex -15.296612739562988 15.5 20.030017852783203
      vertex -14.107455253601074 15.5 21.447200775146484
      vertex -13.818018913269043 15.5 21.18198013305664
    endloop
  endfacet
  facet normal 0 1 0
    outer loop
      vertex -17.906352996826172 15.5 20.490184783935547
      vertex -18.53908920288086 15.5 22.22861671447754
      vertex -17.685871124267578 15.5 20.559703826904297
    endloop
  endfacet
  facet normal 0 1 0
    outer loop
      vertex -15.126166343688965 15.5 19.87383270263672
      vertex -13.818018913269043 15.5 21.18198013305664
      vertex -13.552799224853516 15.5 20.89254379272461
    endloop
  endfacet
  facet normal 0 1 0
    outer loop
      vertex -18.53908920288086 15.5 22.22861671447754
      vertex -17.906352996826172 15.5 20.490184783935547
      vertex -18.901782989501953 15.5 22.078384399414062
    endloop
  endfacet
  facet normal 0 1 0
    outer loop
      vertex -18.119937896728516 15.5 20.401714324951172
      vertex -18.901782989501953 15.5 22.078384399414062
      vertex -17.906352996826172 15.5 20.490184783935547
    endloop
  endfacet
  facet normal 0 1 0
    outer loop
      vertex -16.607799530029297 15.5 22.48287582397461
      vertex -16.7690372467041 15.5 20.639915466308594
      vertex -17 15.5 20.649999618530273
    endloop
  endfacet
  facet normal 0 1 0
    outer loop
      vertex -16.218582153320312 15.5 22.43163299560547
      vertex -16.539833068847656 15.5 20.6097412109375
      vertex -16.7690372467041 15.5 20.639915466308594
    endloop
  endfacet
  facet normal 0 1 0
    outer loop
      vertex -14.969982147216797 15.5 19.703386306762695
      vertex -13.552799224853516 15.5 20.89254379272461
      vertex -13.313815116882324 15.5 20.581092834472656
    endloop
  endfacet
  facet normal 0 1 0
    outer loop
      vertex -15.83531379699707 15.5 22.346664428710938
      vertex -16.314128875732422 15.5 20.559703826904297
      vertex -16.539833068847656 15.5 20.6097412109375
    endloop
  endfacet
  facet normal 0 1 0
    outer loop
      vertex -15.460908889770508 15.5 22.22861671447754
      vertex -16.093647003173828 15.5 20.490184783935547
      vertex -16.314128875732422 15.5 20.559703826904297
    endloop
  endfacet
  facet normal 0 1 0
    outer loop
      vertex -15.098217010498047 15.5 22.078384399414062
      vertex -15.880061149597168 15.5 20.401714324951172
      vertex -16.093647003173828 15.5 20.490184783935547
    endloop
  endfacet
  facet normal 0 1 0
    outer loop
      vertex -14.75 15.5 21.897113800048828
      vertex -15.674999237060547 15.5 20.294967651367188
      vertex -15.880061149597168 15.5 20.401714324951172
    endloop
  endfacet
  facet normal 0 1 0
    outer loop
      vertex -14.829246520996094 15.5 19.519977569580078
      vertex -13.313815116882324 15.5 20.581092834472656
      vertex -13.102885246276855 15.5 20.25
    endloop
  endfacet
  facet normal 0 1 0
    outer loop
      vertex -14.418905258178711 15.5 21.68618392944336
      vertex -15.480022430419922 15.5 20.170753479003906
      vertex -15.674999237060547 15.5 20.294967651367188
    endloop
  endfacet
  facet normal 0 1 0
    outer loop
      vertex -14.107455253601074 15.5 21.447200775146484
      vertex -15.296612739562988 15.5 20.030017852783203
      vertex -15.480022430419922 15.5 20.170753479003906
    endloop
  endfacet
  facet normal 0 1 0
    outer loop
      vertex -14.705032348632812 15.5 19.325000762939453
      vertex -13.102885246276855 15.5 20.25
      vertex -12.921614646911621 15.5 19.901782989501953
    endloop
  endfacet
  facet normal 0 1 0
    outer loop
      vertex -13.818018913269043 15.5 21.18198013305664
      vertex -15.126166343688965 15.5 19.87383270263672
      vertex -15.296612739562988 15.5 20.030017852783203
    endloop
  endfacet
  facet normal 0 1 0
    outer loop
      vertex -13.552799224853516 15.5 20.89254379272461
      vertex -14.969982147216797 15.5 19.703386306762695
      vertex -15.126166343688965 15.5 19.87383270263672
    endloop
  endfacet
  facet normal 0 1 0
    outer loop
      vertex -14.598283767700195 15.5 19.119937896728516
      vertex -12.921614646911621 15.5 19.901782989501953
      vertex -12.771382331848145 15.5 19.53908920288086
    endloop
  endfacet
  facet normal 0 1 0
    outer loop
      vertex -13.313815116882324 15.5 20.581092834472656
      vertex -14.829246520996094 15.5 19.519977569580078
      vertex -14.969982147216797 15.5 19.703386306762695
    endloop
  endfacet
  facet normal 0 1 0
    outer loop
      vertex -13.102885246276855 15.5 20.25
      vertex -14.705032348632812 15.5 19.325000762939453
      vertex -14.829246520996094 15.5 19.519977569580078
    endloop
  endfacet
  facet normal 0 1 0
    outer loop
      vertex -14.509814262390137 15.5 18.906352996826172
      vertex -12.771382331848145 15.5 19.53908920288086
      vertex -12.65333366394043 15.5 19.164684295654297
    endloop
  endfacet
  facet normal 0 1 0
    outer loop
      vertex -12.921614646911621 15.5 19.901782989501953
      vertex -14.598283767700195 15.5 19.119937896728516
      vertex -14.705032348632812 15.5 19.325000762939453
    endloop
  endfacet
  facet normal 0 1 0
    outer loop
      vertex -12.771382331848145 15.5 19.53908920288086
      vertex -14.509814262390137 15.5 18.906352996826172
      vertex -14.598283767700195 15.5 19.119937896728516
    endloop
  endfacet
  facet normal 0 1 0
    outer loop
      vertex -14.440296173095703 15.5 18.685871124267578
      vertex -12.65333366394043 15.5 19.164684295654297
      vertex -12.568365097045898 15.5 18.781415939331055
    endloop
  endfacet
  facet normal 0 1 0
    outer loop
      vertex -12.65333366394043 15.5 19.164684295654297
      vertex -14.440296173095703 15.5 18.685871124267578
      vertex -14.509814262390137 15.5 18.906352996826172
    endloop
  endfacet
  facet normal 0 1 0
    outer loop
      vertex -12.568365097045898 15.5 18.781415939331055
      vertex -14.3902587890625 15.5 18.460166931152344
      vertex -14.440296173095703 15.5 18.685871124267578
    endloop
  endfacet
  facet normal 0 1 0
    outer loop
      vertex -12.517123222351074 15.5 18.392200469970703
      vertex -14.3902587890625 15.5 18.460166931152344
      vertex -12.568365097045898 15.5 18.781415939331055
    endloop
  endfacet
  facet normal 0 1 0
    outer loop
      vertex -12.517123222351074 15.5 18.392200469970703
      vertex -14.36008358001709 15.5 18.230960845947266
      vertex -14.3902587890625 15.5 18.460166931152344
    endloop
  endfacet
  facet normal 0 1 0
    outer loop
      vertex -12.5 15.5 18
      vertex -14.36008358001709 15.5 18.230960845947266
      vertex -12.517123222351074 15.5 18.392200469970703
    endloop
  endfacet
  facet normal 0 1 0
    outer loop
      vertex -12.5 15.5 18
      vertex -14.34999942779541 15.5 18
      vertex -14.36008358001709 15.5 18.230960845947266
    endloop
  endfacet
  facet normal 0 1 0
    outer loop
      vertex -12.5 15.5 18
      vertex -14.36008358001709 15.5 17.7690372467041
      vertex -14.34999942779541 15.5 18
    endloop
  endfacet
  facet normal 0 1 0
    outer loop
      vertex -12.517123222351074 15.5 17.607799530029297
      vertex -14.36008358001709 15.5 17.7690372467041
      vertex -12.5 15.5 18
    endloop
  endfacet
  facet normal 0 1 0
    outer loop
      vertex -12.517123222351074 15.5 17.607799530029297
      vertex -14.3902587890625 15.5 17.539833068847656
      vertex -14.36008358001709 15.5 17.7690372467041
    endloop
  endfacet
  facet normal 0 1 0
    outer loop
      vertex -12.568365097045898 15.5 17.218582153320312
      vertex -14.3902587890625 15.5 17.539833068847656
      vertex -12.517123222351074 15.5 17.607799530029297
    endloop
  endfacet
  facet normal 0 1 0
    outer loop
      vertex -14.3902587890625 15.5 17.539833068847656
      vertex -12.568365097045898 15.5 17.218582153320312
      vertex -14.440296173095703 15.5 17.314128875732422
    endloop
  endfacet
  facet normal 0 1 0
    outer loop
      vertex -12.65333366394043 15.5 16.835315704345703
      vertex -14.440296173095703 15.5 17.314128875732422
      vertex -12.568365097045898 15.5 17.218582153320312
    endloop
  endfacet
  facet normal 0 1 0
    outer loop
      vertex -14.440296173095703 15.5 17.314128875732422
      vertex -12.65333366394043 15.5 16.835315704345703
      vertex -14.509814262390137 15.5 17.093647003173828
    endloop
  endfacet
  facet normal 0 1 0
    outer loop
      vertex -12.771382331848145 15.5 16.46091079711914
      vertex -14.509814262390137 15.5 17.093647003173828
      vertex -12.65333366394043 15.5 16.835315704345703
    endloop
  endfacet
  facet normal 0 1 0
    outer loop
      vertex -14.509814262390137 15.5 17.093647003173828
      vertex -12.771382331848145 15.5 16.46091079711914
      vertex -14.598283767700195 15.5 16.880062103271484
    endloop
  endfacet
  facet normal 0 1 0
    outer loop
      vertex -12.921614646911621 15.5 16.098217010498047
      vertex -14.598283767700195 15.5 16.880062103271484
      vertex -12.771382331848145 15.5 16.46091079711914
    endloop
  endfacet
  facet normal 0 1 0
    outer loop
      vertex -14.598283767700195 15.5 16.880062103271484
      vertex -12.921614646911621 15.5 16.098217010498047
      vertex -14.705032348632812 15.5 16.674999237060547
    endloop
  endfacet
  facet normal 0 1 0
    outer loop
      vertex -13.102885246276855 15.5 15.75
      vertex -14.705032348632812 15.5 16.674999237060547
      vertex -12.921614646911621 15.5 16.098217010498047
    endloop
  endfacet
  facet normal 0 1 0
    outer loop
      vertex -14.705032348632812 15.5 16.674999237060547
      vertex -13.102885246276855 15.5 15.75
      vertex -14.829246520996094 15.5 16.480022430419922
    endloop
  endfacet
  facet normal 0 1 0
    outer loop
      vertex -13.313815116882324 15.5 15.418906211853027
      vertex -14.829246520996094 15.5 16.480022430419922
      vertex -13.102885246276855 15.5 15.75
    endloop
  endfacet
  facet normal 0 1 0
    outer loop
      vertex -14.829246520996094 15.5 16.480022430419922
      vertex -13.313815116882324 15.5 15.418906211853027
      vertex -14.969982147216797 15.5 16.296613693237305
    endloop
  endfacet
  facet normal 0 1 0
    outer loop
      vertex -13.552799224853516 15.5 15.10745620727539
      vertex -14.969982147216797 15.5 16.296613693237305
      vertex -13.313815116882324 15.5 15.418906211853027
    endloop
  endfacet
  facet normal 0 1 0
    outer loop
      vertex -14.969982147216797 15.5 16.296613693237305
      vertex -13.552799224853516 15.5 15.10745620727539
      vertex -15.126166343688965 15.5 16.12616729736328
    endloop
  endfacet
  facet normal 0 1 0
    outer loop
      vertex -13.818018913269043 15.5 14.81801986694336
      vertex -15.126166343688965 15.5 16.12616729736328
      vertex -13.552799224853516 15.5 15.10745620727539
    endloop
  endfacet
  facet normal 0 1 0
    outer loop
      vertex -15.126166343688965 15.5 16.12616729736328
      vertex -13.818018913269043 15.5 14.81801986694336
      vertex -15.296612739562988 15.5 15.969983100891113
    endloop
  endfacet
  facet normal 0 1 0
    outer loop
      vertex -14.107455253601074 15.5 14.552800178527832
      vertex -15.296612739562988 15.5 15.969983100891113
      vertex -13.818018913269043 15.5 14.81801986694336
    endloop
  endfacet
  facet normal 0 1 0
    outer loop
      vertex -15.296612739562988 15.5 15.969983100891113
      vertex -14.107455253601074 15.5 14.552800178527832
      vertex -15.480022430419922 15.5 15.82924747467041
    endloop
  endfacet
  facet normal 0 1 0
    outer loop
      vertex -14.418905258178711 15.5 14.31381607055664
      vertex -15.480022430419922 15.5 15.82924747467041
      vertex -14.107455253601074 15.5 14.552800178527832
    endloop
  endfacet
  facet normal 0 1 0
    outer loop
      vertex -15.480022430419922 15.5 15.82924747467041
      vertex -14.418905258178711 15.5 14.31381607055664
      vertex -15.674999237060547 15.5 15.705033302307129
    endloop
  endfacet
  facet normal 0 1 0
    outer loop
      vertex -14.75 15.5 14.102886199951172
      vertex -15.674999237060547 15.5 15.705033302307129
      vertex -14.418905258178711 15.5 14.31381607055664
    endloop
  endfacet
  facet normal 0 1 0
    outer loop
      vertex -15.674999237060547 15.5 15.705033302307129
      vertex -14.75 15.5 14.102886199951172
      vertex -15.880061149597168 15.5 15.598284721374512
    endloop
  endfacet
  facet normal 0 1 0
    outer loop
      vertex -15.098217010498047 15.5 13.921615600585938
      vertex -15.880061149597168 15.5 15.598284721374512
      vertex -14.75 15.5 14.102886199951172
    endloop
  endfacet
  facet normal 0 1 0
    outer loop
      vertex -18.901782989501953 15.5 22.078384399414062
      vertex -18.119937896728516 15.5 20.401714324951172
      vertex -19.25 15.5 21.897113800048828
    endloop
  endfacet
  facet normal 0 1 0
    outer loop
      vertex -18.325000762939453 15.5 20.294967651367188
      vertex -19.25 15.5 21.897113800048828
      vertex -18.119937896728516 15.5 20.401714324951172
    endloop
  endfacet
  facet normal 0 1 0
    outer loop
      vertex -19.25 15.5 21.897113800048828
      vertex -18.325000762939453 15.5 20.294967651367188
      vertex -19.581092834472656 15.5 21.68618392944336
    endloop
  endfacet
  facet normal 0 1 0
    outer loop
      vertex -18.519977569580078 15.5 20.170753479003906
      vertex -19.581092834472656 15.5 21.68618392944336
      vertex -18.325000762939453 15.5 20.294967651367188
    endloop
  endfacet
  facet normal 0 1 0
    outer loop
      vertex -19.581092834472656 15.5 21.68618392944336
      vertex -18.519977569580078 15.5 20.170753479003906
      vertex -19.89254379272461 15.5 21.447200775146484
    endloop
  endfacet
  facet normal 0 1 0
    outer loop
      vertex -18.703386306762695 15.5 20.030017852783203
      vertex -19.89254379272461 15.5 21.447200775146484
      vertex -18.519977569580078 15.5 20.170753479003906
    endloop
  endfacet
  facet normal 0 1 0
    outer loop
      vertex -19.89254379272461 15.5 21.447200775146484
      vertex -18.703386306762695 15.5 20.030017852783203
      vertex -20.18198013305664 15.5 21.18198013305664
    endloop
  endfacet
  facet normal 0 1 0
    outer loop
      vertex -18.87383270263672 15.5 19.87383270263672
      vertex -20.18198013305664 15.5 21.18198013305664
      vertex -18.703386306762695 15.5 20.030017852783203
    endloop
  endfacet
  facet normal 0 1 0
    outer loop
      vertex -20.18198013305664 15.5 21.18198013305664
      vertex -18.87383270263672 15.5 19.87383270263672
      vertex -20.447200775146484 15.5 20.89254379272461
    endloop
  endfacet
  facet normal 0 1 0
    outer loop
      vertex -19.030017852783203 15.5 19.703386306762695
      vertex -20.447200775146484 15.5 20.89254379272461
      vertex -18.87383270263672 15.5 19.87383270263672
    endloop
  endfacet
  facet normal 0 1 0
    outer loop
      vertex -20.447200775146484 15.5 20.89254379272461
      vertex -19.030017852783203 15.5 19.703386306762695
      vertex -20.68618392944336 15.5 20.581092834472656
    endloop
  endfacet
  facet normal 0 1 0
    outer loop
      vertex -19.170753479003906 15.5 19.519977569580078
      vertex -20.68618392944336 15.5 20.581092834472656
      vertex -19.030017852783203 15.5 19.703386306762695
    endloop
  endfacet
  facet normal 0 1 0
    outer loop
      vertex -20.68618392944336 15.5 20.581092834472656
      vertex -19.170753479003906 15.5 19.519977569580078
      vertex -20.897113800048828 15.5 20.25
    endloop
  endfacet
  facet normal 0 1 0
    outer loop
      vertex -19.294967651367188 15.5 19.325000762939453
      vertex -20.897113800048828 15.5 20.25
      vertex -19.170753479003906 15.5 19.519977569580078
    endloop
  endfacet
  facet normal 0 1 0
    outer loop
      vertex -20.897113800048828 15.5 20.25
      vertex -19.294967651367188 15.5 19.325000762939453
      vertex -21.078384399414062 15.5 19.901782989501953
    endloop
  endfacet
  facet normal 0 1 0
    outer loop
      vertex -19.401714324951172 15.5 19.119937896728516
      vertex -21.078384399414062 15.5 19.901782989501953
      vertex -19.294967651367188 15.5 19.325000762939453
    endloop
  endfacet
  facet normal 0 1 0
    outer loop
      vertex -21.078384399414062 15.5 19.901782989501953
      vertex -19.401714324951172 15.5 19.119937896728516
      vertex -21.22861671447754 15.5 19.53908920288086
    endloop
  endfacet
  facet normal 0 1 0
    outer loop
      vertex -19.490184783935547 15.5 18.906352996826172
      vertex -21.22861671447754 15.5 19.53908920288086
      vertex -19.401714324951172 15.5 19.119937896728516
    endloop
  endfacet
  facet normal 0 1 0
    outer loop
      vertex -21.22861671447754 15.5 19.53908920288086
      vertex -19.490184783935547 15.5 18.906352996826172
      vertex -21.346664428710938 15.5 19.164684295654297
    endloop
  endfacet
  facet normal 0 1 0
    outer loop
      vertex -19.559703826904297 15.5 18.685871124267578
      vertex -21.346664428710938 15.5 19.164684295654297
      vertex -19.490184783935547 15.5 18.906352996826172
    endloop
  endfacet
  facet normal 0 1 0
    outer loop
      vertex -21.346664428710938 15.5 19.164684295654297
      vertex -19.559703826904297 15.5 18.685871124267578
      vertex -21.43163299560547 15.5 18.781415939331055
    endloop
  endfacet
  facet normal 0 1 0
    outer loop
      vertex -19.6097412109375 15.5 18.460166931152344
      vertex -21.43163299560547 15.5 18.781415939331055
      vertex -19.559703826904297 15.5 18.685871124267578
    endloop
  endfacet
  facet normal 0 1 0
    outer loop
      vertex -19.6097412109375 15.5 18.460166931152344
      vertex -21.48287582397461 15.5 18.392200469970703
      vertex -21.43163299560547 15.5 18.781415939331055
    endloop
  endfacet
  facet normal 0 1 0
    outer loop
      vertex -19.639915466308594 15.5 18.230960845947266
      vertex -21.48287582397461 15.5 18.392200469970703
      vertex -19.6097412109375 15.5 18.460166931152344
    endloop
  endfacet
  facet normal 0 1 0
    outer loop
      vertex -19.649999618530273 15.5 18
      vertex -21.48287582397461 15.5 18.392200469970703
      vertex -19.639915466308594 15.5 18.230960845947266
    endloop
  endfacet
  facet normal 0 1 0
    outer loop
      vertex -19.649999618530273 15.5 18
      vertex -21.5 15.5 18
      vertex -21.48287582397461 15.5 18.392200469970703
    endloop
  endfacet
  facet normal 0 1 0
    outer loop
      vertex -19.639915466308594 15.5 17.7690372467041
      vertex -21.5 15.5 18
      vertex -19.649999618530273 15.5 18
    endloop
  endfacet
  facet normal 0 1 0
    outer loop
      vertex -19.639915466308594 15.5 17.7690372467041
      vertex -21.48287582397461 15.5 17.607799530029297
      vertex -21.5 15.5 18
    endloop
  endfacet
  facet normal 0 1 0
    outer loop
      vertex -19.6097412109375 15.5 17.539833068847656
      vertex -21.48287582397461 15.5 17.607799530029297
      vertex -19.639915466308594 15.5 17.7690372467041
    endloop
  endfacet
  facet normal 0 1 0
    outer loop
      vertex -21.43163299560547 15.5 17.218582153320312
      vertex -19.6097412109375 15.5 17.539833068847656
      vertex -19.559703826904297 15.5 17.314128875732422
    endloop
  endfacet
  facet normal 0 1 0
    outer loop
      vertex -19.6097412109375 15.5 17.539833068847656
      vertex -21.43163299560547 15.5 17.218582153320312
      vertex -21.48287582397461 15.5 17.607799530029297
    endloop
  endfacet
  facet normal 0 1 0
    outer loop
      vertex -21.346664428710938 15.5 16.835315704345703
      vertex -19.559703826904297 15.5 17.314128875732422
      vertex -19.490184783935547 15.5 17.093647003173828
    endloop
  endfacet
  facet normal 0 1 0
    outer loop
      vertex -21.22861671447754 15.5 16.46091079711914
      vertex -19.490184783935547 15.5 17.093647003173828
      vertex -19.401714324951172 15.5 16.880062103271484
    endloop
  endfacet
  facet normal 0 1 0
    outer loop
      vertex -19.559703826904297 15.5 17.314128875732422
      vertex -21.346664428710938 15.5 16.835315704345703
      vertex -21.43163299560547 15.5 17.218582153320312
    endloop
  endfacet
  facet normal 0 1 0
    outer loop
      vertex -21.078384399414062 15.5 16.098217010498047
      vertex -19.401714324951172 15.5 16.880062103271484
      vertex -19.294967651367188 15.5 16.674999237060547
    endloop
  endfacet
  facet normal 0 1 0
    outer loop
      vertex -20.897113800048828 15.5 15.75
      vertex -19.294967651367188 15.5 16.674999237060547
      vertex -19.170753479003906 15.5 16.480022430419922
    endloop
  endfacet
  facet normal 0 1 0
    outer loop
      vertex -19.490184783935547 15.5 17.093647003173828
      vertex -21.22861671447754 15.5 16.46091079711914
      vertex -21.346664428710938 15.5 16.835315704345703
    endloop
  endfacet
  facet normal 0 1 0
    outer loop
      vertex -20.68618392944336 15.5 15.418906211853027
      vertex -19.170753479003906 15.5 16.480022430419922
      vertex -19.030017852783203 15.5 16.296613693237305
    endloop
  endfacet
  facet normal 0 1 0
    outer loop
      vertex -20.447200775146484 15.5 15.10745620727539
      vertex -19.030017852783203 15.5 16.296613693237305
      vertex -18.87383270263672 15.5 16.12616729736328
    endloop
  endfacet
  facet normal 0 1 0
    outer loop
      vertex -19.401714324951172 15.5 16.880062103271484
      vertex -21.078384399414062 15.5 16.098217010498047
      vertex -21.22861671447754 15.5 16.46091079711914
    endloop
  endfacet
  facet normal 0 1 0
    outer loop
      vertex -20.18198013305664 15.5 14.81801986694336
      vertex -18.87383270263672 15.5 16.12616729736328
      vertex -18.703386306762695 15.5 15.969983100891113
    endloop
  endfacet
  facet normal 0 1 0
    outer loop
      vertex -19.89254379272461 15.5 14.552800178527832
      vertex -18.703386306762695 15.5 15.969983100891113
      vertex -18.519977569580078 15.5 15.82924747467041
    endloop
  endfacet
  facet normal 0 1 0
    outer loop
      vertex -19.294967651367188 15.5 16.674999237060547
      vertex -20.897113800048828 15.5 15.75
      vertex -21.078384399414062 15.5 16.098217010498047
    endloop
  endfacet
  facet normal 0 1 0
    outer loop
      vertex -19.581092834472656 15.5 14.31381607055664
      vertex -18.519977569580078 15.5 15.82924747467041
      vertex -18.325000762939453 15.5 15.705033302307129
    endloop
  endfacet
  facet normal 0 1 0
    outer loop
      vertex -19.25 15.5 14.102886199951172
      vertex -18.325000762939453 15.5 15.705033302307129
      vertex -18.119937896728516 15.5 15.598284721374512
    endloop
  endfacet
  facet normal 0 1 0
    outer loop
      vertex -18.901782989501953 15.5 13.921615600585938
      vertex -18.119937896728516 15.5 15.598284721374512
      vertex -17.906352996826172 15.5 15.509815216064453
    endloop
  endfacet
  facet normal 0 1 0
    outer loop
      vertex -18.53908920288086 15.5 13.771383285522461
      vertex -17.906352996826172 15.5 15.509815216064453
      vertex -17.685871124267578 15.5 15.44029712677002
    endloop
  endfacet
  facet normal 0 1 0
    outer loop
      vertex -19.170753479003906 15.5 16.480022430419922
      vertex -20.68618392944336 15.5 15.418906211853027
      vertex -20.897113800048828 15.5 15.75
    endloop
  endfacet
  facet normal 0 1 0
    outer loop
      vertex -18.164684295654297 15.5 13.653334617614746
      vertex -17.685871124267578 15.5 15.44029712677002
      vertex -17.460166931152344 15.5 15.390259742736816
    endloop
  endfacet
  facet normal 0 1 0
    outer loop
      vertex -17.781415939331055 15.5 13.568366050720215
      vertex -17.460166931152344 15.5 15.390259742736816
      vertex -17.230960845947266 15.5 15.360084533691406
    endloop
  endfacet
  facet normal 0 1 0
    outer loop
      vertex -17.392200469970703 15.5 13.51712417602539
      vertex -17.230960845947266 15.5 15.360084533691406
      vertex -17 15.5 15.350000381469727
    endloop
  endfacet
  facet normal 0 1 0
    outer loop
      vertex -15.880061149597168 15.5 15.598284721374512
      vertex -15.098217010498047 15.5 13.921615600585938
      vertex -16.093647003173828 15.5 15.509815216064453
    endloop
  endfacet
  facet normal 0 1 0
    outer loop
      vertex -19.030017852783203 15.5 16.296613693237305
      vertex -20.447200775146484 15.5 15.10745620727539
      vertex -20.68618392944336 15.5 15.418906211853027
    endloop
  endfacet
  facet normal 0 1 0
    outer loop
      vertex -15.460908889770508 15.5 13.771383285522461
      vertex -16.093647003173828 15.5 15.509815216064453
      vertex -15.098217010498047 15.5 13.921615600585938
    endloop
  endfacet
  facet normal 0 1 0
    outer loop
      vertex -18.87383270263672 15.5 16.12616729736328
      vertex -20.18198013305664 15.5 14.81801986694336
      vertex -20.447200775146484 15.5 15.10745620727539
    endloop
  endfacet
  facet normal 0 1 0
    outer loop
      vertex -16.093647003173828 15.5 15.509815216064453
      vertex -15.460908889770508 15.5 13.771383285522461
      vertex -16.314128875732422 15.5 15.44029712677002
    endloop
  endfacet
  facet normal 0 1 0
    outer loop
      vertex -18.703386306762695 15.5 15.969983100891113
      vertex -19.89254379272461 15.5 14.552800178527832
      vertex -20.18198013305664 15.5 14.81801986694336
    endloop
  endfacet
  facet normal 0 1 0
    outer loop
      vertex -15.83531379699707 15.5 13.653334617614746
      vertex -16.314128875732422 15.5 15.44029712677002
      vertex -15.460908889770508 15.5 13.771383285522461
    endloop
  endfacet
  facet normal 0 1 0
    outer loop
      vertex -18.519977569580078 15.5 15.82924747467041
      vertex -19.581092834472656 15.5 14.31381607055664
      vertex -19.89254379272461 15.5 14.552800178527832
    endloop
  endfacet
  facet normal 0 1 0
    outer loop
      vertex -16.314128875732422 15.5 15.44029712677002
      vertex -15.83531379699707 15.5 13.653334617614746
      vertex -16.539833068847656 15.5 15.390259742736816
    endloop
  endfacet
  facet normal 0 1 0
    outer loop
      vertex -18.325000762939453 15.5 15.705033302307129
      vertex -19.25 15.5 14.102886199951172
      vertex -19.581092834472656 15.5 14.31381607055664
    endloop
  endfacet
  facet normal 0 1 0
    outer loop
      vertex -16.218582153320312 15.5 13.568366050720215
      vertex -16.539833068847656 15.5 15.390259742736816
      vertex -15.83531379699707 15.5 13.653334617614746
    endloop
  endfacet
  facet normal 0 1 0
    outer loop
      vertex -18.119937896728516 15.5 15.598284721374512
      vertex -18.901782989501953 15.5 13.921615600585938
      vertex -19.25 15.5 14.102886199951172
    endloop
  endfacet
  facet normal 0 1 0
    outer loop
      vertex -16.539833068847656 15.5 15.390259742736816
      vertex -16.218582153320312 15.5 13.568366050720215
      vertex -16.7690372467041 15.5 15.360084533691406
    endloop
  endfacet
  facet normal 0 1 0
    outer loop
      vertex -17.906352996826172 15.5 15.509815216064453
      vertex -18.53908920288086 15.5 13.771383285522461
      vertex -18.901782989501953 15.5 13.921615600585938
    endloop
  endfacet
  facet normal 0 1 0
    outer loop
      vertex -16.607799530029297 15.5 13.51712417602539
      vertex -16.7690372467041 15.5 15.360084533691406
      vertex -16.218582153320312 15.5 13.568366050720215
    endloop
  endfacet
  facet normal 0 1 0
    outer loop
      vertex -17.685871124267578 15.5 15.44029712677002
      vertex -18.164684295654297 15.5 13.653334617614746
      vertex -18.53908920288086 15.5 13.771383285522461
    endloop
  endfacet
  facet normal 0 1 0
    outer loop
      vertex -16.7690372467041 15.5 15.360084533691406
      vertex -16.607799530029297 15.5 13.51712417602539
      vertex -17 15.5 15.350000381469727
    endloop
  endfacet
  facet normal 0 1 0
    outer loop
      vertex -17.460166931152344 15.5 15.390259742736816
      vertex -17.781415939331055 15.5 13.568366050720215
      vertex -18.164684295654297 15.5 13.653334617614746
    endloop
  endfacet
  facet normal 0 1 0
    outer loop
      vertex -17 15.5 13.5
      vertex -17 15.5 15.350000381469727
      vertex -16.607799530029297 15.5 13.51712417602539
    endloop
  endfacet
  facet normal 0 1 0
    outer loop
      vertex -17.230960845947266 15.5 15.360084533691406
      vertex -17.392200469970703 15.5 13.51712417602539
      vertex -17.781415939331055 15.5 13.568366050720215
    endloop
  endfacet
  facet normal 0 1 0
    outer loop
      vertex -17 15.5 15.350000381469727
      vertex -17 15.5 13.5
      vertex -17.392200469970703 15.5 13.51712417602539
    endloop
  endfacet
  facet normal 0 0 -1
    outer loop
      vertex -19.39600372314453 -25 22.149999618530273
      vertex -14.603996276855469 -18.5 22.149999618530273
      vertex -14.603996276855469 -25 22.149999618530273
    endloop
  endfacet
  facet normal 0 0 -1
    outer loop
      vertex -14.603996276855469 -18.5 22.149999618530273
      vertex -19.39600372314453 -25 22.149999618530273
      vertex -19.39600372314453 -18.5 22.149999618530273
    endloop
  endfacet
  facet normal 0.866025374304083 0 0.5000000510614703
    outer loop
      vertex -21.792007446289062 -25 18
      vertex -19.39600372314453 -18.5 13.850000381469727
      vertex -21.792007446289062 -18.5 18
    endloop
  endfacet
  facet normal 0.866025374304083 0 0.5000000510614703
    outer loop
      vertex -19.39600372314453 -18.5 13.850000381469727
      vertex -21.792007446289062 -25 18
      vertex -19.39600372314453 -25 13.850000381469727
    endloop
  endfacet
  facet normal -0.866025374304083 0 -0.5000000510614703
    outer loop
      vertex -12.207992553710938 -25 18
      vertex -14.603996276855469 -18.5 22.149999618530273
      vertex -12.207992553710938 -18.5 18
    endloop
  endfacet
  facet normal -0.866025374304083 0 -0.5000000510614703
    outer loop
      vertex -14.603996276855469 -18.5 22.149999618530273
      vertex -12.207992553710938 -25 18
      vertex -14.603996276855469 -25 22.149999618530273
    endloop
  endfacet
  facet normal 0.866025374304083 0 -0.5000000510614703
    outer loop
      vertex -19.39600372314453 -25 22.149999618530273
      vertex -21.792007446289062 -18.5 18
      vertex -19.39600372314453 -18.5 22.149999618530273
    endloop
  endfacet
  facet normal 0.866025374304083 0 -0.5000000510614703
    outer loop
      vertex -21.792007446289062 -18.5 18
      vertex -19.39600372314453 -25 22.149999618530273
      vertex -21.792007446289062 -25 18
    endloop
  endfacet
  facet normal 0 -1 0
    outer loop
      vertex -19.39600372314453 -18.5 22.149999618530273
      vertex -17 -18.5 20.649999618530273
      vertex -14.603996276855469 -18.5 22.149999618530273
    endloop
  endfacet
  facet normal 0 -1 0
    outer loop
      vertex -19.39600372314453 -18.5 22.149999618530273
      vertex -17.230960845947266 -18.5 20.639915466308594
      vertex -17 -18.5 20.649999618530273
    endloop
  endfacet
  facet normal 0 -1 0
    outer loop
      vertex -19.39600372314453 -18.5 22.149999618530273
      vertex -17.460166931152344 -18.5 20.6097412109375
      vertex -17.230960845947266 -18.5 20.639915466308594
    endloop
  endfacet
  facet normal 0 -1 0
    outer loop
      vertex -19.39600372314453 -18.5 22.149999618530273
      vertex -17.685871124267578 -18.5 20.559703826904297
      vertex -17.460166931152344 -18.5 20.6097412109375
    endloop
  endfacet
  facet normal 0 -1 0
    outer loop
      vertex -19.39600372314453 -18.5 22.149999618530273
      vertex -17.906352996826172 -18.5 20.490184783935547
      vertex -17.685871124267578 -18.5 20.559703826904297
    endloop
  endfacet
  facet normal 0 -1 0
    outer loop
      vertex -19.39600372314453 -18.5 22.149999618530273
      vertex -18.119937896728516 -18.5 20.401714324951172
      vertex -17.906352996826172 -18.5 20.490184783935547
    endloop
  endfacet
  facet normal 0 -1 0
    outer loop
      vertex -19.39600372314453 -18.5 22.149999618530273
      vertex -18.325000762939453 -18.5 20.294967651367188
      vertex -18.119937896728516 -18.5 20.401714324951172
    endloop
  endfacet
  facet normal 0 -1 0
    outer loop
      vertex -19.39600372314453 -18.5 22.149999618530273
      vertex -18.519977569580078 -18.5 20.170753479003906
      vertex -18.325000762939453 -18.5 20.294967651367188
    endloop
  endfacet
  facet normal 0 -1 0
    outer loop
      vertex -19.39600372314453 -18.5 22.149999618530273
      vertex -18.703386306762695 -18.5 20.030017852783203
      vertex -18.519977569580078 -18.5 20.170753479003906
    endloop
  endfacet
  facet normal 0 -1 0
    outer loop
      vertex -19.39600372314453 -18.5 22.149999618530273
      vertex -18.87383270263672 -18.5 19.87383270263672
      vertex -18.703386306762695 -18.5 20.030017852783203
    endloop
  endfacet
  facet normal 0 -1 0
    outer loop
      vertex -19.39600372314453 -18.5 22.149999618530273
      vertex -19.030017852783203 -18.5 19.703386306762695
      vertex -18.87383270263672 -18.5 19.87383270263672
    endloop
  endfacet
  facet normal 0 -1 0
    outer loop
      vertex -19.39600372314453 -18.5 22.149999618530273
      vertex -19.170753479003906 -18.5 19.519977569580078
      vertex -19.030017852783203 -18.5 19.703386306762695
    endloop
  endfacet
  facet normal 0 -1 0
    outer loop
      vertex -19.39600372314453 -18.5 22.149999618530273
      vertex -19.294967651367188 -18.5 19.325000762939453
      vertex -19.170753479003906 -18.5 19.519977569580078
    endloop
  endfacet
  facet normal 0 -1 0
    outer loop
      vertex -21.792007446289062 -18.5 18
      vertex -19.294967651367188 -18.5 19.325000762939453
      vertex -19.39600372314453 -18.5 22.149999618530273
    endloop
  endfacet
  facet normal 0 -1 0
    outer loop
      vertex -19.294967651367188 -18.5 19.325000762939453
      vertex -21.792007446289062 -18.5 18
      vertex -19.401714324951172 -18.5 19.119937896728516
    endloop
  endfacet
  facet normal 0 -1 0
    outer loop
      vertex -19.401714324951172 -18.5 19.119937896728516
      vertex -21.792007446289062 -18.5 18
      vertex -19.490184783935547 -18.5 18.906352996826172
    endloop
  endfacet
  facet normal 0 -1 0
    outer loop
      vertex -19.490184783935547 -18.5 18.906352996826172
      vertex -21.792007446289062 -18.5 18
      vertex -19.559703826904297 -18.5 18.685871124267578
    endloop
  endfacet
  facet normal 0 -1 0
    outer loop
      vertex -19.559703826904297 -18.5 18.685871124267578
      vertex -21.792007446289062 -18.5 18
      vertex -19.6097412109375 -18.5 18.460166931152344
    endloop
  endfacet
  facet normal 0 -1 0
    outer loop
      vertex -19.6097412109375 -18.5 18.460166931152344
      vertex -21.792007446289062 -18.5 18
      vertex -19.639915466308594 -18.5 18.230960845947266
    endloop
  endfacet
  facet normal 0 -1 0
    outer loop
      vertex -21.792007446289062 -18.5 18
      vertex -19.649999618530273 -18.5 18
      vertex -19.639915466308594 -18.5 18.230960845947266
    endloop
  endfacet
  facet normal 0 -1 0
    outer loop
      vertex -21.792007446289062 -18.5 18
      vertex -19.639915466308594 -18.5 17.7690372467041
      vertex -19.649999618530273 -18.5 18
    endloop
  endfacet
  facet normal 0 -1 0
    outer loop
      vertex -21.792007446289062 -18.5 18
      vertex -19.6097412109375 -18.5 17.539833068847656
      vertex -19.639915466308594 -18.5 17.7690372467041
    endloop
  endfacet
  facet normal 0 -1 0
    outer loop
      vertex -21.792007446289062 -18.5 18
      vertex -19.559703826904297 -18.5 17.314128875732422
      vertex -19.6097412109375 -18.5 17.539833068847656
    endloop
  endfacet
  facet normal 0 -1 0
    outer loop
      vertex -21.792007446289062 -18.5 18
      vertex -19.490184783935547 -18.5 17.093647003173828
      vertex -19.559703826904297 -18.5 17.314128875732422
    endloop
  endfacet
  facet normal 0 -1 0
    outer loop
      vertex -21.792007446289062 -18.5 18
      vertex -19.401714324951172 -18.5 16.880062103271484
      vertex -19.490184783935547 -18.5 17.093647003173828
    endloop
  endfacet
  facet normal 0 -1 0
    outer loop
      vertex -21.792007446289062 -18.5 18
      vertex -19.294967651367188 -18.5 16.674999237060547
      vertex -19.401714324951172 -18.5 16.880062103271484
    endloop
  endfacet
  facet normal 0 -1 0
    outer loop
      vertex -19.39600372314453 -18.5 13.850000381469727
      vertex -19.294967651367188 -18.5 16.674999237060547
      vertex -21.792007446289062 -18.5 18
    endloop
  endfacet
  facet normal 0 -1 0
    outer loop
      vertex -19.294967651367188 -18.5 16.674999237060547
      vertex -19.39600372314453 -18.5 13.850000381469727
      vertex -19.170753479003906 -18.5 16.480022430419922
    endloop
  endfacet
  facet normal 0 -1 0
    outer loop
      vertex -19.170753479003906 -18.5 16.480022430419922
      vertex -19.39600372314453 -18.5 13.850000381469727
      vertex -19.030017852783203 -18.5 16.296613693237305
    endloop
  endfacet
  facet normal 0 -1 0
    outer loop
      vertex -19.030017852783203 -18.5 16.296613693237305
      vertex -19.39600372314453 -18.5 13.850000381469727
      vertex -18.87383270263672 -18.5 16.12616729736328
    endloop
  endfacet
  facet normal 0 -1 0
    outer loop
      vertex -18.87383270263672 -18.5 16.12616729736328
      vertex -19.39600372314453 -18.5 13.850000381469727
      vertex -18.703386306762695 -18.5 15.969983100891113
    endloop
  endfacet
  facet normal 0 -1 0
    outer loop
      vertex -17.230960845947266 -18.5 15.360084533691406
      vertex -19.39600372314453 -18.5 13.850000381469727
      vertex -17 -18.5 15.350000381469727
    endloop
  endfacet
  facet normal 0 -1 0
    outer loop
      vertex -17.460166931152344 -18.5 15.390259742736816
      vertex -19.39600372314453 -18.5 13.850000381469727
      vertex -17.230960845947266 -18.5 15.360084533691406
    endloop
  endfacet
  facet normal 0 -1 0
    outer loop
      vertex -17.685871124267578 -18.5 15.44029712677002
      vertex -19.39600372314453 -18.5 13.850000381469727
      vertex -17.460166931152344 -18.5 15.390259742736816
    endloop
  endfacet
  facet normal 0 -1 0
    outer loop
      vertex -17.906352996826172 -18.5 15.509815216064453
      vertex -19.39600372314453 -18.5 13.850000381469727
      vertex -17.685871124267578 -18.5 15.44029712677002
    endloop
  endfacet
  facet normal 0 -1 0
    outer loop
      vertex -18.119937896728516 -18.5 15.598284721374512
      vertex -19.39600372314453 -18.5 13.850000381469727
      vertex -17.906352996826172 -18.5 15.509815216064453
    endloop
  endfacet
  facet normal 0 -1 0
    outer loop
      vertex -18.325000762939453 -18.5 15.705033302307129
      vertex -19.39600372314453 -18.5 13.850000381469727
      vertex -18.119937896728516 -18.5 15.598284721374512
    endloop
  endfacet
  facet normal 0 -1 0
    outer loop
      vertex -18.519977569580078 -18.5 15.82924747467041
      vertex -19.39600372314453 -18.5 13.850000381469727
      vertex -18.325000762939453 -18.5 15.705033302307129
    endloop
  endfacet
  facet normal 0 -1 0
    outer loop
      vertex -18.703386306762695 -18.5 15.969983100891113
      vertex -19.39600372314453 -18.5 13.850000381469727
      vertex -18.519977569580078 -18.5 15.82924747467041
    endloop
  endfacet
  facet normal 0 -1 0
    outer loop
      vertex -16.7690372467041 -18.5 20.639915466308594
      vertex -14.603996276855469 -18.5 22.149999618530273
      vertex -17 -18.5 20.649999618530273
    endloop
  endfacet
  facet normal 0 -1 0
    outer loop
      vertex -16.539833068847656 -18.5 20.6097412109375
      vertex -14.603996276855469 -18.5 22.149999618530273
      vertex -16.7690372467041 -18.5 20.639915466308594
    endloop
  endfacet
  facet normal 0 -1 0
    outer loop
      vertex -16.314128875732422 -18.5 20.559703826904297
      vertex -14.603996276855469 -18.5 22.149999618530273
      vertex -16.539833068847656 -18.5 20.6097412109375
    endloop
  endfacet
  facet normal 0 -1 0
    outer loop
      vertex -16.093647003173828 -18.5 20.490184783935547
      vertex -14.603996276855469 -18.5 22.149999618530273
      vertex -16.314128875732422 -18.5 20.559703826904297
    endloop
  endfacet
  facet normal 0 -1 0
    outer loop
      vertex -15.880061149597168 -18.5 20.401714324951172
      vertex -14.603996276855469 -18.5 22.149999618530273
      vertex -16.093647003173828 -18.5 20.490184783935547
    endloop
  endfacet
  facet normal 0 -1 0
    outer loop
      vertex -15.674999237060547 -18.5 20.294967651367188
      vertex -14.603996276855469 -18.5 22.149999618530273
      vertex -15.880061149597168 -18.5 20.401714324951172
    endloop
  endfacet
  facet normal 0 -1 0
    outer loop
      vertex -15.480022430419922 -18.5 20.170753479003906
      vertex -14.603996276855469 -18.5 22.149999618530273
      vertex -15.674999237060547 -18.5 20.294967651367188
    endloop
  endfacet
  facet normal 0 -1 0
    outer loop
      vertex -15.296612739562988 -18.5 20.030017852783203
      vertex -14.603996276855469 -18.5 22.149999618530273
      vertex -15.480022430419922 -18.5 20.170753479003906
    endloop
  endfacet
  facet normal 0 -1 0
    outer loop
      vertex -15.126166343688965 -18.5 19.87383270263672
      vertex -14.603996276855469 -18.5 22.149999618530273
      vertex -15.296612739562988 -18.5 20.030017852783203
    endloop
  endfacet
  facet normal 0 -1 0
    outer loop
      vertex -14.969982147216797 -18.5 19.703386306762695
      vertex -14.603996276855469 -18.5 22.149999618530273
      vertex -15.126166343688965 -18.5 19.87383270263672
    endloop
  endfacet
  facet normal 0 -1 0
    outer loop
      vertex -14.829246520996094 -18.5 19.519977569580078
      vertex -14.603996276855469 -18.5 22.149999618530273
      vertex -14.969982147216797 -18.5 19.703386306762695
    endloop
  endfacet
  facet normal 0 -1 0
    outer loop
      vertex -14.705032348632812 -18.5 19.325000762939453
      vertex -14.603996276855469 -18.5 22.149999618530273
      vertex -14.829246520996094 -18.5 19.519977569580078
    endloop
  endfacet
  facet normal 0 -1 0
    outer loop
      vertex -12.207992553710938 -18.5 18
      vertex -14.705032348632812 -18.5 19.325000762939453
      vertex -14.598283767700195 -18.5 19.119937896728516
    endloop
  endfacet
  facet normal 0 -1 0
    outer loop
      vertex -12.207992553710938 -18.5 18
      vertex -14.598283767700195 -18.5 19.119937896728516
      vertex -14.509814262390137 -18.5 18.906352996826172
    endloop
  endfacet
  facet normal 0 -1 0
    outer loop
      vertex -12.207992553710938 -18.5 18
      vertex -14.509814262390137 -18.5 18.906352996826172
      vertex -14.440296173095703 -18.5 18.685871124267578
    endloop
  endfacet
  facet normal 0 -1 0
    outer loop
      vertex -12.207992553710938 -18.5 18
      vertex -14.440296173095703 -18.5 18.685871124267578
      vertex -14.3902587890625 -18.5 18.460166931152344
    endloop
  endfacet
  facet normal 0 -1 0
    outer loop
      vertex -12.207992553710938 -18.5 18
      vertex -14.3902587890625 -18.5 18.460166931152344
      vertex -14.36008358001709 -18.5 18.230960845947266
    endloop
  endfacet
  facet normal 0 -1 0
    outer loop
      vertex -14.705032348632812 -18.5 19.325000762939453
      vertex -12.207992553710938 -18.5 18
      vertex -14.603996276855469 -18.5 22.149999618530273
    endloop
  endfacet
  facet normal 0 -1 0
    outer loop
      vertex -14.34999942779541 -18.5 18
      vertex -12.207992553710938 -18.5 18
      vertex -14.36008358001709 -18.5 18.230960845947266
    endloop
  endfacet
  facet normal 0 -1 0
    outer loop
      vertex -14.36008358001709 -18.5 17.7690372467041
      vertex -12.207992553710938 -18.5 18
      vertex -14.34999942779541 -18.5 18
    endloop
  endfacet
  facet normal 0 -1 0
    outer loop
      vertex -14.3902587890625 -18.5 17.539833068847656
      vertex -12.207992553710938 -18.5 18
      vertex -14.36008358001709 -18.5 17.7690372467041
    endloop
  endfacet
  facet normal 0 -1 0
    outer loop
      vertex -14.440296173095703 -18.5 17.314128875732422
      vertex -12.207992553710938 -18.5 18
      vertex -14.3902587890625 -18.5 17.539833068847656
    endloop
  endfacet
  facet normal 0 -1 0
    outer loop
      vertex -14.509814262390137 -18.5 17.093647003173828
      vertex -12.207992553710938 -18.5 18
      vertex -14.440296173095703 -18.5 17.314128875732422
    endloop
  endfacet
  facet normal 0 -1 0
    outer loop
      vertex -14.598283767700195 -18.5 16.880062103271484
      vertex -12.207992553710938 -18.5 18
      vertex -14.509814262390137 -18.5 17.093647003173828
    endloop
  endfacet
  facet normal 0 -1 0
    outer loop
      vertex -14.705032348632812 -18.5 16.674999237060547
      vertex -12.207992553710938 -18.5 18
      vertex -14.598283767700195 -18.5 16.880062103271484
    endloop
  endfacet
  facet normal 0 -1 0
    outer loop
      vertex -14.603996276855469 -18.5 13.850000381469727
      vertex -14.705032348632812 -18.5 16.674999237060547
      vertex -14.829246520996094 -18.5 16.480022430419922
    endloop
  endfacet
  facet normal 0 -1 0
    outer loop
      vertex -14.603996276855469 -18.5 13.850000381469727
      vertex -14.829246520996094 -18.5 16.480022430419922
      vertex -14.969982147216797 -18.5 16.296613693237305
    endloop
  endfacet
  facet normal 0 -1 0
    outer loop
      vertex -14.603996276855469 -18.5 13.850000381469727
      vertex -14.969982147216797 -18.5 16.296613693237305
      vertex -15.126166343688965 -18.5 16.12616729736328
    endloop
  endfacet
  facet normal 0 -1 0
    outer loop
      vertex -14.603996276855469 -18.5 13.850000381469727
      vertex -15.126166343688965 -18.5 16.12616729736328
      vertex -15.296612739562988 -18.5 15.969983100891113
    endloop
  endfacet
  facet normal 0 -1 0
    outer loop
      vertex -14.603996276855469 -18.5 13.850000381469727
      vertex -15.296612739562988 -18.5 15.969983100891113
      vertex -15.480022430419922 -18.5 15.82924747467041
    endloop
  endfacet
  facet normal 0 -1 0
    outer loop
      vertex -14.603996276855469 -18.5 13.850000381469727
      vertex -17 -18.5 15.350000381469727
      vertex -19.39600372314453 -18.5 13.850000381469727
    endloop
  endfacet
  facet normal 0 -1 0
    outer loop
      vertex -17 -18.5 15.350000381469727
      vertex -14.603996276855469 -18.5 13.850000381469727
      vertex -16.7690372467041 -18.5 15.360084533691406
    endloop
  endfacet
  facet normal 0 -1 0
    outer loop
      vertex -16.7690372467041 -18.5 15.360084533691406
      vertex -14.603996276855469 -18.5 13.850000381469727
      vertex -16.539833068847656 -18.5 15.390259742736816
    endloop
  endfacet
  facet normal 0 -1 0
    outer loop
      vertex -16.539833068847656 -18.5 15.390259742736816
      vertex -14.603996276855469 -18.5 13.850000381469727
      vertex -16.314128875732422 -18.5 15.44029712677002
    endloop
  endfacet
  facet normal 0 -1 0
    outer loop
      vertex -16.314128875732422 -18.5 15.44029712677002
      vertex -14.603996276855469 -18.5 13.850000381469727
      vertex -16.093647003173828 -18.5 15.509815216064453
    endloop
  endfacet
  facet normal 0 -1 0
    outer loop
      vertex -14.705032348632812 -18.5 16.674999237060547
      vertex -14.603996276855469 -18.5 13.850000381469727
      vertex -12.207992553710938 -18.5 18
    endloop
  endfacet
  facet normal 0 -1 0
    outer loop
      vertex -15.674999237060547 -18.5 15.705033302307129
      vertex -14.603996276855469 -18.5 13.850000381469727
      vertex -15.480022430419922 -18.5 15.82924747467041
    endloop
  endfacet
  facet normal 0 -1 0
    outer loop
      vertex -15.880061149597168 -18.5 15.598284721374512
      vertex -14.603996276855469 -18.5 13.850000381469727
      vertex -15.674999237060547 -18.5 15.705033302307129
    endloop
  endfacet
  facet normal 0 -1 0
    outer loop
      vertex -16.093647003173828 -18.5 15.509815216064453
      vertex -14.603996276855469 -18.5 13.850000381469727
      vertex -15.880061149597168 -18.5 15.598284721374512
    endloop
  endfacet
  facet normal 0 0 1
    outer loop
      vertex -19.39600372314453 -18.5 13.850000381469727
      vertex -14.603996276855469 -25 13.850000381469727
      vertex -14.603996276855469 -18.5 13.850000381469727
    endloop
  endfacet
  facet normal 0 0 1
    outer loop
      vertex -14.603996276855469 -25 13.850000381469727
      vertex -19.39600372314453 -18.5 13.850000381469727
      vertex -19.39600372314453 -25 13.850000381469727
    endloop
  endfacet
  facet normal -0.866025374304083 0 0.5000000510614703
    outer loop
      vertex -14.603996276855469 -25 13.850000381469727
      vertex -12.207992553710938 -18.5 18
      vertex -14.603996276855469 -18.5 13.850000381469727
    endloop
  endfacet
  facet normal -0.866025374304083 0 0.5000000510614703
    outer loop
      vertex -12.207992553710938 -18.5 18
      vertex -14.603996276855469 -25 13.850000381469727
      vertex -12.207992553710938 -25 18
    endloop
  endfacet
  facet normal 0 0 -1
    outer loop
      vertex -3.5 -3 9
      vertex 129.89999389648438 3 9
      vertex 129.89999389648438 -3 9
    endloop
  endfacet
  facet normal 0 0 -1
    outer loop
      vertex 129.89999389648438 3 9
      vertex -3.5 -3 9
      vertex -3.5 3 9
    endloop
  endfacet
  facet normal 0 1 0
    outer loop
      vertex 129.89999389648438 -3 0
      vertex -3.5 -3 9
      vertex 129.89999389648438 -3 9
    endloop
  endfacet
  facet normal 0 1 0
    outer loop
      vertex -3.5 -3 9
      vertex 129.89999389648438 -3 0
      vertex -3.5 -3 0
    endloop
  endfacet
  facet normal 0 -1 0
    outer loop
      vertex -3.5 3 0
      vertex 129.89999389648438 3 9
      vertex -3.5 3 9
    endloop
  endfacet
  facet normal 0 -1 0
    outer loop
      vertex 129.89999389648438 3 9
      vertex -3.5 3 0
      vertex 129.89999389648438 3 0
    endloop
  endfacet
endsolid OpenSCAD_Model
