solid OpenSCAD_Model
  facet normal 0.9978582911065026 0.06541277298823332 0
    outer loop
      vertex 44.5 21 28.600000381469727
      vertex 44.482887268066406 21.261051177978516 0
      vertex 44.482887268066406 21.261051177978516 28.600000381469727
    endloop
  endfacet
  facet normal 0.9978582911065026 0.06541277298823332 0
    outer loop
      vertex 44.482887268066406 21.261051177978516 0
      vertex 44.5 21 28.600000381469727
      vertex 44.5 21 0
    endloop
  endfacet
  facet normal 0.9978582911065027 0.06541277298823332 0
    outer loop
      vertex 44.5 21 107.5
      vertex 44.482887268066406 21.261051177978516 76.75
      vertex 44.482887268066406 21.261051177978516 107.5
    endloop
  endfacet
  facet normal 0.9978582911065027 0.06541277298823332 0
    outer loop
      vertex 44.482887268066406 21.261051177978516 76.75
      vertex 44.5 21 107.5
      vertex 44.5 21 76.75
    endloop
  endfacet
  facet normal 0.9978582911065026 0.06541277298823332 0
    outer loop
      vertex 44.5 21 73.75
      vertex 44.482887268066406 21.261051177978516 31.600000381469727
      vertex 44.482887268066406 21.261051177978516 73.75
    endloop
  endfacet
  facet normal 0.9978582911065026 0.06541277298823332 0
    outer loop
      vertex 44.482887268066406 21.261051177978516 31.600000381469727
      vertex 44.5 21 73.75
      vertex 44.5 21 31.600000381469727
    endloop
  endfacet
  facet normal 0 1 0
    outer loop
      vertex 42.5 23 107.5
      vertex 41.5 23 104.5
      vertex 2 23 107.5
    endloop
  endfacet
  facet normal 0 1 0
    outer loop
      vertex 42.5 23 0
      vertex 41.5 23 104.5
      vertex 42.5 23 107.5
    endloop
  endfacet
  facet normal 0 1 0
    outer loop
      vertex 41.5 23 104.5
      vertex 42.5 23 0
      vertex 41.5 23 0
    endloop
  endfacet
  facet normal 0 1 0
    outer loop
      vertex 3 23 104.5
      vertex 2 23 107.5
      vertex 41.5 23 104.5
    endloop
  endfacet
  facet normal 0 1 0
    outer loop
      vertex 2 23 0
      vertex 3 23 104.5
      vertex 3 23 0
    endloop
  endfacet
  facet normal 0 1 0
    outer loop
      vertex 3 23 104.5
      vertex 2 23 0
      vertex 2 23 107.5
    endloop
  endfacet
  facet normal -0.06540503757857266 0.9978587981570065 0
    outer loop
      vertex 2 23 0
      vertex 1.7389469146728516 22.98288917541504 107.5
      vertex 2 23 107.5
    endloop
  endfacet
  facet normal -0.06540503757857266 0.9978587981570065 0
    outer loop
      vertex 1.7389469146728516 22.98288917541504 107.5
      vertex 2 23 0
      vertex 1.7389469146728516 22.98288917541504 0
    endloop
  endfacet
  facet normal -0.4422928857990367 0.8968706724893843 0
    outer loop
      vertex 1.2346324920654297 22.847759246826172 107.5
      vertex 1 22.7320499420166 76.75
      vertex 1 22.7320499420166 107.5
    endloop
  endfacet
  facet normal -0.44229288579903664 0.8968706724893841 0
    outer loop
      vertex 1.2346324920654297 22.847759246826172 107.5
      vertex 1 22.7320499420166 73.75
      vertex 1 22.7320499420166 76.75
    endloop
  endfacet
  facet normal -0.44229288579903664 0.8968706724893842 0
    outer loop
      vertex 1.2346324920654297 22.847759246826172 107.5
      vertex 1 22.7320499420166 31.600000381469727
      vertex 1 22.7320499420166 73.75
    endloop
  endfacet
  facet normal -0.44229288579903664 0.8968706724893841 0
    outer loop
      vertex 1.2346324920654297 22.847759246826172 107.5
      vertex 1 22.7320499420166 28.600000381469727
      vertex 1 22.7320499420166 31.600000381469727
    endloop
  endfacet
  facet normal -0.44229288579903664 0.8968706724893842 0
    outer loop
      vertex 1.2346324920654297 22.847759246826172 0
      vertex 1 22.7320499420166 28.600000381469727
      vertex 1.2346324920654297 22.847759246826172 107.5
    endloop
  endfacet
  facet normal -0.44229288579903664 0.8968706724893842 0
    outer loop
      vertex 1 22.7320499420166 28.600000381469727
      vertex 1.2346324920654297 22.847759246826172 0
      vertex 1 22.7320499420166 0
    endloop
  endfacet
  facet normal 0.8314755552374979 0.5555613386859225 0
    outer loop
      vertex 44.23204803466797 22 107.5
      vertex 44.086708068847656 22.21752166748047 76.75
      vertex 44.086708068847656 22.21752166748047 107.5
    endloop
  endfacet
  facet normal 0.8314755552374979 0.5555613386859225 0
    outer loop
      vertex 44.086708068847656 22.21752166748047 76.75
      vertex 44.23204803466797 22 107.5
      vertex 44.23204803466797 22 76.75
    endloop
  endfacet
  facet normal 0.8314755552374979 0.5555613386859225 0
    outer loop
      vertex 44.23204803466797 22 28.600000381469727
      vertex 44.086708068847656 22.21752166748047 0
      vertex 44.086708068847656 22.21752166748047 28.600000381469727
    endloop
  endfacet
  facet normal 0.8314755552374979 0.5555613386859225 0
    outer loop
      vertex 44.086708068847656 22.21752166748047 0
      vertex 44.23204803466797 22 28.600000381469727
      vertex 44.23204803466797 22 0
    endloop
  endfacet
  facet normal 0.8314755552374979 0.5555613386859225 0
    outer loop
      vertex 44.23204803466797 22 73.75
      vertex 44.086708068847656 22.21752166748047 31.600000381469727
      vertex 44.086708068847656 22.21752166748047 73.75
    endloop
  endfacet
  facet normal 0.8314755552374979 0.5555613386859225 0
    outer loop
      vertex 44.086708068847656 22.21752166748047 31.600000381469727
      vertex 44.23204803466797 22 73.75
      vertex 44.23204803466797 22 31.600000381469727
    endloop
  endfacet
  facet normal 0 -1 0
    outer loop
      vertex 0 0 4
      vertex 44.5 0 28.600000381469727
      vertex 0 0 28.600000381469727
    endloop
  endfacet
  facet normal 0 -1 0
    outer loop
      vertex 44.5 0 28.600000381469727
      vertex 0 0 4
      vertex 44.5 0 4
    endloop
  endfacet
  facet normal 0 -1 0
    outer loop
      vertex 0 0 76.75
      vertex 44.5 0 105.5
      vertex 0 0 105.5
    endloop
  endfacet
  facet normal 0 -1 0
    outer loop
      vertex 44.5 0 105.5
      vertex 0 0 76.75
      vertex 44.5 0 76.75
    endloop
  endfacet
  facet normal 0 -1 0
    outer loop
      vertex 0 0 31.600000381469727
      vertex 44.5 0 73.75
      vertex 0 0 73.75
    endloop
  endfacet
  facet normal 0 -1 0
    outer loop
      vertex 44.5 0 73.75
      vertex 0 0 31.600000381469727
      vertex 44.5 0 31.600000381469727
    endloop
  endfacet
  facet normal -0.19509322013739036 0.980784703926618 0
    outer loop
      vertex 1.7389469146728516 22.98288917541504 0
      vertex 1.4823617935180664 22.93185043334961 107.5
      vertex 1.7389469146728516 22.98288917541504 107.5
    endloop
  endfacet
  facet normal -0.19509322013739036 0.980784703926618 0
    outer loop
      vertex 1.4823617935180664 22.93185043334961 107.5
      vertex 1.7389469146728516 22.98288917541504 0
      vertex 1.4823617935180664 22.93185043334961 0
    endloop
  endfacet
  facet normal 0.659340371986186 0.7518445809268813 0
    outer loop
      vertex 43.914215087890625 22.414213180541992 76.75
      vertex 43.71752166748047 22.586706161499023 107.5
      vertex 43.914215087890625 22.414213180541992 107.5
    endloop
  endfacet
  facet normal 0.659340371986186 0.7518445809268813 0
    outer loop
      vertex 43.71752166748047 22.586706161499023 107.5
      vertex 43.914215087890625 22.414213180541992 76.75
      vertex 43.71752166748047 22.586706161499023 76.75
    endloop
  endfacet
  facet normal 0.659340371986186 0.7518445809268814 0
    outer loop
      vertex 43.914215087890625 22.414213180541992 0
      vertex 43.71752166748047 22.586706161499023 28.600000381469727
      vertex 43.914215087890625 22.414213180541992 28.600000381469727
    endloop
  endfacet
  facet normal 0.659340371986186 0.7518445809268814 0
    outer loop
      vertex 43.71752166748047 22.586706161499023 28.600000381469727
      vertex 43.914215087890625 22.414213180541992 0
      vertex 43.71752166748047 22.586706161499023 0
    endloop
  endfacet
  facet normal 0.6593403719861859 0.7518445809268812 0
    outer loop
      vertex 43.914215087890625 22.414213180541992 31.600000381469727
      vertex 43.71752166748047 22.586706161499023 73.75
      vertex 43.914215087890625 22.414213180541992 73.75
    endloop
  endfacet
  facet normal 0.6593403719861859 0.7518445809268812 0
    outer loop
      vertex 43.71752166748047 22.586706161499023 73.75
      vertex 43.914215087890625 22.414213180541992 31.600000381469727
      vertex 43.71752166748047 22.586706161499023 31.600000381469727
    endloop
  endfacet
  facet normal 0.9469315910190029 0.3214351597604407 0
    outer loop
      vertex 44.43185043334961 21.517637252807617 107.5
      vertex 44.34775924682617 21.765365600585938 76.75
      vertex 44.34775924682617 21.765365600585938 107.5
    endloop
  endfacet
  facet normal 0.9469315910190029 0.3214351597604407 0
    outer loop
      vertex 44.34775924682617 21.765365600585938 76.75
      vertex 44.43185043334961 21.517637252807617 107.5
      vertex 44.43185043334961 21.517637252807617 76.75
    endloop
  endfacet
  facet normal 0.9469315910190028 0.3214351597604407 0
    outer loop
      vertex 44.43185043334961 21.517637252807617 28.600000381469727
      vertex 44.34775924682617 21.765365600585938 0
      vertex 44.34775924682617 21.765365600585938 28.600000381469727
    endloop
  endfacet
  facet normal 0.9469315910190028 0.3214351597604407 0
    outer loop
      vertex 44.34775924682617 21.765365600585938 0
      vertex 44.43185043334961 21.517637252807617 28.600000381469727
      vertex 44.43185043334961 21.517637252807617 0
    endloop
  endfacet
  facet normal 0.9469315910190028 0.3214351597604407 0
    outer loop
      vertex 44.43185043334961 21.517637252807617 73.75
      vertex 44.34775924682617 21.765365600585938 31.600000381469727
      vertex 44.34775924682617 21.765365600585938 73.75
    endloop
  endfacet
  facet normal 0.9469315910190028 0.3214351597604407 0
    outer loop
      vertex 44.34775924682617 21.765365600585938 31.600000381469727
      vertex 44.43185043334961 21.517637252807617 73.75
      vertex 44.43185043334961 21.517637252807617 31.600000381469727
    endloop
  endfacet
  facet normal -0.8314688194409102 0.5555714196190614 0
    outer loop
      vertex 0.26794910430908203 22 76.75
      vertex 0.41329288482666016 22.21752166748047 107.5
      vertex 0.41329288482666016 22.21752166748047 76.75
    endloop
  endfacet
  facet normal -0.8314688194409102 0.5555714196190614 0
    outer loop
      vertex 0.41329288482666016 22.21752166748047 107.5
      vertex 0.26794910430908203 22 76.75
      vertex 0.26794910430908203 22 107.5
    endloop
  endfacet
  facet normal -0.8314688194409102 0.5555714196190614 0
    outer loop
      vertex 0.26794910430908203 22 0
      vertex 0.41329288482666016 22.21752166748047 28.600000381469727
      vertex 0.41329288482666016 22.21752166748047 0
    endloop
  endfacet
  facet normal -0.8314688194409102 0.5555714196190614 0
    outer loop
      vertex 0.41329288482666016 22.21752166748047 28.600000381469727
      vertex 0.26794910430908203 22 0
      vertex 0.26794910430908203 22 28.600000381469727
    endloop
  endfacet
  facet normal -0.8314688194409101 0.5555714196190614 0
    outer loop
      vertex 0.26794910430908203 22 31.600000381469727
      vertex 0.41329288482666016 22.21752166748047 73.75
      vertex 0.41329288482666016 22.21752166748047 31.600000381469727
    endloop
  endfacet
  facet normal -0.8314688194409101 0.5555714196190614 0
    outer loop
      vertex 0.41329288482666016 22.21752166748047 73.75
      vertex 0.26794910430908203 22 31.600000381469727
      vertex 0.26794910430908203 22 73.75
    endloop
  endfacet
  facet normal 0 0 -1
    outer loop
      vertex 15.25 -11 0
      vertex 20.75 -9 0
      vertex 19.41666603088379 -11 0
    endloop
  endfacet
  facet normal 0 0 -1
    outer loop
      vertex 41.5 3 0
      vertex 44.5 21 0
      vertex 44.5 0 0
    endloop
  endfacet
  facet normal 0 0 -1
    outer loop
      vertex 41.5 23 0
      vertex 44.5 21 0
      vertex 41.5 3 0
    endloop
  endfacet
  facet normal 0 0 -1
    outer loop
      vertex 42.5 23 0
      vertex 44.5 21 0
      vertex 41.5 23 0
    endloop
  endfacet
  facet normal 0 0 -1
    outer loop
      vertex 44.5 21 0
      vertex 42.5 23 0
      vertex 44.482887268066406 21.261051177978516 0
    endloop
  endfacet
  facet normal 0 0 -1
    outer loop
      vertex 44.482887268066406 21.261051177978516 0
      vertex 42.5 23 0
      vertex 44.43185043334961 21.517637252807617 0
    endloop
  endfacet
  facet normal 0 0 -1
    outer loop
      vertex 44.43185043334961 21.517637252807617 0
      vertex 42.5 23 0
      vertex 44.34775924682617 21.765365600585938 0
    endloop
  endfacet
  facet normal 0 0 -1
    outer loop
      vertex 44.34775924682617 21.765365600585938 0
      vertex 42.5 23 0
      vertex 44.23204803466797 22 0
    endloop
  endfacet
  facet normal 0 0 -1
    outer loop
      vertex 44.23204803466797 22 0
      vertex 42.5 23 0
      vertex 44.086708068847656 22.21752166748047 0
    endloop
  endfacet
  facet normal 0 0 -1
    outer loop
      vertex 44.086708068847656 22.21752166748047 0
      vertex 42.5 23 0
      vertex 43.914215087890625 22.414213180541992 0
    endloop
  endfacet
  facet normal 0 0 -1
    outer loop
      vertex 43.914215087890625 22.414213180541992 0
      vertex 42.5 23 0
      vertex 43.71752166748047 22.586706161499023 0
    endloop
  endfacet
  facet normal 0 0 -1
    outer loop
      vertex 43.71752166748047 22.586706161499023 0
      vertex 42.5 23 0
      vertex 43.5 22.7320499420166 0
    endloop
  endfacet
  facet normal 0 0 -1
    outer loop
      vertex 43.5 22.7320499420166 0
      vertex 42.5 23 0
      vertex 43.26536560058594 22.847759246826172 0
    endloop
  endfacet
  facet normal 0 0 -1
    outer loop
      vertex 43.01763916015625 22.93185043334961 0
      vertex 42.5 23 0
      vertex 42.761051177978516 22.98288917541504 0
    endloop
  endfacet
  facet normal 0 0 -1
    outer loop
      vertex 29.25 -11 0
      vertex 41.5 3 0
      vertex 44.5 0 0
    endloop
  endfacet
  facet normal 0 0 -1
    outer loop
      vertex 23.75 -9 0
      vertex 29.25 -11 0
      vertex 25.08333396911621 -11 0
    endloop
  endfacet
  facet normal 0 0 -1
    outer loop
      vertex 29.25 -11 0
      vertex 23.75 -9 0
      vertex 23.75 -6.5 0
    endloop
  endfacet
  facet normal 0 0 -1
    outer loop
      vertex 23.69888687133789 -6.1117706298828125 0
      vertex 29.25 -11 0
      vertex 23.75 -6.5 0
    endloop
  endfacet
  facet normal 0 0 -1
    outer loop
      vertex 23.54903793334961 -5.75 0
      vertex 29.25 -11 0
      vertex 23.69888687133789 -6.1117706298828125 0
    endloop
  endfacet
  facet normal 0 0 -1
    outer loop
      vertex 29.25 -11 0
      vertex 23.54903793334961 -5.75 0
      vertex 41.5 3 0
    endloop
  endfacet
  facet normal 0 0 -1
    outer loop
      vertex 23.310659408569336 -5.439339637756348 0
      vertex 41.5 3 0
      vertex 23.54903793334961 -5.75 0
    endloop
  endfacet
  facet normal 0 0 -1
    outer loop
      vertex 23 -5.200961112976074 0
      vertex 41.5 3 0
      vertex 23.310659408569336 -5.439339637756348 0
    endloop
  endfacet
  facet normal 0 0 -1
    outer loop
      vertex 22.638229370117188 -5.051111221313477 0
      vertex 41.5 3 0
      vertex 23 -5.200961112976074 0
    endloop
  endfacet
  facet normal 0 0 -1
    outer loop
      vertex 22.25 -5 0
      vertex 41.5 3 0
      vertex 22.638229370117188 -5.051111221313477 0
    endloop
  endfacet
  facet normal 0 0 -1
    outer loop
      vertex 3 3 0
      vertex 22.25 -5 0
      vertex 21.861770629882812 -5.051111221313477 0
    endloop
  endfacet
  facet normal 0 0 -1
    outer loop
      vertex 20.75 -9 0
      vertex 15.25 -11 0
      vertex 20.75 -6.5 0
    endloop
  endfacet
  facet normal 0 0 -1
    outer loop
      vertex 20.75 -6.5 0
      vertex 15.25 -11 0
      vertex 20.801111221313477 -6.1117706298828125 0
    endloop
  endfacet
  facet normal 0 0 -1
    outer loop
      vertex 15.25 -11 0
      vertex 20.95096206665039 -5.75 0
      vertex 20.801111221313477 -6.1117706298828125 0
    endloop
  endfacet
  facet normal 0 0 -1
    outer loop
      vertex 3 3 0
      vertex 20.95096206665039 -5.75 0
      vertex 15.25 -11 0
    endloop
  endfacet
  facet normal 0 0 -1
    outer loop
      vertex 22.25 -5 0
      vertex 3 3 0
      vertex 41.5 3 0
    endloop
  endfacet
  facet normal 0 0 -1
    outer loop
      vertex 21.5 -5.200961112976074 0
      vertex 3 3 0
      vertex 21.861770629882812 -5.051111221313477 0
    endloop
  endfacet
  facet normal 0 0 -1
    outer loop
      vertex 21.18933868408203 -5.439339637756348 0
      vertex 3 3 0
      vertex 21.5 -5.200961112976074 0
    endloop
  endfacet
  facet normal 0 0 -1
    outer loop
      vertex 20.95096206665039 -5.75 0
      vertex 3 3 0
      vertex 21.18933868408203 -5.439339637756348 0
    endloop
  endfacet
  facet normal 0 0 -1
    outer loop
      vertex 0 21 0
      vertex 3 23 0
      vertex 3 3 0
    endloop
  endfacet
  facet normal 0 0 -1
    outer loop
      vertex 3 23 0
      vertex 0 21 0
      vertex 2 23 0
    endloop
  endfacet
  facet normal 0 0 -1
    outer loop
      vertex 2 23 0
      vertex 0 21 0
      vertex 1.7389469146728516 22.98288917541504 0
    endloop
  endfacet
  facet normal 0 0 -1
    outer loop
      vertex 1.7389469146728516 22.98288917541504 0
      vertex 0 21 0
      vertex 1.4823617935180664 22.93185043334961 0
    endloop
  endfacet
  facet normal 0 0 -1
    outer loop
      vertex 1.4823617935180664 22.93185043334961 0
      vertex 0 21 0
      vertex 1.2346324920654297 22.847759246826172 0
    endloop
  endfacet
  facet normal 0 0 -1
    outer loop
      vertex 1.2346324920654297 22.847759246826172 0
      vertex 0 21 0
      vertex 1 22.7320499420166 0
    endloop
  endfacet
  facet normal 0 0 -1
    outer loop
      vertex 1 22.7320499420166 0
      vertex 0 21 0
      vertex 0.7824764251708984 22.586706161499023 0
    endloop
  endfacet
  facet normal 0 0 -1
    outer loop
      vertex 0.7824764251708984 22.586706161499023 0
      vertex 0 21 0
      vertex 0.5857858657836914 22.414213180541992 0
    endloop
  endfacet
  facet normal 0 0 -1
    outer loop
      vertex 0.5857858657836914 22.414213180541992 0
      vertex 0 21 0
      vertex 0.41329288482666016 22.21752166748047 0
    endloop
  endfacet
  facet normal 0 0 -1
    outer loop
      vertex 0.41329288482666016 22.21752166748047 0
      vertex 0 21 0
      vertex 0.26794910430908203 22 0
    endloop
  endfacet
  facet normal 0 0 -1
    outer loop
      vertex 0.26794910430908203 22 0
      vertex 0 21 0
      vertex 0.15224075317382812 21.765365600585938 0
    endloop
  endfacet
  facet normal 0 0 -1
    outer loop
      vertex 0.15224075317382812 21.765365600585938 0
      vertex 0 21 0
      vertex 0.06814765930175781 21.517637252807617 0
    endloop
  endfacet
  facet normal 0 0 -1
    outer loop
      vertex 0 0 0
      vertex 3 3 0
      vertex 15.25 -11 0
    endloop
  endfacet
  facet normal 0 0 -1
    outer loop
      vertex 0 21 0
      vertex 3 3 0
      vertex 0 0 0
    endloop
  endfacet
  facet normal 0 0 -1
    outer loop
      vertex 0.06814765930175781 21.517637252807617 0
      vertex 0 21 0
      vertex 0.01710987091064453 21.261051177978516 0
    endloop
  endfacet
  facet normal 0 0 -1
    outer loop
      vertex 43.26536560058594 22.847759246826172 0
      vertex 42.5 23 0
      vertex 43.01763916015625 22.93185043334961 0
    endloop
  endfacet
  facet normal -0.9807855401855947 0.1950890159974446 0
    outer loop
      vertex 0.01710987091064453 21.261051177978516 0
      vertex 0.06814765930175781 21.517637252807617 28.600000381469727
      vertex 0.06814765930175781 21.517637252807617 0
    endloop
  endfacet
  facet normal -0.9807855401855947 0.1950890159974446 0
    outer loop
      vertex 0.06814765930175781 21.517637252807617 28.600000381469727
      vertex 0.01710987091064453 21.261051177978516 0
      vertex 0.01710987091064453 21.261051177978516 28.600000381469727
    endloop
  endfacet
  facet normal -0.9807855401855947 0.1950890159974446 0
    outer loop
      vertex 0.01710987091064453 21.261051177978516 76.75
      vertex 0.06814765930175781 21.517637252807617 107.5
      vertex 0.06814765930175781 21.517637252807617 76.75
    endloop
  endfacet
  facet normal -0.9807855401855947 0.1950890159974446 0
    outer loop
      vertex 0.06814765930175781 21.517637252807617 107.5
      vertex 0.01710987091064453 21.261051177978516 76.75
      vertex 0.01710987091064453 21.261051177978516 107.5
    endloop
  endfacet
  facet normal -0.9807855401855947 0.1950890159974446 0
    outer loop
      vertex 0.01710987091064453 21.261051177978516 31.600000381469727
      vertex 0.06814765930175781 21.517637252807617 73.75
      vertex 0.06814765930175781 21.517637252807617 31.600000381469727
    endloop
  endfacet
  facet normal -0.9807855401855947 0.1950890159974446 0
    outer loop
      vertex 0.06814765930175781 21.517637252807617 73.75
      vertex 0.01710987091064453 21.261051177978516 31.600000381469727
      vertex 0.01710987091064453 21.261051177978516 73.75
    endloop
  endfacet
  facet normal 1 0 0
    outer loop
      vertex 44.5 0 4
      vertex 44.5 21 28.600000381469727
      vertex 44.5 0 28.600000381469727
    endloop
  endfacet
  facet normal 1 0 0
    outer loop
      vertex 44.5 21 28.600000381469727
      vertex 44.5 0 4
      vertex 44.5 21 0
    endloop
  endfacet
  facet normal 1 0 0
    outer loop
      vertex 44.5 21 0
      vertex 44.5 0 4
      vertex 44.5 0 0
    endloop
  endfacet
  facet normal 1 0 0
    outer loop
      vertex 44.5 0 105.5
      vertex 44.5 21 107.5
      vertex 44.5 2 107.5
    endloop
  endfacet
  facet normal 1 0 0
    outer loop
      vertex 44.5 0 105.5
      vertex 44.5 2 107.5
      vertex 44.5 1.7389469146728516 107.4828872680664
    endloop
  endfacet
  facet normal 1 0 0
    outer loop
      vertex 44.5 0 105.5
      vertex 44.5 1.7389469146728516 107.4828872680664
      vertex 44.5 1.4823617935180664 107.43185424804688
    endloop
  endfacet
  facet normal 1 0 0
    outer loop
      vertex 44.5 0 105.5
      vertex 44.5 1.4823617935180664 107.43185424804688
      vertex 44.5 1.2346324920654297 107.34776306152344
    endloop
  endfacet
  facet normal 1 0 0
    outer loop
      vertex 44.5 0 105.5
      vertex 44.5 1.2346324920654297 107.34776306152344
      vertex 44.5 1 107.23204803466797
    endloop
  endfacet
  facet normal 1 0 0
    outer loop
      vertex 44.5 0 105.5
      vertex 44.5 1 107.23204803466797
      vertex 44.5 0.7824764251708984 107.08670806884766
    endloop
  endfacet
  facet normal 1 0 0
    outer loop
      vertex 44.5 0 105.5
      vertex 44.5 0.7824764251708984 107.08670806884766
      vertex 44.5 0.5857858657836914 106.91421508789062
    endloop
  endfacet
  facet normal 1 0 0
    outer loop
      vertex 44.5 0 105.5
      vertex 44.5 0.5857858657836914 106.91421508789062
      vertex 44.5 0.41329288482666016 106.71752166748047
    endloop
  endfacet
  facet normal 1 0 0
    outer loop
      vertex 44.5 0 105.5
      vertex 44.5 0.41329288482666016 106.71752166748047
      vertex 44.5 0.26794910430908203 106.5
    endloop
  endfacet
  facet normal 1 0 0
    outer loop
      vertex 44.5 0 105.5
      vertex 44.5 0.26794910430908203 106.5
      vertex 44.5 0.15224075317382812 106.26536560058594
    endloop
  endfacet
  facet normal 1 0 0
    outer loop
      vertex 44.5 0 105.5
      vertex 44.5 0.15224075317382812 106.26536560058594
      vertex 44.5 0.06814765930175781 106.01763916015625
    endloop
  endfacet
  facet normal 1 0 0
    outer loop
      vertex 44.5 0 105.5
      vertex 44.5 0.06814765930175781 106.01763916015625
      vertex 44.5 0.01710987091064453 105.76105499267578
    endloop
  endfacet
  facet normal 1 0 0
    outer loop
      vertex 44.5 21 107.5
      vertex 44.5 0 105.5
      vertex 44.5 21 76.75
    endloop
  endfacet
  facet normal 1 0 0
    outer loop
      vertex 44.5 21 76.75
      vertex 44.5 0 105.5
      vertex 44.5 0 76.75
    endloop
  endfacet
  facet normal 1 0 0
    outer loop
      vertex 44.5 0 73.75
      vertex 44.5 21 31.600000381469727
      vertex 44.5 21 73.75
    endloop
  endfacet
  facet normal 1 0 0
    outer loop
      vertex 44.5 21 31.600000381469727
      vertex 44.5 0 73.75
      vertex 44.5 0 31.600000381469727
    endloop
  endfacet
  facet normal 0.06540551341072687 0.9978587669682916 0
    outer loop
      vertex 42.761051177978516 22.98288917541504 0
      vertex 42.5 23 107.5
      vertex 42.761051177978516 22.98288917541504 107.5
    endloop
  endfacet
  facet normal 0.06540551341072687 0.9978587669682916 0
    outer loop
      vertex 42.5 23 107.5
      vertex 42.761051177978516 22.98288917541504 0
      vertex 42.5 23 0
    endloop
  endfacet
  facet normal -0.5555680517333541 0.8314710697872808 0
    outer loop
      vertex 1 22.7320499420166 0
      vertex 0.7824764251708984 22.586706161499023 28.600000381469727
      vertex 1 22.7320499420166 28.600000381469727
    endloop
  endfacet
  facet normal -0.5555680517333541 0.8314710697872808 0
    outer loop
      vertex 0.7824764251708984 22.586706161499023 28.600000381469727
      vertex 1 22.7320499420166 0
      vertex 0.7824764251708984 22.586706161499023 0
    endloop
  endfacet
  facet normal -0.5555680517333542 0.8314710697872809 0
    outer loop
      vertex 1 22.7320499420166 76.75
      vertex 0.7824764251708984 22.586706161499023 107.5
      vertex 1 22.7320499420166 107.5
    endloop
  endfacet
  facet normal -0.5555680517333542 0.8314710697872809 0
    outer loop
      vertex 0.7824764251708984 22.586706161499023 107.5
      vertex 1 22.7320499420166 76.75
      vertex 0.7824764251708984 22.586706161499023 76.75
    endloop
  endfacet
  facet normal -0.5555680517333541 0.8314710697872808 0
    outer loop
      vertex 1 22.7320499420166 31.600000381469727
      vertex 0.7824764251708984 22.586706161499023 73.75
      vertex 1 22.7320499420166 73.75
    endloop
  endfacet
  facet normal -0.5555680517333541 0.8314710697872808 0
    outer loop
      vertex 0.7824764251708984 22.586706161499023 73.75
      vertex 1 22.7320499420166 31.600000381469727
      vertex 0.7824764251708984 22.586706161499023 31.600000381469727
    endloop
  endfacet
  facet normal -0.6593457932372825 0.751839826652126 0
    outer loop
      vertex 0.7824764251708984 22.586706161499023 76.75
      vertex 0.5857858657836914 22.414213180541992 107.5
      vertex 0.7824764251708984 22.586706161499023 107.5
    endloop
  endfacet
  facet normal -0.6593457932372825 0.751839826652126 0
    outer loop
      vertex 0.5857858657836914 22.414213180541992 107.5
      vertex 0.7824764251708984 22.586706161499023 76.75
      vertex 0.5857858657836914 22.414213180541992 76.75
    endloop
  endfacet
  facet normal -0.6593457932372825 0.7518398266521259 0
    outer loop
      vertex 0.7824764251708984 22.586706161499023 0
      vertex 0.5857858657836914 22.414213180541992 28.600000381469727
      vertex 0.7824764251708984 22.586706161499023 28.600000381469727
    endloop
  endfacet
  facet normal -0.6593457932372825 0.7518398266521259 0
    outer loop
      vertex 0.5857858657836914 22.414213180541992 28.600000381469727
      vertex 0.7824764251708984 22.586706161499023 0
      vertex 0.5857858657836914 22.414213180541992 0
    endloop
  endfacet
  facet normal -0.6593457932372825 0.7518398266521259 0
    outer loop
      vertex 0.7824764251708984 22.586706161499023 31.600000381469727
      vertex 0.5857858657836914 22.414213180541992 73.75
      vertex 0.7824764251708984 22.586706161499023 73.75
    endloop
  endfacet
  facet normal -0.6593457932372825 0.7518398266521259 0
    outer loop
      vertex 0.5857858657836914 22.414213180541992 73.75
      vertex 0.7824764251708984 22.586706161499023 31.600000381469727
      vertex 0.5857858657836914 22.414213180541992 31.600000381469727
    endloop
  endfacet
  facet normal 0.32143737891623453 0.9469308377254704 0
    outer loop
      vertex 43.26536560058594 22.847759246826172 0
      vertex 43.01763916015625 22.93185043334961 107.5
      vertex 43.26536560058594 22.847759246826172 107.5
    endloop
  endfacet
  facet normal 0.32143737891623453 0.9469308377254704 0
    outer loop
      vertex 43.01763916015625 22.93185043334961 107.5
      vertex 43.26536560058594 22.847759246826172 0
      vertex 43.01763916015625 22.93185043334961 0
    endloop
  endfacet
  facet normal -1 0 0
    outer loop
      vertex 0 0 4
      vertex 0 21 0
      vertex 0 0 0
    endloop
  endfacet
  facet normal -1 0 0
    outer loop
      vertex 0 21 0
      vertex 0 0 4
      vertex 0 21 28.600000381469727
    endloop
  endfacet
  facet normal -1 0 0
    outer loop
      vertex 0 21 28.600000381469727
      vertex 0 0 4
      vertex 0 0 28.600000381469727
    endloop
  endfacet
  facet normal -1 0 0
    outer loop
      vertex 0 0 105.5
      vertex 0 21 107.5
      vertex 0 21 76.75
    endloop
  endfacet
  facet normal -1 0 0
    outer loop
      vertex 0 21 107.5
      vertex 0 0 105.5
      vertex 0 2 107.5
    endloop
  endfacet
  facet normal -1 0 0
    outer loop
      vertex 0 2 107.5
      vertex 0 0 105.5
      vertex 0 1.7389469146728516 107.4828872680664
    endloop
  endfacet
  facet normal -1 0 0
    outer loop
      vertex 0 1.7389469146728516 107.4828872680664
      vertex 0 0 105.5
      vertex 0 1.4823617935180664 107.43185424804688
    endloop
  endfacet
  facet normal -1 0 0
    outer loop
      vertex 0 1.4823617935180664 107.43185424804688
      vertex 0 0 105.5
      vertex 0 1.2346324920654297 107.34776306152344
    endloop
  endfacet
  facet normal -1 0 0
    outer loop
      vertex 0 1.2346324920654297 107.34776306152344
      vertex 0 0 105.5
      vertex 0 1 107.23204803466797
    endloop
  endfacet
  facet normal -1 0 0
    outer loop
      vertex 0 1 107.23204803466797
      vertex 0 0 105.5
      vertex 0 0.7824764251708984 107.08670806884766
    endloop
  endfacet
  facet normal -1 0 0
    outer loop
      vertex 0 0.7824764251708984 107.08670806884766
      vertex 0 0 105.5
      vertex 0 0.5857858657836914 106.91421508789062
    endloop
  endfacet
  facet normal -1 0 0
    outer loop
      vertex 0 0.5857858657836914 106.91421508789062
      vertex 0 0 105.5
      vertex 0 0.41329288482666016 106.71752166748047
    endloop
  endfacet
  facet normal -1 0 0
    outer loop
      vertex 0 0.41329288482666016 106.71752166748047
      vertex 0 0 105.5
      vertex 0 0.26794910430908203 106.5
    endloop
  endfacet
  facet normal -1 0 0
    outer loop
      vertex 0 0.26794910430908203 106.5
      vertex 0 0 105.5
      vertex 0 0.15224075317382812 106.26536560058594
    endloop
  endfacet
  facet normal -1 0 0
    outer loop
      vertex 0 0.15224075317382812 106.26536560058594
      vertex 0 0 105.5
      vertex 0 0.06814765930175781 106.01763916015625
    endloop
  endfacet
  facet normal -1 0 0
    outer loop
      vertex 0 0 105.5
      vertex 0 21 76.75
      vertex 0 0 76.75
    endloop
  endfacet
  facet normal -1 0 0
    outer loop
      vertex 0 0.06814765930175781 106.01763916015625
      vertex 0 0 105.5
      vertex 0 0.01710987091064453 105.76105499267578
    endloop
  endfacet
  facet normal -1 0 0
    outer loop
      vertex 0 0 31.600000381469727
      vertex 0 21 73.75
      vertex 0 21 31.600000381469727
    endloop
  endfacet
  facet normal -1 0 0
    outer loop
      vertex 0 21 73.75
      vertex 0 0 31.600000381469727
      vertex 0 0 73.75
    endloop
  endfacet
  facet normal -0.9469293718602809 0.32144169721474214 0
    outer loop
      vertex 0.06814765930175781 21.517637252807617 76.75
      vertex 0.15224075317382812 21.765365600585938 107.5
      vertex 0.15224075317382812 21.765365600585938 76.75
    endloop
  endfacet
  facet normal -0.9469293718602809 0.32144169721474214 0
    outer loop
      vertex 0.15224075317382812 21.765365600585938 107.5
      vertex 0.06814765930175781 21.517637252807617 76.75
      vertex 0.06814765930175781 21.517637252807617 107.5
    endloop
  endfacet
  facet normal -0.9469293718602808 0.32144169721474214 0
    outer loop
      vertex 0.06814765930175781 21.517637252807617 0
      vertex 0.15224075317382812 21.765365600585938 28.600000381469727
      vertex 0.15224075317382812 21.765365600585938 0
    endloop
  endfacet
  facet normal -0.9469293718602808 0.32144169721474214 0
    outer loop
      vertex 0.15224075317382812 21.765365600585938 28.600000381469727
      vertex 0.06814765930175781 21.517637252807617 0
      vertex 0.06814765930175781 21.517637252807617 28.600000381469727
    endloop
  endfacet
  facet normal -0.9469293718602809 0.32144169721474214 0
    outer loop
      vertex 0.06814765930175781 21.517637252807617 31.600000381469727
      vertex 0.15224075317382812 21.765365600585938 73.75
      vertex 0.15224075317382812 21.765365600585938 31.600000381469727
    endloop
  endfacet
  facet normal -0.9469293718602809 0.32144169721474214 0
    outer loop
      vertex 0.15224075317382812 21.765365600585938 73.75
      vertex 0.06814765930175781 21.517637252807617 31.600000381469727
      vertex 0.06814765930175781 21.517637252807617 73.75
    endloop
  endfacet
  facet normal 0.9807862376857944 0.19508550936997945 0
    outer loop
      vertex 44.482887268066406 21.261051177978516 28.600000381469727
      vertex 44.43185043334961 21.517637252807617 0
      vertex 44.43185043334961 21.517637252807617 28.600000381469727
    endloop
  endfacet
  facet normal 0.9807862376857944 0.19508550936997945 0
    outer loop
      vertex 44.43185043334961 21.517637252807617 0
      vertex 44.482887268066406 21.261051177978516 28.600000381469727
      vertex 44.482887268066406 21.261051177978516 0
    endloop
  endfacet
  facet normal 0.9807862376857943 0.19508550936997945 0
    outer loop
      vertex 44.482887268066406 21.261051177978516 107.5
      vertex 44.43185043334961 21.517637252807617 76.75
      vertex 44.43185043334961 21.517637252807617 107.5
    endloop
  endfacet
  facet normal 0.9807862376857943 0.19508550936997945 0
    outer loop
      vertex 44.43185043334961 21.517637252807617 76.75
      vertex 44.482887268066406 21.261051177978516 107.5
      vertex 44.482887268066406 21.261051177978516 76.75
    endloop
  endfacet
  facet normal 0.9807862376857944 0.19508550936997945 0
    outer loop
      vertex 44.482887268066406 21.261051177978516 73.75
      vertex 44.43185043334961 21.517637252807617 31.600000381469727
      vertex 44.43185043334961 21.517637252807617 73.75
    endloop
  endfacet
  facet normal 0.9807862376857944 0.19508550936997945 0
    outer loop
      vertex 44.43185043334961 21.517637252807617 31.600000381469727
      vertex 44.482887268066406 21.261051177978516 73.75
      vertex 44.482887268066406 21.261051177978516 31.600000381469727
    endloop
  endfacet
  facet normal -0.32143405019337223 0.9469319676599184 0
    outer loop
      vertex 1.4823617935180664 22.93185043334961 0
      vertex 1.2346324920654297 22.847759246826172 107.5
      vertex 1.4823617935180664 22.93185043334961 107.5
    endloop
  endfacet
  facet normal -0.32143405019337223 0.9469319676599184 0
    outer loop
      vertex 1.2346324920654297 22.847759246826172 107.5
      vertex 1.4823617935180664 22.93185043334961 0
      vertex 1.2346324920654297 22.847759246826172 0
    endloop
  endfacet
  facet normal 0.751841411423408 0.6593439861474872 0
    outer loop
      vertex 44.086708068847656 22.21752166748047 107.5
      vertex 43.914215087890625 22.414213180541992 76.75
      vertex 43.914215087890625 22.414213180541992 107.5
    endloop
  endfacet
  facet normal 0.751841411423408 0.6593439861474872 0
    outer loop
      vertex 43.914215087890625 22.414213180541992 76.75
      vertex 44.086708068847656 22.21752166748047 107.5
      vertex 44.086708068847656 22.21752166748047 76.75
    endloop
  endfacet
  facet normal 0.751841411423408 0.6593439861474872 0
    outer loop
      vertex 44.086708068847656 22.21752166748047 28.600000381469727
      vertex 43.914215087890625 22.414213180541992 0
      vertex 43.914215087890625 22.414213180541992 28.600000381469727
    endloop
  endfacet
  facet normal 0.751841411423408 0.6593439861474872 0
    outer loop
      vertex 43.914215087890625 22.414213180541992 0
      vertex 44.086708068847656 22.21752166748047 28.600000381469727
      vertex 44.086708068847656 22.21752166748047 0
    endloop
  endfacet
  facet normal 0.7518414114234079 0.6593439861474871 0
    outer loop
      vertex 44.086708068847656 22.21752166748047 73.75
      vertex 43.914215087890625 22.414213180541992 31.600000381469727
      vertex 43.914215087890625 22.414213180541992 73.75
    endloop
  endfacet
  facet normal 0.7518414114234079 0.6593439861474871 0
    outer loop
      vertex 43.914215087890625 22.414213180541992 31.600000381469727
      vertex 44.086708068847656 22.21752166748047 73.75
      vertex 44.086708068847656 22.21752166748047 31.600000381469727
    endloop
  endfacet
  facet normal 0.4422899937274798 0.8968720987122666 0
    outer loop
      vertex 43.5 22.7320499420166 76.75
      vertex 43.26536560058594 22.847759246826172 107.5
      vertex 43.5 22.7320499420166 107.5
    endloop
  endfacet
  facet normal 0.44228999372747985 0.8968720987122667 0
    outer loop
      vertex 43.5 22.7320499420166 73.75
      vertex 43.26536560058594 22.847759246826172 107.5
      vertex 43.5 22.7320499420166 76.75
    endloop
  endfacet
  facet normal 0.44228999372747985 0.8968720987122667 0
    outer loop
      vertex 43.5 22.7320499420166 31.600000381469727
      vertex 43.26536560058594 22.847759246826172 107.5
      vertex 43.5 22.7320499420166 73.75
    endloop
  endfacet
  facet normal 0.44228999372747985 0.8968720987122667 0
    outer loop
      vertex 43.5 22.7320499420166 28.600000381469727
      vertex 43.26536560058594 22.847759246826172 107.5
      vertex 43.5 22.7320499420166 31.600000381469727
    endloop
  endfacet
  facet normal 0.4422899937274799 0.8968720987122668 0
    outer loop
      vertex 43.26536560058594 22.847759246826172 0
      vertex 43.5 22.7320499420166 28.600000381469727
      vertex 43.5 22.7320499420166 0
    endloop
  endfacet
  facet normal 0.4422899937274798 0.8968720987122667 0
    outer loop
      vertex 43.5 22.7320499420166 28.600000381469727
      vertex 43.26536560058594 22.847759246826172 0
      vertex 43.26536560058594 22.847759246826172 107.5
    endloop
  endfacet
  facet normal -0.751841411423408 0.6593439861474872 0
    outer loop
      vertex 0.41329288482666016 22.21752166748047 76.75
      vertex 0.5857858657836914 22.414213180541992 107.5
      vertex 0.5857858657836914 22.414213180541992 76.75
    endloop
  endfacet
  facet normal -0.751841411423408 0.6593439861474872 0
    outer loop
      vertex 0.5857858657836914 22.414213180541992 107.5
      vertex 0.41329288482666016 22.21752166748047 76.75
      vertex 0.41329288482666016 22.21752166748047 107.5
    endloop
  endfacet
  facet normal -0.751841411423408 0.6593439861474872 0
    outer loop
      vertex 0.41329288482666016 22.21752166748047 0
      vertex 0.5857858657836914 22.414213180541992 28.600000381469727
      vertex 0.5857858657836914 22.414213180541992 0
    endloop
  endfacet
  facet normal -0.751841411423408 0.6593439861474872 0
    outer loop
      vertex 0.5857858657836914 22.414213180541992 28.600000381469727
      vertex 0.41329288482666016 22.21752166748047 0
      vertex 0.41329288482666016 22.21752166748047 28.600000381469727
    endloop
  endfacet
  facet normal -0.7518414114234079 0.6593439861474871 0
    outer loop
      vertex 0.41329288482666016 22.21752166748047 31.600000381469727
      vertex 0.5857858657836914 22.414213180541992 73.75
      vertex 0.5857858657836914 22.414213180541992 31.600000381469727
    endloop
  endfacet
  facet normal -0.7518414114234079 0.6593439861474871 0
    outer loop
      vertex 0.5857858657836914 22.414213180541992 73.75
      vertex 0.41329288482666016 22.21752166748047 31.600000381469727
      vertex 0.41329288482666016 22.21752166748047 73.75
    endloop
  endfacet
  facet normal 0.19509112759217123 0.9807851201638488 0
    outer loop
      vertex 43.01763916015625 22.93185043334961 0
      vertex 42.761051177978516 22.98288917541504 107.5
      vertex 43.01763916015625 22.93185043334961 107.5
    endloop
  endfacet
  facet normal 0.19509112759217123 0.9807851201638488 0
    outer loop
      vertex 42.761051177978516 22.98288917541504 107.5
      vertex 43.01763916015625 22.93185043334961 0
      vertex 42.761051177978516 22.98288917541504 0
    endloop
  endfacet
  facet normal 0.5555714196190614 0.8314688194409102 0
    outer loop
      vertex 43.71752166748047 22.586706161499023 0
      vertex 43.5 22.7320499420166 28.600000381469727
      vertex 43.71752166748047 22.586706161499023 28.600000381469727
    endloop
  endfacet
  facet normal 0.5555714196190614 0.8314688194409102 0
    outer loop
      vertex 43.5 22.7320499420166 28.600000381469727
      vertex 43.71752166748047 22.586706161499023 0
      vertex 43.5 22.7320499420166 0
    endloop
  endfacet
  facet normal 0.5555714196190614 0.8314688194409102 0
    outer loop
      vertex 43.71752166748047 22.586706161499023 76.75
      vertex 43.5 22.7320499420166 107.5
      vertex 43.71752166748047 22.586706161499023 107.5
    endloop
  endfacet
  facet normal 0.5555714196190614 0.8314688194409102 0
    outer loop
      vertex 43.5 22.7320499420166 107.5
      vertex 43.71752166748047 22.586706161499023 76.75
      vertex 43.5 22.7320499420166 76.75
    endloop
  endfacet
  facet normal 0.5555714196190614 0.8314688194409101 0
    outer loop
      vertex 43.71752166748047 22.586706161499023 31.600000381469727
      vertex 43.5 22.7320499420166 73.75
      vertex 43.71752166748047 22.586706161499023 73.75
    endloop
  endfacet
  facet normal 0.5555714196190614 0.8314688194409101 0
    outer loop
      vertex 43.5 22.7320499420166 73.75
      vertex 43.71752166748047 22.586706161499023 31.600000381469727
      vertex 43.5 22.7320499420166 31.600000381469727
    endloop
  endfacet
  facet normal 0.8968692066474736 0.44229585818491607 0
    outer loop
      vertex 44.34775924682617 21.765365600585938 107.5
      vertex 44.23204803466797 22 76.75
      vertex 44.23204803466797 22 107.5
    endloop
  endfacet
  facet normal 0.8968692066474736 0.44229585818491607 0
    outer loop
      vertex 44.23204803466797 22 76.75
      vertex 44.34775924682617 21.765365600585938 107.5
      vertex 44.34775924682617 21.765365600585938 76.75
    endloop
  endfacet
  facet normal 0.8968692066474736 0.44229585818491607 0
    outer loop
      vertex 44.34775924682617 21.765365600585938 28.600000381469727
      vertex 44.23204803466797 22 0
      vertex 44.23204803466797 22 28.600000381469727
    endloop
  endfacet
  facet normal 0.8968692066474736 0.44229585818491607 0
    outer loop
      vertex 44.23204803466797 22 0
      vertex 44.34775924682617 21.765365600585938 28.600000381469727
      vertex 44.34775924682617 21.765365600585938 0
    endloop
  endfacet
  facet normal 0.8968692066474736 0.44229585818491607 0
    outer loop
      vertex 44.34775924682617 21.765365600585938 73.75
      vertex 44.23204803466797 22 31.600000381469727
      vertex 44.23204803466797 22 73.75
    endloop
  endfacet
  facet normal 0.8968692066474736 0.44229585818491607 0
    outer loop
      vertex 44.23204803466797 22 31.600000381469727
      vertex 44.34775924682617 21.765365600585938 73.75
      vertex 44.34775924682617 21.765365600585938 31.600000381469727
    endloop
  endfacet
  facet normal -0.8968735447372777 0.4422870614774873 0
    outer loop
      vertex 0.15224075317382812 21.765365600585938 76.75
      vertex 0.26794910430908203 22 107.5
      vertex 0.26794910430908203 22 76.75
    endloop
  endfacet
  facet normal -0.8968735447372777 0.4422870614774873 0
    outer loop
      vertex 0.26794910430908203 22 107.5
      vertex 0.15224075317382812 21.765365600585938 76.75
      vertex 0.15224075317382812 21.765365600585938 107.5
    endloop
  endfacet
  facet normal -0.8968735447372775 0.4422870614774873 0
    outer loop
      vertex 0.15224075317382812 21.765365600585938 0
      vertex 0.26794910430908203 22 28.600000381469727
      vertex 0.26794910430908203 22 0
    endloop
  endfacet
  facet normal -0.8968735447372775 0.4422870614774873 0
    outer loop
      vertex 0.26794910430908203 22 28.600000381469727
      vertex 0.15224075317382812 21.765365600585938 0
      vertex 0.15224075317382812 21.765365600585938 28.600000381469727
    endloop
  endfacet
  facet normal -0.8968735447372775 0.4422870614774873 0
    outer loop
      vertex 0.15224075317382812 21.765365600585938 31.600000381469727
      vertex 0.26794910430908203 22 73.75
      vertex 0.26794910430908203 22 31.600000381469727
    endloop
  endfacet
  facet normal -0.8968735447372775 0.4422870614774873 0
    outer loop
      vertex 0.26794910430908203 22 73.75
      vertex 0.15224075317382812 21.765365600585938 31.600000381469727
      vertex 0.15224075317382812 21.765365600585938 73.75
    endloop
  endfacet
  facet normal -0.9978590048795508 0.06540188361807907 0
    outer loop
      vertex 0 21 0
      vertex 0.01710987091064453 21.261051177978516 28.600000381469727
      vertex 0.01710987091064453 21.261051177978516 0
    endloop
  endfacet
  facet normal -0.9978590048795508 0.06540188361807907 0
    outer loop
      vertex 0.01710987091064453 21.261051177978516 28.600000381469727
      vertex 0 21 0
      vertex 0 21 28.600000381469727
    endloop
  endfacet
  facet normal -0.9978590048795507 0.06540188361807907 0
    outer loop
      vertex 0 21 76.75
      vertex 0.01710987091064453 21.261051177978516 107.5
      vertex 0.01710987091064453 21.261051177978516 76.75
    endloop
  endfacet
  facet normal -0.9978590048795507 0.06540188361807907 0
    outer loop
      vertex 0.01710987091064453 21.261051177978516 107.5
      vertex 0 21 76.75
      vertex 0 21 107.5
    endloop
  endfacet
  facet normal -0.9978590048795508 0.06540188361807907 0
    outer loop
      vertex 0 21 31.600000381469727
      vertex 0.01710987091064453 21.261051177978516 73.75
      vertex 0.01710987091064453 21.261051177978516 31.600000381469727
    endloop
  endfacet
  facet normal -0.9978590048795508 0.06540188361807907 0
    outer loop
      vertex 0.01710987091064453 21.261051177978516 73.75
      vertex 0 21 31.600000381469727
      vertex 0 21 73.75
    endloop
  endfacet
  facet normal 0 0 1
    outer loop
      vertex 44.5 21 107.5
      vertex 24.23288917541504 13.261052131652832 107.5
      vertex 24.25 13 107.5
    endloop
  endfacet
  facet normal 0 0 1
    outer loop
      vertex 42.5 23 107.5
      vertex 24.18185043334961 13.517637252807617 107.5
      vertex 24.23288917541504 13.261052131652832 107.5
    endloop
  endfacet
  facet normal 0 0 1
    outer loop
      vertex 42.5 23 107.5
      vertex 24.097759246826172 13.765366554260254 107.5
      vertex 24.18185043334961 13.517637252807617 107.5
    endloop
  endfacet
  facet normal 0 0 1
    outer loop
      vertex 42.5 23 107.5
      vertex 23.9820499420166 14 107.5
      vertex 24.097759246826172 13.765366554260254 107.5
    endloop
  endfacet
  facet normal 0 0 1
    outer loop
      vertex 42.5 23 107.5
      vertex 23.836706161499023 14.217522621154785 107.5
      vertex 23.9820499420166 14 107.5
    endloop
  endfacet
  facet normal 0 0 1
    outer loop
      vertex 42.5 23 107.5
      vertex 23.664213180541992 14.414213180541992 107.5
      vertex 23.836706161499023 14.217522621154785 107.5
    endloop
  endfacet
  facet normal 0 0 1
    outer loop
      vertex 42.5 23 107.5
      vertex 23.46752166748047 14.586706161499023 107.5
      vertex 23.664213180541992 14.414213180541992 107.5
    endloop
  endfacet
  facet normal 0 0 1
    outer loop
      vertex 42.5 23 107.5
      vertex 23.25 14.732049942016602 107.5
      vertex 23.46752166748047 14.586706161499023 107.5
    endloop
  endfacet
  facet normal 0 0 1
    outer loop
      vertex 42.5 23 107.5
      vertex 23.015365600585938 14.847758293151855 107.5
      vertex 23.25 14.732049942016602 107.5
    endloop
  endfacet
  facet normal 0 0 1
    outer loop
      vertex 42.5 23 107.5
      vertex 22.767637252807617 14.931851387023926 107.5
      vertex 23.015365600585938 14.847758293151855 107.5
    endloop
  endfacet
  facet normal 0 0 1
    outer loop
      vertex 42.5 23 107.5
      vertex 22.511051177978516 14.982889175415039 107.5
      vertex 22.767637252807617 14.931851387023926 107.5
    endloop
  endfacet
  facet normal 0 0 1
    outer loop
      vertex 42.5 23 107.5
      vertex 22.25 15 107.5
      vertex 22.511051177978516 14.982889175415039 107.5
    endloop
  endfacet
  facet normal 0 0 1
    outer loop
      vertex 2 23 107.5
      vertex 22.25 15 107.5
      vertex 42.5 23 107.5
    endloop
  endfacet
  facet normal 0 0 1
    outer loop
      vertex 22.25 15 107.5
      vertex 2 23 107.5
      vertex 21.98894691467285 14.982889175415039 107.5
    endloop
  endfacet
  facet normal 0 0 1
    outer loop
      vertex 21.98894691467285 14.982889175415039 107.5
      vertex 2 23 107.5
      vertex 21.73236083984375 14.931851387023926 107.5
    endloop
  endfacet
  facet normal 0 0 1
    outer loop
      vertex 0 21 107.5
      vertex 20.267108917236328 13.261052131652832 107.5
      vertex 2 23 107.5
    endloop
  endfacet
  facet normal 0 0 1
    outer loop
      vertex 20.318147659301758 13.517637252807617 107.5
      vertex 2 23 107.5
      vertex 20.267108917236328 13.261052131652832 107.5
    endloop
  endfacet
  facet normal 0 0 1
    outer loop
      vertex 20.402240753173828 13.765366554260254 107.5
      vertex 2 23 107.5
      vertex 20.318147659301758 13.517637252807617 107.5
    endloop
  endfacet
  facet normal 0 0 1
    outer loop
      vertex 20.517948150634766 14 107.5
      vertex 2 23 107.5
      vertex 20.402240753173828 13.765366554260254 107.5
    endloop
  endfacet
  facet normal 0 0 1
    outer loop
      vertex 20.663291931152344 14.217522621154785 107.5
      vertex 2 23 107.5
      vertex 20.517948150634766 14 107.5
    endloop
  endfacet
  facet normal 0 0 1
    outer loop
      vertex 20.835784912109375 14.414213180541992 107.5
      vertex 2 23 107.5
      vertex 20.663291931152344 14.217522621154785 107.5
    endloop
  endfacet
  facet normal 0 0 1
    outer loop
      vertex 21.0324764251709 14.586706161499023 107.5
      vertex 2 23 107.5
      vertex 20.835784912109375 14.414213180541992 107.5
    endloop
  endfacet
  facet normal 0 0 1
    outer loop
      vertex 21.25 14.732049942016602 107.5
      vertex 2 23 107.5
      vertex 21.0324764251709 14.586706161499023 107.5
    endloop
  endfacet
  facet normal 0 0 1
    outer loop
      vertex 21.48463249206543 14.847758293151855 107.5
      vertex 2 23 107.5
      vertex 21.25 14.732049942016602 107.5
    endloop
  endfacet
  facet normal 0 0 1
    outer loop
      vertex 21.73236083984375 14.931851387023926 107.5
      vertex 2 23 107.5
      vertex 21.48463249206543 14.847758293151855 107.5
    endloop
  endfacet
  facet normal 0 0 1
    outer loop
      vertex 42.5 23 107.5
      vertex 44.5 21 107.5
      vertex 44.482887268066406 21.261051177978516 107.5
    endloop
  endfacet
  facet normal 0 0 1
    outer loop
      vertex 42.5 23 107.5
      vertex 44.482887268066406 21.261051177978516 107.5
      vertex 44.43185043334961 21.517637252807617 107.5
    endloop
  endfacet
  facet normal 0 0 1
    outer loop
      vertex 42.5 23 107.5
      vertex 44.43185043334961 21.517637252807617 107.5
      vertex 44.34775924682617 21.765365600585938 107.5
    endloop
  endfacet
  facet normal 0 0 1
    outer loop
      vertex 42.5 23 107.5
      vertex 44.34775924682617 21.765365600585938 107.5
      vertex 44.23204803466797 22 107.5
    endloop
  endfacet
  facet normal 0 0 1
    outer loop
      vertex 42.5 23 107.5
      vertex 44.23204803466797 22 107.5
      vertex 44.086708068847656 22.21752166748047 107.5
    endloop
  endfacet
  facet normal 0 0 1
    outer loop
      vertex 42.5 23 107.5
      vertex 44.086708068847656 22.21752166748047 107.5
      vertex 43.914215087890625 22.414213180541992 107.5
    endloop
  endfacet
  facet normal 0 0 1
    outer loop
      vertex 42.5 23 107.5
      vertex 43.914215087890625 22.414213180541992 107.5
      vertex 43.71752166748047 22.586706161499023 107.5
    endloop
  endfacet
  facet normal 0 0 1
    outer loop
      vertex 42.5 23 107.5
      vertex 43.71752166748047 22.586706161499023 107.5
      vertex 43.5 22.7320499420166 107.5
    endloop
  endfacet
  facet normal 0 0 1
    outer loop
      vertex 42.5 23 107.5
      vertex 43.5 22.7320499420166 107.5
      vertex 43.26536560058594 22.847759246826172 107.5
    endloop
  endfacet
  facet normal 0 0 1
    outer loop
      vertex 42.5 23 107.5
      vertex 43.26536560058594 22.847759246826172 107.5
      vertex 43.01763916015625 22.93185043334961 107.5
    endloop
  endfacet
  facet normal 0 0 1
    outer loop
      vertex 42.5 23 107.5
      vertex 43.01763916015625 22.93185043334961 107.5
      vertex 42.761051177978516 22.98288917541504 107.5
    endloop
  endfacet
  facet normal 0 0 1
    outer loop
      vertex 24.23288917541504 13.261052131652832 107.5
      vertex 44.5 21 107.5
      vertex 42.5 23 107.5
    endloop
  endfacet
  facet normal 0 0 1
    outer loop
      vertex 44.5 21 107.5
      vertex 24.25 13 107.5
      vertex 24.23288917541504 12.738946914672852 107.5
    endloop
  endfacet
  facet normal 0 0 1
    outer loop
      vertex 44.5 21 107.5
      vertex 24.23288917541504 12.738946914672852 107.5
      vertex 44.5 2 107.5
    endloop
  endfacet
  facet normal 0 0 1
    outer loop
      vertex 24.18185043334961 12.482361793518066 107.5
      vertex 44.5 2 107.5
      vertex 24.23288917541504 12.738946914672852 107.5
    endloop
  endfacet
  facet normal 0 0 1
    outer loop
      vertex 24.097759246826172 12.23463249206543 107.5
      vertex 44.5 2 107.5
      vertex 24.18185043334961 12.482361793518066 107.5
    endloop
  endfacet
  facet normal 0 0 1
    outer loop
      vertex 23.9820499420166 12 107.5
      vertex 44.5 2 107.5
      vertex 24.097759246826172 12.23463249206543 107.5
    endloop
  endfacet
  facet normal 0 0 1
    outer loop
      vertex 23.836706161499023 11.782476425170898 107.5
      vertex 44.5 2 107.5
      vertex 23.9820499420166 12 107.5
    endloop
  endfacet
  facet normal 0 0 1
    outer loop
      vertex 23.664213180541992 11.585785865783691 107.5
      vertex 44.5 2 107.5
      vertex 23.836706161499023 11.782476425170898 107.5
    endloop
  endfacet
  facet normal 0 0 1
    outer loop
      vertex 23.46752166748047 11.41329288482666 107.5
      vertex 44.5 2 107.5
      vertex 23.664213180541992 11.585785865783691 107.5
    endloop
  endfacet
  facet normal 0 0 1
    outer loop
      vertex 23.25 11.267949104309082 107.5
      vertex 44.5 2 107.5
      vertex 23.46752166748047 11.41329288482666 107.5
    endloop
  endfacet
  facet normal 0 0 1
    outer loop
      vertex 23.015365600585938 11.152240753173828 107.5
      vertex 44.5 2 107.5
      vertex 23.25 11.267949104309082 107.5
    endloop
  endfacet
  facet normal 0 0 1
    outer loop
      vertex 22.767637252807617 11.068147659301758 107.5
      vertex 44.5 2 107.5
      vertex 23.015365600585938 11.152240753173828 107.5
    endloop
  endfacet
  facet normal 0 0 1
    outer loop
      vertex 22.511051177978516 11.017109870910645 107.5
      vertex 44.5 2 107.5
      vertex 22.767637252807617 11.068147659301758 107.5
    endloop
  endfacet
  facet normal 0 0 1
    outer loop
      vertex 22.25 11 107.5
      vertex 44.5 2 107.5
      vertex 22.511051177978516 11.017109870910645 107.5
    endloop
  endfacet
  facet normal 0 0 1
    outer loop
      vertex 0 2 107.5
      vertex 22.25 11 107.5
      vertex 21.98894691467285 11.017109870910645 107.5
    endloop
  endfacet
  facet normal 0 0 1
    outer loop
      vertex 0 2 107.5
      vertex 21.98894691467285 11.017109870910645 107.5
      vertex 21.73236083984375 11.068147659301758 107.5
    endloop
  endfacet
  facet normal 0 0 1
    outer loop
      vertex 0 2 107.5
      vertex 21.73236083984375 11.068147659301758 107.5
      vertex 21.48463249206543 11.152240753173828 107.5
    endloop
  endfacet
  facet normal 0 0 1
    outer loop
      vertex 20.267108917236328 13.261052131652832 107.5
      vertex 0 21 107.5
      vertex 20.25 13 107.5
    endloop
  endfacet
  facet normal 0 0 1
    outer loop
      vertex 20.25 13 107.5
      vertex 0 21 107.5
      vertex 20.267108917236328 12.738946914672852 107.5
    endloop
  endfacet
  facet normal 0 0 1
    outer loop
      vertex 0 2 107.5
      vertex 20.267108917236328 12.738946914672852 107.5
      vertex 0 21 107.5
    endloop
  endfacet
  facet normal 0 0 1
    outer loop
      vertex 20.267108917236328 12.738946914672852 107.5
      vertex 0 2 107.5
      vertex 20.318147659301758 12.482361793518066 107.5
    endloop
  endfacet
  facet normal 0 0 1
    outer loop
      vertex 20.318147659301758 12.482361793518066 107.5
      vertex 0 2 107.5
      vertex 20.402240753173828 12.23463249206543 107.5
    endloop
  endfacet
  facet normal 0 0 1
    outer loop
      vertex 20.402240753173828 12.23463249206543 107.5
      vertex 0 2 107.5
      vertex 20.517948150634766 12 107.5
    endloop
  endfacet
  facet normal 0 0 1
    outer loop
      vertex 20.517948150634766 12 107.5
      vertex 0 2 107.5
      vertex 20.663291931152344 11.782476425170898 107.5
    endloop
  endfacet
  facet normal 0 0 1
    outer loop
      vertex 20.663291931152344 11.782476425170898 107.5
      vertex 0 2 107.5
      vertex 20.835784912109375 11.585785865783691 107.5
    endloop
  endfacet
  facet normal 0 0 1
    outer loop
      vertex 0 21 107.5
      vertex 2 23 107.5
      vertex 1.7389469146728516 22.98288917541504 107.5
    endloop
  endfacet
  facet normal 0 0 1
    outer loop
      vertex 0 21 107.5
      vertex 1.7389469146728516 22.98288917541504 107.5
      vertex 1.4823617935180664 22.93185043334961 107.5
    endloop
  endfacet
  facet normal 0 0 1
    outer loop
      vertex 0 21 107.5
      vertex 1.4823617935180664 22.93185043334961 107.5
      vertex 1.2346324920654297 22.847759246826172 107.5
    endloop
  endfacet
  facet normal 0 0 1
    outer loop
      vertex 0 21 107.5
      vertex 1.2346324920654297 22.847759246826172 107.5
      vertex 1 22.7320499420166 107.5
    endloop
  endfacet
  facet normal 0 0 1
    outer loop
      vertex 0 21 107.5
      vertex 1 22.7320499420166 107.5
      vertex 0.7824764251708984 22.586706161499023 107.5
    endloop
  endfacet
  facet normal 0 0 1
    outer loop
      vertex 0 21 107.5
      vertex 0.7824764251708984 22.586706161499023 107.5
      vertex 0.5857858657836914 22.414213180541992 107.5
    endloop
  endfacet
  facet normal 0 0 1
    outer loop
      vertex 0 21 107.5
      vertex 0.5857858657836914 22.414213180541992 107.5
      vertex 0.41329288482666016 22.21752166748047 107.5
    endloop
  endfacet
  facet normal 0 0 1
    outer loop
      vertex 0 21 107.5
      vertex 0.41329288482666016 22.21752166748047 107.5
      vertex 0.26794910430908203 22 107.5
    endloop
  endfacet
  facet normal 0 0 1
    outer loop
      vertex 0 21 107.5
      vertex 0.26794910430908203 22 107.5
      vertex 0.15224075317382812 21.765365600585938 107.5
    endloop
  endfacet
  facet normal 0 0 1
    outer loop
      vertex 0 21 107.5
      vertex 0.15224075317382812 21.765365600585938 107.5
      vertex 0.06814765930175781 21.517637252807617 107.5
    endloop
  endfacet
  facet normal 0 0 1
    outer loop
      vertex 20.835784912109375 11.585785865783691 107.5
      vertex 0 2 107.5
      vertex 21.0324764251709 11.41329288482666 107.5
    endloop
  endfacet
  facet normal 0 0 1
    outer loop
      vertex 0 21 107.5
      vertex 0.06814765930175781 21.517637252807617 107.5
      vertex 0.01710987091064453 21.261051177978516 107.5
    endloop
  endfacet
  facet normal 0 0 1
    outer loop
      vertex 21.0324764251709 11.41329288482666 107.5
      vertex 0 2 107.5
      vertex 21.25 11.267949104309082 107.5
    endloop
  endfacet
  facet normal 0 0 1
    outer loop
      vertex 22.25 11 107.5
      vertex 0 2 107.5
      vertex 44.5 2 107.5
    endloop
  endfacet
  facet normal 0 0 1
    outer loop
      vertex 21.25 11.267949104309082 107.5
      vertex 0 2 107.5
      vertex 21.48463249206543 11.152240753173828 107.5
    endloop
  endfacet
  facet normal 0 -0.9978590672493916 0.06540093201303933
    outer loop
      vertex 0 0 105.5
      vertex 44.5 0.01710987091064453 105.76105499267578
      vertex 0 0.01710987091064453 105.76105499267578
    endloop
  endfacet
  facet normal 0 -0.9978590672493916 0.06540093201303933
    outer loop
      vertex 44.5 0.01710987091064453 105.76105499267578
      vertex 0 0 105.5
      vertex 44.5 0 105.5
    endloop
  endfacet
  facet normal 0 -0.6593457932372825 0.7518398266521259
    outer loop
      vertex 0 0.7824764251708984 107.08670806884766
      vertex 44.5 0.5857858657836914 106.91421508789062
      vertex 44.5 0.7824764251708984 107.08670806884766
    endloop
  endfacet
  facet normal 0 -0.6593457932372825 0.7518398266521259
    outer loop
      vertex 44.5 0.5857858657836914 106.91421508789062
      vertex 0 0.7824764251708984 107.08670806884766
      vertex 0 0.5857858657836914 106.91421508789062
    endloop
  endfacet
  facet normal 0 -0.5555579708067603 0.8314778055204328
    outer loop
      vertex 0 1 107.23204803466797
      vertex 44.5 0.7824764251708984 107.08670806884766
      vertex 44.5 1 107.23204803466797
    endloop
  endfacet
  facet normal 0 -0.5555579708067603 0.8314778055204328
    outer loop
      vertex 44.5 0.7824764251708984 107.08670806884766
      vertex 0 1 107.23204803466797
      vertex 0 0.7824764251708984 107.08670806884766
    endloop
  endfacet
  facet normal 0 -0.44231047906023124 0.8968619961362554
    outer loop
      vertex 0 1.2346324920654297 107.34776306152344
      vertex 44.5 1 107.23204803466797
      vertex 44.5 1.2346324920654297 107.34776306152344
    endloop
  endfacet
  facet normal 0 -0.44231047906023124 0.8968619961362554
    outer loop
      vertex 44.5 1 107.23204803466797
      vertex 0 1.2346324920654297 107.34776306152344
      vertex 0 1 107.23204803466797
    endloop
  endfacet
  facet normal 0 -0.19507218023599654 0.980788888853241
    outer loop
      vertex 0 1.7389469146728516 107.4828872680664
      vertex 44.5 1.4823617935180664 107.43185424804688
      vertex 44.5 1.7389469146728516 107.4828872680664
    endloop
  endfacet
  facet normal 0 -0.19507218023599654 0.980788888853241
    outer loop
      vertex 44.5 1.4823617935180664 107.43185424804688
      vertex 0 1.7389469146728516 107.4828872680664
      vertex 0 1.4823617935180664 107.43185424804688
    endloop
  endfacet
  facet normal 0 -0.7518445809268813 0.659340371986186
    outer loop
      vertex 0 0.41329288482666016 106.71752166748047
      vertex 44.5 0.5857858657836914 106.91421508789062
      vertex 0 0.5857858657836914 106.91421508789062
    endloop
  endfacet
  facet normal 0 -0.7518445809268813 0.659340371986186
    outer loop
      vertex 44.5 0.5857858657836914 106.91421508789062
      vertex 0 0.41329288482666016 106.71752166748047
      vertex 44.5 0.41329288482666016 106.71752166748047
    endloop
  endfacet
  facet normal 0 -0.8314688194409101 0.5555714196190613
    outer loop
      vertex 0 0.26794910430908203 106.5
      vertex 44.5 0.41329288482666016 106.71752166748047
      vertex 0 0.41329288482666016 106.71752166748047
    endloop
  endfacet
  facet normal 0 -0.8314688194409101 0.5555714196190613
    outer loop
      vertex 44.5 0.41329288482666016 106.71752166748047
      vertex 0 0.26794910430908203 106.5
      vertex 44.5 0.26794910430908203 106.5
    endloop
  endfacet
  facet normal 0 -0.8968735447372777 0.4422870614774873
    outer loop
      vertex 0 0.15224075317382812 106.26536560058594
      vertex 44.5 0.26794910430908203 106.5
      vertex 0 0.26794910430908203 106.5
    endloop
  endfacet
  facet normal 0 -0.8968735447372777 0.4422870614774873
    outer loop
      vertex 44.5 0.26794910430908203 106.5
      vertex 0 0.15224075317382812 106.26536560058594
      vertex 44.5 0.15224075317382812 106.26536560058594
    endloop
  endfacet
  facet normal 0 -0.06541229710371879 0.9978583223021266
    outer loop
      vertex 0 2 107.5
      vertex 44.5 1.7389469146728516 107.4828872680664
      vertex 44.5 2 107.5
    endloop
  endfacet
  facet normal 0 -0.06541229710371879 0.9978583223021266
    outer loop
      vertex 44.5 1.7389469146728516 107.4828872680664
      vertex 0 2 107.5
      vertex 0 1.7389469146728516 107.4828872680664
    endloop
  endfacet
  facet normal 0 -0.9469286185378721 0.3214439164052683
    outer loop
      vertex 0 0.06814765930175781 106.01763916015625
      vertex 44.5 0.15224075317382812 106.26536560058594
      vertex 0 0.15224075317382812 106.26536560058594
    endloop
  endfacet
  facet normal 0 -0.9469286185378721 0.3214439164052683
    outer loop
      vertex 44.5 0.15224075317382812 106.26536560058594
      vertex 0 0.06814765930175781 106.01763916015625
      vertex 44.5 0.06814765930175781 106.01763916015625
    endloop
  endfacet
  facet normal 0 -0.9807852626994211 0.1950904110191673
    outer loop
      vertex 0 0.01710987091064453 105.76105499267578
      vertex 44.5 0.06814765930175781 106.01763916015625
      vertex 0 0.06814765930175781 106.01763916015625
    endloop
  endfacet
  facet normal 0 -0.9807852626994211 0.1950904110191673
    outer loop
      vertex 44.5 0.06814765930175781 106.01763916015625
      vertex 0 0.01710987091064453 105.76105499267578
      vertex 44.5 0.01710987091064453 105.76105499267578
    endloop
  endfacet
  facet normal 0 -0.3214340501933723 0.9469319676599184
    outer loop
      vertex 0 1.4823617935180664 107.43185424804688
      vertex 44.5 1.2346324920654297 107.34776306152344
      vertex 44.5 1.4823617935180664 107.43185424804688
    endloop
  endfacet
  facet normal 0 -0.3214340501933723 0.9469319676599184
    outer loop
      vertex 44.5 1.2346324920654297 107.34776306152344
      vertex 0 1.4823617935180664 107.43185424804688
      vertex 0 1.2346324920654297 107.34776306152344
    endloop
  endfacet
  facet normal 0 0 1
    outer loop
      vertex 23.54903793334961 -5.75 4
      vertex 29.25 -11 4
      vertex 44.5 0 4
    endloop
  endfacet
  facet normal 0 0 1
    outer loop
      vertex 23.75 -9 4
      vertex 29.25 -11 4
      vertex 23.75 -6.5 4
    endloop
  endfacet
  facet normal 0 0 1
    outer loop
      vertex 29.25 -11 4
      vertex 23.69888687133789 -6.1117706298828125 4
      vertex 23.75 -6.5 4
    endloop
  endfacet
  facet normal 0 0 1
    outer loop
      vertex 29.25 -11 4
      vertex 23.54903793334961 -5.75 4
      vertex 23.69888687133789 -6.1117706298828125 4
    endloop
  endfacet
  facet normal 0 0 1
    outer loop
      vertex 44.5 0 4
      vertex 23.310659408569336 -5.439339637756348 4
      vertex 23.54903793334961 -5.75 4
    endloop
  endfacet
  facet normal 0 0 1
    outer loop
      vertex 44.5 0 4
      vertex 23 -5.200961112976074 4
      vertex 23.310659408569336 -5.439339637756348 4
    endloop
  endfacet
  facet normal 0 0 1
    outer loop
      vertex 44.5 0 4
      vertex 22.638229370117188 -5.051111221313477 4
      vertex 23 -5.200961112976074 4
    endloop
  endfacet
  facet normal 0 0 1
    outer loop
      vertex 44.5 0 4
      vertex 22.25 -5 4
      vertex 22.638229370117188 -5.051111221313477 4
    endloop
  endfacet
  facet normal 0 0 1
    outer loop
      vertex 0 0 4
      vertex 22.25 -5 4
      vertex 44.5 0 4
    endloop
  endfacet
  facet normal 0 0 1
    outer loop
      vertex 15.25 -11 4
      vertex 20.75 -9 4
      vertex 20.75 -6.5 4
    endloop
  endfacet
  facet normal 0 0 1
    outer loop
      vertex 15.25 -11 4
      vertex 20.75 -6.5 4
      vertex 20.801111221313477 -6.1117706298828125 4
    endloop
  endfacet
  facet normal 0 0 1
    outer loop
      vertex 20.75 -9 4
      vertex 15.25 -11 4
      vertex 19.41666603088379 -11 4
    endloop
  endfacet
  facet normal 0 0 1
    outer loop
      vertex 20.95096206665039 -5.75 4
      vertex 15.25 -11 4
      vertex 20.801111221313477 -6.1117706298828125 4
    endloop
  endfacet
  facet normal 0 0 1
    outer loop
      vertex 0 0 4
      vertex 20.95096206665039 -5.75 4
      vertex 21.18933868408203 -5.439339637756348 4
    endloop
  endfacet
  facet normal 0 0 1
    outer loop
      vertex 20.95096206665039 -5.75 4
      vertex 0 0 4
      vertex 15.25 -11 4
    endloop
  endfacet
  facet normal 0 0 1
    outer loop
      vertex 21.5 -5.200961112976074 4
      vertex 0 0 4
      vertex 21.18933868408203 -5.439339637756348 4
    endloop
  endfacet
  facet normal 0 0 1
    outer loop
      vertex 21.861770629882812 -5.051111221313477 4
      vertex 0 0 4
      vertex 21.5 -5.200961112976074 4
    endloop
  endfacet
  facet normal 0 0 1
    outer loop
      vertex 22.25 -5 4
      vertex 0 0 4
      vertex 21.861770629882812 -5.051111221313477 4
    endloop
  endfacet
  facet normal 0 0 1
    outer loop
      vertex 29.25 -11 4
      vertex 23.75 -9 4
      vertex 25.08333396911621 -11 4
    endloop
  endfacet
  facet normal 0 -1 0
    outer loop
      vertex 15.25 -11 0
      vertex 19.41666603088379 -11 4
      vertex 15.25 -11 4
    endloop
  endfacet
  facet normal 0 -1 0
    outer loop
      vertex 19.41666603088379 -11 4
      vertex 15.25 -11 0
      vertex 19.41666603088379 -11 0
    endloop
  endfacet
  facet normal 0 -1 0
    outer loop
      vertex 25.08333396911621 -11 0
      vertex 29.25 -11 4
      vertex 25.08333396911621 -11 4
    endloop
  endfacet
  facet normal 0 -1 0
    outer loop
      vertex 29.25 -11 4
      vertex 25.08333396911621 -11 0
      vertex 29.25 -11 0
    endloop
  endfacet
  facet normal -0.5850050122996965 -0.8110296761427611 0
    outer loop
      vertex 0 0 0
      vertex 15.25 -11 4
      vertex 0 0 4
    endloop
  endfacet
  facet normal -0.5850050122996965 -0.8110296761427611 0
    outer loop
      vertex 15.25 -11 4
      vertex 0 0 0
      vertex 15.25 -11 0
    endloop
  endfacet
  facet normal 0.5850050122996965 -0.8110296761427611 0
    outer loop
      vertex 29.25 -11 0
      vertex 44.5 0 4
      vertex 29.25 -11 4
    endloop
  endfacet
  facet normal 0.5850050122996965 -0.8110296761427611 0
    outer loop
      vertex 44.5 0 4
      vertex 29.25 -11 0
      vertex 44.5 0 0
    endloop
  endfacet
  facet normal -1 0 0
    outer loop
      vertex 23.75 -9 0
      vertex 23.75 -6.5 4
      vertex 23.75 -6.5 0
    endloop
  endfacet
  facet normal -1 0 0
    outer loop
      vertex 23.75 -6.5 4
      vertex 23.75 -9 0
      vertex 23.75 -9 4
    endloop
  endfacet
  facet normal -0.9914442789083516 -0.13053061640817715 0
    outer loop
      vertex 23.75 -6.5 0
      vertex 23.69888687133789 -6.1117706298828125 4
      vertex 23.69888687133789 -6.1117706298828125 0
    endloop
  endfacet
  facet normal -0.9914442789083516 -0.13053061640817715 0
    outer loop
      vertex 23.69888687133789 -6.1117706298828125 4
      vertex 23.75 -6.5 0
      vertex 23.75 -6.5 4
    endloop
  endfacet
  facet normal -0.9238807634942465 -0.3826804604958137 0
    outer loop
      vertex 23.69888687133789 -6.1117706298828125 0
      vertex 23.54903793334961 -5.75 4
      vertex 23.54903793334961 -5.75 0
    endloop
  endfacet
  facet normal -0.9238807634942465 -0.3826804604958137 0
    outer loop
      vertex 23.54903793334961 -5.75 4
      vertex 23.69888687133789 -6.1117706298828125 0
      vertex 23.69888687133789 -6.1117706298828125 4
    endloop
  endfacet
  facet normal -0.7933527917664623 -0.6087621438594553 0
    outer loop
      vertex 23.54903793334961 -5.75 0
      vertex 23.310659408569336 -5.439339637756348 4
      vertex 23.310659408569336 -5.439339637756348 0
    endloop
  endfacet
  facet normal -0.7933527917664623 -0.6087621438594553 0
    outer loop
      vertex 23.310659408569336 -5.439339637756348 4
      vertex 23.54903793334961 -5.75 0
      vertex 23.54903793334961 -5.75 4
    endloop
  endfacet
  facet normal -0.6087633200973881 -0.793351889204283 0
    outer loop
      vertex 23 -5.200961112976074 0
      vertex 23.310659408569336 -5.439339637756348 4
      vertex 23 -5.200961112976074 4
    endloop
  endfacet
  facet normal -0.6087633200973881 -0.793351889204283 0
    outer loop
      vertex 23.310659408569336 -5.439339637756348 4
      vertex 23 -5.200961112976074 0
      vertex 23.310659408569336 -5.439339637756348 0
    endloop
  endfacet
  facet normal -0.38268253930174495 -0.9238799024297306 0
    outer loop
      vertex 22.638229370117188 -5.051111221313477 0
      vertex 23 -5.200961112976074 4
      vertex 22.638229370117188 -5.051111221313477 4
    endloop
  endfacet
  facet normal -0.38268253930174495 -0.9238799024297306 0
    outer loop
      vertex 23 -5.200961112976074 4
      vertex 22.638229370117188 -5.051111221313477 0
      vertex 23 -5.200961112976074 0
    endloop
  endfacet
  facet normal -0.13052582848644545 -0.9914449092601803 0
    outer loop
      vertex 22.25 -5 0
      vertex 22.638229370117188 -5.051111221313477 4
      vertex 22.25 -5 4
    endloop
  endfacet
  facet normal -0.13052582848644545 -0.9914449092601803 0
    outer loop
      vertex 22.638229370117188 -5.051111221313477 4
      vertex 22.25 -5 0
      vertex 22.638229370117188 -5.051111221313477 0
    endloop
  endfacet
  facet normal 0.13052582848644545 -0.9914449092601803 0
    outer loop
      vertex 21.861770629882812 -5.051111221313477 0
      vertex 22.25 -5 4
      vertex 21.861770629882812 -5.051111221313477 4
    endloop
  endfacet
  facet normal 0.13052582848644545 -0.9914449092601803 0
    outer loop
      vertex 22.25 -5 4
      vertex 21.861770629882812 -5.051111221313477 0
      vertex 22.25 -5 0
    endloop
  endfacet
  facet normal 0.38268253930174495 -0.9238799024297306 0
    outer loop
      vertex 21.5 -5.200961112976074 0
      vertex 21.861770629882812 -5.051111221313477 4
      vertex 21.5 -5.200961112976074 4
    endloop
  endfacet
  facet normal 0.38268253930174495 -0.9238799024297306 0
    outer loop
      vertex 21.861770629882812 -5.051111221313477 4
      vertex 21.5 -5.200961112976074 0
      vertex 21.861770629882812 -5.051111221313477 0
    endloop
  endfacet
  facet normal 0.6087609676247296 -0.7933536943234101 0
    outer loop
      vertex 21.18933868408203 -5.439339637756348 0
      vertex 21.5 -5.200961112976074 4
      vertex 21.18933868408203 -5.439339637756348 4
    endloop
  endfacet
  facet normal 0.6087609676247296 -0.7933536943234101 0
    outer loop
      vertex 21.5 -5.200961112976074 4
      vertex 21.18933868408203 -5.439339637756348 0
      vertex 21.5 -5.200961112976074 0
    endloop
  endfacet
  facet normal 0.7933551442401728 -0.6087590780494815 0
    outer loop
      vertex 20.95096206665039 -5.75 4
      vertex 21.18933868408203 -5.439339637756348 0
      vertex 21.18933868408203 -5.439339637756348 4
    endloop
  endfacet
  facet normal 0.7933551442401728 -0.6087590780494815 0
    outer loop
      vertex 21.18933868408203 -5.439339637756348 0
      vertex 20.95096206665039 -5.75 4
      vertex 20.95096206665039 -5.75 0
    endloop
  endfacet
  facet normal 0.9238790413621422 -0.3826846181018637 0
    outer loop
      vertex 20.801111221313477 -6.1117706298828125 4
      vertex 20.95096206665039 -5.75 0
      vertex 20.95096206665039 -5.75 4
    endloop
  endfacet
  facet normal 0.9238790413621422 -0.3826846181018637 0
    outer loop
      vertex 20.95096206665039 -5.75 0
      vertex 20.801111221313477 -6.1117706298828125 4
      vertex 20.801111221313477 -6.1117706298828125 0
    endloop
  endfacet
  facet normal 0.9914449092601803 -0.13052582848644545 0
    outer loop
      vertex 20.75 -6.5 4
      vertex 20.801111221313477 -6.1117706298828125 0
      vertex 20.801111221313477 -6.1117706298828125 4
    endloop
  endfacet
  facet normal 0.9914449092601803 -0.13052582848644545 0
    outer loop
      vertex 20.801111221313477 -6.1117706298828125 0
      vertex 20.75 -6.5 4
      vertex 20.75 -6.5 0
    endloop
  endfacet
  facet normal 1 0 0
    outer loop
      vertex 20.75 -9 4
      vertex 20.75 -6.5 0
      vertex 20.75 -6.5 4
    endloop
  endfacet
  facet normal 1 0 0
    outer loop
      vertex 20.75 -6.5 0
      vertex 20.75 -9 4
      vertex 20.75 -9 0
    endloop
  endfacet
  facet normal 0.8320501722601498 -0.5547003793417262 0
    outer loop
      vertex 19.41666603088379 -11 4
      vertex 20.75 -9 0
      vertex 20.75 -9 4
    endloop
  endfacet
  facet normal 0.8320501722601498 -0.5547003793417262 0
    outer loop
      vertex 20.75 -9 0
      vertex 19.41666603088379 -11 4
      vertex 19.41666603088379 -11 0
    endloop
  endfacet
  facet normal -0.8320501722601498 -0.5547003793417262 0
    outer loop
      vertex 25.08333396911621 -11 0
      vertex 23.75 -9 4
      vertex 23.75 -9 0
    endloop
  endfacet
  facet normal -0.8320501722601498 -0.5547003793417262 0
    outer loop
      vertex 23.75 -9 4
      vertex 25.08333396911621 -11 0
      vertex 25.08333396911621 -11 4
    endloop
  endfacet
  facet normal 0 0 1
    outer loop
      vertex 0 21 73.75
      vertex 1 22.7320499420166 73.75
      vertex 0.7824764251708984 22.586706161499023 73.75
    endloop
  endfacet
  facet normal 0 0 1
    outer loop
      vertex 43.5 22.7320499420166 73.75
      vertex 44.5 21 73.75
      vertex 44.482887268066406 21.261051177978516 73.75
    endloop
  endfacet
  facet normal 0 0 1
    outer loop
      vertex 43.5 22.7320499420166 73.75
      vertex 44.482887268066406 21.261051177978516 73.75
      vertex 44.43185043334961 21.517637252807617 73.75
    endloop
  endfacet
  facet normal 0 0 1
    outer loop
      vertex 43.5 22.7320499420166 73.75
      vertex 44.43185043334961 21.517637252807617 73.75
      vertex 44.34775924682617 21.765365600585938 73.75
    endloop
  endfacet
  facet normal 0 0 1
    outer loop
      vertex 43.5 22.7320499420166 73.75
      vertex 44.34775924682617 21.765365600585938 73.75
      vertex 44.23204803466797 22 73.75
    endloop
  endfacet
  facet normal 0 0 1
    outer loop
      vertex 43.5 22.7320499420166 73.75
      vertex 44.23204803466797 22 73.75
      vertex 44.086708068847656 22.21752166748047 73.75
    endloop
  endfacet
  facet normal 0 0 1
    outer loop
      vertex 43.5 22.7320499420166 73.75
      vertex 44.086708068847656 22.21752166748047 73.75
      vertex 43.914215087890625 22.414213180541992 73.75
    endloop
  endfacet
  facet normal 0 0 1
    outer loop
      vertex 43.5 22.7320499420166 73.75
      vertex 43.914215087890625 22.414213180541992 73.75
      vertex 43.71752166748047 22.586706161499023 73.75
    endloop
  endfacet
  facet normal 0 0 1
    outer loop
      vertex 44.5 21 73.75
      vertex 43.5 22.7320499420166 73.75
      vertex 43.5 1 73.75
    endloop
  endfacet
  facet normal 0 0 1
    outer loop
      vertex 44.5 21 73.75
      vertex 43.5 1 73.75
      vertex 44.5 0 73.75
    endloop
  endfacet
  facet normal 0 0 1
    outer loop
      vertex 1 1 73.75
      vertex 44.5 0 73.75
      vertex 43.5 1 73.75
    endloop
  endfacet
  facet normal 0 0 1
    outer loop
      vertex 0 21 73.75
      vertex 0.7824764251708984 22.586706161499023 73.75
      vertex 0.5857858657836914 22.414213180541992 73.75
    endloop
  endfacet
  facet normal 0 0 1
    outer loop
      vertex 0 21 73.75
      vertex 0.5857858657836914 22.414213180541992 73.75
      vertex 0.41329288482666016 22.21752166748047 73.75
    endloop
  endfacet
  facet normal 0 0 1
    outer loop
      vertex 0 21 73.75
      vertex 0.41329288482666016 22.21752166748047 73.75
      vertex 0.26794910430908203 22 73.75
    endloop
  endfacet
  facet normal 0 0 1
    outer loop
      vertex 0 21 73.75
      vertex 0.26794910430908203 22 73.75
      vertex 0.15224075317382812 21.765365600585938 73.75
    endloop
  endfacet
  facet normal 0 0 1
    outer loop
      vertex 0 21 73.75
      vertex 0.15224075317382812 21.765365600585938 73.75
      vertex 0.06814765930175781 21.517637252807617 73.75
    endloop
  endfacet
  facet normal 0 0 1
    outer loop
      vertex 0 21 73.75
      vertex 0.06814765930175781 21.517637252807617 73.75
      vertex 0.01710987091064453 21.261051177978516 73.75
    endloop
  endfacet
  facet normal 0 0 1
    outer loop
      vertex 1 22.7320499420166 73.75
      vertex 0 21 73.75
      vertex 1 1 73.75
    endloop
  endfacet
  facet normal 0 0 1
    outer loop
      vertex 1 1 73.75
      vertex 0 0 73.75
      vertex 44.5 0 73.75
    endloop
  endfacet
  facet normal 0 0 1
    outer loop
      vertex 0 0 73.75
      vertex 1 1 73.75
      vertex 0 21 73.75
    endloop
  endfacet
  facet normal 0 0 -1
    outer loop
      vertex 43.5 1 76.75
      vertex 44.5 21 76.75
      vertex 44.5 0 76.75
    endloop
  endfacet
  facet normal 0 0 -1
    outer loop
      vertex 43.5 22.7320499420166 76.75
      vertex 44.5 21 76.75
      vertex 43.5 1 76.75
    endloop
  endfacet
  facet normal 0 0 -1
    outer loop
      vertex 44.5 21 76.75
      vertex 43.5 22.7320499420166 76.75
      vertex 44.482887268066406 21.261051177978516 76.75
    endloop
  endfacet
  facet normal 0 0 -1
    outer loop
      vertex 44.482887268066406 21.261051177978516 76.75
      vertex 43.5 22.7320499420166 76.75
      vertex 44.43185043334961 21.517637252807617 76.75
    endloop
  endfacet
  facet normal 0 0 -1
    outer loop
      vertex 44.43185043334961 21.517637252807617 76.75
      vertex 43.5 22.7320499420166 76.75
      vertex 44.34775924682617 21.765365600585938 76.75
    endloop
  endfacet
  facet normal 0 0 -1
    outer loop
      vertex 44.34775924682617 21.765365600585938 76.75
      vertex 43.5 22.7320499420166 76.75
      vertex 44.23204803466797 22 76.75
    endloop
  endfacet
  facet normal 0 0 -1
    outer loop
      vertex 44.23204803466797 22 76.75
      vertex 43.5 22.7320499420166 76.75
      vertex 44.086708068847656 22.21752166748047 76.75
    endloop
  endfacet
  facet normal 0 0 -1
    outer loop
      vertex 44.086708068847656 22.21752166748047 76.75
      vertex 43.5 22.7320499420166 76.75
      vertex 43.914215087890625 22.414213180541992 76.75
    endloop
  endfacet
  facet normal 0 0 -1
    outer loop
      vertex 44.5 0 76.75
      vertex 1 1 76.75
      vertex 43.5 1 76.75
    endloop
  endfacet
  facet normal 0 0 -1
    outer loop
      vertex 0 21 76.75
      vertex 1 22.7320499420166 76.75
      vertex 1 1 76.75
    endloop
  endfacet
  facet normal 0 0 -1
    outer loop
      vertex 1 22.7320499420166 76.75
      vertex 0 21 76.75
      vertex 0.7824764251708984 22.586706161499023 76.75
    endloop
  endfacet
  facet normal 0 0 -1
    outer loop
      vertex 0.7824764251708984 22.586706161499023 76.75
      vertex 0 21 76.75
      vertex 0.5857858657836914 22.414213180541992 76.75
    endloop
  endfacet
  facet normal 0 0 -1
    outer loop
      vertex 0.5857858657836914 22.414213180541992 76.75
      vertex 0 21 76.75
      vertex 0.41329288482666016 22.21752166748047 76.75
    endloop
  endfacet
  facet normal 0 0 -1
    outer loop
      vertex 0.41329288482666016 22.21752166748047 76.75
      vertex 0 21 76.75
      vertex 0.26794910430908203 22 76.75
    endloop
  endfacet
  facet normal 0 0 -1
    outer loop
      vertex 0.26794910430908203 22 76.75
      vertex 0 21 76.75
      vertex 0.15224075317382812 21.765365600585938 76.75
    endloop
  endfacet
  facet normal 0 0 -1
    outer loop
      vertex 0.15224075317382812 21.765365600585938 76.75
      vertex 0 21 76.75
      vertex 0.06814765930175781 21.517637252807617 76.75
    endloop
  endfacet
  facet normal 0 0 -1
    outer loop
      vertex 0 0 76.75
      vertex 1 1 76.75
      vertex 44.5 0 76.75
    endloop
  endfacet
  facet normal 0 0 -1
    outer loop
      vertex 0 21 76.75
      vertex 1 1 76.75
      vertex 0 0 76.75
    endloop
  endfacet
  facet normal 0 0 -1
    outer loop
      vertex 0.06814765930175781 21.517637252807617 76.75
      vertex 0 21 76.75
      vertex 0.01710987091064453 21.261051177978516 76.75
    endloop
  endfacet
  facet normal 0 0 -1
    outer loop
      vertex 43.914215087890625 22.414213180541992 76.75
      vertex 43.5 22.7320499420166 76.75
      vertex 43.71752166748047 22.586706161499023 76.75
    endloop
  endfacet
  facet normal 1 0 0
    outer loop
      vertex 43.5 1 76.75
      vertex 43.5 22.7320499420166 73.75
      vertex 43.5 22.7320499420166 76.75
    endloop
  endfacet
  facet normal 1 0 0
    outer loop
      vertex 43.5 22.7320499420166 73.75
      vertex 43.5 1 76.75
      vertex 43.5 1 73.75
    endloop
  endfacet
  facet normal 0 -1 0
    outer loop
      vertex 1 1 73.75
      vertex 43.5 1 76.75
      vertex 1 1 76.75
    endloop
  endfacet
  facet normal 0 -1 0
    outer loop
      vertex 43.5 1 76.75
      vertex 1 1 73.75
      vertex 43.5 1 73.75
    endloop
  endfacet
  facet normal -1 0 0
    outer loop
      vertex 1 1 73.75
      vertex 1 22.7320499420166 76.75
      vertex 1 22.7320499420166 73.75
    endloop
  endfacet
  facet normal -1 0 0
    outer loop
      vertex 1 22.7320499420166 76.75
      vertex 1 1 73.75
      vertex 1 1 76.75
    endloop
  endfacet
  facet normal 0 0 1
    outer loop
      vertex 0 21 28.600000381469727
      vertex 1 22.7320499420166 28.600000381469727
      vertex 0.7824764251708984 22.586706161499023 28.600000381469727
    endloop
  endfacet
  facet normal 0 0 1
    outer loop
      vertex 43.5 22.7320499420166 28.600000381469727
      vertex 44.5 21 28.600000381469727
      vertex 44.482887268066406 21.261051177978516 28.600000381469727
    endloop
  endfacet
  facet normal 0 0 1
    outer loop
      vertex 43.5 22.7320499420166 28.600000381469727
      vertex 44.482887268066406 21.261051177978516 28.600000381469727
      vertex 44.43185043334961 21.517637252807617 28.600000381469727
    endloop
  endfacet
  facet normal 0 0 1
    outer loop
      vertex 43.5 22.7320499420166 28.600000381469727
      vertex 44.43185043334961 21.517637252807617 28.600000381469727
      vertex 44.34775924682617 21.765365600585938 28.600000381469727
    endloop
  endfacet
  facet normal 0 0 1
    outer loop
      vertex 43.5 22.7320499420166 28.600000381469727
      vertex 44.34775924682617 21.765365600585938 28.600000381469727
      vertex 44.23204803466797 22 28.600000381469727
    endloop
  endfacet
  facet normal 0 0 1
    outer loop
      vertex 43.5 22.7320499420166 28.600000381469727
      vertex 44.23204803466797 22 28.600000381469727
      vertex 44.086708068847656 22.21752166748047 28.600000381469727
    endloop
  endfacet
  facet normal 0 0 1
    outer loop
      vertex 43.5 22.7320499420166 28.600000381469727
      vertex 44.086708068847656 22.21752166748047 28.600000381469727
      vertex 43.914215087890625 22.414213180541992 28.600000381469727
    endloop
  endfacet
  facet normal 0 0 1
    outer loop
      vertex 43.5 22.7320499420166 28.600000381469727
      vertex 43.914215087890625 22.414213180541992 28.600000381469727
      vertex 43.71752166748047 22.586706161499023 28.600000381469727
    endloop
  endfacet
  facet normal 0 0 1
    outer loop
      vertex 44.5 21 28.600000381469727
      vertex 43.5 22.7320499420166 28.600000381469727
      vertex 43.5 1 28.600000381469727
    endloop
  endfacet
  facet normal 0 0 1
    outer loop
      vertex 44.5 21 28.600000381469727
      vertex 43.5 1 28.600000381469727
      vertex 44.5 0 28.600000381469727
    endloop
  endfacet
  facet normal 0 0 1
    outer loop
      vertex 1 1 28.600000381469727
      vertex 44.5 0 28.600000381469727
      vertex 43.5 1 28.600000381469727
    endloop
  endfacet
  facet normal 0 0 1
    outer loop
      vertex 0 21 28.600000381469727
      vertex 0.7824764251708984 22.586706161499023 28.600000381469727
      vertex 0.5857858657836914 22.414213180541992 28.600000381469727
    endloop
  endfacet
  facet normal 0 0 1
    outer loop
      vertex 0 21 28.600000381469727
      vertex 0.5857858657836914 22.414213180541992 28.600000381469727
      vertex 0.41329288482666016 22.21752166748047 28.600000381469727
    endloop
  endfacet
  facet normal 0 0 1
    outer loop
      vertex 0 21 28.600000381469727
      vertex 0.41329288482666016 22.21752166748047 28.600000381469727
      vertex 0.26794910430908203 22 28.600000381469727
    endloop
  endfacet
  facet normal 0 0 1
    outer loop
      vertex 0 21 28.600000381469727
      vertex 0.26794910430908203 22 28.600000381469727
      vertex 0.15224075317382812 21.765365600585938 28.600000381469727
    endloop
  endfacet
  facet normal 0 0 1
    outer loop
      vertex 0 21 28.600000381469727
      vertex 0.15224075317382812 21.765365600585938 28.600000381469727
      vertex 0.06814765930175781 21.517637252807617 28.600000381469727
    endloop
  endfacet
  facet normal 0 0 1
    outer loop
      vertex 0 21 28.600000381469727
      vertex 0.06814765930175781 21.517637252807617 28.600000381469727
      vertex 0.01710987091064453 21.261051177978516 28.600000381469727
    endloop
  endfacet
  facet normal 0 0 1
    outer loop
      vertex 1 22.7320499420166 28.600000381469727
      vertex 0 21 28.600000381469727
      vertex 1 1 28.600000381469727
    endloop
  endfacet
  facet normal 0 0 1
    outer loop
      vertex 1 1 28.600000381469727
      vertex 0 0 28.600000381469727
      vertex 44.5 0 28.600000381469727
    endloop
  endfacet
  facet normal 0 0 1
    outer loop
      vertex 0 0 28.600000381469727
      vertex 1 1 28.600000381469727
      vertex 0 21 28.600000381469727
    endloop
  endfacet
  facet normal 0 0 -1
    outer loop
      vertex 43.5 1 31.600000381469727
      vertex 44.5 21 31.600000381469727
      vertex 44.5 0 31.600000381469727
    endloop
  endfacet
  facet normal 0 0 -1
    outer loop
      vertex 43.5 22.7320499420166 31.600000381469727
      vertex 44.5 21 31.600000381469727
      vertex 43.5 1 31.600000381469727
    endloop
  endfacet
  facet normal 0 0 -1
    outer loop
      vertex 44.5 21 31.600000381469727
      vertex 43.5 22.7320499420166 31.600000381469727
      vertex 44.482887268066406 21.261051177978516 31.600000381469727
    endloop
  endfacet
  facet normal 0 0 -1
    outer loop
      vertex 44.482887268066406 21.261051177978516 31.600000381469727
      vertex 43.5 22.7320499420166 31.600000381469727
      vertex 44.43185043334961 21.517637252807617 31.600000381469727
    endloop
  endfacet
  facet normal 0 0 -1
    outer loop
      vertex 44.43185043334961 21.517637252807617 31.600000381469727
      vertex 43.5 22.7320499420166 31.600000381469727
      vertex 44.34775924682617 21.765365600585938 31.600000381469727
    endloop
  endfacet
  facet normal 0 0 -1
    outer loop
      vertex 44.34775924682617 21.765365600585938 31.600000381469727
      vertex 43.5 22.7320499420166 31.600000381469727
      vertex 44.23204803466797 22 31.600000381469727
    endloop
  endfacet
  facet normal 0 0 -1
    outer loop
      vertex 44.23204803466797 22 31.600000381469727
      vertex 43.5 22.7320499420166 31.600000381469727
      vertex 44.086708068847656 22.21752166748047 31.600000381469727
    endloop
  endfacet
  facet normal 0 0 -1
    outer loop
      vertex 44.086708068847656 22.21752166748047 31.600000381469727
      vertex 43.5 22.7320499420166 31.600000381469727
      vertex 43.914215087890625 22.414213180541992 31.600000381469727
    endloop
  endfacet
  facet normal 0 0 -1
    outer loop
      vertex 44.5 0 31.600000381469727
      vertex 1 1 31.600000381469727
      vertex 43.5 1 31.600000381469727
    endloop
  endfacet
  facet normal 0 0 -1
    outer loop
      vertex 0 21 31.600000381469727
      vertex 1 22.7320499420166 31.600000381469727
      vertex 1 1 31.600000381469727
    endloop
  endfacet
  facet normal 0 0 -1
    outer loop
      vertex 1 22.7320499420166 31.600000381469727
      vertex 0 21 31.600000381469727
      vertex 0.7824764251708984 22.586706161499023 31.600000381469727
    endloop
  endfacet
  facet normal 0 0 -1
    outer loop
      vertex 0.7824764251708984 22.586706161499023 31.600000381469727
      vertex 0 21 31.600000381469727
      vertex 0.5857858657836914 22.414213180541992 31.600000381469727
    endloop
  endfacet
  facet normal 0 0 -1
    outer loop
      vertex 0.5857858657836914 22.414213180541992 31.600000381469727
      vertex 0 21 31.600000381469727
      vertex 0.41329288482666016 22.21752166748047 31.600000381469727
    endloop
  endfacet
  facet normal 0 0 -1
    outer loop
      vertex 0.41329288482666016 22.21752166748047 31.600000381469727
      vertex 0 21 31.600000381469727
      vertex 0.26794910430908203 22 31.600000381469727
    endloop
  endfacet
  facet normal 0 0 -1
    outer loop
      vertex 0.26794910430908203 22 31.600000381469727
      vertex 0 21 31.600000381469727
      vertex 0.15224075317382812 21.765365600585938 31.600000381469727
    endloop
  endfacet
  facet normal 0 0 -1
    outer loop
      vertex 0.15224075317382812 21.765365600585938 31.600000381469727
      vertex 0 21 31.600000381469727
      vertex 0.06814765930175781 21.517637252807617 31.600000381469727
    endloop
  endfacet
  facet normal 0 0 -1
    outer loop
      vertex 0 0 31.600000381469727
      vertex 1 1 31.600000381469727
      vertex 44.5 0 31.600000381469727
    endloop
  endfacet
  facet normal 0 0 -1
    outer loop
      vertex 0 21 31.600000381469727
      vertex 1 1 31.600000381469727
      vertex 0 0 31.600000381469727
    endloop
  endfacet
  facet normal 0 0 -1
    outer loop
      vertex 0.06814765930175781 21.517637252807617 31.600000381469727
      vertex 0 21 31.600000381469727
      vertex 0.01710987091064453 21.261051177978516 31.600000381469727
    endloop
  endfacet
  facet normal 0 0 -1
    outer loop
      vertex 43.914215087890625 22.414213180541992 31.600000381469727
      vertex 43.5 22.7320499420166 31.600000381469727
      vertex 43.71752166748047 22.586706161499023 31.600000381469727
    endloop
  endfacet
  facet normal 1 0 0
    outer loop
      vertex 43.5 1 31.600000381469727
      vertex 43.5 22.7320499420166 28.600000381469727
      vertex 43.5 22.7320499420166 31.600000381469727
    endloop
  endfacet
  facet normal 1 0 0
    outer loop
      vertex 43.5 22.7320499420166 28.600000381469727
      vertex 43.5 1 31.600000381469727
      vertex 43.5 1 28.600000381469727
    endloop
  endfacet
  facet normal 0 -1 0
    outer loop
      vertex 1 1 28.600000381469727
      vertex 43.5 1 31.600000381469727
      vertex 1 1 31.600000381469727
    endloop
  endfacet
  facet normal 0 -1 0
    outer loop
      vertex 43.5 1 31.600000381469727
      vertex 1 1 28.600000381469727
      vertex 43.5 1 28.600000381469727
    endloop
  endfacet
  facet normal -1 0 0
    outer loop
      vertex 1 1 28.600000381469727
      vertex 1 22.7320499420166 31.600000381469727
      vertex 1 22.7320499420166 28.600000381469727
    endloop
  endfacet
  facet normal -1 0 0
    outer loop
      vertex 1 22.7320499420166 31.600000381469727
      vertex 1 1 28.600000381469727
      vertex 1 1 31.600000381469727
    endloop
  endfacet
  facet normal -1 0 0
    outer loop
      vertex 41.5 3 0
      vertex 41.5 23 104.5
      vertex 41.5 23 0
    endloop
  endfacet
  facet normal -1 0 0
    outer loop
      vertex 41.5 23 104.5
      vertex 41.5 3 0
      vertex 41.5 3 104.5
    endloop
  endfacet
  facet normal 0 1 0
    outer loop
      vertex 41.5 3 0
      vertex 3 3 104.5
      vertex 41.5 3 104.5
    endloop
  endfacet
  facet normal 0 1 0
    outer loop
      vertex 3 3 104.5
      vertex 41.5 3 0
      vertex 3 3 0
    endloop
  endfacet
  facet normal 1 0 0
    outer loop
      vertex 3 3 104.5
      vertex 3 23 0
      vertex 3 23 104.5
    endloop
  endfacet
  facet normal 1 0 0
    outer loop
      vertex 3 23 0
      vertex 3 3 104.5
      vertex 3 3 0
    endloop
  endfacet
  facet normal 0 0 -1
    outer loop
      vertex 41.5 3 104.5
      vertex 24.25 13 104.5
      vertex 41.5 23 104.5
    endloop
  endfacet
  facet normal 0 0 -1
    outer loop
      vertex 41.5 3 104.5
      vertex 24.23288917541504 12.738946914672852 104.5
      vertex 24.25 13 104.5
    endloop
  endfacet
  facet normal 0 0 -1
    outer loop
      vertex 41.5 3 104.5
      vertex 24.18185043334961 12.482361793518066 104.5
      vertex 24.23288917541504 12.738946914672852 104.5
    endloop
  endfacet
  facet normal 0 0 -1
    outer loop
      vertex 41.5 3 104.5
      vertex 24.097759246826172 12.23463249206543 104.5
      vertex 24.18185043334961 12.482361793518066 104.5
    endloop
  endfacet
  facet normal 0 0 -1
    outer loop
      vertex 41.5 3 104.5
      vertex 23.9820499420166 12 104.5
      vertex 24.097759246826172 12.23463249206543 104.5
    endloop
  endfacet
  facet normal 0 0 -1
    outer loop
      vertex 41.5 3 104.5
      vertex 23.836706161499023 11.782476425170898 104.5
      vertex 23.9820499420166 12 104.5
    endloop
  endfacet
  facet normal 0 0 -1
    outer loop
      vertex 41.5 3 104.5
      vertex 23.664213180541992 11.585785865783691 104.5
      vertex 23.836706161499023 11.782476425170898 104.5
    endloop
  endfacet
  facet normal 0 0 -1
    outer loop
      vertex 41.5 3 104.5
      vertex 23.46752166748047 11.41329288482666 104.5
      vertex 23.664213180541992 11.585785865783691 104.5
    endloop
  endfacet
  facet normal 0 0 -1
    outer loop
      vertex 41.5 3 104.5
      vertex 23.25 11.267949104309082 104.5
      vertex 23.46752166748047 11.41329288482666 104.5
    endloop
  endfacet
  facet normal 0 0 -1
    outer loop
      vertex 41.5 3 104.5
      vertex 23.015365600585938 11.152240753173828 104.5
      vertex 23.25 11.267949104309082 104.5
    endloop
  endfacet
  facet normal 0 0 -1
    outer loop
      vertex 41.5 3 104.5
      vertex 22.767637252807617 11.068147659301758 104.5
      vertex 23.015365600585938 11.152240753173828 104.5
    endloop
  endfacet
  facet normal 0 0 -1
    outer loop
      vertex 41.5 3 104.5
      vertex 22.511051177978516 11.017109870910645 104.5
      vertex 22.767637252807617 11.068147659301758 104.5
    endloop
  endfacet
  facet normal 0 0 -1
    outer loop
      vertex 41.5 3 104.5
      vertex 22.25 11 104.5
      vertex 22.511051177978516 11.017109870910645 104.5
    endloop
  endfacet
  facet normal 0 0 -1
    outer loop
      vertex 3 3 104.5
      vertex 22.25 11 104.5
      vertex 41.5 3 104.5
    endloop
  endfacet
  facet normal 0 0 -1
    outer loop
      vertex 22.25 11 104.5
      vertex 3 3 104.5
      vertex 21.98894691467285 11.017109870910645 104.5
    endloop
  endfacet
  facet normal 0 0 -1
    outer loop
      vertex 21.98894691467285 11.017109870910645 104.5
      vertex 3 3 104.5
      vertex 21.73236083984375 11.068147659301758 104.5
    endloop
  endfacet
  facet normal 0 0 -1
    outer loop
      vertex 20.267108917236328 12.738946914672852 104.5
      vertex 3 3 104.5
      vertex 20.25 13 104.5
    endloop
  endfacet
  facet normal 0 0 -1
    outer loop
      vertex 20.318147659301758 12.482361793518066 104.5
      vertex 3 3 104.5
      vertex 20.267108917236328 12.738946914672852 104.5
    endloop
  endfacet
  facet normal 0 0 -1
    outer loop
      vertex 20.402240753173828 12.23463249206543 104.5
      vertex 3 3 104.5
      vertex 20.318147659301758 12.482361793518066 104.5
    endloop
  endfacet
  facet normal 0 0 -1
    outer loop
      vertex 20.517948150634766 12 104.5
      vertex 3 3 104.5
      vertex 20.402240753173828 12.23463249206543 104.5
    endloop
  endfacet
  facet normal 0 0 -1
    outer loop
      vertex 20.663291931152344 11.782476425170898 104.5
      vertex 3 3 104.5
      vertex 20.517948150634766 12 104.5
    endloop
  endfacet
  facet normal 0 0 -1
    outer loop
      vertex 20.835784912109375 11.585785865783691 104.5
      vertex 3 3 104.5
      vertex 20.663291931152344 11.782476425170898 104.5
    endloop
  endfacet
  facet normal 0 0 -1
    outer loop
      vertex 21.0324764251709 11.41329288482666 104.5
      vertex 3 3 104.5
      vertex 20.835784912109375 11.585785865783691 104.5
    endloop
  endfacet
  facet normal 0 0 -1
    outer loop
      vertex 21.25 11.267949104309082 104.5
      vertex 3 3 104.5
      vertex 21.0324764251709 11.41329288482666 104.5
    endloop
  endfacet
  facet normal 0 0 -1
    outer loop
      vertex 21.48463249206543 11.152240753173828 104.5
      vertex 3 3 104.5
      vertex 21.25 11.267949104309082 104.5
    endloop
  endfacet
  facet normal 0 0 -1
    outer loop
      vertex 21.73236083984375 11.068147659301758 104.5
      vertex 3 3 104.5
      vertex 21.48463249206543 11.152240753173828 104.5
    endloop
  endfacet
  facet normal 0 0 -1
    outer loop
      vertex 24.23288917541504 13.261052131652832 104.5
      vertex 41.5 23 104.5
      vertex 24.25 13 104.5
    endloop
  endfacet
  facet normal 0 0 -1
    outer loop
      vertex 24.18185043334961 13.517637252807617 104.5
      vertex 41.5 23 104.5
      vertex 24.23288917541504 13.261052131652832 104.5
    endloop
  endfacet
  facet normal 0 0 -1
    outer loop
      vertex 24.097759246826172 13.765366554260254 104.5
      vertex 41.5 23 104.5
      vertex 24.18185043334961 13.517637252807617 104.5
    endloop
  endfacet
  facet normal 0 0 -1
    outer loop
      vertex 23.9820499420166 14 104.5
      vertex 41.5 23 104.5
      vertex 24.097759246826172 13.765366554260254 104.5
    endloop
  endfacet
  facet normal 0 0 -1
    outer loop
      vertex 23.836706161499023 14.217522621154785 104.5
      vertex 41.5 23 104.5
      vertex 23.9820499420166 14 104.5
    endloop
  endfacet
  facet normal 0 0 -1
    outer loop
      vertex 23.664213180541992 14.414213180541992 104.5
      vertex 41.5 23 104.5
      vertex 23.836706161499023 14.217522621154785 104.5
    endloop
  endfacet
  facet normal 0 0 -1
    outer loop
      vertex 23.46752166748047 14.586706161499023 104.5
      vertex 41.5 23 104.5
      vertex 23.664213180541992 14.414213180541992 104.5
    endloop
  endfacet
  facet normal 0 0 -1
    outer loop
      vertex 23.25 14.732049942016602 104.5
      vertex 41.5 23 104.5
      vertex 23.46752166748047 14.586706161499023 104.5
    endloop
  endfacet
  facet normal 0 0 -1
    outer loop
      vertex 23.015365600585938 14.847758293151855 104.5
      vertex 41.5 23 104.5
      vertex 23.25 14.732049942016602 104.5
    endloop
  endfacet
  facet normal 0 0 -1
    outer loop
      vertex 22.767637252807617 14.931851387023926 104.5
      vertex 41.5 23 104.5
      vertex 23.015365600585938 14.847758293151855 104.5
    endloop
  endfacet
  facet normal 0 0 -1
    outer loop
      vertex 22.511051177978516 14.982889175415039 104.5
      vertex 41.5 23 104.5
      vertex 22.767637252807617 14.931851387023926 104.5
    endloop
  endfacet
  facet normal 0 0 -1
    outer loop
      vertex 22.25 15 104.5
      vertex 41.5 23 104.5
      vertex 22.511051177978516 14.982889175415039 104.5
    endloop
  endfacet
  facet normal 0 0 -1
    outer loop
      vertex 3 23 104.5
      vertex 22.25 15 104.5
      vertex 21.98894691467285 14.982889175415039 104.5
    endloop
  endfacet
  facet normal 0 0 -1
    outer loop
      vertex 3 23 104.5
      vertex 21.98894691467285 14.982889175415039 104.5
      vertex 21.73236083984375 14.931851387023926 104.5
    endloop
  endfacet
  facet normal 0 0 -1
    outer loop
      vertex 3 23 104.5
      vertex 21.73236083984375 14.931851387023926 104.5
      vertex 21.48463249206543 14.847758293151855 104.5
    endloop
  endfacet
  facet normal 0 0 -1
    outer loop
      vertex 3 23 104.5
      vertex 20.25 13 104.5
      vertex 3 3 104.5
    endloop
  endfacet
  facet normal 0 0 -1
    outer loop
      vertex 20.25 13 104.5
      vertex 3 23 104.5
      vertex 20.267108917236328 13.261052131652832 104.5
    endloop
  endfacet
  facet normal 0 0 -1
    outer loop
      vertex 20.267108917236328 13.261052131652832 104.5
      vertex 3 23 104.5
      vertex 20.318147659301758 13.517637252807617 104.5
    endloop
  endfacet
  facet normal 0 0 -1
    outer loop
      vertex 20.318147659301758 13.517637252807617 104.5
      vertex 3 23 104.5
      vertex 20.402240753173828 13.765366554260254 104.5
    endloop
  endfacet
  facet normal 0 0 -1
    outer loop
      vertex 20.402240753173828 13.765366554260254 104.5
      vertex 3 23 104.5
      vertex 20.517948150634766 14 104.5
    endloop
  endfacet
  facet normal 0 0 -1
    outer loop
      vertex 20.517948150634766 14 104.5
      vertex 3 23 104.5
      vertex 20.663291931152344 14.217522621154785 104.5
    endloop
  endfacet
  facet normal 0 0 -1
    outer loop
      vertex 20.663291931152344 14.217522621154785 104.5
      vertex 3 23 104.5
      vertex 20.835784912109375 14.414213180541992 104.5
    endloop
  endfacet
  facet normal 0 0 -1
    outer loop
      vertex 20.835784912109375 14.414213180541992 104.5
      vertex 3 23 104.5
      vertex 21.0324764251709 14.586706161499023 104.5
    endloop
  endfacet
  facet normal 0 0 -1
    outer loop
      vertex 22.25 15 104.5
      vertex 3 23 104.5
      vertex 41.5 23 104.5
    endloop
  endfacet
  facet normal 0 0 -1
    outer loop
      vertex 21.25 14.732049942016602 104.5
      vertex 3 23 104.5
      vertex 21.48463249206543 14.847758293151855 104.5
    endloop
  endfacet
  facet normal 0 0 -1
    outer loop
      vertex 21.0324764251709 14.586706161499023 104.5
      vertex 3 23 104.5
      vertex 21.25 14.732049942016602 104.5
    endloop
  endfacet
  facet normal -0.6593439861474872 0.751841411423408 0
    outer loop
      vertex 23.664213180541992 11.585785865783691 104.5
      vertex 23.46752166748047 11.41329288482666 107.5
      vertex 23.664213180541992 11.585785865783691 107.5
    endloop
  endfacet
  facet normal -0.6593439861474872 0.751841411423408 0
    outer loop
      vertex 23.46752166748047 11.41329288482666 107.5
      vertex 23.664213180541992 11.585785865783691 104.5
      vertex 23.46752166748047 11.41329288482666 104.5
    endloop
  endfacet
  facet normal -0.9978587981570066 0.06540503757857268 0
    outer loop
      vertex 24.23288917541504 12.738946914672852 104.5
      vertex 24.25 13 107.5
      vertex 24.25 13 104.5
    endloop
  endfacet
  facet normal -0.9978587981570066 0.06540503757857268 0
    outer loop
      vertex 24.25 13 107.5
      vertex 24.23288917541504 12.738946914672852 104.5
      vertex 24.23288917541504 12.738946914672852 107.5
    endloop
  endfacet
  facet normal 0.1950890159974446 0.9807855401855946 0
    outer loop
      vertex 21.98894691467285 11.017109870910645 104.5
      vertex 21.73236083984375 11.068147659301758 107.5
      vertex 21.98894691467285 11.017109870910645 107.5
    endloop
  endfacet
  facet normal 0.1950890159974446 0.9807855401855946 0
    outer loop
      vertex 21.73236083984375 11.068147659301758 107.5
      vertex 21.98894691467285 11.017109870910645 104.5
      vertex 21.73236083984375 11.068147659301758 104.5
    endloop
  endfacet
  facet normal 0.8968735645677046 0.4422870212651728 0
    outer loop
      vertex 20.517948150634766 12 107.5
      vertex 20.402240753173828 12.23463249206543 104.5
      vertex 20.402240753173828 12.23463249206543 107.5
    endloop
  endfacet
  facet normal 0.8968735645677046 0.4422870212651728 0
    outer loop
      vertex 20.402240753173828 12.23463249206543 104.5
      vertex 20.517948150634766 12 107.5
      vertex 20.517948150634766 12 104.5
    endloop
  endfacet
  facet normal -0.9978587825627341 -0.06540527549378619 0
    outer loop
      vertex 24.25 13 104.5
      vertex 24.23288917541504 13.261052131652832 107.5
      vertex 24.23288917541504 13.261052131652832 104.5
    endloop
  endfacet
  facet normal -0.9978587825627341 -0.06540527549378619 0
    outer loop
      vertex 24.23288917541504 13.261052131652832 107.5
      vertex 24.25 13 104.5
      vertex 24.25 13 107.5
    endloop
  endfacet
  facet normal -0.9469319676599184 -0.3214340501933723 0
    outer loop
      vertex 24.18185043334961 13.517637252807617 104.5
      vertex 24.097759246826172 13.765366554260254 107.5
      vertex 24.097759246826172 13.765366554260254 104.5
    endloop
  endfacet
  facet normal -0.9469319676599184 -0.3214340501933723 0
    outer loop
      vertex 24.097759246826172 13.765366554260254 107.5
      vertex 24.18185043334961 13.517637252807617 104.5
      vertex 24.18185043334961 13.517637252807617 107.5
    endloop
  endfacet
  facet normal 0.5555680517333541 0.8314710697872808 0
    outer loop
      vertex 21.25 11.267949104309082 104.5
      vertex 21.0324764251709 11.41329288482666 107.5
      vertex 21.25 11.267949104309082 107.5
    endloop
  endfacet
  facet normal 0.5555680517333541 0.8314710697872808 0
    outer loop
      vertex 21.0324764251709 11.41329288482666 107.5
      vertex 21.25 11.267949104309082 104.5
      vertex 21.0324764251709 11.41329288482666 104.5
    endloop
  endfacet
  facet normal -0.8968706724893841 0.44229288579903664 0
    outer loop
      vertex 23.9820499420166 12 104.5
      vertex 24.097759246826172 12.23463249206543 107.5
      vertex 24.097759246826172 12.23463249206543 104.5
    endloop
  endfacet
  facet normal -0.8968706724893841 0.44229288579903664 0
    outer loop
      vertex 24.097759246826172 12.23463249206543 107.5
      vertex 23.9820499420166 12 104.5
      vertex 23.9820499420166 12 107.5
    endloop
  endfacet
  facet normal -0.980784703926618 -0.19509322013739036 0
    outer loop
      vertex 24.23288917541504 13.261052131652832 104.5
      vertex 24.18185043334961 13.517637252807617 107.5
      vertex 24.18185043334961 13.517637252807617 104.5
    endloop
  endfacet
  facet normal -0.980784703926618 -0.19509322013739036 0
    outer loop
      vertex 24.18185043334961 13.517637252807617 107.5
      vertex 24.23288917541504 13.261052131652832 104.5
      vertex 24.23288917541504 13.261052131652832 107.5
    endloop
  endfacet
  facet normal 0.4422899535391963 0.8968721185310063 0
    outer loop
      vertex 21.48463249206543 11.152240753173828 104.5
      vertex 21.25 11.267949104309082 107.5
      vertex 21.48463249206543 11.152240753173828 107.5
    endloop
  endfacet
  facet normal 0.4422899535391963 0.8968721185310063 0
    outer loop
      vertex 21.25 11.267949104309082 107.5
      vertex 21.48463249206543 11.152240753173828 104.5
      vertex 21.25 11.267949104309082 104.5
    endloop
  endfacet
  facet normal -0.980784703926618 0.19509322013739036 0
    outer loop
      vertex 24.18185043334961 12.482361793518066 104.5
      vertex 24.23288917541504 12.738946914672852 107.5
      vertex 24.23288917541504 12.738946914672852 104.5
    endloop
  endfacet
  facet normal -0.980784703926618 0.19509322013739036 0
    outer loop
      vertex 24.23288917541504 12.738946914672852 107.5
      vertex 24.18185043334961 12.482361793518066 104.5
      vertex 24.18185043334961 12.482361793518066 107.5
    endloop
  endfacet
  facet normal -0.9469319676599184 0.3214340501933723 0
    outer loop
      vertex 24.097759246826172 12.23463249206543 104.5
      vertex 24.18185043334961 12.482361793518066 107.5
      vertex 24.18185043334961 12.482361793518066 104.5
    endloop
  endfacet
  facet normal -0.9469319676599184 0.3214340501933723 0
    outer loop
      vertex 24.18185043334961 12.482361793518066 107.5
      vertex 24.097759246826172 12.23463249206543 104.5
      vertex 24.097759246826172 12.23463249206543 107.5
    endloop
  endfacet
  facet normal 0.8314699446192111 -0.555569735672243 0
    outer loop
      vertex 20.517948150634766 14 107.5
      vertex 20.663291931152344 14.217522621154785 104.5
      vertex 20.663291931152344 14.217522621154785 107.5
    endloop
  endfacet
  facet normal 0.8314699446192111 -0.555569735672243 0
    outer loop
      vertex 20.663291931152344 14.217522621154785 104.5
      vertex 20.517948150634766 14 107.5
      vertex 20.517948150634766 14 104.5
    endloop
  endfacet
  facet normal -0.06540188361807907 0.9978590048795507 0
    outer loop
      vertex 22.511051177978516 11.017109870910645 104.5
      vertex 22.25 11 107.5
      vertex 22.511051177978516 11.017109870910645 107.5
    endloop
  endfacet
  facet normal -0.06540188361807907 0.9978590048795507 0
    outer loop
      vertex 22.25 11 107.5
      vertex 22.511051177978516 11.017109870910645 104.5
      vertex 22.25 11 104.5
    endloop
  endfacet
  facet normal 0.1950890159974446 -0.9807855401855946 0
    outer loop
      vertex 21.73236083984375 14.931851387023926 104.5
      vertex 21.98894691467285 14.982889175415039 107.5
      vertex 21.73236083984375 14.931851387023926 107.5
    endloop
  endfacet
  facet normal 0.1950890159974446 -0.9807855401855946 0
    outer loop
      vertex 21.98894691467285 14.982889175415039 107.5
      vertex 21.73236083984375 14.931851387023926 104.5
      vertex 21.98894691467285 14.982889175415039 104.5
    endloop
  endfacet
  facet normal 0.06540140781210511 0.9978590360648115 0
    outer loop
      vertex 22.25 11 104.5
      vertex 21.98894691467285 11.017109870910645 107.5
      vertex 22.25 11 107.5
    endloop
  endfacet
  facet normal 0.06540140781210511 0.9978590360648115 0
    outer loop
      vertex 21.98894691467285 11.017109870910645 107.5
      vertex 22.25 11 104.5
      vertex 21.98894691467285 11.017109870910645 104.5
    endloop
  endfacet
  facet normal -0.8968713856043227 -0.44229143975910545 0
    outer loop
      vertex 24.097759246826172 13.765366554260254 104.5
      vertex 23.9820499420166 14 107.5
      vertex 23.9820499420166 14 104.5
    endloop
  endfacet
  facet normal -0.8968713856043227 -0.44229143975910545 0
    outer loop
      vertex 23.9820499420166 14 107.5
      vertex 24.097759246826172 13.765366554260254 104.5
      vertex 24.097759246826172 13.765366554260254 107.5
    endloop
  endfacet
  facet normal -0.1950890159974446 -0.9807855401855946 0
    outer loop
      vertex 22.511051177978516 14.982889175415039 104.5
      vertex 22.767637252807617 14.931851387023926 107.5
      vertex 22.511051177978516 14.982889175415039 107.5
    endloop
  endfacet
  facet normal -0.1950890159974446 -0.9807855401855946 0
    outer loop
      vertex 22.767637252807617 14.931851387023926 107.5
      vertex 22.511051177978516 14.982889175415039 104.5
      vertex 22.767637252807617 14.931851387023926 104.5
    endloop
  endfacet
  facet normal -0.8314710697872808 0.5555680517333541 0
    outer loop
      vertex 23.836706161499023 11.782476425170898 104.5
      vertex 23.9820499420166 12 107.5
      vertex 23.9820499420166 12 104.5
    endloop
  endfacet
  facet normal -0.8314710697872808 0.5555680517333541 0
    outer loop
      vertex 23.9820499420166 12 107.5
      vertex 23.836706161499023 11.782476425170898 104.5
      vertex 23.836706161499023 11.782476425170898 107.5
    endloop
  endfacet
  facet normal 0.9978592739595264 0.06539777804304144 0
    outer loop
      vertex 20.267108917236328 12.738946914672852 107.5
      vertex 20.25 13 104.5
      vertex 20.25 13 107.5
    endloop
  endfacet
  facet normal 0.9978592739595264 0.06539777804304144 0
    outer loop
      vertex 20.25 13 104.5
      vertex 20.267108917236328 12.738946914672852 107.5
      vertex 20.267108917236328 12.738946914672852 104.5
    endloop
  endfacet
  facet normal 0.980784703926618 -0.19509322013739036 0
    outer loop
      vertex 20.267108917236328 13.261052131652832 107.5
      vertex 20.318147659301758 13.517637252807617 104.5
      vertex 20.318147659301758 13.517637252807617 107.5
    endloop
  endfacet
  facet normal 0.980784703926618 -0.19509322013739036 0
    outer loop
      vertex 20.318147659301758 13.517637252807617 104.5
      vertex 20.267108917236328 13.261052131652832 107.5
      vertex 20.267108917236328 13.261052131652832 104.5
    endloop
  endfacet
  facet normal 0.6593439861474872 0.751841411423408 0
    outer loop
      vertex 21.0324764251709 11.41329288482666 104.5
      vertex 20.835784912109375 11.585785865783691 107.5
      vertex 21.0324764251709 11.41329288482666 107.5
    endloop
  endfacet
  facet normal 0.6593439861474872 0.751841411423408 0
    outer loop
      vertex 20.835784912109375 11.585785865783691 107.5
      vertex 21.0324764251709 11.41329288482666 104.5
      vertex 20.835784912109375 11.585785865783691 104.5
    endloop
  endfacet
  facet normal 0.9469297485156343 -0.32144058763030764 0
    outer loop
      vertex 20.318147659301758 13.517637252807617 107.5
      vertex 20.402240753173828 13.765366554260254 104.5
      vertex 20.402240753173828 13.765366554260254 107.5
    endloop
  endfacet
  facet normal 0.9469297485156343 -0.32144058763030764 0
    outer loop
      vertex 20.402240753173828 13.765366554260254 104.5
      vertex 20.318147659301758 13.517637252807617 107.5
      vertex 20.318147659301758 13.517637252807617 104.5
    endloop
  endfacet
  facet normal -0.751839826652126 -0.6593457932372825 0
    outer loop
      vertex 23.836706161499023 14.217522621154785 104.5
      vertex 23.664213180541992 14.414213180541992 107.5
      vertex 23.664213180541992 14.414213180541992 104.5
    endloop
  endfacet
  facet normal -0.751839826652126 -0.6593457932372825 0
    outer loop
      vertex 23.664213180541992 14.414213180541992 107.5
      vertex 23.836706161499023 14.217522621154785 104.5
      vertex 23.836706161499023 14.217522621154785 107.5
    endloop
  endfacet
  facet normal -0.1950890159974446 0.9807855401855946 0
    outer loop
      vertex 22.767637252807617 11.068147659301758 104.5
      vertex 22.511051177978516 11.017109870910645 107.5
      vertex 22.767637252807617 11.068147659301758 107.5
    endloop
  endfacet
  facet normal -0.1950890159974446 0.9807855401855946 0
    outer loop
      vertex 22.511051177978516 11.017109870910645 107.5
      vertex 22.767637252807617 11.068147659301758 104.5
      vertex 22.511051177978516 11.017109870910645 104.5
    endloop
  endfacet
  facet normal 0.4422899535391963 -0.8968721185310063 0
    outer loop
      vertex 21.25 14.732049942016602 104.5
      vertex 21.48463249206543 14.847758293151855 107.5
      vertex 21.25 14.732049942016602 107.5
    endloop
  endfacet
  facet normal 0.4422899535391963 -0.8968721185310063 0
    outer loop
      vertex 21.48463249206543 14.847758293151855 107.5
      vertex 21.25 14.732049942016602 104.5
      vertex 21.48463249206543 14.847758293151855 104.5
    endloop
  endfacet
  facet normal -0.5555714196190613 0.8314688194409101 0
    outer loop
      vertex 23.46752166748047 11.41329288482666 104.5
      vertex 23.25 11.267949104309082 107.5
      vertex 23.46752166748047 11.41329288482666 107.5
    endloop
  endfacet
  facet normal -0.5555714196190613 0.8314688194409101 0
    outer loop
      vertex 23.25 11.267949104309082 107.5
      vertex 23.46752166748047 11.41329288482666 104.5
      vertex 23.25 11.267949104309082 104.5
    endloop
  endfacet
  facet normal -0.06540551341072687 -0.9978587669682916 0
    outer loop
      vertex 22.25 15 104.5
      vertex 22.511051177978516 14.982889175415039 107.5
      vertex 22.25 15 107.5
    endloop
  endfacet
  facet normal -0.06540551341072687 -0.9978587669682916 0
    outer loop
      vertex 22.511051177978516 14.982889175415039 107.5
      vertex 22.25 15 104.5
      vertex 22.511051177978516 14.982889175415039 104.5
    endloop
  endfacet
  facet normal -0.32144169721474214 -0.9469293718602808 0
    outer loop
      vertex 22.767637252807617 14.931851387023926 104.5
      vertex 23.015365600585938 14.847758293151855 107.5
      vertex 22.767637252807617 14.931851387023926 107.5
    endloop
  endfacet
  facet normal -0.32144169721474214 -0.9469293718602808 0
    outer loop
      vertex 23.015365600585938 14.847758293151855 107.5
      vertex 22.767637252807617 14.931851387023926 104.5
      vertex 23.015365600585938 14.847758293151855 104.5
    endloop
  endfacet
  facet normal -0.4422870614774873 -0.8968735447372777 0
    outer loop
      vertex 23.015365600585938 14.847758293151855 104.5
      vertex 23.25 14.732049942016602 107.5
      vertex 23.015365600585938 14.847758293151855 107.5
    endloop
  endfacet
  facet normal -0.4422870614774873 -0.8968735447372777 0
    outer loop
      vertex 23.25 14.732049942016602 107.5
      vertex 23.015365600585938 14.847758293151855 104.5
      vertex 23.25 14.732049942016602 104.5
    endloop
  endfacet
  facet normal -0.8314699446192111 -0.555569735672243 0
    outer loop
      vertex 23.9820499420166 14 104.5
      vertex 23.836706161499023 14.217522621154785 107.5
      vertex 23.836706161499023 14.217522621154785 104.5
    endloop
  endfacet
  facet normal -0.8314699446192111 -0.555569735672243 0
    outer loop
      vertex 23.836706161499023 14.217522621154785 107.5
      vertex 23.9820499420166 14 104.5
      vertex 23.9820499420166 14 107.5
    endloop
  endfacet
  facet normal 0.06540503757857268 -0.9978587981570066 0
    outer loop
      vertex 21.98894691467285 14.982889175415039 104.5
      vertex 22.25 15 107.5
      vertex 21.98894691467285 14.982889175415039 107.5
    endloop
  endfacet
  facet normal 0.06540503757857268 -0.9978587981570066 0
    outer loop
      vertex 22.25 15 107.5
      vertex 21.98894691467285 14.982889175415039 104.5
      vertex 22.25 15 104.5
    endloop
  endfacet
  facet normal 0.5555680517333541 -0.8314710697872808 0
    outer loop
      vertex 21.0324764251709 14.586706161499023 104.5
      vertex 21.25 14.732049942016602 107.5
      vertex 21.0324764251709 14.586706161499023 107.5
    endloop
  endfacet
  facet normal 0.5555680517333541 -0.8314710697872808 0
    outer loop
      vertex 21.25 14.732049942016602 107.5
      vertex 21.0324764251709 14.586706161499023 104.5
      vertex 21.25 14.732049942016602 104.5
    endloop
  endfacet
  facet normal -0.32144169721474214 0.9469293718602808 0
    outer loop
      vertex 23.015365600585938 11.152240753173828 104.5
      vertex 22.767637252807617 11.068147659301758 107.5
      vertex 23.015365600585938 11.152240753173828 107.5
    endloop
  endfacet
  facet normal -0.32144169721474214 0.9469293718602808 0
    outer loop
      vertex 22.767637252807617 11.068147659301758 107.5
      vertex 23.015365600585938 11.152240753173828 104.5
      vertex 22.767637252807617 11.068147659301758 104.5
    endloop
  endfacet
  facet normal -0.751839826652126 0.6593457932372825 0
    outer loop
      vertex 23.664213180541992 11.585785865783691 104.5
      vertex 23.836706161499023 11.782476425170898 107.5
      vertex 23.836706161499023 11.782476425170898 104.5
    endloop
  endfacet
  facet normal -0.751839826652126 0.6593457932372825 0
    outer loop
      vertex 23.836706161499023 11.782476425170898 107.5
      vertex 23.664213180541992 11.585785865783691 104.5
      vertex 23.664213180541992 11.585785865783691 107.5
    endloop
  endfacet
  facet normal -0.4422870614774873 0.8968735447372777 0
    outer loop
      vertex 23.25 11.267949104309082 104.5
      vertex 23.015365600585938 11.152240753173828 107.5
      vertex 23.25 11.267949104309082 107.5
    endloop
  endfacet
  facet normal -0.4422870614774873 0.8968735447372777 0
    outer loop
      vertex 23.015365600585938 11.152240753173828 107.5
      vertex 23.25 11.267949104309082 104.5
      vertex 23.015365600585938 11.152240753173828 104.5
    endloop
  endfacet
  facet normal 0.9469297485156343 0.32144058763030764 0
    outer loop
      vertex 20.402240753173828 12.23463249206543 107.5
      vertex 20.318147659301758 12.482361793518066 104.5
      vertex 20.318147659301758 12.482361793518066 107.5
    endloop
  endfacet
  facet normal 0.9469297485156343 0.32144058763030764 0
    outer loop
      vertex 20.318147659301758 12.482361793518066 104.5
      vertex 20.402240753173828 12.23463249206543 107.5
      vertex 20.402240753173828 12.23463249206543 104.5
    endloop
  endfacet
  facet normal 0.32144169721474214 -0.9469293718602808 0
    outer loop
      vertex 21.48463249206543 14.847758293151855 104.5
      vertex 21.73236083984375 14.931851387023926 107.5
      vertex 21.48463249206543 14.847758293151855 107.5
    endloop
  endfacet
  facet normal 0.32144169721474214 -0.9469293718602808 0
    outer loop
      vertex 21.73236083984375 14.931851387023926 107.5
      vertex 21.48463249206543 14.847758293151855 104.5
      vertex 21.73236083984375 14.931851387023926 104.5
    endloop
  endfacet
  facet normal 0.6593439861474872 -0.751841411423408 0
    outer loop
      vertex 20.835784912109375 14.414213180541992 104.5
      vertex 21.0324764251709 14.586706161499023 107.5
      vertex 20.835784912109375 14.414213180541992 107.5
    endloop
  endfacet
  facet normal 0.6593439861474872 -0.751841411423408 0
    outer loop
      vertex 21.0324764251709 14.586706161499023 107.5
      vertex 20.835784912109375 14.414213180541992 104.5
      vertex 21.0324764251709 14.586706161499023 104.5
    endloop
  endfacet
  facet normal -0.6593439861474872 -0.751841411423408 0
    outer loop
      vertex 23.46752166748047 14.586706161499023 104.5
      vertex 23.664213180541992 14.414213180541992 107.5
      vertex 23.46752166748047 14.586706161499023 107.5
    endloop
  endfacet
  facet normal -0.6593439861474872 -0.751841411423408 0
    outer loop
      vertex 23.664213180541992 14.414213180541992 107.5
      vertex 23.46752166748047 14.586706161499023 104.5
      vertex 23.664213180541992 14.414213180541992 104.5
    endloop
  endfacet
  facet normal -0.5555714196190613 -0.8314688194409101 0
    outer loop
      vertex 23.25 14.732049942016602 104.5
      vertex 23.46752166748047 14.586706161499023 107.5
      vertex 23.25 14.732049942016602 107.5
    endloop
  endfacet
  facet normal -0.5555714196190613 -0.8314688194409101 0
    outer loop
      vertex 23.46752166748047 14.586706161499023 107.5
      vertex 23.25 14.732049942016602 104.5
      vertex 23.46752166748047 14.586706161499023 104.5
    endloop
  endfacet
  facet normal 0.980784703926618 0.19509322013739036 0
    outer loop
      vertex 20.318147659301758 12.482361793518066 107.5
      vertex 20.267108917236328 12.738946914672852 104.5
      vertex 20.267108917236328 12.738946914672852 107.5
    endloop
  endfacet
  facet normal 0.980784703926618 0.19509322013739036 0
    outer loop
      vertex 20.267108917236328 12.738946914672852 104.5
      vertex 20.318147659301758 12.482361793518066 107.5
      vertex 20.318147659301758 12.482361793518066 104.5
    endloop
  endfacet
  facet normal 0.8968742776660317 -0.44228557523508943 0
    outer loop
      vertex 20.402240753173828 13.765366554260254 107.5
      vertex 20.517948150634766 14 104.5
      vertex 20.517948150634766 14 107.5
    endloop
  endfacet
  facet normal 0.8968742776660317 -0.44228557523508943 0
    outer loop
      vertex 20.517948150634766 14 104.5
      vertex 20.402240753173828 13.765366554260254 107.5
      vertex 20.402240753173828 13.765366554260254 104.5
    endloop
  endfacet
  facet normal 0.32144169721474214 0.9469293718602808 0
    outer loop
      vertex 21.73236083984375 11.068147659301758 104.5
      vertex 21.48463249206543 11.152240753173828 107.5
      vertex 21.73236083984375 11.068147659301758 107.5
    endloop
  endfacet
  facet normal 0.32144169721474214 0.9469293718602808 0
    outer loop
      vertex 21.48463249206543 11.152240753173828 107.5
      vertex 21.73236083984375 11.068147659301758 104.5
      vertex 21.48463249206543 11.152240753173828 104.5
    endloop
  endfacet
  facet normal 0.751839826652126 0.6593457932372825 0
    outer loop
      vertex 20.835784912109375 11.585785865783691 107.5
      vertex 20.663291931152344 11.782476425170898 104.5
      vertex 20.663291931152344 11.782476425170898 107.5
    endloop
  endfacet
  facet normal 0.751839826652126 0.6593457932372825 0
    outer loop
      vertex 20.663291931152344 11.782476425170898 104.5
      vertex 20.835784912109375 11.585785865783691 107.5
      vertex 20.835784912109375 11.585785865783691 104.5
    endloop
  endfacet
  facet normal 0.9978592583687081 -0.06539801593207477 0
    outer loop
      vertex 20.25 13 107.5
      vertex 20.267108917236328 13.261052131652832 104.5
      vertex 20.267108917236328 13.261052131652832 107.5
    endloop
  endfacet
  facet normal 0.9978592583687081 -0.06539801593207477 0
    outer loop
      vertex 20.267108917236328 13.261052131652832 104.5
      vertex 20.25 13 107.5
      vertex 20.25 13 104.5
    endloop
  endfacet
  facet normal 0.751839826652126 -0.6593457932372825 0
    outer loop
      vertex 20.663291931152344 14.217522621154785 107.5
      vertex 20.835784912109375 14.414213180541992 104.5
      vertex 20.835784912109375 14.414213180541992 107.5
    endloop
  endfacet
  facet normal 0.751839826652126 -0.6593457932372825 0
    outer loop
      vertex 20.835784912109375 14.414213180541992 104.5
      vertex 20.663291931152344 14.217522621154785 107.5
      vertex 20.663291931152344 14.217522621154785 104.5
    endloop
  endfacet
  facet normal 0.8314710697872808 0.5555680517333541 0
    outer loop
      vertex 20.663291931152344 11.782476425170898 107.5
      vertex 20.517948150634766 12 104.5
      vertex 20.517948150634766 12 107.5
    endloop
  endfacet
  facet normal 0.8314710697872808 0.5555680517333541 0
    outer loop
      vertex 20.517948150634766 12 104.5
      vertex 20.663291931152344 11.782476425170898 107.5
      vertex 20.663291931152344 11.782476425170898 104.5
    endloop
  endfacet
endsolid OpenSCAD_Model
