solid OpenSCAD_Model
  facet normal 0.9978582911065027 0.06541277298823332 0
    outer loop
      vertex 57.5 28 30.559999465942383
      vertex 57.482887268066406 28.261051177978516 0
      vertex 57.482887268066406 28.261051177978516 30.559999465942383
    endloop
  endfacet
  facet normal 0.9978582911065027 0.06541277298823332 0
    outer loop
      vertex 57.482887268066406 28.261051177978516 0
      vertex 57.5 28 30.559999465942383
      vertex 57.5 28 0
    endloop
  endfacet
  facet normal 0.9978582911065026 0.06541277298823332 0
    outer loop
      vertex 57.5 28 114.5
      vertex 57.482887268066406 28.261051177978516 81.6500015258789
      vertex 57.482887268066406 28.261051177978516 114.5
    endloop
  endfacet
  facet normal 0.9978582911065026 0.06541277298823332 0
    outer loop
      vertex 57.482887268066406 28.261051177978516 81.6500015258789
      vertex 57.5 28 114.5
      vertex 57.5 28 81.6500015258789
    endloop
  endfacet
  facet normal 0.9978582911065027 0.06541277298823332 0
    outer loop
      vertex 57.5 28 78.6500015258789
      vertex 57.482887268066406 28.261051177978516 33.560001373291016
      vertex 57.482887268066406 28.261051177978516 78.6500015258789
    endloop
  endfacet
  facet normal 0.9978582911065027 0.06541277298823332 0
    outer loop
      vertex 57.482887268066406 28.261051177978516 33.560001373291016
      vertex 57.5 28 78.6500015258789
      vertex 57.5 28 33.560001373291016
    endloop
  endfacet
  facet normal 0 1 0
    outer loop
      vertex 55.5 30 114.5
      vertex 54.5 30 111.5
      vertex 2 30 114.5
    endloop
  endfacet
  facet normal 0 1 0
    outer loop
      vertex 55.5 30 0
      vertex 54.5 30 111.5
      vertex 55.5 30 114.5
    endloop
  endfacet
  facet normal 0 1 0
    outer loop
      vertex 54.5 30 111.5
      vertex 55.5 30 0
      vertex 54.5 30 0
    endloop
  endfacet
  facet normal 0 1 0
    outer loop
      vertex 3 30 111.5
      vertex 2 30 114.5
      vertex 54.5 30 111.5
    endloop
  endfacet
  facet normal 0 1 0
    outer loop
      vertex 2 30 0
      vertex 3 30 111.5
      vertex 3 30 0
    endloop
  endfacet
  facet normal 0 1 0
    outer loop
      vertex 3 30 111.5
      vertex 2 30 0
      vertex 2 30 114.5
    endloop
  endfacet
  facet normal -0.06540503757857268 0.9978587981570066 0
    outer loop
      vertex 2 30 0
      vertex 1.7389469146728516 29.98288917541504 114.5
      vertex 2 30 114.5
    endloop
  endfacet
  facet normal -0.06540503757857268 0.9978587981570066 0
    outer loop
      vertex 1.7389469146728516 29.98288917541504 114.5
      vertex 2 30 0
      vertex 1.7389469146728516 29.98288917541504 0
    endloop
  endfacet
  facet normal -0.4422928857990367 0.8968706724893842 0
    outer loop
      vertex 1.2346324920654297 29.847759246826172 114.5
      vertex 1 29.7320499420166 81.6500015258789
      vertex 1 29.7320499420166 114.5
    endloop
  endfacet
  facet normal -0.44229288579903664 0.8968706724893841 0
    outer loop
      vertex 1.2346324920654297 29.847759246826172 114.5
      vertex 1 29.7320499420166 78.6500015258789
      vertex 1 29.7320499420166 81.6500015258789
    endloop
  endfacet
  facet normal -0.44229288579903664 0.8968706724893842 0
    outer loop
      vertex 1.2346324920654297 29.847759246826172 114.5
      vertex 1 29.7320499420166 33.560001373291016
      vertex 1 29.7320499420166 78.6500015258789
    endloop
  endfacet
  facet normal -0.44229288579903664 0.8968706724893842 0
    outer loop
      vertex 1.2346324920654297 29.847759246826172 114.5
      vertex 1 29.7320499420166 30.559999465942383
      vertex 1 29.7320499420166 33.560001373291016
    endloop
  endfacet
  facet normal -0.44229288579903664 0.8968706724893842 0
    outer loop
      vertex 1.2346324920654297 29.847759246826172 0
      vertex 1 29.7320499420166 30.559999465942383
      vertex 1.2346324920654297 29.847759246826172 114.5
    endloop
  endfacet
  facet normal -0.44229288579903664 0.8968706724893842 0
    outer loop
      vertex 1 29.7320499420166 30.559999465942383
      vertex 1.2346324920654297 29.847759246826172 0
      vertex 1 29.7320499420166 0
    endloop
  endfacet
  facet normal 0.8314755552374979 0.5555613386859225 0
    outer loop
      vertex 57.23204803466797 29 114.5
      vertex 57.086708068847656 29.21752166748047 81.6500015258789
      vertex 57.086708068847656 29.21752166748047 114.5
    endloop
  endfacet
  facet normal 0.8314755552374979 0.5555613386859225 0
    outer loop
      vertex 57.086708068847656 29.21752166748047 81.6500015258789
      vertex 57.23204803466797 29 114.5
      vertex 57.23204803466797 29 81.6500015258789
    endloop
  endfacet
  facet normal 0.831475555237498 0.5555613386859226 0
    outer loop
      vertex 57.23204803466797 29 30.559999465942383
      vertex 57.086708068847656 29.21752166748047 0
      vertex 57.086708068847656 29.21752166748047 30.559999465942383
    endloop
  endfacet
  facet normal 0.831475555237498 0.5555613386859226 0
    outer loop
      vertex 57.086708068847656 29.21752166748047 0
      vertex 57.23204803466797 29 30.559999465942383
      vertex 57.23204803466797 29 0
    endloop
  endfacet
  facet normal 0.831475555237498 0.5555613386859225 0
    outer loop
      vertex 57.23204803466797 29 78.6500015258789
      vertex 57.086708068847656 29.21752166748047 33.560001373291016
      vertex 57.086708068847656 29.21752166748047 78.6500015258789
    endloop
  endfacet
  facet normal 0.831475555237498 0.5555613386859225 0
    outer loop
      vertex 57.086708068847656 29.21752166748047 33.560001373291016
      vertex 57.23204803466797 29 78.6500015258789
      vertex 57.23204803466797 29 33.560001373291016
    endloop
  endfacet
  facet normal 0 -1 0
    outer loop
      vertex 0 0 4
      vertex 57.5 0 30.559999465942383
      vertex 0 0 30.559999465942383
    endloop
  endfacet
  facet normal 0 -1 0
    outer loop
      vertex 57.5 0 30.559999465942383
      vertex 0 0 4
      vertex 57.5 0 4
    endloop
  endfacet
  facet normal 0 -1 0
    outer loop
      vertex 0 0 81.6500015258789
      vertex 57.5 0 112.5
      vertex 0 0 112.5
    endloop
  endfacet
  facet normal 0 -1 0
    outer loop
      vertex 57.5 0 112.5
      vertex 0 0 81.6500015258789
      vertex 57.5 0 81.6500015258789
    endloop
  endfacet
  facet normal 0 -1 0
    outer loop
      vertex 0 0 33.560001373291016
      vertex 57.5 0 78.6500015258789
      vertex 0 0 78.6500015258789
    endloop
  endfacet
  facet normal 0 -1 0
    outer loop
      vertex 57.5 0 78.6500015258789
      vertex 0 0 33.560001373291016
      vertex 57.5 0 33.560001373291016
    endloop
  endfacet
  facet normal -0.19509322013739036 0.980784703926618 0
    outer loop
      vertex 1.7389469146728516 29.98288917541504 0
      vertex 1.4823617935180664 29.93185043334961 114.5
      vertex 1.7389469146728516 29.98288917541504 114.5
    endloop
  endfacet
  facet normal -0.19509322013739036 0.980784703926618 0
    outer loop
      vertex 1.4823617935180664 29.93185043334961 114.5
      vertex 1.7389469146728516 29.98288917541504 0
      vertex 1.4823617935180664 29.93185043334961 0
    endloop
  endfacet
  facet normal 0.659340371986186 0.7518445809268814 0
    outer loop
      vertex 56.914215087890625 29.414213180541992 81.6500015258789
      vertex 56.71752166748047 29.586706161499023 114.5
      vertex 56.914215087890625 29.414213180541992 114.5
    endloop
  endfacet
  facet normal 0.659340371986186 0.7518445809268814 0
    outer loop
      vertex 56.71752166748047 29.586706161499023 114.5
      vertex 56.914215087890625 29.414213180541992 81.6500015258789
      vertex 56.71752166748047 29.586706161499023 81.6500015258789
    endloop
  endfacet
  facet normal 0.659340371986186 0.7518445809268814 0
    outer loop
      vertex 56.914215087890625 29.414213180541992 0
      vertex 56.71752166748047 29.586706161499023 30.559999465942383
      vertex 56.914215087890625 29.414213180541992 30.559999465942383
    endloop
  endfacet
  facet normal 0.659340371986186 0.7518445809268814 0
    outer loop
      vertex 56.71752166748047 29.586706161499023 30.559999465942383
      vertex 56.914215087890625 29.414213180541992 0
      vertex 56.71752166748047 29.586706161499023 0
    endloop
  endfacet
  facet normal 0.659340371986186 0.7518445809268813 0
    outer loop
      vertex 56.914215087890625 29.414213180541992 33.560001373291016
      vertex 56.71752166748047 29.586706161499023 78.6500015258789
      vertex 56.914215087890625 29.414213180541992 78.6500015258789
    endloop
  endfacet
  facet normal 0.659340371986186 0.7518445809268813 0
    outer loop
      vertex 56.71752166748047 29.586706161499023 78.6500015258789
      vertex 56.914215087890625 29.414213180541992 33.560001373291016
      vertex 56.71752166748047 29.586706161499023 33.560001373291016
    endloop
  endfacet
  facet normal 0.9469315910190029 0.3214351597604407 0
    outer loop
      vertex 57.43185043334961 28.517637252807617 114.5
      vertex 57.34775924682617 28.765365600585938 81.6500015258789
      vertex 57.34775924682617 28.765365600585938 114.5
    endloop
  endfacet
  facet normal 0.9469315910190029 0.3214351597604407 0
    outer loop
      vertex 57.34775924682617 28.765365600585938 81.6500015258789
      vertex 57.43185043334961 28.517637252807617 114.5
      vertex 57.43185043334961 28.517637252807617 81.6500015258789
    endloop
  endfacet
  facet normal 0.9469315910190028 0.3214351597604407 0
    outer loop
      vertex 57.43185043334961 28.517637252807617 30.559999465942383
      vertex 57.34775924682617 28.765365600585938 0
      vertex 57.34775924682617 28.765365600585938 30.559999465942383
    endloop
  endfacet
  facet normal 0.9469315910190028 0.3214351597604407 0
    outer loop
      vertex 57.34775924682617 28.765365600585938 0
      vertex 57.43185043334961 28.517637252807617 30.559999465942383
      vertex 57.43185043334961 28.517637252807617 0
    endloop
  endfacet
  facet normal 0.9469315910190028 0.3214351597604407 0
    outer loop
      vertex 57.43185043334961 28.517637252807617 78.6500015258789
      vertex 57.34775924682617 28.765365600585938 33.560001373291016
      vertex 57.34775924682617 28.765365600585938 78.6500015258789
    endloop
  endfacet
  facet normal 0.9469315910190028 0.3214351597604407 0
    outer loop
      vertex 57.34775924682617 28.765365600585938 33.560001373291016
      vertex 57.43185043334961 28.517637252807617 78.6500015258789
      vertex 57.43185043334961 28.517637252807617 33.560001373291016
    endloop
  endfacet
  facet normal -0.8314688194409102 0.5555714196190614 0
    outer loop
      vertex 0.26794910430908203 29 81.6500015258789
      vertex 0.41329288482666016 29.21752166748047 114.5
      vertex 0.41329288482666016 29.21752166748047 81.6500015258789
    endloop
  endfacet
  facet normal -0.8314688194409102 0.5555714196190614 0
    outer loop
      vertex 0.41329288482666016 29.21752166748047 114.5
      vertex 0.26794910430908203 29 81.6500015258789
      vertex 0.26794910430908203 29 114.5
    endloop
  endfacet
  facet normal -0.8314688194409102 0.5555714196190614 0
    outer loop
      vertex 0.26794910430908203 29 0
      vertex 0.41329288482666016 29.21752166748047 30.559999465942383
      vertex 0.41329288482666016 29.21752166748047 0
    endloop
  endfacet
  facet normal -0.8314688194409102 0.5555714196190614 0
    outer loop
      vertex 0.41329288482666016 29.21752166748047 30.559999465942383
      vertex 0.26794910430908203 29 0
      vertex 0.26794910430908203 29 30.559999465942383
    endloop
  endfacet
  facet normal -0.8314688194409102 0.5555714196190614 0
    outer loop
      vertex 0.26794910430908203 29 33.560001373291016
      vertex 0.41329288482666016 29.21752166748047 78.6500015258789
      vertex 0.41329288482666016 29.21752166748047 33.560001373291016
    endloop
  endfacet
  facet normal -0.8314688194409102 0.5555714196190614 0
    outer loop
      vertex 0.41329288482666016 29.21752166748047 78.6500015258789
      vertex 0.26794910430908203 29 33.560001373291016
      vertex 0.26794910430908203 29 78.6500015258789
    endloop
  endfacet
  facet normal 0 0 -1
    outer loop
      vertex 21.75 -11 0
      vertex 27.25 -9 0
      vertex 25.91666603088379 -11 0
    endloop
  endfacet
  facet normal 0 0 -1
    outer loop
      vertex 54.5 3 0
      vertex 57.5 28 0
      vertex 57.5 0 0
    endloop
  endfacet
  facet normal 0 0 -1
    outer loop
      vertex 54.5 30 0
      vertex 57.5 28 0
      vertex 54.5 3 0
    endloop
  endfacet
  facet normal 0 0 -1
    outer loop
      vertex 55.5 30 0
      vertex 57.5 28 0
      vertex 54.5 30 0
    endloop
  endfacet
  facet normal 0 0 -1
    outer loop
      vertex 57.5 28 0
      vertex 55.5 30 0
      vertex 57.482887268066406 28.261051177978516 0
    endloop
  endfacet
  facet normal 0 0 -1
    outer loop
      vertex 57.482887268066406 28.261051177978516 0
      vertex 55.5 30 0
      vertex 57.43185043334961 28.517637252807617 0
    endloop
  endfacet
  facet normal 0 0 -1
    outer loop
      vertex 57.43185043334961 28.517637252807617 0
      vertex 55.5 30 0
      vertex 57.34775924682617 28.765365600585938 0
    endloop
  endfacet
  facet normal 0 0 -1
    outer loop
      vertex 57.34775924682617 28.765365600585938 0
      vertex 55.5 30 0
      vertex 57.23204803466797 29 0
    endloop
  endfacet
  facet normal 0 0 -1
    outer loop
      vertex 57.23204803466797 29 0
      vertex 55.5 30 0
      vertex 57.086708068847656 29.21752166748047 0
    endloop
  endfacet
  facet normal 0 0 -1
    outer loop
      vertex 57.086708068847656 29.21752166748047 0
      vertex 55.5 30 0
      vertex 56.914215087890625 29.414213180541992 0
    endloop
  endfacet
  facet normal 0 0 -1
    outer loop
      vertex 56.914215087890625 29.414213180541992 0
      vertex 55.5 30 0
      vertex 56.71752166748047 29.586706161499023 0
    endloop
  endfacet
  facet normal 0 0 -1
    outer loop
      vertex 56.71752166748047 29.586706161499023 0
      vertex 55.5 30 0
      vertex 56.5 29.7320499420166 0
    endloop
  endfacet
  facet normal 0 0 -1
    outer loop
      vertex 56.5 29.7320499420166 0
      vertex 55.5 30 0
      vertex 56.26536560058594 29.847759246826172 0
    endloop
  endfacet
  facet normal 0 0 -1
    outer loop
      vertex 56.26536560058594 29.847759246826172 0
      vertex 55.5 30 0
      vertex 56.01763916015625 29.93185043334961 0
    endloop
  endfacet
  facet normal 0 0 -1
    outer loop
      vertex 35.75 -11 0
      vertex 54.5 3 0
      vertex 57.5 0 0
    endloop
  endfacet
  facet normal 0 0 -1
    outer loop
      vertex 30.25 -9 0
      vertex 35.75 -11 0
      vertex 31.58333396911621 -11 0
    endloop
  endfacet
  facet normal 0 0 -1
    outer loop
      vertex 35.75 -11 0
      vertex 30.25 -9 0
      vertex 30.25 -6.5 0
    endloop
  endfacet
  facet normal 0 0 -1
    outer loop
      vertex 30.19888687133789 -6.1117706298828125 0
      vertex 35.75 -11 0
      vertex 30.25 -6.5 0
    endloop
  endfacet
  facet normal 0 0 -1
    outer loop
      vertex 30.04903793334961 -5.75 0
      vertex 35.75 -11 0
      vertex 30.19888687133789 -6.1117706298828125 0
    endloop
  endfacet
  facet normal 0 0 -1
    outer loop
      vertex 35.75 -11 0
      vertex 30.04903793334961 -5.75 0
      vertex 54.5 3 0
    endloop
  endfacet
  facet normal 0 0 -1
    outer loop
      vertex 29.810659408569336 -5.439339637756348 0
      vertex 54.5 3 0
      vertex 30.04903793334961 -5.75 0
    endloop
  endfacet
  facet normal 0 0 -1
    outer loop
      vertex 29.5 -5.200961112976074 0
      vertex 54.5 3 0
      vertex 29.810659408569336 -5.439339637756348 0
    endloop
  endfacet
  facet normal 0 0 -1
    outer loop
      vertex 29.138229370117188 -5.051111221313477 0
      vertex 54.5 3 0
      vertex 29.5 -5.200961112976074 0
    endloop
  endfacet
  facet normal 0 0 -1
    outer loop
      vertex 28.75 -5 0
      vertex 54.5 3 0
      vertex 29.138229370117188 -5.051111221313477 0
    endloop
  endfacet
  facet normal 0 0 -1
    outer loop
      vertex 3 3 0
      vertex 28.75 -5 0
      vertex 28.361770629882812 -5.051111221313477 0
    endloop
  endfacet
  facet normal 0 0 -1
    outer loop
      vertex 27.25 -9 0
      vertex 21.75 -11 0
      vertex 27.25 -6.5 0
    endloop
  endfacet
  facet normal 0 0 -1
    outer loop
      vertex 27.25 -6.5 0
      vertex 21.75 -11 0
      vertex 27.301111221313477 -6.1117706298828125 0
    endloop
  endfacet
  facet normal 0 0 -1
    outer loop
      vertex 21.75 -11 0
      vertex 27.45096206665039 -5.75 0
      vertex 27.301111221313477 -6.1117706298828125 0
    endloop
  endfacet
  facet normal 0 0 -1
    outer loop
      vertex 3 3 0
      vertex 27.45096206665039 -5.75 0
      vertex 21.75 -11 0
    endloop
  endfacet
  facet normal 0 0 -1
    outer loop
      vertex 28.75 -5 0
      vertex 3 3 0
      vertex 54.5 3 0
    endloop
  endfacet
  facet normal 0 0 -1
    outer loop
      vertex 28 -5.200961112976074 0
      vertex 3 3 0
      vertex 28.361770629882812 -5.051111221313477 0
    endloop
  endfacet
  facet normal 0 0 -1
    outer loop
      vertex 27.68933868408203 -5.439339637756348 0
      vertex 3 3 0
      vertex 28 -5.200961112976074 0
    endloop
  endfacet
  facet normal 0 0 -1
    outer loop
      vertex 27.45096206665039 -5.75 0
      vertex 3 3 0
      vertex 27.68933868408203 -5.439339637756348 0
    endloop
  endfacet
  facet normal 0 0 -1
    outer loop
      vertex 0 28 0
      vertex 3 30 0
      vertex 3 3 0
    endloop
  endfacet
  facet normal 0 0 -1
    outer loop
      vertex 3 30 0
      vertex 0 28 0
      vertex 2 30 0
    endloop
  endfacet
  facet normal 0 0 -1
    outer loop
      vertex 2 30 0
      vertex 0 28 0
      vertex 1.7389469146728516 29.98288917541504 0
    endloop
  endfacet
  facet normal 0 0 -1
    outer loop
      vertex 1.7389469146728516 29.98288917541504 0
      vertex 0 28 0
      vertex 1.4823617935180664 29.93185043334961 0
    endloop
  endfacet
  facet normal 0 0 -1
    outer loop
      vertex 1.4823617935180664 29.93185043334961 0
      vertex 0 28 0
      vertex 1.2346324920654297 29.847759246826172 0
    endloop
  endfacet
  facet normal 0 0 -1
    outer loop
      vertex 1.2346324920654297 29.847759246826172 0
      vertex 0 28 0
      vertex 1 29.7320499420166 0
    endloop
  endfacet
  facet normal 0 0 -1
    outer loop
      vertex 1 29.7320499420166 0
      vertex 0 28 0
      vertex 0.7824764251708984 29.586706161499023 0
    endloop
  endfacet
  facet normal 0 0 -1
    outer loop
      vertex 0.7824764251708984 29.586706161499023 0
      vertex 0 28 0
      vertex 0.5857858657836914 29.414213180541992 0
    endloop
  endfacet
  facet normal 0 0 -1
    outer loop
      vertex 0.5857858657836914 29.414213180541992 0
      vertex 0 28 0
      vertex 0.41329288482666016 29.21752166748047 0
    endloop
  endfacet
  facet normal 0 0 -1
    outer loop
      vertex 0.41329288482666016 29.21752166748047 0
      vertex 0 28 0
      vertex 0.26794910430908203 29 0
    endloop
  endfacet
  facet normal 0 0 -1
    outer loop
      vertex 0.26794910430908203 29 0
      vertex 0 28 0
      vertex 0.15224075317382812 28.765365600585938 0
    endloop
  endfacet
  facet normal 0 0 -1
    outer loop
      vertex 0.15224075317382812 28.765365600585938 0
      vertex 0 28 0
      vertex 0.06814765930175781 28.517637252807617 0
    endloop
  endfacet
  facet normal 0 0 -1
    outer loop
      vertex 0 0 0
      vertex 3 3 0
      vertex 21.75 -11 0
    endloop
  endfacet
  facet normal 0 0 -1
    outer loop
      vertex 0 28 0
      vertex 3 3 0
      vertex 0 0 0
    endloop
  endfacet
  facet normal 0 0 -1
    outer loop
      vertex 0.06814765930175781 28.517637252807617 0
      vertex 0 28 0
      vertex 0.01710987091064453 28.261051177978516 0
    endloop
  endfacet
  facet normal 0 0 -1
    outer loop
      vertex 56.01763916015625 29.93185043334961 0
      vertex 55.5 30 0
      vertex 55.761051177978516 29.98288917541504 0
    endloop
  endfacet
  facet normal -0.9807855401855946 0.1950890159974446 0
    outer loop
      vertex 0.01710987091064453 28.261051177978516 0
      vertex 0.06814765930175781 28.517637252807617 30.559999465942383
      vertex 0.06814765930175781 28.517637252807617 0
    endloop
  endfacet
  facet normal -0.9807855401855946 0.1950890159974446 0
    outer loop
      vertex 0.06814765930175781 28.517637252807617 30.559999465942383
      vertex 0.01710987091064453 28.261051177978516 0
      vertex 0.01710987091064453 28.261051177978516 30.559999465942383
    endloop
  endfacet
  facet normal -0.9807855401855946 0.1950890159974446 0
    outer loop
      vertex 0.01710987091064453 28.261051177978516 81.6500015258789
      vertex 0.06814765930175781 28.517637252807617 114.5
      vertex 0.06814765930175781 28.517637252807617 81.6500015258789
    endloop
  endfacet
  facet normal -0.9807855401855946 0.1950890159974446 0
    outer loop
      vertex 0.06814765930175781 28.517637252807617 114.5
      vertex 0.01710987091064453 28.261051177978516 81.6500015258789
      vertex 0.01710987091064453 28.261051177978516 114.5
    endloop
  endfacet
  facet normal -0.9807855401855947 0.19508901599744463 0
    outer loop
      vertex 0.01710987091064453 28.261051177978516 33.560001373291016
      vertex 0.06814765930175781 28.517637252807617 78.6500015258789
      vertex 0.06814765930175781 28.517637252807617 33.560001373291016
    endloop
  endfacet
  facet normal -0.9807855401855947 0.19508901599744463 0
    outer loop
      vertex 0.06814765930175781 28.517637252807617 78.6500015258789
      vertex 0.01710987091064453 28.261051177978516 33.560001373291016
      vertex 0.01710987091064453 28.261051177978516 78.6500015258789
    endloop
  endfacet
  facet normal 1 0 0
    outer loop
      vertex 57.5 0 4
      vertex 57.5 28 30.559999465942383
      vertex 57.5 0 30.559999465942383
    endloop
  endfacet
  facet normal 1 0 0
    outer loop
      vertex 57.5 28 30.559999465942383
      vertex 57.5 0 4
      vertex 57.5 28 0
    endloop
  endfacet
  facet normal 1 0 0
    outer loop
      vertex 57.5 28 0
      vertex 57.5 0 4
      vertex 57.5 0 0
    endloop
  endfacet
  facet normal 1 0 0
    outer loop
      vertex 57.5 0 112.5
      vertex 57.5 28 114.5
      vertex 57.5 2 114.5
    endloop
  endfacet
  facet normal 1 0 0
    outer loop
      vertex 57.5 0 112.5
      vertex 57.5 2 114.5
      vertex 57.5 1.7389469146728516 114.4828872680664
    endloop
  endfacet
  facet normal 1 0 0
    outer loop
      vertex 57.5 0 112.5
      vertex 57.5 1.7389469146728516 114.4828872680664
      vertex 57.5 1.4823617935180664 114.43185424804688
    endloop
  endfacet
  facet normal 1 0 0
    outer loop
      vertex 57.5 0 112.5
      vertex 57.5 1.4823617935180664 114.43185424804688
      vertex 57.5 1.2346324920654297 114.34776306152344
    endloop
  endfacet
  facet normal 1 0 0
    outer loop
      vertex 57.5 0 112.5
      vertex 57.5 1.2346324920654297 114.34776306152344
      vertex 57.5 1 114.23204803466797
    endloop
  endfacet
  facet normal 1 0 0
    outer loop
      vertex 57.5 0 112.5
      vertex 57.5 1 114.23204803466797
      vertex 57.5 0.7824764251708984 114.08670806884766
    endloop
  endfacet
  facet normal 1 0 0
    outer loop
      vertex 57.5 0 112.5
      vertex 57.5 0.7824764251708984 114.08670806884766
      vertex 57.5 0.5857858657836914 113.91421508789062
    endloop
  endfacet
  facet normal 1 0 0
    outer loop
      vertex 57.5 0 112.5
      vertex 57.5 0.5857858657836914 113.91421508789062
      vertex 57.5 0.41329288482666016 113.71752166748047
    endloop
  endfacet
  facet normal 1 0 0
    outer loop
      vertex 57.5 0 112.5
      vertex 57.5 0.41329288482666016 113.71752166748047
      vertex 57.5 0.26794910430908203 113.5
    endloop
  endfacet
  facet normal 1 0 0
    outer loop
      vertex 57.5 0 112.5
      vertex 57.5 0.26794910430908203 113.5
      vertex 57.5 0.15224075317382812 113.26536560058594
    endloop
  endfacet
  facet normal 1 0 0
    outer loop
      vertex 57.5 0 112.5
      vertex 57.5 0.15224075317382812 113.26536560058594
      vertex 57.5 0.06814765930175781 113.01763916015625
    endloop
  endfacet
  facet normal 1 0 0
    outer loop
      vertex 57.5 0 112.5
      vertex 57.5 0.06814765930175781 113.01763916015625
      vertex 57.5 0.01710987091064453 112.76105499267578
    endloop
  endfacet
  facet normal 1 0 0
    outer loop
      vertex 57.5 28 114.5
      vertex 57.5 0 112.5
      vertex 57.5 28 81.6500015258789
    endloop
  endfacet
  facet normal 1 0 0
    outer loop
      vertex 57.5 28 81.6500015258789
      vertex 57.5 0 112.5
      vertex 57.5 0 81.6500015258789
    endloop
  endfacet
  facet normal 1 0 0
    outer loop
      vertex 57.5 0 78.6500015258789
      vertex 57.5 28 33.560001373291016
      vertex 57.5 28 78.6500015258789
    endloop
  endfacet
  facet normal 1 0 0
    outer loop
      vertex 57.5 28 33.560001373291016
      vertex 57.5 0 78.6500015258789
      vertex 57.5 0 33.560001373291016
    endloop
  endfacet
  facet normal 0.06540551341072687 0.9978587669682916 0
    outer loop
      vertex 55.761051177978516 29.98288917541504 0
      vertex 55.5 30 114.5
      vertex 55.761051177978516 29.98288917541504 114.5
    endloop
  endfacet
  facet normal 0.06540551341072687 0.9978587669682916 0
    outer loop
      vertex 55.5 30 114.5
      vertex 55.761051177978516 29.98288917541504 0
      vertex 55.5 30 0
    endloop
  endfacet
  facet normal -0.5555680517333541 0.8314710697872808 0
    outer loop
      vertex 1 29.7320499420166 0
      vertex 0.7824764251708984 29.586706161499023 30.559999465942383
      vertex 1 29.7320499420166 30.559999465942383
    endloop
  endfacet
  facet normal -0.5555680517333541 0.8314710697872808 0
    outer loop
      vertex 0.7824764251708984 29.586706161499023 30.559999465942383
      vertex 1 29.7320499420166 0
      vertex 0.7824764251708984 29.586706161499023 0
    endloop
  endfacet
  facet normal -0.5555680517333541 0.8314710697872807 0
    outer loop
      vertex 1 29.7320499420166 81.6500015258789
      vertex 0.7824764251708984 29.586706161499023 114.5
      vertex 1 29.7320499420166 114.5
    endloop
  endfacet
  facet normal -0.5555680517333541 0.8314710697872807 0
    outer loop
      vertex 0.7824764251708984 29.586706161499023 114.5
      vertex 1 29.7320499420166 81.6500015258789
      vertex 0.7824764251708984 29.586706161499023 81.6500015258789
    endloop
  endfacet
  facet normal -0.5555680517333541 0.8314710697872808 0
    outer loop
      vertex 1 29.7320499420166 33.560001373291016
      vertex 0.7824764251708984 29.586706161499023 78.6500015258789
      vertex 1 29.7320499420166 78.6500015258789
    endloop
  endfacet
  facet normal -0.5555680517333541 0.8314710697872808 0
    outer loop
      vertex 0.7824764251708984 29.586706161499023 78.6500015258789
      vertex 1 29.7320499420166 33.560001373291016
      vertex 0.7824764251708984 29.586706161499023 33.560001373291016
    endloop
  endfacet
  facet normal -0.6593457932372826 0.751839826652126 0
    outer loop
      vertex 0.7824764251708984 29.586706161499023 81.6500015258789
      vertex 0.5857858657836914 29.414213180541992 114.5
      vertex 0.7824764251708984 29.586706161499023 114.5
    endloop
  endfacet
  facet normal -0.6593457932372826 0.751839826652126 0
    outer loop
      vertex 0.5857858657836914 29.414213180541992 114.5
      vertex 0.7824764251708984 29.586706161499023 81.6500015258789
      vertex 0.5857858657836914 29.414213180541992 81.6500015258789
    endloop
  endfacet
  facet normal -0.6593457932372825 0.751839826652126 0
    outer loop
      vertex 0.7824764251708984 29.586706161499023 0
      vertex 0.5857858657836914 29.414213180541992 30.559999465942383
      vertex 0.7824764251708984 29.586706161499023 30.559999465942383
    endloop
  endfacet
  facet normal -0.6593457932372825 0.751839826652126 0
    outer loop
      vertex 0.5857858657836914 29.414213180541992 30.559999465942383
      vertex 0.7824764251708984 29.586706161499023 0
      vertex 0.5857858657836914 29.414213180541992 0
    endloop
  endfacet
  facet normal -0.6593457932372825 0.7518398266521259 0
    outer loop
      vertex 0.7824764251708984 29.586706161499023 33.560001373291016
      vertex 0.5857858657836914 29.414213180541992 78.6500015258789
      vertex 0.7824764251708984 29.586706161499023 78.6500015258789
    endloop
  endfacet
  facet normal -0.6593457932372825 0.7518398266521259 0
    outer loop
      vertex 0.5857858657836914 29.414213180541992 78.6500015258789
      vertex 0.7824764251708984 29.586706161499023 33.560001373291016
      vertex 0.5857858657836914 29.414213180541992 33.560001373291016
    endloop
  endfacet
  facet normal 0.3214373789162345 0.9469308377254704 0
    outer loop
      vertex 56.26536560058594 29.847759246826172 0
      vertex 56.01763916015625 29.93185043334961 114.5
      vertex 56.26536560058594 29.847759246826172 114.5
    endloop
  endfacet
  facet normal 0.3214373789162345 0.9469308377254704 0
    outer loop
      vertex 56.01763916015625 29.93185043334961 114.5
      vertex 56.26536560058594 29.847759246826172 0
      vertex 56.01763916015625 29.93185043334961 0
    endloop
  endfacet
  facet normal -1 0 0
    outer loop
      vertex 0 0 4
      vertex 0 28 0
      vertex 0 0 0
    endloop
  endfacet
  facet normal -1 0 0
    outer loop
      vertex 0 28 0
      vertex 0 0 4
      vertex 0 28 30.559999465942383
    endloop
  endfacet
  facet normal -1 0 0
    outer loop
      vertex 0 28 30.559999465942383
      vertex 0 0 4
      vertex 0 0 30.559999465942383
    endloop
  endfacet
  facet normal -1 0 0
    outer loop
      vertex 0 0 112.5
      vertex 0 28 114.5
      vertex 0 28 81.6500015258789
    endloop
  endfacet
  facet normal -1 0 0
    outer loop
      vertex 0 28 114.5
      vertex 0 0 112.5
      vertex 0 2 114.5
    endloop
  endfacet
  facet normal -1 0 0
    outer loop
      vertex 0 2 114.5
      vertex 0 0 112.5
      vertex 0 1.7389469146728516 114.4828872680664
    endloop
  endfacet
  facet normal -1 0 0
    outer loop
      vertex 0 1.7389469146728516 114.4828872680664
      vertex 0 0 112.5
      vertex 0 1.4823617935180664 114.43185424804688
    endloop
  endfacet
  facet normal -1 0 0
    outer loop
      vertex 0 1.4823617935180664 114.43185424804688
      vertex 0 0 112.5
      vertex 0 1.2346324920654297 114.34776306152344
    endloop
  endfacet
  facet normal -1 0 0
    outer loop
      vertex 0 1.2346324920654297 114.34776306152344
      vertex 0 0 112.5
      vertex 0 1 114.23204803466797
    endloop
  endfacet
  facet normal -1 0 0
    outer loop
      vertex 0 1 114.23204803466797
      vertex 0 0 112.5
      vertex 0 0.7824764251708984 114.08670806884766
    endloop
  endfacet
  facet normal -1 0 0
    outer loop
      vertex 0 0.7824764251708984 114.08670806884766
      vertex 0 0 112.5
      vertex 0 0.5857858657836914 113.91421508789062
    endloop
  endfacet
  facet normal -1 0 0
    outer loop
      vertex 0 0.5857858657836914 113.91421508789062
      vertex 0 0 112.5
      vertex 0 0.41329288482666016 113.71752166748047
    endloop
  endfacet
  facet normal -1 0 0
    outer loop
      vertex 0 0.41329288482666016 113.71752166748047
      vertex 0 0 112.5
      vertex 0 0.26794910430908203 113.5
    endloop
  endfacet
  facet normal -1 0 0
    outer loop
      vertex 0 0.26794910430908203 113.5
      vertex 0 0 112.5
      vertex 0 0.15224075317382812 113.26536560058594
    endloop
  endfacet
  facet normal -1 0 0
    outer loop
      vertex 0 0.15224075317382812 113.26536560058594
      vertex 0 0 112.5
      vertex 0 0.06814765930175781 113.01763916015625
    endloop
  endfacet
  facet normal -1 0 0
    outer loop
      vertex 0 0 112.5
      vertex 0 28 81.6500015258789
      vertex 0 0 81.6500015258789
    endloop
  endfacet
  facet normal -1 0 0
    outer loop
      vertex 0 0.06814765930175781 113.01763916015625
      vertex 0 0 112.5
      vertex 0 0.01710987091064453 112.76105499267578
    endloop
  endfacet
  facet normal -1 0 0
    outer loop
      vertex 0 0 33.560001373291016
      vertex 0 28 78.6500015258789
      vertex 0 28 33.560001373291016
    endloop
  endfacet
  facet normal -1 0 0
    outer loop
      vertex 0 28 78.6500015258789
      vertex 0 0 33.560001373291016
      vertex 0 0 78.6500015258789
    endloop
  endfacet
  facet normal -0.9469293718602808 0.32144169721474214 0
    outer loop
      vertex 0.06814765930175781 28.517637252807617 81.6500015258789
      vertex 0.15224075317382812 28.765365600585938 114.5
      vertex 0.15224075317382812 28.765365600585938 81.6500015258789
    endloop
  endfacet
  facet normal -0.9469293718602808 0.32144169721474214 0
    outer loop
      vertex 0.15224075317382812 28.765365600585938 114.5
      vertex 0.06814765930175781 28.517637252807617 81.6500015258789
      vertex 0.06814765930175781 28.517637252807617 114.5
    endloop
  endfacet
  facet normal -0.9469293718602809 0.32144169721474214 0
    outer loop
      vertex 0.06814765930175781 28.517637252807617 0
      vertex 0.15224075317382812 28.765365600585938 30.559999465942383
      vertex 0.15224075317382812 28.765365600585938 0
    endloop
  endfacet
  facet normal -0.9469293718602809 0.32144169721474214 0
    outer loop
      vertex 0.15224075317382812 28.765365600585938 30.559999465942383
      vertex 0.06814765930175781 28.517637252807617 0
      vertex 0.06814765930175781 28.517637252807617 30.559999465942383
    endloop
  endfacet
  facet normal -0.9469293718602809 0.32144169721474214 0
    outer loop
      vertex 0.06814765930175781 28.517637252807617 33.560001373291016
      vertex 0.15224075317382812 28.765365600585938 78.6500015258789
      vertex 0.15224075317382812 28.765365600585938 33.560001373291016
    endloop
  endfacet
  facet normal -0.9469293718602809 0.32144169721474214 0
    outer loop
      vertex 0.15224075317382812 28.765365600585938 78.6500015258789
      vertex 0.06814765930175781 28.517637252807617 33.560001373291016
      vertex 0.06814765930175781 28.517637252807617 78.6500015258789
    endloop
  endfacet
  facet normal 0.9807862376857944 0.19508550936997945 0
    outer loop
      vertex 57.482887268066406 28.261051177978516 30.559999465942383
      vertex 57.43185043334961 28.517637252807617 0
      vertex 57.43185043334961 28.517637252807617 30.559999465942383
    endloop
  endfacet
  facet normal 0.9807862376857944 0.19508550936997945 0
    outer loop
      vertex 57.43185043334961 28.517637252807617 0
      vertex 57.482887268066406 28.261051177978516 30.559999465942383
      vertex 57.482887268066406 28.261051177978516 0
    endloop
  endfacet
  facet normal 0.9807862376857944 0.19508550936997945 0
    outer loop
      vertex 57.482887268066406 28.261051177978516 114.5
      vertex 57.43185043334961 28.517637252807617 81.6500015258789
      vertex 57.43185043334961 28.517637252807617 114.5
    endloop
  endfacet
  facet normal 0.9807862376857944 0.19508550936997945 0
    outer loop
      vertex 57.43185043334961 28.517637252807617 81.6500015258789
      vertex 57.482887268066406 28.261051177978516 114.5
      vertex 57.482887268066406 28.261051177978516 81.6500015258789
    endloop
  endfacet
  facet normal 0.9807862376857944 0.19508550936997945 0
    outer loop
      vertex 57.482887268066406 28.261051177978516 78.6500015258789
      vertex 57.43185043334961 28.517637252807617 33.560001373291016
      vertex 57.43185043334961 28.517637252807617 78.6500015258789
    endloop
  endfacet
  facet normal 0.9807862376857944 0.19508550936997945 0
    outer loop
      vertex 57.43185043334961 28.517637252807617 33.560001373291016
      vertex 57.482887268066406 28.261051177978516 78.6500015258789
      vertex 57.482887268066406 28.261051177978516 33.560001373291016
    endloop
  endfacet
  facet normal -0.3214340501933723 0.9469319676599184 0
    outer loop
      vertex 1.4823617935180664 29.93185043334961 0
      vertex 1.2346324920654297 29.847759246826172 114.5
      vertex 1.4823617935180664 29.93185043334961 114.5
    endloop
  endfacet
  facet normal -0.3214340501933723 0.9469319676599184 0
    outer loop
      vertex 1.2346324920654297 29.847759246826172 114.5
      vertex 1.4823617935180664 29.93185043334961 0
      vertex 1.2346324920654297 29.847759246826172 0
    endloop
  endfacet
  facet normal 0.751841411423408 0.6593439861474872 0
    outer loop
      vertex 57.086708068847656 29.21752166748047 114.5
      vertex 56.914215087890625 29.414213180541992 81.6500015258789
      vertex 56.914215087890625 29.414213180541992 114.5
    endloop
  endfacet
  facet normal 0.751841411423408 0.6593439861474872 0
    outer loop
      vertex 56.914215087890625 29.414213180541992 81.6500015258789
      vertex 57.086708068847656 29.21752166748047 114.5
      vertex 57.086708068847656 29.21752166748047 81.6500015258789
    endloop
  endfacet
  facet normal 0.751841411423408 0.6593439861474872 0
    outer loop
      vertex 57.086708068847656 29.21752166748047 30.559999465942383
      vertex 56.914215087890625 29.414213180541992 0
      vertex 56.914215087890625 29.414213180541992 30.559999465942383
    endloop
  endfacet
  facet normal 0.751841411423408 0.6593439861474872 0
    outer loop
      vertex 56.914215087890625 29.414213180541992 0
      vertex 57.086708068847656 29.21752166748047 30.559999465942383
      vertex 57.086708068847656 29.21752166748047 0
    endloop
  endfacet
  facet normal 0.751841411423408 0.6593439861474872 0
    outer loop
      vertex 57.086708068847656 29.21752166748047 78.6500015258789
      vertex 56.914215087890625 29.414213180541992 33.560001373291016
      vertex 56.914215087890625 29.414213180541992 78.6500015258789
    endloop
  endfacet
  facet normal 0.751841411423408 0.6593439861474872 0
    outer loop
      vertex 56.914215087890625 29.414213180541992 33.560001373291016
      vertex 57.086708068847656 29.21752166748047 78.6500015258789
      vertex 57.086708068847656 29.21752166748047 33.560001373291016
    endloop
  endfacet
  facet normal 0.4422899937274798 0.8968720987122666 0
    outer loop
      vertex 56.5 29.7320499420166 81.6500015258789
      vertex 56.26536560058594 29.847759246826172 114.5
      vertex 56.5 29.7320499420166 114.5
    endloop
  endfacet
  facet normal 0.44228999372747985 0.8968720987122667 0
    outer loop
      vertex 56.5 29.7320499420166 78.6500015258789
      vertex 56.26536560058594 29.847759246826172 114.5
      vertex 56.5 29.7320499420166 81.6500015258789
    endloop
  endfacet
  facet normal 0.4422899937274798 0.8968720987122667 0
    outer loop
      vertex 56.5 29.7320499420166 33.560001373291016
      vertex 56.26536560058594 29.847759246826172 114.5
      vertex 56.5 29.7320499420166 78.6500015258789
    endloop
  endfacet
  facet normal 0.44228999372747985 0.8968720987122667 0
    outer loop
      vertex 56.5 29.7320499420166 30.559999465942383
      vertex 56.26536560058594 29.847759246826172 114.5
      vertex 56.5 29.7320499420166 33.560001373291016
    endloop
  endfacet
  facet normal 0.4422899937274798 0.8968720987122666 0
    outer loop
      vertex 56.26536560058594 29.847759246826172 0
      vertex 56.5 29.7320499420166 30.559999465942383
      vertex 56.5 29.7320499420166 0
    endloop
  endfacet
  facet normal 0.4422899937274798 0.8968720987122667 0
    outer loop
      vertex 56.5 29.7320499420166 30.559999465942383
      vertex 56.26536560058594 29.847759246826172 0
      vertex 56.26536560058594 29.847759246826172 114.5
    endloop
  endfacet
  facet normal -0.751841411423408 0.6593439861474872 0
    outer loop
      vertex 0.41329288482666016 29.21752166748047 81.6500015258789
      vertex 0.5857858657836914 29.414213180541992 114.5
      vertex 0.5857858657836914 29.414213180541992 81.6500015258789
    endloop
  endfacet
  facet normal -0.751841411423408 0.6593439861474872 0
    outer loop
      vertex 0.5857858657836914 29.414213180541992 114.5
      vertex 0.41329288482666016 29.21752166748047 81.6500015258789
      vertex 0.41329288482666016 29.21752166748047 114.5
    endloop
  endfacet
  facet normal -0.751841411423408 0.6593439861474872 0
    outer loop
      vertex 0.41329288482666016 29.21752166748047 0
      vertex 0.5857858657836914 29.414213180541992 30.559999465942383
      vertex 0.5857858657836914 29.414213180541992 0
    endloop
  endfacet
  facet normal -0.751841411423408 0.6593439861474872 0
    outer loop
      vertex 0.5857858657836914 29.414213180541992 30.559999465942383
      vertex 0.41329288482666016 29.21752166748047 0
      vertex 0.41329288482666016 29.21752166748047 30.559999465942383
    endloop
  endfacet
  facet normal -0.751841411423408 0.6593439861474872 0
    outer loop
      vertex 0.41329288482666016 29.21752166748047 33.560001373291016
      vertex 0.5857858657836914 29.414213180541992 78.6500015258789
      vertex 0.5857858657836914 29.414213180541992 33.560001373291016
    endloop
  endfacet
  facet normal -0.751841411423408 0.6593439861474872 0
    outer loop
      vertex 0.5857858657836914 29.414213180541992 78.6500015258789
      vertex 0.41329288482666016 29.21752166748047 33.560001373291016
      vertex 0.41329288482666016 29.21752166748047 78.6500015258789
    endloop
  endfacet
  facet normal 0.19509112759217126 0.9807851201638488 0
    outer loop
      vertex 56.01763916015625 29.93185043334961 0
      vertex 55.761051177978516 29.98288917541504 114.5
      vertex 56.01763916015625 29.93185043334961 114.5
    endloop
  endfacet
  facet normal 0.19509112759217126 0.9807851201638488 0
    outer loop
      vertex 55.761051177978516 29.98288917541504 114.5
      vertex 56.01763916015625 29.93185043334961 0
      vertex 55.761051177978516 29.98288917541504 0
    endloop
  endfacet
  facet normal 0.5555714196190614 0.8314688194409102 0
    outer loop
      vertex 56.71752166748047 29.586706161499023 0
      vertex 56.5 29.7320499420166 30.559999465942383
      vertex 56.71752166748047 29.586706161499023 30.559999465942383
    endloop
  endfacet
  facet normal 0.5555714196190614 0.8314688194409102 0
    outer loop
      vertex 56.5 29.7320499420166 30.559999465942383
      vertex 56.71752166748047 29.586706161499023 0
      vertex 56.5 29.7320499420166 0
    endloop
  endfacet
  facet normal 0.5555714196190614 0.8314688194409102 0
    outer loop
      vertex 56.71752166748047 29.586706161499023 81.6500015258789
      vertex 56.5 29.7320499420166 114.5
      vertex 56.71752166748047 29.586706161499023 114.5
    endloop
  endfacet
  facet normal 0.5555714196190614 0.8314688194409102 0
    outer loop
      vertex 56.5 29.7320499420166 114.5
      vertex 56.71752166748047 29.586706161499023 81.6500015258789
      vertex 56.5 29.7320499420166 81.6500015258789
    endloop
  endfacet
  facet normal 0.5555714196190614 0.8314688194409102 0
    outer loop
      vertex 56.71752166748047 29.586706161499023 33.560001373291016
      vertex 56.5 29.7320499420166 78.6500015258789
      vertex 56.71752166748047 29.586706161499023 78.6500015258789
    endloop
  endfacet
  facet normal 0.5555714196190614 0.8314688194409102 0
    outer loop
      vertex 56.5 29.7320499420166 78.6500015258789
      vertex 56.71752166748047 29.586706161499023 33.560001373291016
      vertex 56.5 29.7320499420166 33.560001373291016
    endloop
  endfacet
  facet normal 0.8968692066474736 0.44229585818491607 0
    outer loop
      vertex 57.34775924682617 28.765365600585938 114.5
      vertex 57.23204803466797 29 81.6500015258789
      vertex 57.23204803466797 29 114.5
    endloop
  endfacet
  facet normal 0.8968692066474736 0.44229585818491607 0
    outer loop
      vertex 57.23204803466797 29 81.6500015258789
      vertex 57.34775924682617 28.765365600585938 114.5
      vertex 57.34775924682617 28.765365600585938 81.6500015258789
    endloop
  endfacet
  facet normal 0.8968692066474736 0.44229585818491607 0
    outer loop
      vertex 57.34775924682617 28.765365600585938 30.559999465942383
      vertex 57.23204803466797 29 0
      vertex 57.23204803466797 29 30.559999465942383
    endloop
  endfacet
  facet normal 0.8968692066474736 0.44229585818491607 0
    outer loop
      vertex 57.23204803466797 29 0
      vertex 57.34775924682617 28.765365600585938 30.559999465942383
      vertex 57.34775924682617 28.765365600585938 0
    endloop
  endfacet
  facet normal 0.8968692066474736 0.44229585818491607 0
    outer loop
      vertex 57.34775924682617 28.765365600585938 78.6500015258789
      vertex 57.23204803466797 29 33.560001373291016
      vertex 57.23204803466797 29 78.6500015258789
    endloop
  endfacet
  facet normal 0.8968692066474736 0.44229585818491607 0
    outer loop
      vertex 57.23204803466797 29 33.560001373291016
      vertex 57.34775924682617 28.765365600585938 78.6500015258789
      vertex 57.34775924682617 28.765365600585938 33.560001373291016
    endloop
  endfacet
  facet normal -0.8968735447372775 0.44228706147748725 0
    outer loop
      vertex 0.15224075317382812 28.765365600585938 81.6500015258789
      vertex 0.26794910430908203 29 114.5
      vertex 0.26794910430908203 29 81.6500015258789
    endloop
  endfacet
  facet normal -0.8968735447372775 0.44228706147748725 0
    outer loop
      vertex 0.26794910430908203 29 114.5
      vertex 0.15224075317382812 28.765365600585938 81.6500015258789
      vertex 0.15224075317382812 28.765365600585938 114.5
    endloop
  endfacet
  facet normal -0.8968735447372774 0.44228706147748725 0
    outer loop
      vertex 0.15224075317382812 28.765365600585938 0
      vertex 0.26794910430908203 29 30.559999465942383
      vertex 0.26794910430908203 29 0
    endloop
  endfacet
  facet normal -0.8968735447372774 0.44228706147748725 0
    outer loop
      vertex 0.26794910430908203 29 30.559999465942383
      vertex 0.15224075317382812 28.765365600585938 0
      vertex 0.15224075317382812 28.765365600585938 30.559999465942383
    endloop
  endfacet
  facet normal -0.8968735447372774 0.4422870614774872 0
    outer loop
      vertex 0.15224075317382812 28.765365600585938 33.560001373291016
      vertex 0.26794910430908203 29 78.6500015258789
      vertex 0.26794910430908203 29 33.560001373291016
    endloop
  endfacet
  facet normal -0.8968735447372774 0.4422870614774872 0
    outer loop
      vertex 0.26794910430908203 29 78.6500015258789
      vertex 0.15224075317382812 28.765365600585938 33.560001373291016
      vertex 0.15224075317382812 28.765365600585938 78.6500015258789
    endloop
  endfacet
  facet normal -0.9978590048795507 0.06540188361807907 0
    outer loop
      vertex 0 28 0
      vertex 0.01710987091064453 28.261051177978516 30.559999465942383
      vertex 0.01710987091064453 28.261051177978516 0
    endloop
  endfacet
  facet normal -0.9978590048795507 0.06540188361807907 0
    outer loop
      vertex 0.01710987091064453 28.261051177978516 30.559999465942383
      vertex 0 28 0
      vertex 0 28 30.559999465942383
    endloop
  endfacet
  facet normal -0.9978590048795507 0.06540188361807907 0
    outer loop
      vertex 0 28 81.6500015258789
      vertex 0.01710987091064453 28.261051177978516 114.5
      vertex 0.01710987091064453 28.261051177978516 81.6500015258789
    endloop
  endfacet
  facet normal -0.9978590048795507 0.06540188361807907 0
    outer loop
      vertex 0.01710987091064453 28.261051177978516 114.5
      vertex 0 28 81.6500015258789
      vertex 0 28 114.5
    endloop
  endfacet
  facet normal -0.9978590048795506 0.06540188361807907 0
    outer loop
      vertex 0 28 33.560001373291016
      vertex 0.01710987091064453 28.261051177978516 78.6500015258789
      vertex 0.01710987091064453 28.261051177978516 33.560001373291016
    endloop
  endfacet
  facet normal -0.9978590048795506 0.06540188361807907 0
    outer loop
      vertex 0.01710987091064453 28.261051177978516 78.6500015258789
      vertex 0 28 33.560001373291016
      vertex 0 28 78.6500015258789
    endloop
  endfacet
  facet normal 0 0 1
    outer loop
      vertex 57.5 28 114.5
      vertex 30.73288917541504 16.761051177978516 114.5
      vertex 30.75 16.5 114.5
    endloop
  endfacet
  facet normal 0 0 1
    outer loop
      vertex 55.5 30 114.5
      vertex 30.68185043334961 17.017637252807617 114.5
      vertex 30.73288917541504 16.761051177978516 114.5
    endloop
  endfacet
  facet normal 0 0 1
    outer loop
      vertex 55.5 30 114.5
      vertex 30.597759246826172 17.265365600585938 114.5
      vertex 30.68185043334961 17.017637252807617 114.5
    endloop
  endfacet
  facet normal 0 0 1
    outer loop
      vertex 55.5 30 114.5
      vertex 30.4820499420166 17.5 114.5
      vertex 30.597759246826172 17.265365600585938 114.5
    endloop
  endfacet
  facet normal 0 0 1
    outer loop
      vertex 55.5 30 114.5
      vertex 30.336706161499023 17.71752166748047 114.5
      vertex 30.4820499420166 17.5 114.5
    endloop
  endfacet
  facet normal 0 0 1
    outer loop
      vertex 55.5 30 114.5
      vertex 30.164213180541992 17.914213180541992 114.5
      vertex 30.336706161499023 17.71752166748047 114.5
    endloop
  endfacet
  facet normal 0 0 1
    outer loop
      vertex 55.5 30 114.5
      vertex 29.96752166748047 18.086706161499023 114.5
      vertex 30.164213180541992 17.914213180541992 114.5
    endloop
  endfacet
  facet normal 0 0 1
    outer loop
      vertex 55.5 30 114.5
      vertex 29.75 18.2320499420166 114.5
      vertex 29.96752166748047 18.086706161499023 114.5
    endloop
  endfacet
  facet normal 0 0 1
    outer loop
      vertex 55.5 30 114.5
      vertex 29.515365600585938 18.347759246826172 114.5
      vertex 29.75 18.2320499420166 114.5
    endloop
  endfacet
  facet normal 0 0 1
    outer loop
      vertex 55.5 30 114.5
      vertex 29.267637252807617 18.43185043334961 114.5
      vertex 29.515365600585938 18.347759246826172 114.5
    endloop
  endfacet
  facet normal 0 0 1
    outer loop
      vertex 55.5 30 114.5
      vertex 29.011051177978516 18.48288917541504 114.5
      vertex 29.267637252807617 18.43185043334961 114.5
    endloop
  endfacet
  facet normal 0 0 1
    outer loop
      vertex 55.5 30 114.5
      vertex 28.75 18.5 114.5
      vertex 29.011051177978516 18.48288917541504 114.5
    endloop
  endfacet
  facet normal 0 0 1
    outer loop
      vertex 2 30 114.5
      vertex 28.75 18.5 114.5
      vertex 55.5 30 114.5
    endloop
  endfacet
  facet normal 0 0 1
    outer loop
      vertex 28.75 18.5 114.5
      vertex 2 30 114.5
      vertex 28.48894691467285 18.48288917541504 114.5
    endloop
  endfacet
  facet normal 0 0 1
    outer loop
      vertex 28.48894691467285 18.48288917541504 114.5
      vertex 2 30 114.5
      vertex 28.23236083984375 18.43185043334961 114.5
    endloop
  endfacet
  facet normal 0 0 1
    outer loop
      vertex 0 28 114.5
      vertex 26.767108917236328 16.761051177978516 114.5
      vertex 2 30 114.5
    endloop
  endfacet
  facet normal 0 0 1
    outer loop
      vertex 26.818147659301758 17.017637252807617 114.5
      vertex 2 30 114.5
      vertex 26.767108917236328 16.761051177978516 114.5
    endloop
  endfacet
  facet normal 0 0 1
    outer loop
      vertex 26.902240753173828 17.265365600585938 114.5
      vertex 2 30 114.5
      vertex 26.818147659301758 17.017637252807617 114.5
    endloop
  endfacet
  facet normal 0 0 1
    outer loop
      vertex 27.017948150634766 17.5 114.5
      vertex 2 30 114.5
      vertex 26.902240753173828 17.265365600585938 114.5
    endloop
  endfacet
  facet normal 0 0 1
    outer loop
      vertex 27.163291931152344 17.71752166748047 114.5
      vertex 2 30 114.5
      vertex 27.017948150634766 17.5 114.5
    endloop
  endfacet
  facet normal 0 0 1
    outer loop
      vertex 27.335784912109375 17.914213180541992 114.5
      vertex 2 30 114.5
      vertex 27.163291931152344 17.71752166748047 114.5
    endloop
  endfacet
  facet normal 0 0 1
    outer loop
      vertex 27.5324764251709 18.086706161499023 114.5
      vertex 2 30 114.5
      vertex 27.335784912109375 17.914213180541992 114.5
    endloop
  endfacet
  facet normal 0 0 1
    outer loop
      vertex 27.75 18.2320499420166 114.5
      vertex 2 30 114.5
      vertex 27.5324764251709 18.086706161499023 114.5
    endloop
  endfacet
  facet normal 0 0 1
    outer loop
      vertex 27.98463249206543 18.347759246826172 114.5
      vertex 2 30 114.5
      vertex 27.75 18.2320499420166 114.5
    endloop
  endfacet
  facet normal 0 0 1
    outer loop
      vertex 28.23236083984375 18.43185043334961 114.5
      vertex 2 30 114.5
      vertex 27.98463249206543 18.347759246826172 114.5
    endloop
  endfacet
  facet normal 0 0 1
    outer loop
      vertex 55.5 30 114.5
      vertex 57.5 28 114.5
      vertex 57.482887268066406 28.261051177978516 114.5
    endloop
  endfacet
  facet normal 0 0 1
    outer loop
      vertex 55.5 30 114.5
      vertex 57.482887268066406 28.261051177978516 114.5
      vertex 57.43185043334961 28.517637252807617 114.5
    endloop
  endfacet
  facet normal 0 0 1
    outer loop
      vertex 55.5 30 114.5
      vertex 57.43185043334961 28.517637252807617 114.5
      vertex 57.34775924682617 28.765365600585938 114.5
    endloop
  endfacet
  facet normal 0 0 1
    outer loop
      vertex 55.5 30 114.5
      vertex 57.34775924682617 28.765365600585938 114.5
      vertex 57.23204803466797 29 114.5
    endloop
  endfacet
  facet normal 0 0 1
    outer loop
      vertex 55.5 30 114.5
      vertex 57.23204803466797 29 114.5
      vertex 57.086708068847656 29.21752166748047 114.5
    endloop
  endfacet
  facet normal 0 0 1
    outer loop
      vertex 55.5 30 114.5
      vertex 57.086708068847656 29.21752166748047 114.5
      vertex 56.914215087890625 29.414213180541992 114.5
    endloop
  endfacet
  facet normal 0 0 1
    outer loop
      vertex 55.5 30 114.5
      vertex 56.914215087890625 29.414213180541992 114.5
      vertex 56.71752166748047 29.586706161499023 114.5
    endloop
  endfacet
  facet normal 0 0 1
    outer loop
      vertex 55.5 30 114.5
      vertex 56.71752166748047 29.586706161499023 114.5
      vertex 56.5 29.7320499420166 114.5
    endloop
  endfacet
  facet normal 0 0 1
    outer loop
      vertex 55.5 30 114.5
      vertex 56.5 29.7320499420166 114.5
      vertex 56.26536560058594 29.847759246826172 114.5
    endloop
  endfacet
  facet normal 0 0 1
    outer loop
      vertex 55.5 30 114.5
      vertex 56.26536560058594 29.847759246826172 114.5
      vertex 56.01763916015625 29.93185043334961 114.5
    endloop
  endfacet
  facet normal 0 0 1
    outer loop
      vertex 55.5 30 114.5
      vertex 56.01763916015625 29.93185043334961 114.5
      vertex 55.761051177978516 29.98288917541504 114.5
    endloop
  endfacet
  facet normal 0 0 1
    outer loop
      vertex 30.73288917541504 16.761051177978516 114.5
      vertex 57.5 28 114.5
      vertex 55.5 30 114.5
    endloop
  endfacet
  facet normal 0 0 1
    outer loop
      vertex 30.73288917541504 16.23894691467285 114.5
      vertex 57.5 28 114.5
      vertex 30.75 16.5 114.5
    endloop
  endfacet
  facet normal 0 0 1
    outer loop
      vertex 57.5 28 114.5
      vertex 30.73288917541504 16.23894691467285 114.5
      vertex 57.5 2 114.5
    endloop
  endfacet
  facet normal 0 0 1
    outer loop
      vertex 30.68185043334961 15.982361793518066 114.5
      vertex 57.5 2 114.5
      vertex 30.73288917541504 16.23894691467285 114.5
    endloop
  endfacet
  facet normal 0 0 1
    outer loop
      vertex 30.597759246826172 15.73463249206543 114.5
      vertex 57.5 2 114.5
      vertex 30.68185043334961 15.982361793518066 114.5
    endloop
  endfacet
  facet normal 0 0 1
    outer loop
      vertex 30.4820499420166 15.5 114.5
      vertex 57.5 2 114.5
      vertex 30.597759246826172 15.73463249206543 114.5
    endloop
  endfacet
  facet normal 0 0 1
    outer loop
      vertex 30.336706161499023 15.282476425170898 114.5
      vertex 57.5 2 114.5
      vertex 30.4820499420166 15.5 114.5
    endloop
  endfacet
  facet normal 0 0 1
    outer loop
      vertex 30.164213180541992 15.085785865783691 114.5
      vertex 57.5 2 114.5
      vertex 30.336706161499023 15.282476425170898 114.5
    endloop
  endfacet
  facet normal 0 0 1
    outer loop
      vertex 29.96752166748047 14.91329288482666 114.5
      vertex 57.5 2 114.5
      vertex 30.164213180541992 15.085785865783691 114.5
    endloop
  endfacet
  facet normal 0 0 1
    outer loop
      vertex 29.75 14.767949104309082 114.5
      vertex 57.5 2 114.5
      vertex 29.96752166748047 14.91329288482666 114.5
    endloop
  endfacet
  facet normal 0 0 1
    outer loop
      vertex 29.515365600585938 14.652240753173828 114.5
      vertex 57.5 2 114.5
      vertex 29.75 14.767949104309082 114.5
    endloop
  endfacet
  facet normal 0 0 1
    outer loop
      vertex 29.267637252807617 14.568147659301758 114.5
      vertex 57.5 2 114.5
      vertex 29.515365600585938 14.652240753173828 114.5
    endloop
  endfacet
  facet normal 0 0 1
    outer loop
      vertex 29.011051177978516 14.517109870910645 114.5
      vertex 57.5 2 114.5
      vertex 29.267637252807617 14.568147659301758 114.5
    endloop
  endfacet
  facet normal 0 0 1
    outer loop
      vertex 28.75 14.5 114.5
      vertex 57.5 2 114.5
      vertex 29.011051177978516 14.517109870910645 114.5
    endloop
  endfacet
  facet normal 0 0 1
    outer loop
      vertex 0 2 114.5
      vertex 28.75 14.5 114.5
      vertex 28.48894691467285 14.517109870910645 114.5
    endloop
  endfacet
  facet normal 0 0 1
    outer loop
      vertex 0 2 114.5
      vertex 28.48894691467285 14.517109870910645 114.5
      vertex 28.23236083984375 14.568147659301758 114.5
    endloop
  endfacet
  facet normal 0 0 1
    outer loop
      vertex 0 2 114.5
      vertex 28.23236083984375 14.568147659301758 114.5
      vertex 27.98463249206543 14.652240753173828 114.5
    endloop
  endfacet
  facet normal 0 0 1
    outer loop
      vertex 26.767108917236328 16.761051177978516 114.5
      vertex 0 28 114.5
      vertex 26.75 16.5 114.5
    endloop
  endfacet
  facet normal 0 0 1
    outer loop
      vertex 26.75 16.5 114.5
      vertex 0 28 114.5
      vertex 26.767108917236328 16.23894691467285 114.5
    endloop
  endfacet
  facet normal 0 0 1
    outer loop
      vertex 0 2 114.5
      vertex 26.767108917236328 16.23894691467285 114.5
      vertex 0 28 114.5
    endloop
  endfacet
  facet normal 0 0 1
    outer loop
      vertex 26.767108917236328 16.23894691467285 114.5
      vertex 0 2 114.5
      vertex 26.818147659301758 15.982361793518066 114.5
    endloop
  endfacet
  facet normal 0 0 1
    outer loop
      vertex 26.818147659301758 15.982361793518066 114.5
      vertex 0 2 114.5
      vertex 26.902240753173828 15.73463249206543 114.5
    endloop
  endfacet
  facet normal 0 0 1
    outer loop
      vertex 26.902240753173828 15.73463249206543 114.5
      vertex 0 2 114.5
      vertex 27.017948150634766 15.5 114.5
    endloop
  endfacet
  facet normal 0 0 1
    outer loop
      vertex 27.017948150634766 15.5 114.5
      vertex 0 2 114.5
      vertex 27.163291931152344 15.282476425170898 114.5
    endloop
  endfacet
  facet normal 0 0 1
    outer loop
      vertex 27.163291931152344 15.282476425170898 114.5
      vertex 0 2 114.5
      vertex 27.335784912109375 15.085785865783691 114.5
    endloop
  endfacet
  facet normal 0 0 1
    outer loop
      vertex 0 28 114.5
      vertex 2 30 114.5
      vertex 1.7389469146728516 29.98288917541504 114.5
    endloop
  endfacet
  facet normal 0 0 1
    outer loop
      vertex 0 28 114.5
      vertex 1.7389469146728516 29.98288917541504 114.5
      vertex 1.4823617935180664 29.93185043334961 114.5
    endloop
  endfacet
  facet normal 0 0 1
    outer loop
      vertex 0 28 114.5
      vertex 1.4823617935180664 29.93185043334961 114.5
      vertex 1.2346324920654297 29.847759246826172 114.5
    endloop
  endfacet
  facet normal 0 0 1
    outer loop
      vertex 0 28 114.5
      vertex 1.2346324920654297 29.847759246826172 114.5
      vertex 1 29.7320499420166 114.5
    endloop
  endfacet
  facet normal 0 0 1
    outer loop
      vertex 0 28 114.5
      vertex 1 29.7320499420166 114.5
      vertex 0.7824764251708984 29.586706161499023 114.5
    endloop
  endfacet
  facet normal 0 0 1
    outer loop
      vertex 0 28 114.5
      vertex 0.7824764251708984 29.586706161499023 114.5
      vertex 0.5857858657836914 29.414213180541992 114.5
    endloop
  endfacet
  facet normal 0 0 1
    outer loop
      vertex 0 28 114.5
      vertex 0.5857858657836914 29.414213180541992 114.5
      vertex 0.41329288482666016 29.21752166748047 114.5
    endloop
  endfacet
  facet normal 0 0 1
    outer loop
      vertex 0 28 114.5
      vertex 0.41329288482666016 29.21752166748047 114.5
      vertex 0.26794910430908203 29 114.5
    endloop
  endfacet
  facet normal 0 0 1
    outer loop
      vertex 0 28 114.5
      vertex 0.26794910430908203 29 114.5
      vertex 0.15224075317382812 28.765365600585938 114.5
    endloop
  endfacet
  facet normal 0 0 1
    outer loop
      vertex 0 28 114.5
      vertex 0.15224075317382812 28.765365600585938 114.5
      vertex 0.06814765930175781 28.517637252807617 114.5
    endloop
  endfacet
  facet normal 0 0 1
    outer loop
      vertex 0 28 114.5
      vertex 0.06814765930175781 28.517637252807617 114.5
      vertex 0.01710987091064453 28.261051177978516 114.5
    endloop
  endfacet
  facet normal 0 0 1
    outer loop
      vertex 27.335784912109375 15.085785865783691 114.5
      vertex 0 2 114.5
      vertex 27.5324764251709 14.91329288482666 114.5
    endloop
  endfacet
  facet normal 0 0 1
    outer loop
      vertex 27.5324764251709 14.91329288482666 114.5
      vertex 0 2 114.5
      vertex 27.75 14.767949104309082 114.5
    endloop
  endfacet
  facet normal 0 0 1
    outer loop
      vertex 28.75 14.5 114.5
      vertex 0 2 114.5
      vertex 57.5 2 114.5
    endloop
  endfacet
  facet normal 0 0 1
    outer loop
      vertex 27.75 14.767949104309082 114.5
      vertex 0 2 114.5
      vertex 27.98463249206543 14.652240753173828 114.5
    endloop
  endfacet
  facet normal 0 -0.9978590672493917 0.06540093201303933
    outer loop
      vertex 0 0 112.5
      vertex 57.5 0.01710987091064453 112.76105499267578
      vertex 0 0.01710987091064453 112.76105499267578
    endloop
  endfacet
  facet normal 0 -0.9978590672493917 0.06540093201303933
    outer loop
      vertex 57.5 0.01710987091064453 112.76105499267578
      vertex 0 0 112.5
      vertex 57.5 0 112.5
    endloop
  endfacet
  facet normal 0 -0.6593457932372824 0.7518398266521259
    outer loop
      vertex 0 0.7824764251708984 114.08670806884766
      vertex 57.5 0.5857858657836914 113.91421508789062
      vertex 57.5 0.7824764251708984 114.08670806884766
    endloop
  endfacet
  facet normal 0 -0.6593457932372824 0.7518398266521259
    outer loop
      vertex 57.5 0.5857858657836914 113.91421508789062
      vertex 0 0.7824764251708984 114.08670806884766
      vertex 0 0.5857858657836914 113.91421508789062
    endloop
  endfacet
  facet normal 0 -0.5555579708067604 0.8314778055204329
    outer loop
      vertex 0 1 114.23204803466797
      vertex 57.5 0.7824764251708984 114.08670806884766
      vertex 57.5 1 114.23204803466797
    endloop
  endfacet
  facet normal 0 -0.5555579708067604 0.8314778055204329
    outer loop
      vertex 57.5 0.7824764251708984 114.08670806884766
      vertex 0 1 114.23204803466797
      vertex 0 0.7824764251708984 114.08670806884766
    endloop
  endfacet
  facet normal 0 -0.44231047906023124 0.8968619961362555
    outer loop
      vertex 0 1.2346324920654297 114.34776306152344
      vertex 57.5 1 114.23204803466797
      vertex 57.5 1.2346324920654297 114.34776306152344
    endloop
  endfacet
  facet normal 0 -0.44231047906023124 0.8968619961362555
    outer loop
      vertex 57.5 1 114.23204803466797
      vertex 0 1.2346324920654297 114.34776306152344
      vertex 0 1 114.23204803466797
    endloop
  endfacet
  facet normal 0 -0.1950721802359965 0.9807888888532409
    outer loop
      vertex 0 1.7389469146728516 114.4828872680664
      vertex 57.5 1.4823617935180664 114.43185424804688
      vertex 57.5 1.7389469146728516 114.4828872680664
    endloop
  endfacet
  facet normal 0 -0.1950721802359965 0.9807888888532409
    outer loop
      vertex 57.5 1.4823617935180664 114.43185424804688
      vertex 0 1.7389469146728516 114.4828872680664
      vertex 0 1.4823617935180664 114.43185424804688
    endloop
  endfacet
  facet normal 0 -0.7518445809268814 0.659340371986186
    outer loop
      vertex 0 0.41329288482666016 113.71752166748047
      vertex 57.5 0.5857858657836914 113.91421508789062
      vertex 0 0.5857858657836914 113.91421508789062
    endloop
  endfacet
  facet normal 0 -0.7518445809268814 0.659340371986186
    outer loop
      vertex 57.5 0.5857858657836914 113.91421508789062
      vertex 0 0.41329288482666016 113.71752166748047
      vertex 57.5 0.41329288482666016 113.71752166748047
    endloop
  endfacet
  facet normal 0 -0.8314688194409101 0.5555714196190614
    outer loop
      vertex 0 0.26794910430908203 113.5
      vertex 57.5 0.41329288482666016 113.71752166748047
      vertex 0 0.41329288482666016 113.71752166748047
    endloop
  endfacet
  facet normal 0 -0.8314688194409101 0.5555714196190614
    outer loop
      vertex 57.5 0.41329288482666016 113.71752166748047
      vertex 0 0.26794910430908203 113.5
      vertex 57.5 0.26794910430908203 113.5
    endloop
  endfacet
  facet normal 0 -0.8968735447372775 0.44228706147748725
    outer loop
      vertex 0 0.15224075317382812 113.26536560058594
      vertex 57.5 0.26794910430908203 113.5
      vertex 0 0.26794910430908203 113.5
    endloop
  endfacet
  facet normal 0 -0.8968735447372775 0.44228706147748725
    outer loop
      vertex 57.5 0.26794910430908203 113.5
      vertex 0 0.15224075317382812 113.26536560058594
      vertex 57.5 0.15224075317382812 113.26536560058594
    endloop
  endfacet
  facet normal 0 -0.06541229710371879 0.9978583223021267
    outer loop
      vertex 0 2 114.5
      vertex 57.5 1.7389469146728516 114.4828872680664
      vertex 57.5 2 114.5
    endloop
  endfacet
  facet normal 0 -0.06541229710371879 0.9978583223021267
    outer loop
      vertex 57.5 1.7389469146728516 114.4828872680664
      vertex 0 2 114.5
      vertex 0 1.7389469146728516 114.4828872680664
    endloop
  endfacet
  facet normal 0 -0.9469286185378721 0.32144391640526826
    outer loop
      vertex 0 0.06814765930175781 113.01763916015625
      vertex 57.5 0.15224075317382812 113.26536560058594
      vertex 0 0.15224075317382812 113.26536560058594
    endloop
  endfacet
  facet normal 0 -0.9469286185378721 0.32144391640526826
    outer loop
      vertex 57.5 0.15224075317382812 113.26536560058594
      vertex 0 0.06814765930175781 113.01763916015625
      vertex 57.5 0.06814765930175781 113.01763916015625
    endloop
  endfacet
  facet normal 0 -0.980785262699421 0.19509041101916727
    outer loop
      vertex 0 0.01710987091064453 112.76105499267578
      vertex 57.5 0.06814765930175781 113.01763916015625
      vertex 0 0.06814765930175781 113.01763916015625
    endloop
  endfacet
  facet normal 0 -0.980785262699421 0.19509041101916727
    outer loop
      vertex 57.5 0.06814765930175781 113.01763916015625
      vertex 0 0.01710987091064453 112.76105499267578
      vertex 57.5 0.01710987091064453 112.76105499267578
    endloop
  endfacet
  facet normal 0 -0.32143405019337223 0.9469319676599183
    outer loop
      vertex 0 1.4823617935180664 114.43185424804688
      vertex 57.5 1.2346324920654297 114.34776306152344
      vertex 57.5 1.4823617935180664 114.43185424804688
    endloop
  endfacet
  facet normal 0 -0.32143405019337223 0.9469319676599183
    outer loop
      vertex 57.5 1.2346324920654297 114.34776306152344
      vertex 0 1.4823617935180664 114.43185424804688
      vertex 0 1.2346324920654297 114.34776306152344
    endloop
  endfacet
  facet normal 0 0 1
    outer loop
      vertex 30.04903793334961 -5.75 4
      vertex 35.75 -11 4
      vertex 57.5 0 4
    endloop
  endfacet
  facet normal 0 0 1
    outer loop
      vertex 30.25 -9 4
      vertex 35.75 -11 4
      vertex 30.25 -6.5 4
    endloop
  endfacet
  facet normal 0 0 1
    outer loop
      vertex 35.75 -11 4
      vertex 30.19888687133789 -6.1117706298828125 4
      vertex 30.25 -6.5 4
    endloop
  endfacet
  facet normal 0 0 1
    outer loop
      vertex 35.75 -11 4
      vertex 30.04903793334961 -5.75 4
      vertex 30.19888687133789 -6.1117706298828125 4
    endloop
  endfacet
  facet normal 0 0 1
    outer loop
      vertex 57.5 0 4
      vertex 29.810659408569336 -5.439339637756348 4
      vertex 30.04903793334961 -5.75 4
    endloop
  endfacet
  facet normal 0 0 1
    outer loop
      vertex 57.5 0 4
      vertex 29.5 -5.200961112976074 4
      vertex 29.810659408569336 -5.439339637756348 4
    endloop
  endfacet
  facet normal 0 0 1
    outer loop
      vertex 57.5 0 4
      vertex 29.138229370117188 -5.051111221313477 4
      vertex 29.5 -5.200961112976074 4
    endloop
  endfacet
  facet normal 0 0 1
    outer loop
      vertex 57.5 0 4
      vertex 28.75 -5 4
      vertex 29.138229370117188 -5.051111221313477 4
    endloop
  endfacet
  facet normal 0 0 1
    outer loop
      vertex 0 0 4
      vertex 28.75 -5 4
      vertex 57.5 0 4
    endloop
  endfacet
  facet normal 0 0 1
    outer loop
      vertex 21.75 -11 4
      vertex 27.25 -9 4
      vertex 27.25 -6.5 4
    endloop
  endfacet
  facet normal 0 0 1
    outer loop
      vertex 21.75 -11 4
      vertex 27.25 -6.5 4
      vertex 27.301111221313477 -6.1117706298828125 4
    endloop
  endfacet
  facet normal 0 0 1
    outer loop
      vertex 27.25 -9 4
      vertex 21.75 -11 4
      vertex 25.91666603088379 -11 4
    endloop
  endfacet
  facet normal 0 0 1
    outer loop
      vertex 27.45096206665039 -5.75 4
      vertex 21.75 -11 4
      vertex 27.301111221313477 -6.1117706298828125 4
    endloop
  endfacet
  facet normal 0 0 1
    outer loop
      vertex 0 0 4
      vertex 27.45096206665039 -5.75 4
      vertex 27.68933868408203 -5.439339637756348 4
    endloop
  endfacet
  facet normal 0 0 1
    outer loop
      vertex 27.45096206665039 -5.75 4
      vertex 0 0 4
      vertex 21.75 -11 4
    endloop
  endfacet
  facet normal 0 0 1
    outer loop
      vertex 28 -5.200961112976074 4
      vertex 0 0 4
      vertex 27.68933868408203 -5.439339637756348 4
    endloop
  endfacet
  facet normal 0 0 1
    outer loop
      vertex 28.361770629882812 -5.051111221313477 4
      vertex 0 0 4
      vertex 28 -5.200961112976074 4
    endloop
  endfacet
  facet normal 0 0 1
    outer loop
      vertex 28.75 -5 4
      vertex 0 0 4
      vertex 28.361770629882812 -5.051111221313477 4
    endloop
  endfacet
  facet normal 0 0 1
    outer loop
      vertex 35.75 -11 4
      vertex 30.25 -9 4
      vertex 31.58333396911621 -11 4
    endloop
  endfacet
  facet normal 0 -1 0
    outer loop
      vertex 21.75 -11 0
      vertex 25.91666603088379 -11 4
      vertex 21.75 -11 4
    endloop
  endfacet
  facet normal 0 -1 0
    outer loop
      vertex 25.91666603088379 -11 4
      vertex 21.75 -11 0
      vertex 25.91666603088379 -11 0
    endloop
  endfacet
  facet normal 0 -1 0
    outer loop
      vertex 31.58333396911621 -11 0
      vertex 35.75 -11 4
      vertex 31.58333396911621 -11 4
    endloop
  endfacet
  facet normal 0 -1 0
    outer loop
      vertex 35.75 -11 4
      vertex 31.58333396911621 -11 0
      vertex 35.75 -11 0
    endloop
  endfacet
  facet normal -0.4513117242972579 -0.8923663639513963 0
    outer loop
      vertex 0 0 0
      vertex 21.75 -11 4
      vertex 0 0 4
    endloop
  endfacet
  facet normal -0.4513117242972579 -0.8923663639513963 0
    outer loop
      vertex 21.75 -11 4
      vertex 0 0 0
      vertex 21.75 -11 0
    endloop
  endfacet
  facet normal 0.4513117242972579 -0.8923663639513963 0
    outer loop
      vertex 35.75 -11 0
      vertex 57.5 0 4
      vertex 35.75 -11 4
    endloop
  endfacet
  facet normal 0.4513117242972579 -0.8923663639513963 0
    outer loop
      vertex 57.5 0 4
      vertex 35.75 -11 0
      vertex 57.5 0 0
    endloop
  endfacet
  facet normal -1 0 0
    outer loop
      vertex 30.25 -9 0
      vertex 30.25 -6.5 4
      vertex 30.25 -6.5 0
    endloop
  endfacet
  facet normal -1 0 0
    outer loop
      vertex 30.25 -6.5 4
      vertex 30.25 -9 0
      vertex 30.25 -9 4
    endloop
  endfacet
  facet normal -0.9914442789083516 -0.13053061640817715 0
    outer loop
      vertex 30.25 -6.5 0
      vertex 30.19888687133789 -6.1117706298828125 4
      vertex 30.19888687133789 -6.1117706298828125 0
    endloop
  endfacet
  facet normal -0.9914442789083516 -0.13053061640817715 0
    outer loop
      vertex 30.19888687133789 -6.1117706298828125 4
      vertex 30.25 -6.5 0
      vertex 30.25 -6.5 4
    endloop
  endfacet
  facet normal -0.9238807634942465 -0.3826804604958137 0
    outer loop
      vertex 30.19888687133789 -6.1117706298828125 0
      vertex 30.04903793334961 -5.75 4
      vertex 30.04903793334961 -5.75 0
    endloop
  endfacet
  facet normal -0.9238807634942465 -0.3826804604958137 0
    outer loop
      vertex 30.04903793334961 -5.75 4
      vertex 30.19888687133789 -6.1117706298828125 0
      vertex 30.19888687133789 -6.1117706298828125 4
    endloop
  endfacet
  facet normal -0.7933527917664623 -0.6087621438594553 0
    outer loop
      vertex 30.04903793334961 -5.75 0
      vertex 29.810659408569336 -5.439339637756348 4
      vertex 29.810659408569336 -5.439339637756348 0
    endloop
  endfacet
  facet normal -0.7933527917664623 -0.6087621438594553 0
    outer loop
      vertex 29.810659408569336 -5.439339637756348 4
      vertex 30.04903793334961 -5.75 0
      vertex 30.04903793334961 -5.75 4
    endloop
  endfacet
  facet normal -0.6087633200973881 -0.793351889204283 0
    outer loop
      vertex 29.5 -5.200961112976074 0
      vertex 29.810659408569336 -5.439339637756348 4
      vertex 29.5 -5.200961112976074 4
    endloop
  endfacet
  facet normal -0.6087633200973881 -0.793351889204283 0
    outer loop
      vertex 29.810659408569336 -5.439339637756348 4
      vertex 29.5 -5.200961112976074 0
      vertex 29.810659408569336 -5.439339637756348 0
    endloop
  endfacet
  facet normal -0.38268253930174495 -0.9238799024297306 0
    outer loop
      vertex 29.138229370117188 -5.051111221313477 0
      vertex 29.5 -5.200961112976074 4
      vertex 29.138229370117188 -5.051111221313477 4
    endloop
  endfacet
  facet normal -0.38268253930174495 -0.9238799024297306 0
    outer loop
      vertex 29.5 -5.200961112976074 4
      vertex 29.138229370117188 -5.051111221313477 0
      vertex 29.5 -5.200961112976074 0
    endloop
  endfacet
  facet normal -0.13052582848644545 -0.9914449092601803 0
    outer loop
      vertex 28.75 -5 0
      vertex 29.138229370117188 -5.051111221313477 4
      vertex 28.75 -5 4
    endloop
  endfacet
  facet normal -0.13052582848644545 -0.9914449092601803 0
    outer loop
      vertex 29.138229370117188 -5.051111221313477 4
      vertex 28.75 -5 0
      vertex 29.138229370117188 -5.051111221313477 0
    endloop
  endfacet
  facet normal 0.13052582848644545 -0.9914449092601803 0
    outer loop
      vertex 28.361770629882812 -5.051111221313477 0
      vertex 28.75 -5 4
      vertex 28.361770629882812 -5.051111221313477 4
    endloop
  endfacet
  facet normal 0.13052582848644545 -0.9914449092601803 0
    outer loop
      vertex 28.75 -5 4
      vertex 28.361770629882812 -5.051111221313477 0
      vertex 28.75 -5 0
    endloop
  endfacet
  facet normal 0.38268253930174495 -0.9238799024297306 0
    outer loop
      vertex 28 -5.200961112976074 0
      vertex 28.361770629882812 -5.051111221313477 4
      vertex 28 -5.200961112976074 4
    endloop
  endfacet
  facet normal 0.38268253930174495 -0.9238799024297306 0
    outer loop
      vertex 28.361770629882812 -5.051111221313477 4
      vertex 28 -5.200961112976074 0
      vertex 28.361770629882812 -5.051111221313477 0
    endloop
  endfacet
  facet normal 0.6087609676247296 -0.7933536943234101 0
    outer loop
      vertex 27.68933868408203 -5.439339637756348 0
      vertex 28 -5.200961112976074 4
      vertex 27.68933868408203 -5.439339637756348 4
    endloop
  endfacet
  facet normal 0.6087609676247296 -0.7933536943234101 0
    outer loop
      vertex 28 -5.200961112976074 4
      vertex 27.68933868408203 -5.439339637756348 0
      vertex 28 -5.200961112976074 0
    endloop
  endfacet
  facet normal 0.7933551442401728 -0.6087590780494815 0
    outer loop
      vertex 27.45096206665039 -5.75 4
      vertex 27.68933868408203 -5.439339637756348 0
      vertex 27.68933868408203 -5.439339637756348 4
    endloop
  endfacet
  facet normal 0.7933551442401728 -0.6087590780494815 0
    outer loop
      vertex 27.68933868408203 -5.439339637756348 0
      vertex 27.45096206665039 -5.75 4
      vertex 27.45096206665039 -5.75 0
    endloop
  endfacet
  facet normal 0.9238790413621422 -0.3826846181018637 0
    outer loop
      vertex 27.301111221313477 -6.1117706298828125 4
      vertex 27.45096206665039 -5.75 0
      vertex 27.45096206665039 -5.75 4
    endloop
  endfacet
  facet normal 0.9238790413621422 -0.3826846181018637 0
    outer loop
      vertex 27.45096206665039 -5.75 0
      vertex 27.301111221313477 -6.1117706298828125 4
      vertex 27.301111221313477 -6.1117706298828125 0
    endloop
  endfacet
  facet normal 0.9914449092601803 -0.13052582848644545 0
    outer loop
      vertex 27.25 -6.5 4
      vertex 27.301111221313477 -6.1117706298828125 0
      vertex 27.301111221313477 -6.1117706298828125 4
    endloop
  endfacet
  facet normal 0.9914449092601803 -0.13052582848644545 0
    outer loop
      vertex 27.301111221313477 -6.1117706298828125 0
      vertex 27.25 -6.5 4
      vertex 27.25 -6.5 0
    endloop
  endfacet
  facet normal 1 0 0
    outer loop
      vertex 27.25 -9 4
      vertex 27.25 -6.5 0
      vertex 27.25 -6.5 4
    endloop
  endfacet
  facet normal 1 0 0
    outer loop
      vertex 27.25 -6.5 0
      vertex 27.25 -9 4
      vertex 27.25 -9 0
    endloop
  endfacet
  facet normal 0.8320501722601498 -0.5547003793417262 0
    outer loop
      vertex 25.91666603088379 -11 4
      vertex 27.25 -9 0
      vertex 27.25 -9 4
    endloop
  endfacet
  facet normal 0.8320501722601498 -0.5547003793417262 0
    outer loop
      vertex 27.25 -9 0
      vertex 25.91666603088379 -11 4
      vertex 25.91666603088379 -11 0
    endloop
  endfacet
  facet normal -0.8320501722601498 -0.5547003793417262 0
    outer loop
      vertex 31.58333396911621 -11 0
      vertex 30.25 -9 4
      vertex 30.25 -9 0
    endloop
  endfacet
  facet normal -0.8320501722601498 -0.5547003793417262 0
    outer loop
      vertex 30.25 -9 4
      vertex 31.58333396911621 -11 0
      vertex 31.58333396911621 -11 4
    endloop
  endfacet
  facet normal 0 0 1
    outer loop
      vertex 0 28 78.6500015258789
      vertex 1 29.7320499420166 78.6500015258789
      vertex 0.7824764251708984 29.586706161499023 78.6500015258789
    endloop
  endfacet
  facet normal 0 0 1
    outer loop
      vertex 56.5 29.7320499420166 78.6500015258789
      vertex 57.5 28 78.6500015258789
      vertex 57.482887268066406 28.261051177978516 78.6500015258789
    endloop
  endfacet
  facet normal 0 0 1
    outer loop
      vertex 56.5 29.7320499420166 78.6500015258789
      vertex 57.482887268066406 28.261051177978516 78.6500015258789
      vertex 57.43185043334961 28.517637252807617 78.6500015258789
    endloop
  endfacet
  facet normal 0 0 1
    outer loop
      vertex 56.5 29.7320499420166 78.6500015258789
      vertex 57.43185043334961 28.517637252807617 78.6500015258789
      vertex 57.34775924682617 28.765365600585938 78.6500015258789
    endloop
  endfacet
  facet normal 0 0 1
    outer loop
      vertex 56.5 29.7320499420166 78.6500015258789
      vertex 57.34775924682617 28.765365600585938 78.6500015258789
      vertex 57.23204803466797 29 78.6500015258789
    endloop
  endfacet
  facet normal 0 0 1
    outer loop
      vertex 56.5 29.7320499420166 78.6500015258789
      vertex 57.23204803466797 29 78.6500015258789
      vertex 57.086708068847656 29.21752166748047 78.6500015258789
    endloop
  endfacet
  facet normal 0 0 1
    outer loop
      vertex 56.5 29.7320499420166 78.6500015258789
      vertex 57.086708068847656 29.21752166748047 78.6500015258789
      vertex 56.914215087890625 29.414213180541992 78.6500015258789
    endloop
  endfacet
  facet normal 0 0 1
    outer loop
      vertex 56.5 29.7320499420166 78.6500015258789
      vertex 56.914215087890625 29.414213180541992 78.6500015258789
      vertex 56.71752166748047 29.586706161499023 78.6500015258789
    endloop
  endfacet
  facet normal 0 0 1
    outer loop
      vertex 57.5 28 78.6500015258789
      vertex 56.5 29.7320499420166 78.6500015258789
      vertex 56.5 1 78.6500015258789
    endloop
  endfacet
  facet normal 0 0 1
    outer loop
      vertex 57.5 28 78.6500015258789
      vertex 56.5 1 78.6500015258789
      vertex 57.5 0 78.6500015258789
    endloop
  endfacet
  facet normal 0 0 1
    outer loop
      vertex 1 1 78.6500015258789
      vertex 57.5 0 78.6500015258789
      vertex 56.5 1 78.6500015258789
    endloop
  endfacet
  facet normal 0 0 1
    outer loop
      vertex 0 28 78.6500015258789
      vertex 0.7824764251708984 29.586706161499023 78.6500015258789
      vertex 0.5857858657836914 29.414213180541992 78.6500015258789
    endloop
  endfacet
  facet normal 0 0 1
    outer loop
      vertex 0 28 78.6500015258789
      vertex 0.5857858657836914 29.414213180541992 78.6500015258789
      vertex 0.41329288482666016 29.21752166748047 78.6500015258789
    endloop
  endfacet
  facet normal 0 0 1
    outer loop
      vertex 0 28 78.6500015258789
      vertex 0.41329288482666016 29.21752166748047 78.6500015258789
      vertex 0.26794910430908203 29 78.6500015258789
    endloop
  endfacet
  facet normal 0 0 1
    outer loop
      vertex 0 28 78.6500015258789
      vertex 0.26794910430908203 29 78.6500015258789
      vertex 0.15224075317382812 28.765365600585938 78.6500015258789
    endloop
  endfacet
  facet normal 0 0 1
    outer loop
      vertex 0 28 78.6500015258789
      vertex 0.15224075317382812 28.765365600585938 78.6500015258789
      vertex 0.06814765930175781 28.517637252807617 78.6500015258789
    endloop
  endfacet
  facet normal 0 0 1
    outer loop
      vertex 0 28 78.6500015258789
      vertex 0.06814765930175781 28.517637252807617 78.6500015258789
      vertex 0.01710987091064453 28.261051177978516 78.6500015258789
    endloop
  endfacet
  facet normal 0 0 1
    outer loop
      vertex 1 29.7320499420166 78.6500015258789
      vertex 0 28 78.6500015258789
      vertex 1 1 78.6500015258789
    endloop
  endfacet
  facet normal 0 0 1
    outer loop
      vertex 1 1 78.6500015258789
      vertex 0 0 78.6500015258789
      vertex 57.5 0 78.6500015258789
    endloop
  endfacet
  facet normal 0 0 1
    outer loop
      vertex 0 0 78.6500015258789
      vertex 1 1 78.6500015258789
      vertex 0 28 78.6500015258789
    endloop
  endfacet
  facet normal 0 0 -1
    outer loop
      vertex 56.5 1 81.6500015258789
      vertex 57.5 28 81.6500015258789
      vertex 57.5 0 81.6500015258789
    endloop
  endfacet
  facet normal 0 0 -1
    outer loop
      vertex 56.5 29.7320499420166 81.6500015258789
      vertex 57.5 28 81.6500015258789
      vertex 56.5 1 81.6500015258789
    endloop
  endfacet
  facet normal 0 0 -1
    outer loop
      vertex 57.5 28 81.6500015258789
      vertex 56.5 29.7320499420166 81.6500015258789
      vertex 57.482887268066406 28.261051177978516 81.6500015258789
    endloop
  endfacet
  facet normal 0 0 -1
    outer loop
      vertex 57.482887268066406 28.261051177978516 81.6500015258789
      vertex 56.5 29.7320499420166 81.6500015258789
      vertex 57.43185043334961 28.517637252807617 81.6500015258789
    endloop
  endfacet
  facet normal 0 0 -1
    outer loop
      vertex 57.43185043334961 28.517637252807617 81.6500015258789
      vertex 56.5 29.7320499420166 81.6500015258789
      vertex 57.34775924682617 28.765365600585938 81.6500015258789
    endloop
  endfacet
  facet normal 0 0 -1
    outer loop
      vertex 57.34775924682617 28.765365600585938 81.6500015258789
      vertex 56.5 29.7320499420166 81.6500015258789
      vertex 57.23204803466797 29 81.6500015258789
    endloop
  endfacet
  facet normal 0 0 -1
    outer loop
      vertex 57.23204803466797 29 81.6500015258789
      vertex 56.5 29.7320499420166 81.6500015258789
      vertex 57.086708068847656 29.21752166748047 81.6500015258789
    endloop
  endfacet
  facet normal 0 0 -1
    outer loop
      vertex 57.086708068847656 29.21752166748047 81.6500015258789
      vertex 56.5 29.7320499420166 81.6500015258789
      vertex 56.914215087890625 29.414213180541992 81.6500015258789
    endloop
  endfacet
  facet normal 0 0 -1
    outer loop
      vertex 57.5 0 81.6500015258789
      vertex 1 1 81.6500015258789
      vertex 56.5 1 81.6500015258789
    endloop
  endfacet
  facet normal 0 0 -1
    outer loop
      vertex 0 28 81.6500015258789
      vertex 1 29.7320499420166 81.6500015258789
      vertex 1 1 81.6500015258789
    endloop
  endfacet
  facet normal 0 0 -1
    outer loop
      vertex 1 29.7320499420166 81.6500015258789
      vertex 0 28 81.6500015258789
      vertex 0.7824764251708984 29.586706161499023 81.6500015258789
    endloop
  endfacet
  facet normal 0 0 -1
    outer loop
      vertex 0.7824764251708984 29.586706161499023 81.6500015258789
      vertex 0 28 81.6500015258789
      vertex 0.5857858657836914 29.414213180541992 81.6500015258789
    endloop
  endfacet
  facet normal 0 0 -1
    outer loop
      vertex 0.5857858657836914 29.414213180541992 81.6500015258789
      vertex 0 28 81.6500015258789
      vertex 0.41329288482666016 29.21752166748047 81.6500015258789
    endloop
  endfacet
  facet normal 0 0 -1
    outer loop
      vertex 0.41329288482666016 29.21752166748047 81.6500015258789
      vertex 0 28 81.6500015258789
      vertex 0.26794910430908203 29 81.6500015258789
    endloop
  endfacet
  facet normal 0 0 -1
    outer loop
      vertex 0.26794910430908203 29 81.6500015258789
      vertex 0 28 81.6500015258789
      vertex 0.15224075317382812 28.765365600585938 81.6500015258789
    endloop
  endfacet
  facet normal 0 0 -1
    outer loop
      vertex 0.15224075317382812 28.765365600585938 81.6500015258789
      vertex 0 28 81.6500015258789
      vertex 0.06814765930175781 28.517637252807617 81.6500015258789
    endloop
  endfacet
  facet normal 0 0 -1
    outer loop
      vertex 0 0 81.6500015258789
      vertex 1 1 81.6500015258789
      vertex 57.5 0 81.6500015258789
    endloop
  endfacet
  facet normal 0 0 -1
    outer loop
      vertex 0 28 81.6500015258789
      vertex 1 1 81.6500015258789
      vertex 0 0 81.6500015258789
    endloop
  endfacet
  facet normal 0 0 -1
    outer loop
      vertex 0.06814765930175781 28.517637252807617 81.6500015258789
      vertex 0 28 81.6500015258789
      vertex 0.01710987091064453 28.261051177978516 81.6500015258789
    endloop
  endfacet
  facet normal 0 0 -1
    outer loop
      vertex 56.914215087890625 29.414213180541992 81.6500015258789
      vertex 56.5 29.7320499420166 81.6500015258789
      vertex 56.71752166748047 29.586706161499023 81.6500015258789
    endloop
  endfacet
  facet normal 1 0 0
    outer loop
      vertex 56.5 1 81.6500015258789
      vertex 56.5 29.7320499420166 78.6500015258789
      vertex 56.5 29.7320499420166 81.6500015258789
    endloop
  endfacet
  facet normal 1 0 0
    outer loop
      vertex 56.5 29.7320499420166 78.6500015258789
      vertex 56.5 1 81.6500015258789
      vertex 56.5 1 78.6500015258789
    endloop
  endfacet
  facet normal 0 -1 0
    outer loop
      vertex 1 1 78.6500015258789
      vertex 56.5 1 81.6500015258789
      vertex 1 1 81.6500015258789
    endloop
  endfacet
  facet normal 0 -1 0
    outer loop
      vertex 56.5 1 81.6500015258789
      vertex 1 1 78.6500015258789
      vertex 56.5 1 78.6500015258789
    endloop
  endfacet
  facet normal -1 0 0
    outer loop
      vertex 1 1 78.6500015258789
      vertex 1 29.7320499420166 81.6500015258789
      vertex 1 29.7320499420166 78.6500015258789
    endloop
  endfacet
  facet normal -1 0 0
    outer loop
      vertex 1 29.7320499420166 81.6500015258789
      vertex 1 1 78.6500015258789
      vertex 1 1 81.6500015258789
    endloop
  endfacet
  facet normal 0 0 1
    outer loop
      vertex 0 28 30.559999465942383
      vertex 1 29.7320499420166 30.559999465942383
      vertex 0.7824764251708984 29.586706161499023 30.559999465942383
    endloop
  endfacet
  facet normal 0 0 1
    outer loop
      vertex 56.5 29.7320499420166 30.559999465942383
      vertex 57.5 28 30.559999465942383
      vertex 57.482887268066406 28.261051177978516 30.559999465942383
    endloop
  endfacet
  facet normal 0 0 1
    outer loop
      vertex 56.5 29.7320499420166 30.559999465942383
      vertex 57.482887268066406 28.261051177978516 30.559999465942383
      vertex 57.43185043334961 28.517637252807617 30.559999465942383
    endloop
  endfacet
  facet normal 0 0 1
    outer loop
      vertex 56.5 29.7320499420166 30.559999465942383
      vertex 57.43185043334961 28.517637252807617 30.559999465942383
      vertex 57.34775924682617 28.765365600585938 30.559999465942383
    endloop
  endfacet
  facet normal 0 0 1
    outer loop
      vertex 56.5 29.7320499420166 30.559999465942383
      vertex 57.34775924682617 28.765365600585938 30.559999465942383
      vertex 57.23204803466797 29 30.559999465942383
    endloop
  endfacet
  facet normal 0 0 1
    outer loop
      vertex 56.5 29.7320499420166 30.559999465942383
      vertex 57.23204803466797 29 30.559999465942383
      vertex 57.086708068847656 29.21752166748047 30.559999465942383
    endloop
  endfacet
  facet normal 0 0 1
    outer loop
      vertex 56.5 29.7320499420166 30.559999465942383
      vertex 57.086708068847656 29.21752166748047 30.559999465942383
      vertex 56.914215087890625 29.414213180541992 30.559999465942383
    endloop
  endfacet
  facet normal 0 0 1
    outer loop
      vertex 56.5 29.7320499420166 30.559999465942383
      vertex 56.914215087890625 29.414213180541992 30.559999465942383
      vertex 56.71752166748047 29.586706161499023 30.559999465942383
    endloop
  endfacet
  facet normal 0 0 1
    outer loop
      vertex 57.5 28 30.559999465942383
      vertex 56.5 29.7320499420166 30.559999465942383
      vertex 56.5 1 30.559999465942383
    endloop
  endfacet
  facet normal 0 0 1
    outer loop
      vertex 57.5 28 30.559999465942383
      vertex 56.5 1 30.559999465942383
      vertex 57.5 0 30.559999465942383
    endloop
  endfacet
  facet normal 0 0 1
    outer loop
      vertex 1 1 30.559999465942383
      vertex 57.5 0 30.559999465942383
      vertex 56.5 1 30.559999465942383
    endloop
  endfacet
  facet normal 0 0 1
    outer loop
      vertex 0 28 30.559999465942383
      vertex 0.7824764251708984 29.586706161499023 30.559999465942383
      vertex 0.5857858657836914 29.414213180541992 30.559999465942383
    endloop
  endfacet
  facet normal 0 0 1
    outer loop
      vertex 0 28 30.559999465942383
      vertex 0.5857858657836914 29.414213180541992 30.559999465942383
      vertex 0.41329288482666016 29.21752166748047 30.559999465942383
    endloop
  endfacet
  facet normal 0 0 1
    outer loop
      vertex 0 28 30.559999465942383
      vertex 0.41329288482666016 29.21752166748047 30.559999465942383
      vertex 0.26794910430908203 29 30.559999465942383
    endloop
  endfacet
  facet normal 0 0 1
    outer loop
      vertex 0 28 30.559999465942383
      vertex 0.26794910430908203 29 30.559999465942383
      vertex 0.15224075317382812 28.765365600585938 30.559999465942383
    endloop
  endfacet
  facet normal 0 0 1
    outer loop
      vertex 0 28 30.559999465942383
      vertex 0.15224075317382812 28.765365600585938 30.559999465942383
      vertex 0.06814765930175781 28.517637252807617 30.559999465942383
    endloop
  endfacet
  facet normal 0 0 1
    outer loop
      vertex 0 28 30.559999465942383
      vertex 0.06814765930175781 28.517637252807617 30.559999465942383
      vertex 0.01710987091064453 28.261051177978516 30.559999465942383
    endloop
  endfacet
  facet normal 0 0 1
    outer loop
      vertex 1 29.7320499420166 30.559999465942383
      vertex 0 28 30.559999465942383
      vertex 1 1 30.559999465942383
    endloop
  endfacet
  facet normal 0 0 1
    outer loop
      vertex 1 1 30.559999465942383
      vertex 0 0 30.559999465942383
      vertex 57.5 0 30.559999465942383
    endloop
  endfacet
  facet normal 0 0 1
    outer loop
      vertex 0 0 30.559999465942383
      vertex 1 1 30.559999465942383
      vertex 0 28 30.559999465942383
    endloop
  endfacet
  facet normal 0 0 -1
    outer loop
      vertex 56.5 1 33.560001373291016
      vertex 57.5 28 33.560001373291016
      vertex 57.5 0 33.560001373291016
    endloop
  endfacet
  facet normal 0 0 -1
    outer loop
      vertex 56.5 29.7320499420166 33.560001373291016
      vertex 57.5 28 33.560001373291016
      vertex 56.5 1 33.560001373291016
    endloop
  endfacet
  facet normal 0 0 -1
    outer loop
      vertex 57.5 28 33.560001373291016
      vertex 56.5 29.7320499420166 33.560001373291016
      vertex 57.482887268066406 28.261051177978516 33.560001373291016
    endloop
  endfacet
  facet normal 0 0 -1
    outer loop
      vertex 57.482887268066406 28.261051177978516 33.560001373291016
      vertex 56.5 29.7320499420166 33.560001373291016
      vertex 57.43185043334961 28.517637252807617 33.560001373291016
    endloop
  endfacet
  facet normal 0 0 -1
    outer loop
      vertex 57.43185043334961 28.517637252807617 33.560001373291016
      vertex 56.5 29.7320499420166 33.560001373291016
      vertex 57.34775924682617 28.765365600585938 33.560001373291016
    endloop
  endfacet
  facet normal 0 0 -1
    outer loop
      vertex 57.34775924682617 28.765365600585938 33.560001373291016
      vertex 56.5 29.7320499420166 33.560001373291016
      vertex 57.23204803466797 29 33.560001373291016
    endloop
  endfacet
  facet normal 0 0 -1
    outer loop
      vertex 57.23204803466797 29 33.560001373291016
      vertex 56.5 29.7320499420166 33.560001373291016
      vertex 57.086708068847656 29.21752166748047 33.560001373291016
    endloop
  endfacet
  facet normal 0 0 -1
    outer loop
      vertex 57.086708068847656 29.21752166748047 33.560001373291016
      vertex 56.5 29.7320499420166 33.560001373291016
      vertex 56.914215087890625 29.414213180541992 33.560001373291016
    endloop
  endfacet
  facet normal 0 0 -1
    outer loop
      vertex 57.5 0 33.560001373291016
      vertex 1 1 33.560001373291016
      vertex 56.5 1 33.560001373291016
    endloop
  endfacet
  facet normal 0 0 -1
    outer loop
      vertex 0 28 33.560001373291016
      vertex 1 29.7320499420166 33.560001373291016
      vertex 1 1 33.560001373291016
    endloop
  endfacet
  facet normal 0 0 -1
    outer loop
      vertex 1 29.7320499420166 33.560001373291016
      vertex 0 28 33.560001373291016
      vertex 0.7824764251708984 29.586706161499023 33.560001373291016
    endloop
  endfacet
  facet normal 0 0 -1
    outer loop
      vertex 0.7824764251708984 29.586706161499023 33.560001373291016
      vertex 0 28 33.560001373291016
      vertex 0.5857858657836914 29.414213180541992 33.560001373291016
    endloop
  endfacet
  facet normal 0 0 -1
    outer loop
      vertex 0.5857858657836914 29.414213180541992 33.560001373291016
      vertex 0 28 33.560001373291016
      vertex 0.41329288482666016 29.21752166748047 33.560001373291016
    endloop
  endfacet
  facet normal 0 0 -1
    outer loop
      vertex 0.41329288482666016 29.21752166748047 33.560001373291016
      vertex 0 28 33.560001373291016
      vertex 0.26794910430908203 29 33.560001373291016
    endloop
  endfacet
  facet normal 0 0 -1
    outer loop
      vertex 0.26794910430908203 29 33.560001373291016
      vertex 0 28 33.560001373291016
      vertex 0.15224075317382812 28.765365600585938 33.560001373291016
    endloop
  endfacet
  facet normal 0 0 -1
    outer loop
      vertex 0.15224075317382812 28.765365600585938 33.560001373291016
      vertex 0 28 33.560001373291016
      vertex 0.06814765930175781 28.517637252807617 33.560001373291016
    endloop
  endfacet
  facet normal 0 0 -1
    outer loop
      vertex 0 0 33.560001373291016
      vertex 1 1 33.560001373291016
      vertex 57.5 0 33.560001373291016
    endloop
  endfacet
  facet normal 0 0 -1
    outer loop
      vertex 0 28 33.560001373291016
      vertex 1 1 33.560001373291016
      vertex 0 0 33.560001373291016
    endloop
  endfacet
  facet normal 0 0 -1
    outer loop
      vertex 0.06814765930175781 28.517637252807617 33.560001373291016
      vertex 0 28 33.560001373291016
      vertex 0.01710987091064453 28.261051177978516 33.560001373291016
    endloop
  endfacet
  facet normal 0 0 -1
    outer loop
      vertex 56.914215087890625 29.414213180541992 33.560001373291016
      vertex 56.5 29.7320499420166 33.560001373291016
      vertex 56.71752166748047 29.586706161499023 33.560001373291016
    endloop
  endfacet
  facet normal 1 0 0
    outer loop
      vertex 56.5 1 33.560001373291016
      vertex 56.5 29.7320499420166 30.559999465942383
      vertex 56.5 29.7320499420166 33.560001373291016
    endloop
  endfacet
  facet normal 1 0 0
    outer loop
      vertex 56.5 29.7320499420166 30.559999465942383
      vertex 56.5 1 33.560001373291016
      vertex 56.5 1 30.559999465942383
    endloop
  endfacet
  facet normal 0 -1 0
    outer loop
      vertex 1 1 30.559999465942383
      vertex 56.5 1 33.560001373291016
      vertex 1 1 33.560001373291016
    endloop
  endfacet
  facet normal 0 -1 0
    outer loop
      vertex 56.5 1 33.560001373291016
      vertex 1 1 30.559999465942383
      vertex 56.5 1 30.559999465942383
    endloop
  endfacet
  facet normal -1 0 0
    outer loop
      vertex 1 1 30.559999465942383
      vertex 1 29.7320499420166 33.560001373291016
      vertex 1 29.7320499420166 30.559999465942383
    endloop
  endfacet
  facet normal -1 0 0
    outer loop
      vertex 1 29.7320499420166 33.560001373291016
      vertex 1 1 30.559999465942383
      vertex 1 1 33.560001373291016
    endloop
  endfacet
  facet normal -1 0 0
    outer loop
      vertex 54.5 3 0
      vertex 54.5 30 111.5
      vertex 54.5 30 0
    endloop
  endfacet
  facet normal -1 0 0
    outer loop
      vertex 54.5 30 111.5
      vertex 54.5 3 0
      vertex 54.5 3 111.5
    endloop
  endfacet
  facet normal 0 1 0
    outer loop
      vertex 54.5 3 0
      vertex 3 3 111.5
      vertex 54.5 3 111.5
    endloop
  endfacet
  facet normal 0 1 0
    outer loop
      vertex 3 3 111.5
      vertex 54.5 3 0
      vertex 3 3 0
    endloop
  endfacet
  facet normal 1 0 0
    outer loop
      vertex 3 3 111.5
      vertex 3 30 0
      vertex 3 30 111.5
    endloop
  endfacet
  facet normal 1 0 0
    outer loop
      vertex 3 30 0
      vertex 3 3 111.5
      vertex 3 3 0
    endloop
  endfacet
  facet normal 0 0 -1
    outer loop
      vertex 54.5 3 111.5
      vertex 30.75 16.5 111.5
      vertex 54.5 30 111.5
    endloop
  endfacet
  facet normal 0 0 -1
    outer loop
      vertex 54.5 3 111.5
      vertex 30.73288917541504 16.23894691467285 111.5
      vertex 30.75 16.5 111.5
    endloop
  endfacet
  facet normal 0 0 -1
    outer loop
      vertex 54.5 3 111.5
      vertex 30.68185043334961 15.982361793518066 111.5
      vertex 30.73288917541504 16.23894691467285 111.5
    endloop
  endfacet
  facet normal 0 0 -1
    outer loop
      vertex 54.5 3 111.5
      vertex 30.597759246826172 15.73463249206543 111.5
      vertex 30.68185043334961 15.982361793518066 111.5
    endloop
  endfacet
  facet normal 0 0 -1
    outer loop
      vertex 54.5 3 111.5
      vertex 30.4820499420166 15.5 111.5
      vertex 30.597759246826172 15.73463249206543 111.5
    endloop
  endfacet
  facet normal 0 0 -1
    outer loop
      vertex 54.5 3 111.5
      vertex 30.336706161499023 15.282476425170898 111.5
      vertex 30.4820499420166 15.5 111.5
    endloop
  endfacet
  facet normal 0 0 -1
    outer loop
      vertex 54.5 3 111.5
      vertex 30.164213180541992 15.085785865783691 111.5
      vertex 30.336706161499023 15.282476425170898 111.5
    endloop
  endfacet
  facet normal 0 0 -1
    outer loop
      vertex 54.5 3 111.5
      vertex 29.96752166748047 14.91329288482666 111.5
      vertex 30.164213180541992 15.085785865783691 111.5
    endloop
  endfacet
  facet normal 0 0 -1
    outer loop
      vertex 54.5 3 111.5
      vertex 29.75 14.767949104309082 111.5
      vertex 29.96752166748047 14.91329288482666 111.5
    endloop
  endfacet
  facet normal 0 0 -1
    outer loop
      vertex 54.5 3 111.5
      vertex 29.515365600585938 14.652240753173828 111.5
      vertex 29.75 14.767949104309082 111.5
    endloop
  endfacet
  facet normal 0 0 -1
    outer loop
      vertex 54.5 3 111.5
      vertex 29.267637252807617 14.568147659301758 111.5
      vertex 29.515365600585938 14.652240753173828 111.5
    endloop
  endfacet
  facet normal 0 0 -1
    outer loop
      vertex 54.5 3 111.5
      vertex 29.011051177978516 14.517109870910645 111.5
      vertex 29.267637252807617 14.568147659301758 111.5
    endloop
  endfacet
  facet normal 0 0 -1
    outer loop
      vertex 54.5 3 111.5
      vertex 28.75 14.5 111.5
      vertex 29.011051177978516 14.517109870910645 111.5
    endloop
  endfacet
  facet normal 0 0 -1
    outer loop
      vertex 3 3 111.5
      vertex 28.75 14.5 111.5
      vertex 54.5 3 111.5
    endloop
  endfacet
  facet normal 0 0 -1
    outer loop
      vertex 28.75 14.5 111.5
      vertex 3 3 111.5
      vertex 28.48894691467285 14.517109870910645 111.5
    endloop
  endfacet
  facet normal 0 0 -1
    outer loop
      vertex 28.48894691467285 14.517109870910645 111.5
      vertex 3 3 111.5
      vertex 28.23236083984375 14.568147659301758 111.5
    endloop
  endfacet
  facet normal 0 0 -1
    outer loop
      vertex 26.767108917236328 16.23894691467285 111.5
      vertex 3 3 111.5
      vertex 26.75 16.5 111.5
    endloop
  endfacet
  facet normal 0 0 -1
    outer loop
      vertex 26.818147659301758 15.982361793518066 111.5
      vertex 3 3 111.5
      vertex 26.767108917236328 16.23894691467285 111.5
    endloop
  endfacet
  facet normal 0 0 -1
    outer loop
      vertex 26.902240753173828 15.73463249206543 111.5
      vertex 3 3 111.5
      vertex 26.818147659301758 15.982361793518066 111.5
    endloop
  endfacet
  facet normal 0 0 -1
    outer loop
      vertex 27.017948150634766 15.5 111.5
      vertex 3 3 111.5
      vertex 26.902240753173828 15.73463249206543 111.5
    endloop
  endfacet
  facet normal 0 0 -1
    outer loop
      vertex 27.163291931152344 15.282476425170898 111.5
      vertex 3 3 111.5
      vertex 27.017948150634766 15.5 111.5
    endloop
  endfacet
  facet normal 0 0 -1
    outer loop
      vertex 27.335784912109375 15.085785865783691 111.5
      vertex 3 3 111.5
      vertex 27.163291931152344 15.282476425170898 111.5
    endloop
  endfacet
  facet normal 0 0 -1
    outer loop
      vertex 27.5324764251709 14.91329288482666 111.5
      vertex 3 3 111.5
      vertex 27.335784912109375 15.085785865783691 111.5
    endloop
  endfacet
  facet normal 0 0 -1
    outer loop
      vertex 27.75 14.767949104309082 111.5
      vertex 3 3 111.5
      vertex 27.5324764251709 14.91329288482666 111.5
    endloop
  endfacet
  facet normal 0 0 -1
    outer loop
      vertex 27.98463249206543 14.652240753173828 111.5
      vertex 3 3 111.5
      vertex 27.75 14.767949104309082 111.5
    endloop
  endfacet
  facet normal 0 0 -1
    outer loop
      vertex 28.23236083984375 14.568147659301758 111.5
      vertex 3 3 111.5
      vertex 27.98463249206543 14.652240753173828 111.5
    endloop
  endfacet
  facet normal 0 0 -1
    outer loop
      vertex 30.73288917541504 16.761051177978516 111.5
      vertex 54.5 30 111.5
      vertex 30.75 16.5 111.5
    endloop
  endfacet
  facet normal 0 0 -1
    outer loop
      vertex 30.68185043334961 17.017637252807617 111.5
      vertex 54.5 30 111.5
      vertex 30.73288917541504 16.761051177978516 111.5
    endloop
  endfacet
  facet normal 0 0 -1
    outer loop
      vertex 30.597759246826172 17.265365600585938 111.5
      vertex 54.5 30 111.5
      vertex 30.68185043334961 17.017637252807617 111.5
    endloop
  endfacet
  facet normal 0 0 -1
    outer loop
      vertex 30.4820499420166 17.5 111.5
      vertex 54.5 30 111.5
      vertex 30.597759246826172 17.265365600585938 111.5
    endloop
  endfacet
  facet normal 0 0 -1
    outer loop
      vertex 30.336706161499023 17.71752166748047 111.5
      vertex 54.5 30 111.5
      vertex 30.4820499420166 17.5 111.5
    endloop
  endfacet
  facet normal 0 0 -1
    outer loop
      vertex 30.164213180541992 17.914213180541992 111.5
      vertex 54.5 30 111.5
      vertex 30.336706161499023 17.71752166748047 111.5
    endloop
  endfacet
  facet normal 0 0 -1
    outer loop
      vertex 29.96752166748047 18.086706161499023 111.5
      vertex 54.5 30 111.5
      vertex 30.164213180541992 17.914213180541992 111.5
    endloop
  endfacet
  facet normal 0 0 -1
    outer loop
      vertex 29.75 18.2320499420166 111.5
      vertex 54.5 30 111.5
      vertex 29.96752166748047 18.086706161499023 111.5
    endloop
  endfacet
  facet normal 0 0 -1
    outer loop
      vertex 29.515365600585938 18.347759246826172 111.5
      vertex 54.5 30 111.5
      vertex 29.75 18.2320499420166 111.5
    endloop
  endfacet
  facet normal 0 0 -1
    outer loop
      vertex 29.267637252807617 18.43185043334961 111.5
      vertex 54.5 30 111.5
      vertex 29.515365600585938 18.347759246826172 111.5
    endloop
  endfacet
  facet normal 0 0 -1
    outer loop
      vertex 29.011051177978516 18.48288917541504 111.5
      vertex 54.5 30 111.5
      vertex 29.267637252807617 18.43185043334961 111.5
    endloop
  endfacet
  facet normal 0 0 -1
    outer loop
      vertex 28.75 18.5 111.5
      vertex 54.5 30 111.5
      vertex 29.011051177978516 18.48288917541504 111.5
    endloop
  endfacet
  facet normal 0 0 -1
    outer loop
      vertex 3 30 111.5
      vertex 28.75 18.5 111.5
      vertex 28.48894691467285 18.48288917541504 111.5
    endloop
  endfacet
  facet normal 0 0 -1
    outer loop
      vertex 3 30 111.5
      vertex 28.48894691467285 18.48288917541504 111.5
      vertex 28.23236083984375 18.43185043334961 111.5
    endloop
  endfacet
  facet normal 0 0 -1
    outer loop
      vertex 3 30 111.5
      vertex 28.23236083984375 18.43185043334961 111.5
      vertex 27.98463249206543 18.347759246826172 111.5
    endloop
  endfacet
  facet normal 0 0 -1
    outer loop
      vertex 3 30 111.5
      vertex 26.75 16.5 111.5
      vertex 3 3 111.5
    endloop
  endfacet
  facet normal 0 0 -1
    outer loop
      vertex 26.75 16.5 111.5
      vertex 3 30 111.5
      vertex 26.767108917236328 16.761051177978516 111.5
    endloop
  endfacet
  facet normal 0 0 -1
    outer loop
      vertex 26.767108917236328 16.761051177978516 111.5
      vertex 3 30 111.5
      vertex 26.818147659301758 17.017637252807617 111.5
    endloop
  endfacet
  facet normal 0 0 -1
    outer loop
      vertex 26.818147659301758 17.017637252807617 111.5
      vertex 3 30 111.5
      vertex 26.902240753173828 17.265365600585938 111.5
    endloop
  endfacet
  facet normal 0 0 -1
    outer loop
      vertex 26.902240753173828 17.265365600585938 111.5
      vertex 3 30 111.5
      vertex 27.017948150634766 17.5 111.5
    endloop
  endfacet
  facet normal 0 0 -1
    outer loop
      vertex 27.017948150634766 17.5 111.5
      vertex 3 30 111.5
      vertex 27.163291931152344 17.71752166748047 111.5
    endloop
  endfacet
  facet normal 0 0 -1
    outer loop
      vertex 27.163291931152344 17.71752166748047 111.5
      vertex 3 30 111.5
      vertex 27.335784912109375 17.914213180541992 111.5
    endloop
  endfacet
  facet normal 0 0 -1
    outer loop
      vertex 27.335784912109375 17.914213180541992 111.5
      vertex 3 30 111.5
      vertex 27.5324764251709 18.086706161499023 111.5
    endloop
  endfacet
  facet normal 0 0 -1
    outer loop
      vertex 28.75 18.5 111.5
      vertex 3 30 111.5
      vertex 54.5 30 111.5
    endloop
  endfacet
  facet normal 0 0 -1
    outer loop
      vertex 27.75 18.2320499420166 111.5
      vertex 3 30 111.5
      vertex 27.98463249206543 18.347759246826172 111.5
    endloop
  endfacet
  facet normal 0 0 -1
    outer loop
      vertex 27.5324764251709 18.086706161499023 111.5
      vertex 3 30 111.5
      vertex 27.75 18.2320499420166 111.5
    endloop
  endfacet
  facet normal -0.6593439861474872 0.751841411423408 0
    outer loop
      vertex 30.164213180541992 15.085785865783691 111.5
      vertex 29.96752166748047 14.91329288482666 114.5
      vertex 30.164213180541992 15.085785865783691 114.5
    endloop
  endfacet
  facet normal -0.6593439861474872 0.751841411423408 0
    outer loop
      vertex 29.96752166748047 14.91329288482666 114.5
      vertex 30.164213180541992 15.085785865783691 111.5
      vertex 29.96752166748047 14.91329288482666 111.5
    endloop
  endfacet
  facet normal -0.9978587981570066 0.06540503757857268 0
    outer loop
      vertex 30.73288917541504 16.23894691467285 111.5
      vertex 30.75 16.5 114.5
      vertex 30.75 16.5 111.5
    endloop
  endfacet
  facet normal -0.9978587981570066 0.06540503757857268 0
    outer loop
      vertex 30.75 16.5 114.5
      vertex 30.73288917541504 16.23894691467285 111.5
      vertex 30.73288917541504 16.23894691467285 114.5
    endloop
  endfacet
  facet normal 0.1950890159974446 0.9807855401855946 0
    outer loop
      vertex 28.48894691467285 14.517109870910645 111.5
      vertex 28.23236083984375 14.568147659301758 114.5
      vertex 28.48894691467285 14.517109870910645 114.5
    endloop
  endfacet
  facet normal 0.1950890159974446 0.9807855401855946 0
    outer loop
      vertex 28.23236083984375 14.568147659301758 114.5
      vertex 28.48894691467285 14.517109870910645 111.5
      vertex 28.23236083984375 14.568147659301758 111.5
    endloop
  endfacet
  facet normal 0.8968735645677046 0.4422870212651728 0
    outer loop
      vertex 27.017948150634766 15.5 114.5
      vertex 26.902240753173828 15.73463249206543 111.5
      vertex 26.902240753173828 15.73463249206543 114.5
    endloop
  endfacet
  facet normal 0.8968735645677046 0.4422870212651728 0
    outer loop
      vertex 26.902240753173828 15.73463249206543 111.5
      vertex 27.017948150634766 15.5 114.5
      vertex 27.017948150634766 15.5 111.5
    endloop
  endfacet
  facet normal -0.9978587669682916 -0.06540551341072687 0
    outer loop
      vertex 30.75 16.5 111.5
      vertex 30.73288917541504 16.761051177978516 114.5
      vertex 30.73288917541504 16.761051177978516 111.5
    endloop
  endfacet
  facet normal -0.9978587669682916 -0.06540551341072687 0
    outer loop
      vertex 30.73288917541504 16.761051177978516 114.5
      vertex 30.75 16.5 111.5
      vertex 30.75 16.5 114.5
    endloop
  endfacet
  facet normal -0.9469315910190028 -0.3214351597604407 0
    outer loop
      vertex 30.68185043334961 17.017637252807617 111.5
      vertex 30.597759246826172 17.265365600585938 114.5
      vertex 30.597759246826172 17.265365600585938 111.5
    endloop
  endfacet
  facet normal -0.9469315910190028 -0.3214351597604407 0
    outer loop
      vertex 30.597759246826172 17.265365600585938 114.5
      vertex 30.68185043334961 17.017637252807617 111.5
      vertex 30.68185043334961 17.017637252807617 114.5
    endloop
  endfacet
  facet normal 0.5555680517333541 0.8314710697872808 0
    outer loop
      vertex 27.75 14.767949104309082 111.5
      vertex 27.5324764251709 14.91329288482666 114.5
      vertex 27.75 14.767949104309082 114.5
    endloop
  endfacet
  facet normal 0.5555680517333541 0.8314710697872808 0
    outer loop
      vertex 27.5324764251709 14.91329288482666 114.5
      vertex 27.75 14.767949104309082 111.5
      vertex 27.5324764251709 14.91329288482666 111.5
    endloop
  endfacet
  facet normal -0.8968706724893841 0.44229288579903664 0
    outer loop
      vertex 30.4820499420166 15.5 111.5
      vertex 30.597759246826172 15.73463249206543 114.5
      vertex 30.597759246826172 15.73463249206543 111.5
    endloop
  endfacet
  facet normal -0.8968706724893841 0.44229288579903664 0
    outer loop
      vertex 30.597759246826172 15.73463249206543 114.5
      vertex 30.4820499420166 15.5 111.5
      vertex 30.4820499420166 15.5 114.5
    endloop
  endfacet
  facet normal -0.9807848426738498 -0.19509252261742832 0
    outer loop
      vertex 30.73288917541504 16.761051177978516 111.5
      vertex 30.68185043334961 17.017637252807617 114.5
      vertex 30.68185043334961 17.017637252807617 111.5
    endloop
  endfacet
  facet normal -0.9807848426738498 -0.19509252261742832 0
    outer loop
      vertex 30.68185043334961 17.017637252807617 114.5
      vertex 30.73288917541504 16.761051177978516 111.5
      vertex 30.73288917541504 16.761051177978516 114.5
    endloop
  endfacet
  facet normal 0.4422899535391963 0.8968721185310063 0
    outer loop
      vertex 27.98463249206543 14.652240753173828 111.5
      vertex 27.75 14.767949104309082 114.5
      vertex 27.98463249206543 14.652240753173828 114.5
    endloop
  endfacet
  facet normal 0.4422899535391963 0.8968721185310063 0
    outer loop
      vertex 27.75 14.767949104309082 114.5
      vertex 27.98463249206543 14.652240753173828 111.5
      vertex 27.75 14.767949104309082 111.5
    endloop
  endfacet
  facet normal -0.980784703926618 0.19509322013739036 0
    outer loop
      vertex 30.68185043334961 15.982361793518066 111.5
      vertex 30.73288917541504 16.23894691467285 114.5
      vertex 30.73288917541504 16.23894691467285 111.5
    endloop
  endfacet
  facet normal -0.980784703926618 0.19509322013739036 0
    outer loop
      vertex 30.73288917541504 16.23894691467285 114.5
      vertex 30.68185043334961 15.982361793518066 111.5
      vertex 30.68185043334961 15.982361793518066 114.5
    endloop
  endfacet
  facet normal -0.9469319676599184 0.3214340501933723 0
    outer loop
      vertex 30.597759246826172 15.73463249206543 111.5
      vertex 30.68185043334961 15.982361793518066 114.5
      vertex 30.68185043334961 15.982361793518066 111.5
    endloop
  endfacet
  facet normal -0.9469319676599184 0.3214340501933723 0
    outer loop
      vertex 30.68185043334961 15.982361793518066 114.5
      vertex 30.597759246826172 15.73463249206543 111.5
      vertex 30.597759246826172 15.73463249206543 114.5
    endloop
  endfacet
  facet normal 0.8314688194409101 -0.5555714196190613 0
    outer loop
      vertex 27.017948150634766 17.5 114.5
      vertex 27.163291931152344 17.71752166748047 111.5
      vertex 27.163291931152344 17.71752166748047 114.5
    endloop
  endfacet
  facet normal 0.8314688194409101 -0.5555714196190613 0
    outer loop
      vertex 27.163291931152344 17.71752166748047 111.5
      vertex 27.017948150634766 17.5 114.5
      vertex 27.017948150634766 17.5 111.5
    endloop
  endfacet
  facet normal -0.06540188361807907 0.9978590048795507 0
    outer loop
      vertex 29.011051177978516 14.517109870910645 111.5
      vertex 28.75 14.5 114.5
      vertex 29.011051177978516 14.517109870910645 114.5
    endloop
  endfacet
  facet normal -0.06540188361807907 0.9978590048795507 0
    outer loop
      vertex 28.75 14.5 114.5
      vertex 29.011051177978516 14.517109870910645 111.5
      vertex 28.75 14.5 111.5
    endloop
  endfacet
  facet normal 0.19509252261742832 -0.9807848426738498 0
    outer loop
      vertex 28.23236083984375 18.43185043334961 111.5
      vertex 28.48894691467285 18.48288917541504 114.5
      vertex 28.23236083984375 18.43185043334961 114.5
    endloop
  endfacet
  facet normal 0.19509252261742832 -0.9807848426738498 0
    outer loop
      vertex 28.48894691467285 18.48288917541504 114.5
      vertex 28.23236083984375 18.43185043334961 111.5
      vertex 28.48894691467285 18.48288917541504 111.5
    endloop
  endfacet
  facet normal 0.06540140781210511 0.9978590360648115 0
    outer loop
      vertex 28.75 14.5 111.5
      vertex 28.48894691467285 14.517109870910645 114.5
      vertex 28.75 14.5 114.5
    endloop
  endfacet
  facet normal 0.06540140781210511 0.9978590360648115 0
    outer loop
      vertex 28.48894691467285 14.517109870910645 114.5
      vertex 28.75 14.5 111.5
      vertex 28.48894691467285 14.517109870910645 111.5
    endloop
  endfacet
  facet normal -0.8968720987122667 -0.44228999372747985 0
    outer loop
      vertex 30.597759246826172 17.265365600585938 111.5
      vertex 30.4820499420166 17.5 114.5
      vertex 30.4820499420166 17.5 111.5
    endloop
  endfacet
  facet normal -0.8968720987122667 -0.44228999372747985 0
    outer loop
      vertex 30.4820499420166 17.5 114.5
      vertex 30.597759246826172 17.265365600585938 111.5
      vertex 30.597759246826172 17.265365600585938 114.5
    endloop
  endfacet
  facet normal -0.19509252261742832 -0.9807848426738498 0
    outer loop
      vertex 29.011051177978516 18.48288917541504 111.5
      vertex 29.267637252807617 18.43185043334961 114.5
      vertex 29.011051177978516 18.48288917541504 114.5
    endloop
  endfacet
  facet normal -0.19509252261742832 -0.9807848426738498 0
    outer loop
      vertex 29.267637252807617 18.43185043334961 114.5
      vertex 29.011051177978516 18.48288917541504 111.5
      vertex 29.267637252807617 18.43185043334961 111.5
    endloop
  endfacet
  facet normal -0.8314710697872808 0.5555680517333541 0
    outer loop
      vertex 30.336706161499023 15.282476425170898 111.5
      vertex 30.4820499420166 15.5 114.5
      vertex 30.4820499420166 15.5 111.5
    endloop
  endfacet
  facet normal -0.8314710697872808 0.5555680517333541 0
    outer loop
      vertex 30.4820499420166 15.5 114.5
      vertex 30.336706161499023 15.282476425170898 111.5
      vertex 30.336706161499023 15.282476425170898 114.5
    endloop
  endfacet
  facet normal 0.9978592739595264 0.06539777804304144 0
    outer loop
      vertex 26.767108917236328 16.23894691467285 114.5
      vertex 26.75 16.5 111.5
      vertex 26.75 16.5 114.5
    endloop
  endfacet
  facet normal 0.9978592739595264 0.06539777804304144 0
    outer loop
      vertex 26.75 16.5 111.5
      vertex 26.767108917236328 16.23894691467285 114.5
      vertex 26.767108917236328 16.23894691467285 111.5
    endloop
  endfacet
  facet normal 0.9807848426738498 -0.19509252261742832 0
    outer loop
      vertex 26.767108917236328 16.761051177978516 114.5
      vertex 26.818147659301758 17.017637252807617 111.5
      vertex 26.818147659301758 17.017637252807617 114.5
    endloop
  endfacet
  facet normal 0.9807848426738498 -0.19509252261742832 0
    outer loop
      vertex 26.818147659301758 17.017637252807617 111.5
      vertex 26.767108917236328 16.761051177978516 114.5
      vertex 26.767108917236328 16.761051177978516 111.5
    endloop
  endfacet
  facet normal 0.6593439861474872 0.751841411423408 0
    outer loop
      vertex 27.5324764251709 14.91329288482666 111.5
      vertex 27.335784912109375 15.085785865783691 114.5
      vertex 27.5324764251709 14.91329288482666 114.5
    endloop
  endfacet
  facet normal 0.6593439861474872 0.751841411423408 0
    outer loop
      vertex 27.335784912109375 15.085785865783691 114.5
      vertex 27.5324764251709 14.91329288482666 111.5
      vertex 27.335784912109375 15.085785865783691 111.5
    endloop
  endfacet
  facet normal 0.9469293718602808 -0.32144169721474214 0
    outer loop
      vertex 26.818147659301758 17.017637252807617 114.5
      vertex 26.902240753173828 17.265365600585938 111.5
      vertex 26.902240753173828 17.265365600585938 114.5
    endloop
  endfacet
  facet normal 0.9469293718602808 -0.32144169721474214 0
    outer loop
      vertex 26.902240753173828 17.265365600585938 111.5
      vertex 26.818147659301758 17.017637252807617 114.5
      vertex 26.818147659301758 17.017637252807617 111.5
    endloop
  endfacet
  facet normal -0.751841411423408 -0.6593439861474872 0
    outer loop
      vertex 30.336706161499023 17.71752166748047 111.5
      vertex 30.164213180541992 17.914213180541992 114.5
      vertex 30.164213180541992 17.914213180541992 111.5
    endloop
  endfacet
  facet normal -0.751841411423408 -0.6593439861474872 0
    outer loop
      vertex 30.164213180541992 17.914213180541992 114.5
      vertex 30.336706161499023 17.71752166748047 111.5
      vertex 30.336706161499023 17.71752166748047 114.5
    endloop
  endfacet
  facet normal -0.1950890159974446 0.9807855401855946 0
    outer loop
      vertex 29.267637252807617 14.568147659301758 111.5
      vertex 29.011051177978516 14.517109870910645 114.5
      vertex 29.267637252807617 14.568147659301758 114.5
    endloop
  endfacet
  facet normal -0.1950890159974446 0.9807855401855946 0
    outer loop
      vertex 29.011051177978516 14.517109870910645 114.5
      vertex 29.267637252807617 14.568147659301758 111.5
      vertex 29.011051177978516 14.517109870910645 111.5
    endloop
  endfacet
  facet normal 0.44229288579903664 -0.8968706724893841 0
    outer loop
      vertex 27.75 18.2320499420166 111.5
      vertex 27.98463249206543 18.347759246826172 114.5
      vertex 27.75 18.2320499420166 114.5
    endloop
  endfacet
  facet normal 0.44229288579903664 -0.8968706724893841 0
    outer loop
      vertex 27.98463249206543 18.347759246826172 114.5
      vertex 27.75 18.2320499420166 111.5
      vertex 27.98463249206543 18.347759246826172 111.5
    endloop
  endfacet
  facet normal -0.5555714196190613 0.8314688194409101 0
    outer loop
      vertex 29.96752166748047 14.91329288482666 111.5
      vertex 29.75 14.767949104309082 114.5
      vertex 29.96752166748047 14.91329288482666 114.5
    endloop
  endfacet
  facet normal -0.5555714196190613 0.8314688194409101 0
    outer loop
      vertex 29.75 14.767949104309082 114.5
      vertex 29.96752166748047 14.91329288482666 111.5
      vertex 29.75 14.767949104309082 111.5
    endloop
  endfacet
  facet normal -0.06540551341072687 -0.9978587669682916 0
    outer loop
      vertex 28.75 18.5 111.5
      vertex 29.011051177978516 18.48288917541504 114.5
      vertex 28.75 18.5 114.5
    endloop
  endfacet
  facet normal -0.06540551341072687 -0.9978587669682916 0
    outer loop
      vertex 29.011051177978516 18.48288917541504 114.5
      vertex 28.75 18.5 111.5
      vertex 29.011051177978516 18.48288917541504 111.5
    endloop
  endfacet
  facet normal -0.3214351597604407 -0.9469315910190028 0
    outer loop
      vertex 29.267637252807617 18.43185043334961 111.5
      vertex 29.515365600585938 18.347759246826172 114.5
      vertex 29.267637252807617 18.43185043334961 114.5
    endloop
  endfacet
  facet normal -0.3214351597604407 -0.9469315910190028 0
    outer loop
      vertex 29.515365600585938 18.347759246826172 114.5
      vertex 29.267637252807617 18.43185043334961 111.5
      vertex 29.515365600585938 18.347759246826172 111.5
    endloop
  endfacet
  facet normal -0.44228999372747985 -0.8968720987122667 0
    outer loop
      vertex 29.515365600585938 18.347759246826172 111.5
      vertex 29.75 18.2320499420166 114.5
      vertex 29.515365600585938 18.347759246826172 114.5
    endloop
  endfacet
  facet normal -0.44228999372747985 -0.8968720987122667 0
    outer loop
      vertex 29.75 18.2320499420166 114.5
      vertex 29.515365600585938 18.347759246826172 111.5
      vertex 29.75 18.2320499420166 111.5
    endloop
  endfacet
  facet normal -0.8314688194409101 -0.5555714196190613 0
    outer loop
      vertex 30.4820499420166 17.5 111.5
      vertex 30.336706161499023 17.71752166748047 114.5
      vertex 30.336706161499023 17.71752166748047 111.5
    endloop
  endfacet
  facet normal -0.8314688194409101 -0.5555714196190613 0
    outer loop
      vertex 30.336706161499023 17.71752166748047 114.5
      vertex 30.4820499420166 17.5 111.5
      vertex 30.4820499420166 17.5 114.5
    endloop
  endfacet
  facet normal 0.06540503757857268 -0.9978587981570066 0
    outer loop
      vertex 28.48894691467285 18.48288917541504 111.5
      vertex 28.75 18.5 114.5
      vertex 28.48894691467285 18.48288917541504 114.5
    endloop
  endfacet
  facet normal 0.06540503757857268 -0.9978587981570066 0
    outer loop
      vertex 28.75 18.5 114.5
      vertex 28.48894691467285 18.48288917541504 111.5
      vertex 28.75 18.5 111.5
    endloop
  endfacet
  facet normal 0.5555680517333541 -0.8314710697872808 0
    outer loop
      vertex 27.5324764251709 18.086706161499023 111.5
      vertex 27.75 18.2320499420166 114.5
      vertex 27.5324764251709 18.086706161499023 114.5
    endloop
  endfacet
  facet normal 0.5555680517333541 -0.8314710697872808 0
    outer loop
      vertex 27.75 18.2320499420166 114.5
      vertex 27.5324764251709 18.086706161499023 111.5
      vertex 27.75 18.2320499420166 111.5
    endloop
  endfacet
  facet normal -0.32144169721474214 0.9469293718602808 0
    outer loop
      vertex 29.515365600585938 14.652240753173828 111.5
      vertex 29.267637252807617 14.568147659301758 114.5
      vertex 29.515365600585938 14.652240753173828 114.5
    endloop
  endfacet
  facet normal -0.32144169721474214 0.9469293718602808 0
    outer loop
      vertex 29.267637252807617 14.568147659301758 114.5
      vertex 29.515365600585938 14.652240753173828 111.5
      vertex 29.267637252807617 14.568147659301758 111.5
    endloop
  endfacet
  facet normal -0.751839826652126 0.6593457932372825 0
    outer loop
      vertex 30.164213180541992 15.085785865783691 111.5
      vertex 30.336706161499023 15.282476425170898 114.5
      vertex 30.336706161499023 15.282476425170898 111.5
    endloop
  endfacet
  facet normal -0.751839826652126 0.6593457932372825 0
    outer loop
      vertex 30.336706161499023 15.282476425170898 114.5
      vertex 30.164213180541992 15.085785865783691 111.5
      vertex 30.164213180541992 15.085785865783691 114.5
    endloop
  endfacet
  facet normal -0.4422870614774873 0.8968735447372777 0
    outer loop
      vertex 29.75 14.767949104309082 111.5
      vertex 29.515365600585938 14.652240753173828 114.5
      vertex 29.75 14.767949104309082 114.5
    endloop
  endfacet
  facet normal -0.4422870614774873 0.8968735447372777 0
    outer loop
      vertex 29.515365600585938 14.652240753173828 114.5
      vertex 29.75 14.767949104309082 111.5
      vertex 29.515365600585938 14.652240753173828 111.5
    endloop
  endfacet
  facet normal 0.9469297485156343 0.32144058763030764 0
    outer loop
      vertex 26.902240753173828 15.73463249206543 114.5
      vertex 26.818147659301758 15.982361793518066 111.5
      vertex 26.818147659301758 15.982361793518066 114.5
    endloop
  endfacet
  facet normal 0.9469297485156343 0.32144058763030764 0
    outer loop
      vertex 26.818147659301758 15.982361793518066 111.5
      vertex 26.902240753173828 15.73463249206543 114.5
      vertex 26.902240753173828 15.73463249206543 111.5
    endloop
  endfacet
  facet normal 0.3214351597604407 -0.9469315910190028 0
    outer loop
      vertex 27.98463249206543 18.347759246826172 111.5
      vertex 28.23236083984375 18.43185043334961 114.5
      vertex 27.98463249206543 18.347759246826172 114.5
    endloop
  endfacet
  facet normal 0.3214351597604407 -0.9469315910190028 0
    outer loop
      vertex 28.23236083984375 18.43185043334961 114.5
      vertex 27.98463249206543 18.347759246826172 111.5
      vertex 28.23236083984375 18.43185043334961 111.5
    endloop
  endfacet
  facet normal 0.6593439861474872 -0.751841411423408 0
    outer loop
      vertex 27.335784912109375 17.914213180541992 111.5
      vertex 27.5324764251709 18.086706161499023 114.5
      vertex 27.335784912109375 17.914213180541992 114.5
    endloop
  endfacet
  facet normal 0.6593439861474872 -0.751841411423408 0
    outer loop
      vertex 27.5324764251709 18.086706161499023 114.5
      vertex 27.335784912109375 17.914213180541992 111.5
      vertex 27.5324764251709 18.086706161499023 111.5
    endloop
  endfacet
  facet normal -0.6593439861474872 -0.751841411423408 0
    outer loop
      vertex 29.96752166748047 18.086706161499023 111.5
      vertex 30.164213180541992 17.914213180541992 114.5
      vertex 29.96752166748047 18.086706161499023 114.5
    endloop
  endfacet
  facet normal -0.6593439861474872 -0.751841411423408 0
    outer loop
      vertex 30.164213180541992 17.914213180541992 114.5
      vertex 29.96752166748047 18.086706161499023 111.5
      vertex 30.164213180541992 17.914213180541992 111.5
    endloop
  endfacet
  facet normal -0.5555714196190613 -0.8314688194409101 0
    outer loop
      vertex 29.75 18.2320499420166 111.5
      vertex 29.96752166748047 18.086706161499023 114.5
      vertex 29.75 18.2320499420166 114.5
    endloop
  endfacet
  facet normal -0.5555714196190613 -0.8314688194409101 0
    outer loop
      vertex 29.96752166748047 18.086706161499023 114.5
      vertex 29.75 18.2320499420166 111.5
      vertex 29.96752166748047 18.086706161499023 111.5
    endloop
  endfacet
  facet normal 0.980784703926618 0.19509322013739036 0
    outer loop
      vertex 26.818147659301758 15.982361793518066 114.5
      vertex 26.767108917236328 16.23894691467285 111.5
      vertex 26.767108917236328 16.23894691467285 114.5
    endloop
  endfacet
  facet normal 0.980784703926618 0.19509322013739036 0
    outer loop
      vertex 26.767108917236328 16.23894691467285 111.5
      vertex 26.818147659301758 15.982361793518066 114.5
      vertex 26.818147659301758 15.982361793518066 111.5
    endloop
  endfacet
  facet normal 0.8968749907573645 -0.4422841292133118 0
    outer loop
      vertex 26.902240753173828 17.265365600585938 114.5
      vertex 27.017948150634766 17.5 111.5
      vertex 27.017948150634766 17.5 114.5
    endloop
  endfacet
  facet normal 0.8968749907573645 -0.4422841292133118 0
    outer loop
      vertex 27.017948150634766 17.5 111.5
      vertex 26.902240753173828 17.265365600585938 114.5
      vertex 26.902240753173828 17.265365600585938 111.5
    endloop
  endfacet
  facet normal 0.32144169721474214 0.9469293718602808 0
    outer loop
      vertex 28.23236083984375 14.568147659301758 111.5
      vertex 27.98463249206543 14.652240753173828 114.5
      vertex 28.23236083984375 14.568147659301758 114.5
    endloop
  endfacet
  facet normal 0.32144169721474214 0.9469293718602808 0
    outer loop
      vertex 27.98463249206543 14.652240753173828 114.5
      vertex 28.23236083984375 14.568147659301758 111.5
      vertex 27.98463249206543 14.652240753173828 111.5
    endloop
  endfacet
  facet normal 0.751839826652126 0.6593457932372825 0
    outer loop
      vertex 27.335784912109375 15.085785865783691 114.5
      vertex 27.163291931152344 15.282476425170898 111.5
      vertex 27.163291931152344 15.282476425170898 114.5
    endloop
  endfacet
  facet normal 0.751839826652126 0.6593457932372825 0
    outer loop
      vertex 27.163291931152344 15.282476425170898 111.5
      vertex 27.335784912109375 15.085785865783691 114.5
      vertex 27.335784912109375 15.085785865783691 111.5
    endloop
  endfacet
  facet normal 0.9978592427777196 -0.06539825382283507 0
    outer loop
      vertex 26.75 16.5 114.5
      vertex 26.767108917236328 16.761051177978516 111.5
      vertex 26.767108917236328 16.761051177978516 114.5
    endloop
  endfacet
  facet normal 0.9978592427777196 -0.06539825382283507 0
    outer loop
      vertex 26.767108917236328 16.761051177978516 111.5
      vertex 26.75 16.5 114.5
      vertex 26.75 16.5 111.5
    endloop
  endfacet
  facet normal 0.751841411423408 -0.6593439861474872 0
    outer loop
      vertex 27.163291931152344 17.71752166748047 114.5
      vertex 27.335784912109375 17.914213180541992 111.5
      vertex 27.335784912109375 17.914213180541992 114.5
    endloop
  endfacet
  facet normal 0.751841411423408 -0.6593439861474872 0
    outer loop
      vertex 27.335784912109375 17.914213180541992 111.5
      vertex 27.163291931152344 17.71752166748047 114.5
      vertex 27.163291931152344 17.71752166748047 111.5
    endloop
  endfacet
  facet normal 0.8314710697872808 0.5555680517333541 0
    outer loop
      vertex 27.163291931152344 15.282476425170898 114.5
      vertex 27.017948150634766 15.5 111.5
      vertex 27.017948150634766 15.5 114.5
    endloop
  endfacet
  facet normal 0.8314710697872808 0.5555680517333541 0
    outer loop
      vertex 27.017948150634766 15.5 111.5
      vertex 27.163291931152344 15.282476425170898 114.5
      vertex 27.163291931152344 15.282476425170898 111.5
    endloop
  endfacet
endsolid OpenSCAD_Model
