solid OpenSCAD_Model
  facet normal 0 0 1
    outer loop
      vertex 25.54903793334961 -5.75 4
      vertex 31.25 -11 4
      vertex 48.5 0 4
    endloop
  endfacet
  facet normal 0 0 1
    outer loop
      vertex 25.75 -9 4
      vertex 31.25 -11 4
      vertex 25.75 -6.5 4
    endloop
  endfacet
  facet normal 0 0 1
    outer loop
      vertex 31.25 -11 4
      vertex 25.69888687133789 -6.1117706298828125 4
      vertex 25.75 -6.5 4
    endloop
  endfacet
  facet normal 0 0 1
    outer loop
      vertex 31.25 -11 4
      vertex 25.54903793334961 -5.75 4
      vertex 25.69888687133789 -6.1117706298828125 4
    endloop
  endfacet
  facet normal 0 0 1
    outer loop
      vertex 48.5 0 4
      vertex 25.310659408569336 -5.439339637756348 4
      vertex 25.54903793334961 -5.75 4
    endloop
  endfacet
  facet normal 0 0 1
    outer loop
      vertex 48.5 0 4
      vertex 25 -5.200961112976074 4
      vertex 25.310659408569336 -5.439339637756348 4
    endloop
  endfacet
  facet normal 0 0 1
    outer loop
      vertex 48.5 0 4
      vertex 24.638229370117188 -5.051111221313477 4
      vertex 25 -5.200961112976074 4
    endloop
  endfacet
  facet normal 0 0 1
    outer loop
      vertex 48.5 0 4
      vertex 24.25 -5 4
      vertex 24.638229370117188 -5.051111221313477 4
    endloop
  endfacet
  facet normal 0 0 1
    outer loop
      vertex 0 0 4
      vertex 24.25 -5 4
      vertex 48.5 0 4
    endloop
  endfacet
  facet normal 0 0 1
    outer loop
      vertex 17.25 -11 4
      vertex 22.75 -9 4
      vertex 22.75 -6.5 4
    endloop
  endfacet
  facet normal 0 0 1
    outer loop
      vertex 17.25 -11 4
      vertex 22.75 -6.5 4
      vertex 22.801111221313477 -6.1117706298828125 4
    endloop
  endfacet
  facet normal 0 0 1
    outer loop
      vertex 22.75 -9 4
      vertex 17.25 -11 4
      vertex 21.41666603088379 -11 4
    endloop
  endfacet
  facet normal 0 0 1
    outer loop
      vertex 22.95096206665039 -5.75 4
      vertex 17.25 -11 4
      vertex 22.801111221313477 -6.1117706298828125 4
    endloop
  endfacet
  facet normal 0 0 1
    outer loop
      vertex 0 0 4
      vertex 22.95096206665039 -5.75 4
      vertex 23.18933868408203 -5.439339637756348 4
    endloop
  endfacet
  facet normal 0 0 1
    outer loop
      vertex 22.95096206665039 -5.75 4
      vertex 0 0 4
      vertex 17.25 -11 4
    endloop
  endfacet
  facet normal 0 0 1
    outer loop
      vertex 23.5 -5.200961112976074 4
      vertex 0 0 4
      vertex 23.18933868408203 -5.439339637756348 4
    endloop
  endfacet
  facet normal 0 0 1
    outer loop
      vertex 23.861770629882812 -5.051111221313477 4
      vertex 0 0 4
      vertex 23.5 -5.200961112976074 4
    endloop
  endfacet
  facet normal 0 0 1
    outer loop
      vertex 24.25 -5 4
      vertex 0 0 4
      vertex 23.861770629882812 -5.051111221313477 4
    endloop
  endfacet
  facet normal 0 0 1
    outer loop
      vertex 31.25 -11 4
      vertex 25.75 -9 4
      vertex 27.08333396911621 -11 4
    endloop
  endfacet
  facet normal 0 -1 0
    outer loop
      vertex 0 0 4
      vertex 48.5 0 27.479999542236328
      vertex 0 0 27.479999542236328
    endloop
  endfacet
  facet normal 0 -1 0
    outer loop
      vertex 48.5 0 27.479999542236328
      vertex 0 0 4
      vertex 48.5 0 4
    endloop
  endfacet
  facet normal 0 1 0
    outer loop
      vertex 0.01710987091064453 0 1.738947868347168
      vertex 0 0 0
      vertex 0 0 2
    endloop
  endfacet
  facet normal 0 1 0
    outer loop
      vertex 0.06814765930175781 0 1.4823627471923828
      vertex 0 0 0
      vertex 0.01710987091064453 0 1.738947868347168
    endloop
  endfacet
  facet normal 0 1 0
    outer loop
      vertex 0.15224075317382812 0 1.234633445739746
      vertex 0 0 0
      vertex 0.06814765930175781 0 1.4823627471923828
    endloop
  endfacet
  facet normal 0 1 0
    outer loop
      vertex 0.26794910430908203 0 1
      vertex 0 0 0
      vertex 0.15224075317382812 0 1.234633445739746
    endloop
  endfacet
  facet normal 0 1 0
    outer loop
      vertex 0.41329288482666016 0 0.7824773788452148
      vertex 0 0 0
      vertex 0.26794910430908203 0 1
    endloop
  endfacet
  facet normal 0 1 0
    outer loop
      vertex 0.5857858657836914 0 0.5857868194580078
      vertex 0 0 0
      vertex 0.41329288482666016 0 0.7824773788452148
    endloop
  endfacet
  facet normal 0 1 0
    outer loop
      vertex 0.7824764251708984 0 0.41329383850097656
      vertex 0 0 0
      vertex 0.5857858657836914 0 0.5857868194580078
    endloop
  endfacet
  facet normal 0 1 0
    outer loop
      vertex 1 0 0.26795005798339844
      vertex 0 0 0
      vertex 0.7824764251708984 0 0.41329383850097656
    endloop
  endfacet
  facet normal 0 1 0
    outer loop
      vertex 1.2346324920654297 0 0.15224170684814453
      vertex 0 0 0
      vertex 1 0 0.26795005798339844
    endloop
  endfacet
  facet normal 0 1 0
    outer loop
      vertex 1.4823617935180664 0 0.06814861297607422
      vertex 0 0 0
      vertex 1.2346324920654297 0 0.15224170684814453
    endloop
  endfacet
  facet normal 0 1 0
    outer loop
      vertex 1.7389469146728516 0 0.017110824584960938
      vertex 0 0 0
      vertex 1.4823617935180664 0 0.06814861297607422
    endloop
  endfacet
  facet normal 0 1 0
    outer loop
      vertex 0 0 0
      vertex 1.7389469146728516 0 0.017110824584960938
      vertex 2 0 0
    endloop
  endfacet
  facet normal 0 1 0
    outer loop
      vertex 48.5 0 0
      vertex 48.482887268066406 0 1.738947868347168
      vertex 48.5 0 2
    endloop
  endfacet
  facet normal 0 1 0
    outer loop
      vertex 48.5 0 0
      vertex 48.43185043334961 0 1.4823627471923828
      vertex 48.482887268066406 0 1.738947868347168
    endloop
  endfacet
  facet normal 0 1 0
    outer loop
      vertex 48.5 0 0
      vertex 48.34775924682617 0 1.234633445739746
      vertex 48.43185043334961 0 1.4823627471923828
    endloop
  endfacet
  facet normal 0 1 0
    outer loop
      vertex 48.5 0 0
      vertex 48.23204803466797 0 1
      vertex 48.34775924682617 0 1.234633445739746
    endloop
  endfacet
  facet normal 0 1 0
    outer loop
      vertex 48.5 0 0
      vertex 48.086708068847656 0 0.7824773788452148
      vertex 48.23204803466797 0 1
    endloop
  endfacet
  facet normal 0 1 0
    outer loop
      vertex 48.5 0 0
      vertex 47.914215087890625 0 0.5857868194580078
      vertex 48.086708068847656 0 0.7824773788452148
    endloop
  endfacet
  facet normal 0 1 0
    outer loop
      vertex 48.5 0 0
      vertex 47.71752166748047 0 0.41329383850097656
      vertex 47.914215087890625 0 0.5857868194580078
    endloop
  endfacet
  facet normal 0 1 0
    outer loop
      vertex 48.5 0 0
      vertex 47.5 0 0.26795005798339844
      vertex 47.71752166748047 0 0.41329383850097656
    endloop
  endfacet
  facet normal 0 1 0
    outer loop
      vertex 48.5 0 0
      vertex 47.26536560058594 0 0.15224170684814453
      vertex 47.5 0 0.26795005798339844
    endloop
  endfacet
  facet normal 0 1 0
    outer loop
      vertex 48.5 0 0
      vertex 47.01763916015625 0 0.06814861297607422
      vertex 47.26536560058594 0 0.15224170684814453
    endloop
  endfacet
  facet normal 0 1 0
    outer loop
      vertex 48.5 0 0
      vertex 46.761051177978516 0 0.017110824584960938
      vertex 47.01763916015625 0 0.06814861297607422
    endloop
  endfacet
  facet normal 0 1 0
    outer loop
      vertex 46.761051177978516 0 0.017110824584960938
      vertex 48.5 0 0
      vertex 46.5 0 0
    endloop
  endfacet
  facet normal 0 -1 0
    outer loop
      vertex 0 0 101.5
      vertex 2 0 103.5
      vertex 1.7389469146728516 0 103.4828872680664
    endloop
  endfacet
  facet normal 0 -1 0
    outer loop
      vertex 2 0 103.5
      vertex 0 0 73.94999694824219
      vertex 46.5 0 103.5
    endloop
  endfacet
  facet normal 0 -1 0
    outer loop
      vertex 0 0 101.5
      vertex 1.7389469146728516 0 103.4828872680664
      vertex 1.4823617935180664 0 103.43185424804688
    endloop
  endfacet
  facet normal 0 -1 0
    outer loop
      vertex 48.5 0 73.94999694824219
      vertex 46.5 0 103.5
      vertex 0 0 73.94999694824219
    endloop
  endfacet
  facet normal 0 -1 0
    outer loop
      vertex 0 0 101.5
      vertex 1.4823617935180664 0 103.43185424804688
      vertex 1.2346324920654297 0 103.34776306152344
    endloop
  endfacet
  facet normal 0 -1 0
    outer loop
      vertex 48.5 0 101.5
      vertex 46.5 0 103.5
      vertex 48.5 0 73.94999694824219
    endloop
  endfacet
  facet normal 0 -1 0
    outer loop
      vertex 0 0 101.5
      vertex 1.2346324920654297 0 103.34776306152344
      vertex 1 0 103.23204803466797
    endloop
  endfacet
  facet normal 0 -1 0
    outer loop
      vertex 2 0 103.5
      vertex 0 0 101.5
      vertex 0 0 73.94999694824219
    endloop
  endfacet
  facet normal 0 -1 0
    outer loop
      vertex 0 0 101.5
      vertex 1 0 103.23204803466797
      vertex 0.7824764251708984 0 103.08670806884766
    endloop
  endfacet
  facet normal 0 -1 0
    outer loop
      vertex 46.5 0 103.5
      vertex 48.5 0 101.5
      vertex 46.761051177978516 0 103.4828872680664
    endloop
  endfacet
  facet normal 0 -1 0
    outer loop
      vertex 0 0 101.5
      vertex 0.7824764251708984 0 103.08670806884766
      vertex 0.5857858657836914 0 102.91421508789062
    endloop
  endfacet
  facet normal 0 -1 0
    outer loop
      vertex 47.26536560058594 0 103.34776306152344
      vertex 48.5 0 101.5
      vertex 47.5 0 103.23204803466797
    endloop
  endfacet
  facet normal 0 -1 0
    outer loop
      vertex 0 0 101.5
      vertex 0.5857858657836914 0 102.91421508789062
      vertex 0.41329288482666016 0 102.71752166748047
    endloop
  endfacet
  facet normal 0 -1 0
    outer loop
      vertex 47.5 0 103.23204803466797
      vertex 48.5 0 101.5
      vertex 47.71752166748047 0 103.08670806884766
    endloop
  endfacet
  facet normal 0 -1 0
    outer loop
      vertex 0 0 101.5
      vertex 0.41329288482666016 0 102.71752166748047
      vertex 0.26794910430908203 0 102.5
    endloop
  endfacet
  facet normal 0 -1 0
    outer loop
      vertex 47.71752166748047 0 103.08670806884766
      vertex 48.5 0 101.5
      vertex 47.914215087890625 0 102.91421508789062
    endloop
  endfacet
  facet normal 0 -1 0
    outer loop
      vertex 0 0 101.5
      vertex 0.26794910430908203 0 102.5
      vertex 0.15224075317382812 0 102.26536560058594
    endloop
  endfacet
  facet normal 0 -1 0
    outer loop
      vertex 47.914215087890625 0 102.91421508789062
      vertex 48.5 0 101.5
      vertex 48.086708068847656 0 102.71752166748047
    endloop
  endfacet
  facet normal 0 -1 0
    outer loop
      vertex 0 0 101.5
      vertex 0.15224075317382812 0 102.26536560058594
      vertex 0.06814765930175781 0 102.01763916015625
    endloop
  endfacet
  facet normal 0 -1 0
    outer loop
      vertex 48.086708068847656 0 102.71752166748047
      vertex 48.5 0 101.5
      vertex 48.23204803466797 0 102.5
    endloop
  endfacet
  facet normal 0 -1 0
    outer loop
      vertex 0 0 101.5
      vertex 0.06814765930175781 0 102.01763916015625
      vertex 0.01710987091064453 0 101.76105499267578
    endloop
  endfacet
  facet normal 0 -1 0
    outer loop
      vertex 48.23204803466797 0 102.5
      vertex 48.5 0 101.5
      vertex 48.34775924682617 0 102.26536560058594
    endloop
  endfacet
  facet normal 0 -1 0
    outer loop
      vertex 48.34775924682617 0 102.26536560058594
      vertex 48.5 0 101.5
      vertex 48.43185043334961 0 102.01763916015625
    endloop
  endfacet
  facet normal 0 -1 0
    outer loop
      vertex 48.43185043334961 0 102.01763916015625
      vertex 48.5 0 101.5
      vertex 48.482887268066406 0 101.76105499267578
    endloop
  endfacet
  facet normal 0 -1 0
    outer loop
      vertex 46.761051177978516 0 103.4828872680664
      vertex 48.5 0 101.5
      vertex 47.01763916015625 0 103.43185424804688
    endloop
  endfacet
  facet normal 0 -1 0
    outer loop
      vertex 47.01763916015625 0 103.43185424804688
      vertex 48.5 0 101.5
      vertex 47.26536560058594 0 103.34776306152344
    endloop
  endfacet
  facet normal 0 -1 0
    outer loop
      vertex 0 0 30.479999542236328
      vertex 48.5 0 70.94999694824219
      vertex 0 0 70.94999694824219
    endloop
  endfacet
  facet normal 0 -1 0
    outer loop
      vertex 48.5 0 70.94999694824219
      vertex 0 0 30.479999542236328
      vertex 48.5 0 30.479999542236328
    endloop
  endfacet
  facet normal 0 -1 0
    outer loop
      vertex 17.25 -11 0
      vertex 21.41666603088379 -11 4
      vertex 17.25 -11 4
    endloop
  endfacet
  facet normal 0 -1 0
    outer loop
      vertex 21.41666603088379 -11 4
      vertex 17.25 -11 0
      vertex 21.41666603088379 -11 0
    endloop
  endfacet
  facet normal 0 -1 0
    outer loop
      vertex 27.08333396911621 -11 0
      vertex 31.25 -11 4
      vertex 27.08333396911621 -11 4
    endloop
  endfacet
  facet normal 0 -1 0
    outer loop
      vertex 31.25 -11 4
      vertex 27.08333396911621 -11 0
      vertex 31.25 -11 0
    endloop
  endfacet
  facet normal 0 0 -1
    outer loop
      vertex 17.25 -11 0
      vertex 22.75 -9 0
      vertex 21.41666603088379 -11 0
    endloop
  endfacet
  facet normal 0 0 -1
    outer loop
      vertex 46.5 0 0
      vertex 45.5 3 0
      vertex 46.5 22 0
    endloop
  endfacet
  facet normal 0 0 -1
    outer loop
      vertex 31.25 -11 0
      vertex 46.5 0 0
      vertex 48.5 0 0
    endloop
  endfacet
  facet normal 0 0 -1
    outer loop
      vertex 31.25 -11 0
      vertex 45.5 3 0
      vertex 46.5 0 0
    endloop
  endfacet
  facet normal 0 0 -1
    outer loop
      vertex 25.75 -9 0
      vertex 31.25 -11 0
      vertex 27.08333396911621 -11 0
    endloop
  endfacet
  facet normal 0 0 -1
    outer loop
      vertex 31.25 -11 0
      vertex 25.75 -9 0
      vertex 25.75 -6.5 0
    endloop
  endfacet
  facet normal 0 0 -1
    outer loop
      vertex 25.69888687133789 -6.1117706298828125 0
      vertex 31.25 -11 0
      vertex 25.75 -6.5 0
    endloop
  endfacet
  facet normal 0 0 -1
    outer loop
      vertex 25.54903793334961 -5.75 0
      vertex 31.25 -11 0
      vertex 25.69888687133789 -6.1117706298828125 0
    endloop
  endfacet
  facet normal 0 0 -1
    outer loop
      vertex 31.25 -11 0
      vertex 25.54903793334961 -5.75 0
      vertex 45.5 3 0
    endloop
  endfacet
  facet normal 0 0 -1
    outer loop
      vertex 25.310659408569336 -5.439339637756348 0
      vertex 45.5 3 0
      vertex 25.54903793334961 -5.75 0
    endloop
  endfacet
  facet normal 0 0 -1
    outer loop
      vertex 25 -5.200961112976074 0
      vertex 45.5 3 0
      vertex 25.310659408569336 -5.439339637756348 0
    endloop
  endfacet
  facet normal 0 0 -1
    outer loop
      vertex 24.638229370117188 -5.051111221313477 0
      vertex 45.5 3 0
      vertex 25 -5.200961112976074 0
    endloop
  endfacet
  facet normal 0 0 -1
    outer loop
      vertex 24.25 -5 0
      vertex 45.5 3 0
      vertex 24.638229370117188 -5.051111221313477 0
    endloop
  endfacet
  facet normal 0 0 -1
    outer loop
      vertex 3 3 0
      vertex 24.25 -5 0
      vertex 23.861770629882812 -5.051111221313477 0
    endloop
  endfacet
  facet normal 0 0 -1
    outer loop
      vertex 22.75 -9 0
      vertex 17.25 -11 0
      vertex 22.75 -6.5 0
    endloop
  endfacet
  facet normal 0 0 -1
    outer loop
      vertex 22.75 -6.5 0
      vertex 17.25 -11 0
      vertex 22.801111221313477 -6.1117706298828125 0
    endloop
  endfacet
  facet normal 0 0 -1
    outer loop
      vertex 17.25 -11 0
      vertex 22.95096206665039 -5.75 0
      vertex 22.801111221313477 -6.1117706298828125 0
    endloop
  endfacet
  facet normal 0 0 -1
    outer loop
      vertex 3 3 0
      vertex 22.95096206665039 -5.75 0
      vertex 17.25 -11 0
    endloop
  endfacet
  facet normal 0 0 -1
    outer loop
      vertex 24.25 -5 0
      vertex 3 3 0
      vertex 45.5 3 0
    endloop
  endfacet
  facet normal 0 0 -1
    outer loop
      vertex 23.5 -5.200961112976074 0
      vertex 3 3 0
      vertex 23.861770629882812 -5.051111221313477 0
    endloop
  endfacet
  facet normal 0 0 -1
    outer loop
      vertex 23.18933868408203 -5.439339637756348 0
      vertex 3 3 0
      vertex 23.5 -5.200961112976074 0
    endloop
  endfacet
  facet normal 0 0 -1
    outer loop
      vertex 22.95096206665039 -5.75 0
      vertex 3 3 0
      vertex 23.18933868408203 -5.439339637756348 0
    endloop
  endfacet
  facet normal 0 0 -1
    outer loop
      vertex 2 22 0
      vertex 3 3 0
      vertex 2 0 0
    endloop
  endfacet
  facet normal 0 0 -1
    outer loop
      vertex 17.25 -11 0
      vertex 2 0 0
      vertex 3 3 0
    endloop
  endfacet
  facet normal 0 0 -1
    outer loop
      vertex 2 0 0
      vertex 17.25 -11 0
      vertex 0 0 0
    endloop
  endfacet
  facet normal 0 0 -1
    outer loop
      vertex 46.5 22 0
      vertex 45.5 3 0
      vertex 45.5 22 0
    endloop
  endfacet
  facet normal 0 0 -1
    outer loop
      vertex 3 3 0
      vertex 2 22 0
      vertex 3 22 0
    endloop
  endfacet
  facet normal -0.5376659416173508 -0.8431579538999364 0
    outer loop
      vertex 0 0 2
      vertex 17.25 -11 4
      vertex 0 0 4
    endloop
  endfacet
  facet normal -0.5376659416173508 -0.8431579538999364 0
    outer loop
      vertex 17.25 -11 0
      vertex 0 0 2
      vertex 0 0 0
    endloop
  endfacet
  facet normal -0.5376659416173508 -0.8431579538999364 0
    outer loop
      vertex 0 0 2
      vertex 17.25 -11 0
      vertex 17.25 -11 4
    endloop
  endfacet
  facet normal 0.5376659416173508 -0.8431579538999364 0
    outer loop
      vertex 31.25 -11 4
      vertex 48.5 0 2
      vertex 48.5 0 4
    endloop
  endfacet
  facet normal 0.5376659416173508 -0.8431579538999364 0
    outer loop
      vertex 31.25 -11 0
      vertex 48.5 0 2
      vertex 31.25 -11 4
    endloop
  endfacet
  facet normal 0.5376659416173508 -0.8431579538999364 0
    outer loop
      vertex 48.5 0 2
      vertex 31.25 -11 0
      vertex 48.5 0 0
    endloop
  endfacet
  facet normal -1 0 0
    outer loop
      vertex 25.75 -9 0
      vertex 25.75 -6.5 4
      vertex 25.75 -6.5 0
    endloop
  endfacet
  facet normal -1 0 0
    outer loop
      vertex 25.75 -6.5 4
      vertex 25.75 -9 0
      vertex 25.75 -9 4
    endloop
  endfacet
  facet normal -0.9914442789083516 -0.13053061640817715 0
    outer loop
      vertex 25.75 -6.5 0
      vertex 25.69888687133789 -6.1117706298828125 4
      vertex 25.69888687133789 -6.1117706298828125 0
    endloop
  endfacet
  facet normal -0.9914442789083516 -0.13053061640817715 0
    outer loop
      vertex 25.69888687133789 -6.1117706298828125 4
      vertex 25.75 -6.5 0
      vertex 25.75 -6.5 4
    endloop
  endfacet
  facet normal -0.9238807634942465 -0.3826804604958137 0
    outer loop
      vertex 25.69888687133789 -6.1117706298828125 0
      vertex 25.54903793334961 -5.75 4
      vertex 25.54903793334961 -5.75 0
    endloop
  endfacet
  facet normal -0.9238807634942465 -0.3826804604958137 0
    outer loop
      vertex 25.54903793334961 -5.75 4
      vertex 25.69888687133789 -6.1117706298828125 0
      vertex 25.69888687133789 -6.1117706298828125 4
    endloop
  endfacet
  facet normal -0.7933527917664623 -0.6087621438594553 0
    outer loop
      vertex 25.54903793334961 -5.75 0
      vertex 25.310659408569336 -5.439339637756348 4
      vertex 25.310659408569336 -5.439339637756348 0
    endloop
  endfacet
  facet normal -0.7933527917664623 -0.6087621438594553 0
    outer loop
      vertex 25.310659408569336 -5.439339637756348 4
      vertex 25.54903793334961 -5.75 0
      vertex 25.54903793334961 -5.75 4
    endloop
  endfacet
  facet normal -0.6087633200973881 -0.793351889204283 0
    outer loop
      vertex 25 -5.200961112976074 0
      vertex 25.310659408569336 -5.439339637756348 4
      vertex 25 -5.200961112976074 4
    endloop
  endfacet
  facet normal -0.6087633200973881 -0.793351889204283 0
    outer loop
      vertex 25.310659408569336 -5.439339637756348 4
      vertex 25 -5.200961112976074 0
      vertex 25.310659408569336 -5.439339637756348 0
    endloop
  endfacet
  facet normal -0.38268253930174495 -0.9238799024297306 0
    outer loop
      vertex 24.638229370117188 -5.051111221313477 0
      vertex 25 -5.200961112976074 4
      vertex 24.638229370117188 -5.051111221313477 4
    endloop
  endfacet
  facet normal -0.38268253930174495 -0.9238799024297306 0
    outer loop
      vertex 25 -5.200961112976074 4
      vertex 24.638229370117188 -5.051111221313477 0
      vertex 25 -5.200961112976074 0
    endloop
  endfacet
  facet normal -0.13052582848644545 -0.9914449092601803 0
    outer loop
      vertex 24.25 -5 0
      vertex 24.638229370117188 -5.051111221313477 4
      vertex 24.25 -5 4
    endloop
  endfacet
  facet normal -0.13052582848644545 -0.9914449092601803 0
    outer loop
      vertex 24.638229370117188 -5.051111221313477 4
      vertex 24.25 -5 0
      vertex 24.638229370117188 -5.051111221313477 0
    endloop
  endfacet
  facet normal 0.13052582848644545 -0.9914449092601803 0
    outer loop
      vertex 23.861770629882812 -5.051111221313477 0
      vertex 24.25 -5 4
      vertex 23.861770629882812 -5.051111221313477 4
    endloop
  endfacet
  facet normal 0.13052582848644545 -0.9914449092601803 0
    outer loop
      vertex 24.25 -5 4
      vertex 23.861770629882812 -5.051111221313477 0
      vertex 24.25 -5 0
    endloop
  endfacet
  facet normal 0.38268253930174495 -0.9238799024297306 0
    outer loop
      vertex 23.5 -5.200961112976074 0
      vertex 23.861770629882812 -5.051111221313477 4
      vertex 23.5 -5.200961112976074 4
    endloop
  endfacet
  facet normal 0.38268253930174495 -0.9238799024297306 0
    outer loop
      vertex 23.861770629882812 -5.051111221313477 4
      vertex 23.5 -5.200961112976074 0
      vertex 23.861770629882812 -5.051111221313477 0
    endloop
  endfacet
  facet normal 0.6087609676247296 -0.7933536943234101 0
    outer loop
      vertex 23.18933868408203 -5.439339637756348 0
      vertex 23.5 -5.200961112976074 4
      vertex 23.18933868408203 -5.439339637756348 4
    endloop
  endfacet
  facet normal 0.6087609676247296 -0.7933536943234101 0
    outer loop
      vertex 23.5 -5.200961112976074 4
      vertex 23.18933868408203 -5.439339637756348 0
      vertex 23.5 -5.200961112976074 0
    endloop
  endfacet
  facet normal 0.7933551442401728 -0.6087590780494815 0
    outer loop
      vertex 22.95096206665039 -5.75 4
      vertex 23.18933868408203 -5.439339637756348 0
      vertex 23.18933868408203 -5.439339637756348 4
    endloop
  endfacet
  facet normal 0.7933551442401728 -0.6087590780494815 0
    outer loop
      vertex 23.18933868408203 -5.439339637756348 0
      vertex 22.95096206665039 -5.75 4
      vertex 22.95096206665039 -5.75 0
    endloop
  endfacet
  facet normal 0.9238790413621422 -0.3826846181018637 0
    outer loop
      vertex 22.801111221313477 -6.1117706298828125 4
      vertex 22.95096206665039 -5.75 0
      vertex 22.95096206665039 -5.75 4
    endloop
  endfacet
  facet normal 0.9238790413621422 -0.3826846181018637 0
    outer loop
      vertex 22.95096206665039 -5.75 0
      vertex 22.801111221313477 -6.1117706298828125 4
      vertex 22.801111221313477 -6.1117706298828125 0
    endloop
  endfacet
  facet normal 0.9914449092601803 -0.13052582848644545 0
    outer loop
      vertex 22.75 -6.5 4
      vertex 22.801111221313477 -6.1117706298828125 0
      vertex 22.801111221313477 -6.1117706298828125 4
    endloop
  endfacet
  facet normal 0.9914449092601803 -0.13052582848644545 0
    outer loop
      vertex 22.801111221313477 -6.1117706298828125 0
      vertex 22.75 -6.5 4
      vertex 22.75 -6.5 0
    endloop
  endfacet
  facet normal 1 0 0
    outer loop
      vertex 22.75 -9 4
      vertex 22.75 -6.5 0
      vertex 22.75 -6.5 4
    endloop
  endfacet
  facet normal 1 0 0
    outer loop
      vertex 22.75 -6.5 0
      vertex 22.75 -9 4
      vertex 22.75 -9 0
    endloop
  endfacet
  facet normal 0.8320501722601498 -0.5547003793417262 0
    outer loop
      vertex 21.41666603088379 -11 4
      vertex 22.75 -9 0
      vertex 22.75 -9 4
    endloop
  endfacet
  facet normal 0.8320501722601498 -0.5547003793417262 0
    outer loop
      vertex 22.75 -9 0
      vertex 21.41666603088379 -11 4
      vertex 21.41666603088379 -11 0
    endloop
  endfacet
  facet normal -0.8320501722601498 -0.5547003793417262 0
    outer loop
      vertex 27.08333396911621 -11 0
      vertex 25.75 -9 4
      vertex 25.75 -9 0
    endloop
  endfacet
  facet normal -0.8320501722601498 -0.5547003793417262 0
    outer loop
      vertex 25.75 -9 4
      vertex 27.08333396911621 -11 0
      vertex 27.08333396911621 -11 4
    endloop
  endfacet
  facet normal 0.659340371986186 0 -0.7518445809268814
    outer loop
      vertex 47.71752166748047 0 0.41329383850097656
      vertex 47.914215087890625 22 0.5857868194580078
      vertex 47.914215087890625 0 0.5857868194580078
    endloop
  endfacet
  facet normal 0.659340371986186 0 -0.7518445809268814
    outer loop
      vertex 47.914215087890625 22 0.5857868194580078
      vertex 47.71752166748047 0 0.41329383850097656
      vertex 47.71752166748047 22 0.41329383850097656
    endloop
  endfacet
  facet normal -0.6593457932372824 0 -0.7518398266521259
    outer loop
      vertex 0.5857858657836914 0 0.5857868194580078
      vertex 0.7824764251708984 22 0.41329383850097656
      vertex 0.7824764251708984 0 0.41329383850097656
    endloop
  endfacet
  facet normal -0.6593457932372824 0 -0.7518398266521259
    outer loop
      vertex 0.7824764251708984 22 0.41329383850097656
      vertex 0.5857858657836914 0 0.5857868194580078
      vertex 0.5857858657836914 22 0.5857868194580078
    endloop
  endfacet
  facet normal 0.9469319676599184 0 -0.3214340501933723
    outer loop
      vertex 48.43185043334961 0 1.4823627471923828
      vertex 48.34775924682617 22 1.234633445739746
      vertex 48.43185043334961 22 1.4823627471923828
    endloop
  endfacet
  facet normal 0.9469319676599184 0 -0.3214340501933723
    outer loop
      vertex 48.34775924682617 22 1.234633445739746
      vertex 48.43185043334961 0 1.4823627471923828
      vertex 48.34775924682617 0 1.234633445739746
    endloop
  endfacet
  facet normal -0.8314699446192111 0 -0.555569735672243
    outer loop
      vertex 0.41329288482666016 0 0.7824773788452148
      vertex 0.26794910430908203 22 1
      vertex 0.41329288482666016 22 0.7824773788452148
    endloop
  endfacet
  facet normal -0.8314699446192111 0 -0.555569735672243
    outer loop
      vertex 0.26794910430908203 22 1
      vertex 0.41329288482666016 0 0.7824773788452148
      vertex 0.26794910430908203 0 1
    endloop
  endfacet
  facet normal 0 0 1
    outer loop
      vertex 26.23288917541504 12.238946914672852 103.5
      vertex 46.5 22 103.5
      vertex 26.25 12.5 103.5
    endloop
  endfacet
  facet normal 0 0 1
    outer loop
      vertex 46.5 22 103.5
      vertex 26.23288917541504 12.761052131652832 103.5
      vertex 26.25 12.5 103.5
    endloop
  endfacet
  facet normal 0 0 1
    outer loop
      vertex 46.5 22 103.5
      vertex 26.18185043334961 13.017637252807617 103.5
      vertex 26.23288917541504 12.761052131652832 103.5
    endloop
  endfacet
  facet normal 0 0 1
    outer loop
      vertex 46.5 22 103.5
      vertex 26.097759246826172 13.265366554260254 103.5
      vertex 26.18185043334961 13.017637252807617 103.5
    endloop
  endfacet
  facet normal 0 0 1
    outer loop
      vertex 46.5 22 103.5
      vertex 25.9820499420166 13.5 103.5
      vertex 26.097759246826172 13.265366554260254 103.5
    endloop
  endfacet
  facet normal 0 0 1
    outer loop
      vertex 46.5 22 103.5
      vertex 25.836706161499023 13.717522621154785 103.5
      vertex 25.9820499420166 13.5 103.5
    endloop
  endfacet
  facet normal 0 0 1
    outer loop
      vertex 46.5 22 103.5
      vertex 25.664213180541992 13.914213180541992 103.5
      vertex 25.836706161499023 13.717522621154785 103.5
    endloop
  endfacet
  facet normal 0 0 1
    outer loop
      vertex 46.5 22 103.5
      vertex 25.46752166748047 14.086706161499023 103.5
      vertex 25.664213180541992 13.914213180541992 103.5
    endloop
  endfacet
  facet normal 0 0 1
    outer loop
      vertex 46.5 22 103.5
      vertex 25.25 14.232049942016602 103.5
      vertex 25.46752166748047 14.086706161499023 103.5
    endloop
  endfacet
  facet normal 0 0 1
    outer loop
      vertex 46.5 22 103.5
      vertex 25.015365600585938 14.347758293151855 103.5
      vertex 25.25 14.232049942016602 103.5
    endloop
  endfacet
  facet normal 0 0 1
    outer loop
      vertex 46.5 22 103.5
      vertex 24.767637252807617 14.431851387023926 103.5
      vertex 25.015365600585938 14.347758293151855 103.5
    endloop
  endfacet
  facet normal 0 0 1
    outer loop
      vertex 46.5 22 103.5
      vertex 24.511051177978516 14.482889175415039 103.5
      vertex 24.767637252807617 14.431851387023926 103.5
    endloop
  endfacet
  facet normal 0 0 1
    outer loop
      vertex 46.5 22 103.5
      vertex 24.25 14.5 103.5
      vertex 24.511051177978516 14.482889175415039 103.5
    endloop
  endfacet
  facet normal 0 0 1
    outer loop
      vertex 2 22 103.5
      vertex 24.25 14.5 103.5
      vertex 46.5 22 103.5
    endloop
  endfacet
  facet normal 0 0 1
    outer loop
      vertex 24.25 14.5 103.5
      vertex 2 22 103.5
      vertex 23.98894691467285 14.482889175415039 103.5
    endloop
  endfacet
  facet normal 0 0 1
    outer loop
      vertex 22.267108917236328 12.761052131652832 103.5
      vertex 2 22 103.5
      vertex 22.25 12.5 103.5
    endloop
  endfacet
  facet normal 0 0 1
    outer loop
      vertex 22.318147659301758 13.017637252807617 103.5
      vertex 2 22 103.5
      vertex 22.267108917236328 12.761052131652832 103.5
    endloop
  endfacet
  facet normal 0 0 1
    outer loop
      vertex 22.402240753173828 13.265366554260254 103.5
      vertex 2 22 103.5
      vertex 22.318147659301758 13.017637252807617 103.5
    endloop
  endfacet
  facet normal 0 0 1
    outer loop
      vertex 22.517948150634766 13.5 103.5
      vertex 2 22 103.5
      vertex 22.402240753173828 13.265366554260254 103.5
    endloop
  endfacet
  facet normal 0 0 1
    outer loop
      vertex 22.663291931152344 13.717522621154785 103.5
      vertex 2 22 103.5
      vertex 22.517948150634766 13.5 103.5
    endloop
  endfacet
  facet normal 0 0 1
    outer loop
      vertex 22.835784912109375 13.914213180541992 103.5
      vertex 2 22 103.5
      vertex 22.663291931152344 13.717522621154785 103.5
    endloop
  endfacet
  facet normal 0 0 1
    outer loop
      vertex 23.0324764251709 14.086706161499023 103.5
      vertex 2 22 103.5
      vertex 22.835784912109375 13.914213180541992 103.5
    endloop
  endfacet
  facet normal 0 0 1
    outer loop
      vertex 23.25 14.232049942016602 103.5
      vertex 2 22 103.5
      vertex 23.0324764251709 14.086706161499023 103.5
    endloop
  endfacet
  facet normal 0 0 1
    outer loop
      vertex 23.48463249206543 14.347758293151855 103.5
      vertex 2 22 103.5
      vertex 23.25 14.232049942016602 103.5
    endloop
  endfacet
  facet normal 0 0 1
    outer loop
      vertex 23.73236083984375 14.431851387023926 103.5
      vertex 2 22 103.5
      vertex 23.48463249206543 14.347758293151855 103.5
    endloop
  endfacet
  facet normal 0 0 1
    outer loop
      vertex 23.98894691467285 14.482889175415039 103.5
      vertex 2 22 103.5
      vertex 23.73236083984375 14.431851387023926 103.5
    endloop
  endfacet
  facet normal 0 0 1
    outer loop
      vertex 46.5 22 103.5
      vertex 26.23288917541504 12.238946914672852 103.5
      vertex 46.5 0 103.5
    endloop
  endfacet
  facet normal 0 0 1
    outer loop
      vertex 26.18185043334961 11.982361793518066 103.5
      vertex 46.5 0 103.5
      vertex 26.23288917541504 12.238946914672852 103.5
    endloop
  endfacet
  facet normal 0 0 1
    outer loop
      vertex 26.097759246826172 11.73463249206543 103.5
      vertex 46.5 0 103.5
      vertex 26.18185043334961 11.982361793518066 103.5
    endloop
  endfacet
  facet normal 0 0 1
    outer loop
      vertex 25.9820499420166 11.5 103.5
      vertex 46.5 0 103.5
      vertex 26.097759246826172 11.73463249206543 103.5
    endloop
  endfacet
  facet normal 0 0 1
    outer loop
      vertex 25.836706161499023 11.282476425170898 103.5
      vertex 46.5 0 103.5
      vertex 25.9820499420166 11.5 103.5
    endloop
  endfacet
  facet normal 0 0 1
    outer loop
      vertex 25.664213180541992 11.085785865783691 103.5
      vertex 46.5 0 103.5
      vertex 25.836706161499023 11.282476425170898 103.5
    endloop
  endfacet
  facet normal 0 0 1
    outer loop
      vertex 25.46752166748047 10.91329288482666 103.5
      vertex 46.5 0 103.5
      vertex 25.664213180541992 11.085785865783691 103.5
    endloop
  endfacet
  facet normal 0 0 1
    outer loop
      vertex 25.25 10.767949104309082 103.5
      vertex 46.5 0 103.5
      vertex 25.46752166748047 10.91329288482666 103.5
    endloop
  endfacet
  facet normal 0 0 1
    outer loop
      vertex 25.015365600585938 10.652240753173828 103.5
      vertex 46.5 0 103.5
      vertex 25.25 10.767949104309082 103.5
    endloop
  endfacet
  facet normal 0 0 1
    outer loop
      vertex 24.767637252807617 10.568147659301758 103.5
      vertex 46.5 0 103.5
      vertex 25.015365600585938 10.652240753173828 103.5
    endloop
  endfacet
  facet normal 0 0 1
    outer loop
      vertex 24.511051177978516 10.517109870910645 103.5
      vertex 46.5 0 103.5
      vertex 24.767637252807617 10.568147659301758 103.5
    endloop
  endfacet
  facet normal 0 0 1
    outer loop
      vertex 24.25 10.5 103.5
      vertex 46.5 0 103.5
      vertex 24.511051177978516 10.517109870910645 103.5
    endloop
  endfacet
  facet normal 0 0 1
    outer loop
      vertex 2 0 103.5
      vertex 24.25 10.5 103.5
      vertex 23.98894691467285 10.517109870910645 103.5
    endloop
  endfacet
  facet normal 0 0 1
    outer loop
      vertex 2 0 103.5
      vertex 23.98894691467285 10.517109870910645 103.5
      vertex 23.73236083984375 10.568147659301758 103.5
    endloop
  endfacet
  facet normal 0 0 1
    outer loop
      vertex 2 0 103.5
      vertex 23.73236083984375 10.568147659301758 103.5
      vertex 23.48463249206543 10.652240753173828 103.5
    endloop
  endfacet
  facet normal 0 0 1
    outer loop
      vertex 2 22 103.5
      vertex 22.267108917236328 12.238946914672852 103.5
      vertex 22.25 12.5 103.5
    endloop
  endfacet
  facet normal 0 0 1
    outer loop
      vertex 2 0 103.5
      vertex 22.267108917236328 12.238946914672852 103.5
      vertex 2 22 103.5
    endloop
  endfacet
  facet normal 0 0 1
    outer loop
      vertex 22.267108917236328 12.238946914672852 103.5
      vertex 2 0 103.5
      vertex 22.318147659301758 11.982361793518066 103.5
    endloop
  endfacet
  facet normal 0 0 1
    outer loop
      vertex 22.318147659301758 11.982361793518066 103.5
      vertex 2 0 103.5
      vertex 22.402240753173828 11.73463249206543 103.5
    endloop
  endfacet
  facet normal 0 0 1
    outer loop
      vertex 22.402240753173828 11.73463249206543 103.5
      vertex 2 0 103.5
      vertex 22.517948150634766 11.5 103.5
    endloop
  endfacet
  facet normal 0 0 1
    outer loop
      vertex 22.517948150634766 11.5 103.5
      vertex 2 0 103.5
      vertex 22.663291931152344 11.282476425170898 103.5
    endloop
  endfacet
  facet normal 0 0 1
    outer loop
      vertex 22.663291931152344 11.282476425170898 103.5
      vertex 2 0 103.5
      vertex 22.835784912109375 11.085785865783691 103.5
    endloop
  endfacet
  facet normal 0 0 1
    outer loop
      vertex 22.835784912109375 11.085785865783691 103.5
      vertex 2 0 103.5
      vertex 23.0324764251709 10.91329288482666 103.5
    endloop
  endfacet
  facet normal 0 0 1
    outer loop
      vertex 24.25 10.5 103.5
      vertex 2 0 103.5
      vertex 46.5 0 103.5
    endloop
  endfacet
  facet normal 0 0 1
    outer loop
      vertex 23.25 10.767949104309082 103.5
      vertex 2 0 103.5
      vertex 23.48463249206543 10.652240753173828 103.5
    endloop
  endfacet
  facet normal 0 0 1
    outer loop
      vertex 23.0324764251709 10.91329288482666 103.5
      vertex 2 0 103.5
      vertex 23.25 10.767949104309082 103.5
    endloop
  endfacet
  facet normal -1 0 0
    outer loop
      vertex 0 0 4
      vertex 0 22 2
      vertex 0 0 2
    endloop
  endfacet
  facet normal -1 0 0
    outer loop
      vertex 0 22 2
      vertex 0 0 4
      vertex 0 22 27.479999542236328
    endloop
  endfacet
  facet normal -1 0 0
    outer loop
      vertex 0 22 27.479999542236328
      vertex 0 0 4
      vertex 0 0 27.479999542236328
    endloop
  endfacet
  facet normal -1 0 0
    outer loop
      vertex 0 0 73.94999694824219
      vertex 0 22 101.5
      vertex 0 22 73.94999694824219
    endloop
  endfacet
  facet normal -1 0 0
    outer loop
      vertex 0 22 101.5
      vertex 0 0 73.94999694824219
      vertex 0 0 101.5
    endloop
  endfacet
  facet normal -1 0 0
    outer loop
      vertex 0 0 30.479999542236328
      vertex 0 22 70.94999694824219
      vertex 0 22 30.479999542236328
    endloop
  endfacet
  facet normal -1 0 0
    outer loop
      vertex 0 22 70.94999694824219
      vertex 0 0 30.479999542236328
      vertex 0 0 70.94999694824219
    endloop
  endfacet
  facet normal 0.831476680384081 0 -0.5555596547423767
    outer loop
      vertex 48.23204803466797 0 1
      vertex 48.086708068847656 22 0.7824773788452148
      vertex 48.23204803466797 22 1
    endloop
  endfacet
  facet normal 0.831476680384081 0 -0.5555596547423767
    outer loop
      vertex 48.086708068847656 22 0.7824773788452148
      vertex 48.23204803466797 0 1
      vertex 48.086708068847656 0 0.7824773788452148
    endloop
  endfacet
  facet normal -0.1950721802359965 0 0.9807888888532409
    outer loop
      vertex 1.4823617935180664 22 103.43185424804688
      vertex 1.7389469146728516 0 103.4828872680664
      vertex 1.7389469146728516 22 103.4828872680664
    endloop
  endfacet
  facet normal -0.1950721802359965 0 0.9807888888532409
    outer loop
      vertex 1.7389469146728516 0 103.4828872680664
      vertex 1.4823617935180664 22 103.43185424804688
      vertex 1.4823617935180664 0 103.43185424804688
    endloop
  endfacet
  facet normal -0.8314688194409101 0 0.5555714196190613
    outer loop
      vertex 0.26794910430908203 0 102.5
      vertex 0.41329288482666016 22 102.71752166748047
      vertex 0.26794910430908203 22 102.5
    endloop
  endfacet
  facet normal -0.8314688194409101 0 0.5555714196190613
    outer loop
      vertex 0.41329288482666016 22 102.71752166748047
      vertex 0.26794910430908203 0 102.5
      vertex 0.41329288482666016 0 102.71752166748047
    endloop
  endfacet
  facet normal 0.8968692066474736 0 0.44229585818491607
    outer loop
      vertex 48.23204803466797 0 102.5
      vertex 48.34775924682617 22 102.26536560058594
      vertex 48.23204803466797 22 102.5
    endloop
  endfacet
  facet normal 0.8968692066474736 0 0.44229585818491607
    outer loop
      vertex 48.34775924682617 22 102.26536560058594
      vertex 48.23204803466797 0 102.5
      vertex 48.34775924682617 0 102.26536560058594
    endloop
  endfacet
  facet normal -0.06541229710371879 0 0.9978583223021267
    outer loop
      vertex 1.7389469146728516 22 103.4828872680664
      vertex 2 0 103.5
      vertex 2 22 103.5
    endloop
  endfacet
  facet normal -0.06541229710371879 0 0.9978583223021267
    outer loop
      vertex 2 0 103.5
      vertex 1.7389469146728516 22 103.4828872680664
      vertex 1.7389469146728516 0 103.4828872680664
    endloop
  endfacet
  facet normal -0.9469286185378721 0 0.32144391640526826
    outer loop
      vertex 0.06814765930175781 0 102.01763916015625
      vertex 0.15224075317382812 22 102.26536560058594
      vertex 0.06814765930175781 22 102.01763916015625
    endloop
  endfacet
  facet normal -0.9469286185378721 0 0.32144391640526826
    outer loop
      vertex 0.15224075317382812 22 102.26536560058594
      vertex 0.06814765930175781 0 102.01763916015625
      vertex 0.15224075317382812 0 102.26536560058594
    endloop
  endfacet
  facet normal -0.980785262699421 0 0.19509041101916727
    outer loop
      vertex 0.01710987091064453 0 101.76105499267578
      vertex 0.06814765930175781 22 102.01763916015625
      vertex 0.01710987091064453 22 101.76105499267578
    endloop
  endfacet
  facet normal -0.980785262699421 0 0.19509041101916727
    outer loop
      vertex 0.06814765930175781 22 102.01763916015625
      vertex 0.01710987091064453 0 101.76105499267578
      vertex 0.06814765930175781 0 102.01763916015625
    endloop
  endfacet
  facet normal 0.06541277298823332 0 0.9978582911065026
    outer loop
      vertex 46.5 22 103.5
      vertex 46.761051177978516 0 103.4828872680664
      vertex 46.761051177978516 22 103.4828872680664
    endloop
  endfacet
  facet normal 0.06541277298823332 0 0.9978582911065026
    outer loop
      vertex 46.761051177978516 0 103.4828872680664
      vertex 46.5 22 103.5
      vertex 46.5 0 103.5
    endloop
  endfacet
  facet normal 1 0 0
    outer loop
      vertex 48.5 0 4
      vertex 48.5 22 27.479999542236328
      vertex 48.5 0 27.479999542236328
    endloop
  endfacet
  facet normal 1 0 0
    outer loop
      vertex 48.5 22 27.479999542236328
      vertex 48.5 0 4
      vertex 48.5 22 2
    endloop
  endfacet
  facet normal 1 0 0
    outer loop
      vertex 48.5 22 2
      vertex 48.5 0 4
      vertex 48.5 0 2
    endloop
  endfacet
  facet normal 1 0 0
    outer loop
      vertex 48.5 0 101.5
      vertex 48.5 22 73.94999694824219
      vertex 48.5 22 101.5
    endloop
  endfacet
  facet normal 1 0 0
    outer loop
      vertex 48.5 22 73.94999694824219
      vertex 48.5 0 101.5
      vertex 48.5 0 73.94999694824219
    endloop
  endfacet
  facet normal 1 0 0
    outer loop
      vertex 48.5 0 70.94999694824219
      vertex 48.5 22 30.479999542236328
      vertex 48.5 22 70.94999694824219
    endloop
  endfacet
  facet normal 1 0 0
    outer loop
      vertex 48.5 22 30.479999542236328
      vertex 48.5 0 70.94999694824219
      vertex 48.5 0 30.479999542236328
    endloop
  endfacet
  facet normal 0.9807859602093987 0 0.19508690436861148
    outer loop
      vertex 48.43185043334961 0 102.01763916015625
      vertex 48.482887268066406 22 101.76105499267578
      vertex 48.43185043334961 22 102.01763916015625
    endloop
  endfacet
  facet normal 0.9807859602093987 0 0.19508690436861148
    outer loop
      vertex 48.482887268066406 22 101.76105499267578
      vertex 48.43185043334961 0 102.01763916015625
      vertex 48.482887268066406 0 101.76105499267578
    endloop
  endfacet
  facet normal 0.5555714196190613 0 -0.8314688194409101
    outer loop
      vertex 47.5 0 0.26795005798339844
      vertex 47.71752166748047 22 0.41329383850097656
      vertex 47.71752166748047 0 0.41329383850097656
    endloop
  endfacet
  facet normal 0.5555714196190613 0 -0.8314688194409101
    outer loop
      vertex 47.71752166748047 22 0.41329383850097656
      vertex 47.5 0 0.26795005798339844
      vertex 47.5 22 0.26795005798339844
    endloop
  endfacet
  facet normal -0.9978590672493916 0 0.06540093201303933
    outer loop
      vertex 0 0 101.5
      vertex 0.01710987091064453 22 101.76105499267578
      vertex 0 22 101.5
    endloop
  endfacet
  facet normal -0.9978590672493916 0 0.06540093201303933
    outer loop
      vertex 0.01710987091064453 22 101.76105499267578
      vertex 0 0 101.5
      vertex 0.01710987091064453 0 101.76105499267578
    endloop
  endfacet
  facet normal -0.06540503757857268 0 -0.9978587981570066
    outer loop
      vertex 1.7389469146728516 0 0.017110824584960938
      vertex 2 22 0
      vertex 2 0 0
    endloop
  endfacet
  facet normal -0.06540503757857268 0 -0.9978587981570066
    outer loop
      vertex 2 22 0
      vertex 1.7389469146728516 0 0.017110824584960938
      vertex 1.7389469146728516 22 0.017110824584960938
    endloop
  endfacet
  facet normal 0.32144391640526826 0 -0.9469286185378721
    outer loop
      vertex 47.01763916015625 0 0.06814861297607422
      vertex 47.26536560058594 22 0.15224170684814453
      vertex 47.26536560058594 0 0.15224170684814453
    endloop
  endfacet
  facet normal 0.32144391640526826 0 -0.9469286185378721
    outer loop
      vertex 47.26536560058594 22 0.15224170684814453
      vertex 47.01763916015625 0 0.06814861297607422
      vertex 47.01763916015625 22 0.06814861297607422
    endloop
  endfacet
  facet normal 0.9807860989483407 0 -0.19508620686685102
    outer loop
      vertex 48.482887268066406 0 1.738947868347168
      vertex 48.43185043334961 22 1.4823627471923828
      vertex 48.482887268066406 22 1.738947868347168
    endloop
  endfacet
  facet normal 0.9807860989483407 0 -0.19508620686685102
    outer loop
      vertex 48.43185043334961 22 1.4823627471923828
      vertex 48.482887268066406 0 1.738947868347168
      vertex 48.43185043334961 0 1.4823627471923828
    endloop
  endfacet
  facet normal 0.7518445809268814 0 0.659340371986186
    outer loop
      vertex 47.914215087890625 0 102.91421508789062
      vertex 48.086708068847656 22 102.71752166748047
      vertex 47.914215087890625 22 102.91421508789062
    endloop
  endfacet
  facet normal 0.7518445809268814 0 0.659340371986186
    outer loop
      vertex 48.086708068847656 22 102.71752166748047
      vertex 47.914215087890625 0 102.91421508789062
      vertex 48.086708068847656 0 102.71752166748047
    endloop
  endfacet
  facet normal 0.19507008789859345 0 0.9807893050024735
    outer loop
      vertex 46.761051177978516 22 103.4828872680664
      vertex 47.01763916015625 0 103.43185424804688
      vertex 47.01763916015625 22 103.43185424804688
    endloop
  endfacet
  facet normal 0.19507008789859345 0 0.9807893050024735
    outer loop
      vertex 47.01763916015625 0 103.43185424804688
      vertex 46.761051177978516 22 103.4828872680664
      vertex 46.761051177978516 0 103.4828872680664
    endloop
  endfacet
  facet normal -0.3214340501933723 0 0.9469319676599184
    outer loop
      vertex 1.2346324920654297 22 103.34776306152344
      vertex 1.4823617935180664 0 103.43185424804688
      vertex 1.4823617935180664 22 103.43185424804688
    endloop
  endfacet
  facet normal -0.3214340501933723 0 0.9469319676599184
    outer loop
      vertex 1.4823617935180664 0 103.43185424804688
      vertex 1.2346324920654297 22 103.34776306152344
      vertex 1.2346324920654297 0 103.34776306152344
    endloop
  endfacet
  facet normal -0.5555680517333541 0 -0.8314710697872808
    outer loop
      vertex 0.7824764251708984 0 0.41329383850097656
      vertex 1 22 0.26795005798339844
      vertex 1 0 0.26795005798339844
    endloop
  endfacet
  facet normal -0.5555680517333541 0 -0.8314710697872808
    outer loop
      vertex 1 22 0.26795005798339844
      vertex 0.7824764251708984 0 0.41329383850097656
      vertex 0.7824764251708984 22 0.41329383850097656
    endloop
  endfacet
  facet normal 0.5555613386859225 0 0.831475555237498
    outer loop
      vertex 47.5 22 103.23204803466797
      vertex 47.71752166748047 0 103.08670806884766
      vertex 47.71752166748047 22 103.08670806884766
    endloop
  endfacet
  facet normal 0.5555613386859225 0 0.831475555237498
    outer loop
      vertex 47.71752166748047 0 103.08670806884766
      vertex 47.5 22 103.23204803466797
      vertex 47.5 0 103.23204803466797
    endloop
  endfacet
  facet normal 0.8968684935229183 0 -0.4422973042263891
    outer loop
      vertex 48.34775924682617 0 1.234633445739746
      vertex 48.23204803466797 22 1
      vertex 48.34775924682617 22 1.234633445739746
    endloop
  endfacet
  facet normal 0.8968684935229183 0 -0.4422973042263891
    outer loop
      vertex 48.23204803466797 22 1
      vertex 48.34775924682617 0 1.234633445739746
      vertex 48.23204803466797 0 1
    endloop
  endfacet
  facet normal -0.7518445809268814 0 0.659340371986186
    outer loop
      vertex 0.41329288482666016 0 102.71752166748047
      vertex 0.5857858657836914 22 102.91421508789062
      vertex 0.41329288482666016 22 102.71752166748047
    endloop
  endfacet
  facet normal -0.7518445809268814 0 0.659340371986186
    outer loop
      vertex 0.5857858657836914 22 102.91421508789062
      vertex 0.41329288482666016 0 102.71752166748047
      vertex 0.5857858657836914 0 102.91421508789062
    endloop
  endfacet
  facet normal 0.9978583067043998 0 -0.0654125350451124
    outer loop
      vertex 48.5 0 2
      vertex 48.482887268066406 22 1.738947868347168
      vertex 48.5 22 2
    endloop
  endfacet
  facet normal 0.9978583067043998 0 -0.0654125350451124
    outer loop
      vertex 48.482887268066406 22 1.738947868347168
      vertex 48.5 0 2
      vertex 48.482887268066406 0 1.738947868347168
    endloop
  endfacet
  facet normal -0.44231047906023124 0 0.8968619961362555
    outer loop
      vertex 1 22 103.23204803466797
      vertex 1.2346324920654297 0 103.34776306152344
      vertex 1.2346324920654297 22 103.34776306152344
    endloop
  endfacet
  facet normal -0.44231047906023124 0 0.8968619961362555
    outer loop
      vertex 1.2346324920654297 0 103.34776306152344
      vertex 1 22 103.23204803466797
      vertex 1 0 103.23204803466797
    endloop
  endfacet
  facet normal -0.6593457932372824 0 0.7518398266521259
    outer loop
      vertex 0.5857858657836914 22 102.91421508789062
      vertex 0.7824764251708984 0 103.08670806884766
      vertex 0.7824764251708984 22 103.08670806884766
    endloop
  endfacet
  facet normal -0.6593457932372824 0 0.7518398266521259
    outer loop
      vertex 0.7824764251708984 0 103.08670806884766
      vertex 0.5857858657836914 22 102.91421508789062
      vertex 0.5857858657836914 0 102.91421508789062
    endloop
  endfacet
  facet normal -0.7518398266521259 0 -0.6593457932372824
    outer loop
      vertex 0.5857858657836914 0 0.5857868194580078
      vertex 0.41329288482666016 22 0.7824773788452148
      vertex 0.5857858657836914 22 0.5857868194580078
    endloop
  endfacet
  facet normal -0.7518398266521259 0 -0.6593457932372824
    outer loop
      vertex 0.41329288482666016 22 0.7824773788452148
      vertex 0.5857858657836914 0 0.5857868194580078
      vertex 0.41329288482666016 0 0.7824773788452148
    endloop
  endfacet
  facet normal 0.9978583534970697 0 0.06541182122611355
    outer loop
      vertex 48.482887268066406 0 101.76105499267578
      vertex 48.5 22 101.5
      vertex 48.482887268066406 22 101.76105499267578
    endloop
  endfacet
  facet normal 0.9978583534970697 0 0.06541182122611355
    outer loop
      vertex 48.5 22 101.5
      vertex 48.482887268066406 0 101.76105499267578
      vertex 48.5 0 101.5
    endloop
  endfacet
  facet normal 0.659340371986186 0 0.7518445809268814
    outer loop
      vertex 47.71752166748047 22 103.08670806884766
      vertex 47.914215087890625 0 102.91421508789062
      vertex 47.914215087890625 22 102.91421508789062
    endloop
  endfacet
  facet normal 0.659340371986186 0 0.7518445809268814
    outer loop
      vertex 47.914215087890625 0 102.91421508789062
      vertex 47.71752166748047 22 103.08670806884766
      vertex 47.71752166748047 0 103.08670806884766
    endloop
  endfacet
  facet normal -0.19508971350586143 0 -0.980785401443252
    outer loop
      vertex 1.4823617935180664 0 0.06814861297607422
      vertex 1.7389469146728516 22 0.017110824584960938
      vertex 1.7389469146728516 0 0.017110824584960938
    endloop
  endfacet
  facet normal -0.19508971350586143 0 -0.980785401443252
    outer loop
      vertex 1.7389469146728516 22 0.017110824584960938
      vertex 1.4823617935180664 0 0.06814861297607422
      vertex 1.4823617935180664 22 0.06814861297607422
    endloop
  endfacet
  facet normal 0 1 0
    outer loop
      vertex 48.5 22 27.479999542236328
      vertex 48.5 22 2
      vertex 47.5 22 27.479999542236328
    endloop
  endfacet
  facet normal 0 1 0
    outer loop
      vertex 48.5 22 70.94999694824219
      vertex 48.5 22 30.479999542236328
      vertex 47.5 22 70.94999694824219
    endloop
  endfacet
  facet normal 0 1 0
    outer loop
      vertex 3 22 100.5
      vertex 1 22 70.94999694824219
      vertex 1 22 73.94999694824219
    endloop
  endfacet
  facet normal 0 1 0
    outer loop
      vertex 1 22 70.94999694824219
      vertex 1 22 30.479999542236328
      vertex 0 22 70.94999694824219
    endloop
  endfacet
  facet normal 0 1 0
    outer loop
      vertex 3 22 100.5
      vertex 1 22 30.479999542236328
      vertex 1 22 70.94999694824219
    endloop
  endfacet
  facet normal 0 1 0
    outer loop
      vertex 3 22 0
      vertex 1 22 30.479999542236328
      vertex 3 22 100.5
    endloop
  endfacet
  facet normal 0 1 0
    outer loop
      vertex 1 22 27.479999542236328
      vertex 0 22 2
      vertex 0 22 27.479999542236328
    endloop
  endfacet
  facet normal 0 1 0
    outer loop
      vertex 3 22 0
      vertex 0 22 2
      vertex 1 22 27.479999542236328
    endloop
  endfacet
  facet normal 0 1 0
    outer loop
      vertex 2 22 0
      vertex 0 22 2
      vertex 3 22 0
    endloop
  endfacet
  facet normal 0 1 0
    outer loop
      vertex 0 22 2
      vertex 2 22 0
      vertex 0.01710987091064453 22 1.738947868347168
    endloop
  endfacet
  facet normal 0 1 0
    outer loop
      vertex 0.01710987091064453 22 1.738947868347168
      vertex 2 22 0
      vertex 0.06814765930175781 22 1.4823627471923828
    endloop
  endfacet
  facet normal 0 1 0
    outer loop
      vertex 0.06814765930175781 22 1.4823627471923828
      vertex 2 22 0
      vertex 0.15224075317382812 22 1.234633445739746
    endloop
  endfacet
  facet normal 0 1 0
    outer loop
      vertex 1 22 30.479999542236328
      vertex 3 22 0
      vertex 1 22 27.479999542236328
    endloop
  endfacet
  facet normal 0 1 0
    outer loop
      vertex 0.15224075317382812 22 1.234633445739746
      vertex 2 22 0
      vertex 0.26794910430908203 22 1
    endloop
  endfacet
  facet normal 0 1 0
    outer loop
      vertex 0.26794910430908203 22 1
      vertex 2 22 0
      vertex 0.41329288482666016 22 0.7824773788452148
    endloop
  endfacet
  facet normal 0 1 0
    outer loop
      vertex 0.41329288482666016 22 0.7824773788452148
      vertex 2 22 0
      vertex 0.5857858657836914 22 0.5857868194580078
    endloop
  endfacet
  facet normal 0 1 0
    outer loop
      vertex 0.5857858657836914 22 0.5857868194580078
      vertex 2 22 0
      vertex 0.7824764251708984 22 0.41329383850097656
    endloop
  endfacet
  facet normal 0 1 0
    outer loop
      vertex 0.7824764251708984 22 0.41329383850097656
      vertex 2 22 0
      vertex 1 22 0.26795005798339844
    endloop
  endfacet
  facet normal 0 1 0
    outer loop
      vertex 1 22 0.26795005798339844
      vertex 2 22 0
      vertex 1.2346324920654297 22 0.15224170684814453
    endloop
  endfacet
  facet normal 0 1 0
    outer loop
      vertex 1.2346324920654297 22 0.15224170684814453
      vertex 2 22 0
      vertex 1.4823617935180664 22 0.06814861297607422
    endloop
  endfacet
  facet normal 0 1 0
    outer loop
      vertex 1.4823617935180664 22 0.06814861297607422
      vertex 2 22 0
      vertex 1.7389469146728516 22 0.017110824584960938
    endloop
  endfacet
  facet normal 0 1 0
    outer loop
      vertex 45.5 22 100.5
      vertex 46.5 22 103.5
      vertex 46.761051177978516 22 103.4828872680664
    endloop
  endfacet
  facet normal 0 1 0
    outer loop
      vertex 46.5 22 103.5
      vertex 45.5 22 100.5
      vertex 2 22 103.5
    endloop
  endfacet
  facet normal 0 1 0
    outer loop
      vertex 45.5 22 100.5
      vertex 46.761051177978516 22 103.4828872680664
      vertex 47.01763916015625 22 103.43185424804688
    endloop
  endfacet
  facet normal 0 1 0
    outer loop
      vertex 3 22 100.5
      vertex 2 22 103.5
      vertex 45.5 22 100.5
    endloop
  endfacet
  facet normal 0 1 0
    outer loop
      vertex 45.5 22 100.5
      vertex 47.01763916015625 22 103.43185424804688
      vertex 47.26536560058594 22 103.34776306152344
    endloop
  endfacet
  facet normal 0 1 0
    outer loop
      vertex 2 22 103.5
      vertex 3 22 100.5
      vertex 1.7389469146728516 22 103.4828872680664
    endloop
  endfacet
  facet normal 0 1 0
    outer loop
      vertex 45.5 22 100.5
      vertex 47.26536560058594 22 103.34776306152344
      vertex 47.5 22 103.23204803466797
    endloop
  endfacet
  facet normal 0 1 0
    outer loop
      vertex 1.7389469146728516 22 103.4828872680664
      vertex 3 22 100.5
      vertex 1.4823617935180664 22 103.43185424804688
    endloop
  endfacet
  facet normal 0 1 0
    outer loop
      vertex 45.5 22 100.5
      vertex 47.5 22 103.23204803466797
      vertex 47.71752166748047 22 103.08670806884766
    endloop
  endfacet
  facet normal 0 1 0
    outer loop
      vertex 1.4823617935180664 22 103.43185424804688
      vertex 3 22 100.5
      vertex 1.2346324920654297 22 103.34776306152344
    endloop
  endfacet
  facet normal 0 1 0
    outer loop
      vertex 45.5 22 100.5
      vertex 47.71752166748047 22 103.08670806884766
      vertex 47.914215087890625 22 102.91421508789062
    endloop
  endfacet
  facet normal 0 1 0
    outer loop
      vertex 1.2346324920654297 22 103.34776306152344
      vertex 3 22 100.5
      vertex 1 22 103.23204803466797
    endloop
  endfacet
  facet normal 0 1 0
    outer loop
      vertex 45.5 22 100.5
      vertex 47.914215087890625 22 102.91421508789062
      vertex 48.086708068847656 22 102.71752166748047
    endloop
  endfacet
  facet normal 0 1 0
    outer loop
      vertex 1 22 103.23204803466797
      vertex 3 22 100.5
      vertex 0.7824764251708984 22 103.08670806884766
    endloop
  endfacet
  facet normal 0 1 0
    outer loop
      vertex 45.5 22 100.5
      vertex 48.086708068847656 22 102.71752166748047
      vertex 48.23204803466797 22 102.5
    endloop
  endfacet
  facet normal 0 1 0
    outer loop
      vertex 0.7824764251708984 22 103.08670806884766
      vertex 3 22 100.5
      vertex 0.5857858657836914 22 102.91421508789062
    endloop
  endfacet
  facet normal 0 1 0
    outer loop
      vertex 45.5 22 100.5
      vertex 48.23204803466797 22 102.5
      vertex 48.34775924682617 22 102.26536560058594
    endloop
  endfacet
  facet normal 0 1 0
    outer loop
      vertex 0.5857858657836914 22 102.91421508789062
      vertex 3 22 100.5
      vertex 0.41329288482666016 22 102.71752166748047
    endloop
  endfacet
  facet normal 0 1 0
    outer loop
      vertex 45.5 22 100.5
      vertex 48.34775924682617 22 102.26536560058594
      vertex 48.43185043334961 22 102.01763916015625
    endloop
  endfacet
  facet normal 0 1 0
    outer loop
      vertex 0.41329288482666016 22 102.71752166748047
      vertex 3 22 100.5
      vertex 0.26794910430908203 22 102.5
    endloop
  endfacet
  facet normal 0 1 0
    outer loop
      vertex 45.5 22 100.5
      vertex 48.43185043334961 22 102.01763916015625
      vertex 48.482887268066406 22 101.76105499267578
    endloop
  endfacet
  facet normal 0 1 0
    outer loop
      vertex 0.26794910430908203 22 102.5
      vertex 3 22 100.5
      vertex 0.15224075317382812 22 102.26536560058594
    endloop
  endfacet
  facet normal 0 1 0
    outer loop
      vertex 45.5 22 100.5
      vertex 48.482887268066406 22 101.76105499267578
      vertex 48.5 22 101.5
    endloop
  endfacet
  facet normal 0 1 0
    outer loop
      vertex 0.15224075317382812 22 102.26536560058594
      vertex 3 22 100.5
      vertex 0.06814765930175781 22 102.01763916015625
    endloop
  endfacet
  facet normal 0 1 0
    outer loop
      vertex 0.06814765930175781 22 102.01763916015625
      vertex 3 22 100.5
      vertex 0.01710987091064453 22 101.76105499267578
    endloop
  endfacet
  facet normal 0 1 0
    outer loop
      vertex 48.5 22 73.94999694824219
      vertex 45.5 22 100.5
      vertex 48.5 22 101.5
    endloop
  endfacet
  facet normal 0 1 0
    outer loop
      vertex 47.5 22 73.94999694824219
      vertex 45.5 22 100.5
      vertex 48.5 22 73.94999694824219
    endloop
  endfacet
  facet normal 0 1 0
    outer loop
      vertex 47.5 22 70.94999694824219
      vertex 45.5 22 100.5
      vertex 47.5 22 73.94999694824219
    endloop
  endfacet
  facet normal 0 1 0
    outer loop
      vertex 47.5 22 30.479999542236328
      vertex 47.5 22 70.94999694824219
      vertex 48.5 22 30.479999542236328
    endloop
  endfacet
  facet normal 0 1 0
    outer loop
      vertex 47.5 22 70.94999694824219
      vertex 47.5 22 30.479999542236328
      vertex 45.5 22 100.5
    endloop
  endfacet
  facet normal 0 1 0
    outer loop
      vertex 45.5 22 0
      vertex 47.5 22 30.479999542236328
      vertex 47.5 22 27.479999542236328
    endloop
  endfacet
  facet normal 0 1 0
    outer loop
      vertex 46.5 22 0
      vertex 48.5 22 2
      vertex 48.482887268066406 22 1.738947868347168
    endloop
  endfacet
  facet normal 0 1 0
    outer loop
      vertex 46.5 22 0
      vertex 48.482887268066406 22 1.738947868347168
      vertex 48.43185043334961 22 1.4823627471923828
    endloop
  endfacet
  facet normal 0 1 0
    outer loop
      vertex 46.5 22 0
      vertex 48.43185043334961 22 1.4823627471923828
      vertex 48.34775924682617 22 1.234633445739746
    endloop
  endfacet
  facet normal 0 1 0
    outer loop
      vertex 46.5 22 0
      vertex 48.34775924682617 22 1.234633445739746
      vertex 48.23204803466797 22 1
    endloop
  endfacet
  facet normal 0 1 0
    outer loop
      vertex 46.5 22 0
      vertex 48.23204803466797 22 1
      vertex 48.086708068847656 22 0.7824773788452148
    endloop
  endfacet
  facet normal 0 1 0
    outer loop
      vertex 48.5 22 2
      vertex 45.5 22 0
      vertex 47.5 22 27.479999542236328
    endloop
  endfacet
  facet normal 0 1 0
    outer loop
      vertex 46.5 22 0
      vertex 48.086708068847656 22 0.7824773788452148
      vertex 47.914215087890625 22 0.5857868194580078
    endloop
  endfacet
  facet normal 0 1 0
    outer loop
      vertex 46.5 22 0
      vertex 47.914215087890625 22 0.5857868194580078
      vertex 47.71752166748047 22 0.41329383850097656
    endloop
  endfacet
  facet normal 0 1 0
    outer loop
      vertex 46.5 22 0
      vertex 47.71752166748047 22 0.41329383850097656
      vertex 47.5 22 0.26795005798339844
    endloop
  endfacet
  facet normal 0 1 0
    outer loop
      vertex 46.5 22 0
      vertex 47.5 22 0.26795005798339844
      vertex 47.26536560058594 22 0.15224170684814453
    endloop
  endfacet
  facet normal 0 1 0
    outer loop
      vertex 46.5 22 0
      vertex 47.26536560058594 22 0.15224170684814453
      vertex 47.01763916015625 22 0.06814861297607422
    endloop
  endfacet
  facet normal 0 1 0
    outer loop
      vertex 46.5 22 0
      vertex 47.01763916015625 22 0.06814861297607422
      vertex 46.761051177978516 22 0.017110824584960938
    endloop
  endfacet
  facet normal 0 1 0
    outer loop
      vertex 48.5 22 2
      vertex 46.5 22 0
      vertex 45.5 22 0
    endloop
  endfacet
  facet normal 0 1 0
    outer loop
      vertex 47.5 22 30.479999542236328
      vertex 45.5 22 0
      vertex 45.5 22 100.5
    endloop
  endfacet
  facet normal 0 1 0
    outer loop
      vertex 0.01710987091064453 22 101.76105499267578
      vertex 3 22 100.5
      vertex 0 22 101.5
    endloop
  endfacet
  facet normal 0 1 0
    outer loop
      vertex 0 22 73.94999694824219
      vertex 3 22 100.5
      vertex 1 22 73.94999694824219
    endloop
  endfacet
  facet normal 0 1 0
    outer loop
      vertex 3 22 100.5
      vertex 0 22 73.94999694824219
      vertex 0 22 101.5
    endloop
  endfacet
  facet normal 0 1 0
    outer loop
      vertex 0 22 70.94999694824219
      vertex 1 22 30.479999542236328
      vertex 0 22 30.479999542236328
    endloop
  endfacet
  facet normal 0.9469308377254704 0 0.32143737891623453
    outer loop
      vertex 48.34775924682617 0 102.26536560058594
      vertex 48.43185043334961 22 102.01763916015625
      vertex 48.34775924682617 22 102.26536560058594
    endloop
  endfacet
  facet normal 0.9469308377254704 0 0.32143737891623453
    outer loop
      vertex 48.43185043334961 22 102.01763916015625
      vertex 48.34775924682617 0 102.26536560058594
      vertex 48.43185043334961 0 102.01763916015625
    endloop
  endfacet
  facet normal 0.32143737891623453 0 0.9469308377254704
    outer loop
      vertex 47.01763916015625 22 103.43185424804688
      vertex 47.26536560058594 0 103.34776306152344
      vertex 47.26536560058594 22 103.34776306152344
    endloop
  endfacet
  facet normal 0.32143737891623453 0 0.9469308377254704
    outer loop
      vertex 47.26536560058594 0 103.34776306152344
      vertex 47.01763916015625 22 103.43185424804688
      vertex 47.01763916015625 0 103.43185424804688
    endloop
  endfacet
  facet normal 0.4423075869295927 0 0.8968634224588049
    outer loop
      vertex 47.26536560058594 22 103.34776306152344
      vertex 47.5 0 103.23204803466797
      vertex 47.5 22 103.23204803466797
    endloop
  endfacet
  facet normal 0.4423075869295927 0 0.8968634224588049
    outer loop
      vertex 47.5 0 103.23204803466797
      vertex 47.26536560058594 22 103.34776306152344
      vertex 47.26536560058594 0 103.34776306152344
    endloop
  endfacet
  facet normal 0.44228706147748725 0 -0.8968735447372775
    outer loop
      vertex 47.26536560058594 0 0.15224170684814453
      vertex 47.5 22 0.26795005798339844
      vertex 47.5 0 0.26795005798339844
    endloop
  endfacet
  facet normal 0.44228706147748725 0 -0.8968735447372775
    outer loop
      vertex 47.5 22 0.26795005798339844
      vertex 47.26536560058594 0 0.15224170684814453
      vertex 47.26536560058594 22 0.15224170684814453
    endloop
  endfacet
  facet normal -0.4422899535391963 0 -0.8968721185310063
    outer loop
      vertex 1 0 0.26795005798339844
      vertex 1.2346324920654297 22 0.15224170684814453
      vertex 1.2346324920654297 0 0.15224170684814453
    endloop
  endfacet
  facet normal -0.4422899535391963 0 -0.8968721185310063
    outer loop
      vertex 1.2346324920654297 22 0.15224170684814453
      vertex 1 0 0.26795005798339844
      vertex 1 22 0.26795005798339844
    endloop
  endfacet
  facet normal 0.1950876209952777 0 -0.9807858176658157
    outer loop
      vertex 46.761051177978516 0 0.017110824584960938
      vertex 47.01763916015625 22 0.06814861297607422
      vertex 47.01763916015625 0 0.06814861297607422
    endloop
  endfacet
  facet normal 0.1950876209952777 0 -0.9807858176658157
    outer loop
      vertex 47.01763916015625 22 0.06814861297607422
      vertex 46.761051177978516 0 0.017110824584960938
      vertex 46.761051177978516 22 0.017110824584960938
    endloop
  endfacet
  facet normal 0.7518398266521259 0 -0.6593457932372824
    outer loop
      vertex 48.086708068847656 0 0.7824773788452148
      vertex 47.914215087890625 22 0.5857868194580078
      vertex 48.086708068847656 22 0.7824773788452148
    endloop
  endfacet
  facet normal 0.7518398266521259 0 -0.6593457932372824
    outer loop
      vertex 47.914215087890625 22 0.5857868194580078
      vertex 48.086708068847656 0 0.7824773788452148
      vertex 47.914215087890625 0 0.5857868194580078
    endloop
  endfacet
  facet normal -0.8968735447372775 0 0.44228706147748725
    outer loop
      vertex 0.15224075317382812 0 102.26536560058594
      vertex 0.26794910430908203 22 102.5
      vertex 0.15224075317382812 22 102.26536560058594
    endloop
  endfacet
  facet normal -0.8968735447372775 0 0.44228706147748725
    outer loop
      vertex 0.26794910430908203 22 102.5
      vertex 0.15224075317382812 0 102.26536560058594
      vertex 0.26794910430908203 0 102.5
    endloop
  endfacet
  facet normal -0.9469297485156344 0 -0.3214405876303077
    outer loop
      vertex 0.15224075317382812 0 1.234633445739746
      vertex 0.06814765930175781 22 1.4823627471923828
      vertex 0.15224075317382812 22 1.234633445739746
    endloop
  endfacet
  facet normal -0.9469297485156344 0 -0.3214405876303077
    outer loop
      vertex 0.06814765930175781 22 1.4823627471923828
      vertex 0.15224075317382812 0 1.234633445739746
      vertex 0.06814765930175781 0 1.4823627471923828
    endloop
  endfacet
  facet normal -0.3214405876303077 0 -0.9469297485156344
    outer loop
      vertex 1.2346324920654297 0 0.15224170684814453
      vertex 1.4823617935180664 22 0.06814861297607422
      vertex 1.4823617935180664 0 0.06814861297607422
    endloop
  endfacet
  facet normal -0.3214405876303077 0 -0.9469297485156344
    outer loop
      vertex 1.4823617935180664 22 0.06814861297607422
      vertex 1.2346324920654297 0 0.15224170684814453
      vertex 1.2346324920654297 22 0.15224170684814453
    endloop
  endfacet
  facet normal -0.5555579708067604 0 0.8314778055204328
    outer loop
      vertex 0.7824764251708984 22 103.08670806884766
      vertex 1 0 103.23204803466797
      vertex 1 22 103.23204803466797
    endloop
  endfacet
  facet normal -0.5555579708067604 0 0.8314778055204328
    outer loop
      vertex 1 0 103.23204803466797
      vertex 0.7824764251708984 22 103.08670806884766
      vertex 0.7824764251708984 0 103.08670806884766
    endloop
  endfacet
  facet normal -0.8968728316376391 0 -0.44228850750418897
    outer loop
      vertex 0.26794910430908203 0 1
      vertex 0.15224075317382812 22 1.234633445739746
      vertex 0.26794910430908203 22 1
    endloop
  endfacet
  facet normal -0.8968728316376391 0 -0.44228850750418897
    outer loop
      vertex 0.15224075317382812 22 1.234633445739746
      vertex 0.26794910430908203 0 1
      vertex 0.15224075317382812 0 1.234633445739746
    endloop
  endfacet
  facet normal -0.9978590204722662 0 -0.06540164571422856
    outer loop
      vertex 0.01710987091064453 0 1.738947868347168
      vertex 0 22 2
      vertex 0.01710987091064453 22 1.738947868347168
    endloop
  endfacet
  facet normal -0.9978590204722662 0 -0.06540164571422856
    outer loop
      vertex 0 22 2
      vertex 0.01710987091064453 0 1.738947868347168
      vertex 0 0 2
    endloop
  endfacet
  facet normal 0.06540551341072687 0 -0.9978587669682916
    outer loop
      vertex 46.5 0 0
      vertex 46.761051177978516 22 0.017110824584960938
      vertex 46.761051177978516 0 0.017110824584960938
    endloop
  endfacet
  facet normal 0.06540551341072687 0 -0.9978587669682916
    outer loop
      vertex 46.761051177978516 22 0.017110824584960938
      vertex 46.5 0 0
      vertex 46.5 22 0
    endloop
  endfacet
  facet normal 0.831475555237498 0 0.5555613386859225
    outer loop
      vertex 48.086708068847656 0 102.71752166748047
      vertex 48.23204803466797 22 102.5
      vertex 48.086708068847656 22 102.71752166748047
    endloop
  endfacet
  facet normal 0.831475555237498 0 0.5555613386859225
    outer loop
      vertex 48.23204803466797 22 102.5
      vertex 48.086708068847656 0 102.71752166748047
      vertex 48.23204803466797 0 102.5
    endloop
  endfacet
  facet normal -0.980785401443252 0 -0.19508971350586143
    outer loop
      vertex 0.06814765930175781 0 1.4823627471923828
      vertex 0.01710987091064453 22 1.738947868347168
      vertex 0.06814765930175781 22 1.4823627471923828
    endloop
  endfacet
  facet normal -0.980785401443252 0 -0.19508971350586143
    outer loop
      vertex 0.01710987091064453 22 1.738947868347168
      vertex 0.06814765930175781 0 1.4823627471923828
      vertex 0.01710987091064453 0 1.738947868347168
    endloop
  endfacet
  facet normal 0 0 1
    outer loop
      vertex 1 22 70.94999694824219
      vertex 0 22 70.94999694824219
      vertex 1 1 70.94999694824219
    endloop
  endfacet
  facet normal 0 0 1
    outer loop
      vertex 47.5 1 70.94999694824219
      vertex 48.5 22 70.94999694824219
      vertex 47.5 22 70.94999694824219
    endloop
  endfacet
  facet normal 0 0 1
    outer loop
      vertex 48.5 22 70.94999694824219
      vertex 47.5 1 70.94999694824219
      vertex 48.5 0 70.94999694824219
    endloop
  endfacet
  facet normal 0 0 1
    outer loop
      vertex 1 1 70.94999694824219
      vertex 48.5 0 70.94999694824219
      vertex 47.5 1 70.94999694824219
    endloop
  endfacet
  facet normal 0 0 1
    outer loop
      vertex 1 1 70.94999694824219
      vertex 0 0 70.94999694824219
      vertex 48.5 0 70.94999694824219
    endloop
  endfacet
  facet normal 0 0 1
    outer loop
      vertex 0 0 70.94999694824219
      vertex 1 1 70.94999694824219
      vertex 0 22 70.94999694824219
    endloop
  endfacet
  facet normal 0 0 -1
    outer loop
      vertex 48.5 0 73.94999694824219
      vertex 47.5 1 73.94999694824219
      vertex 48.5 22 73.94999694824219
    endloop
  endfacet
  facet normal 0 0 -1
    outer loop
      vertex 48.5 0 73.94999694824219
      vertex 1 1 73.94999694824219
      vertex 47.5 1 73.94999694824219
    endloop
  endfacet
  facet normal 0 0 -1
    outer loop
      vertex 0 0 73.94999694824219
      vertex 1 1 73.94999694824219
      vertex 48.5 0 73.94999694824219
    endloop
  endfacet
  facet normal 0 0 -1
    outer loop
      vertex 0 22 73.94999694824219
      vertex 1 1 73.94999694824219
      vertex 0 0 73.94999694824219
    endloop
  endfacet
  facet normal 0 0 -1
    outer loop
      vertex 1 1 73.94999694824219
      vertex 0 22 73.94999694824219
      vertex 1 22 73.94999694824219
    endloop
  endfacet
  facet normal 0 0 -1
    outer loop
      vertex 48.5 22 73.94999694824219
      vertex 47.5 1 73.94999694824219
      vertex 47.5 22 73.94999694824219
    endloop
  endfacet
  facet normal 1 0 0
    outer loop
      vertex 47.5 1 73.94999694824219
      vertex 47.5 22 70.94999694824219
      vertex 47.5 22 73.94999694824219
    endloop
  endfacet
  facet normal 1 0 0
    outer loop
      vertex 47.5 22 70.94999694824219
      vertex 47.5 1 73.94999694824219
      vertex 47.5 1 70.94999694824219
    endloop
  endfacet
  facet normal 0 -1 0
    outer loop
      vertex 1 1 70.94999694824219
      vertex 47.5 1 73.94999694824219
      vertex 1 1 73.94999694824219
    endloop
  endfacet
  facet normal 0 -1 0
    outer loop
      vertex 47.5 1 73.94999694824219
      vertex 1 1 70.94999694824219
      vertex 47.5 1 70.94999694824219
    endloop
  endfacet
  facet normal -1 0 0
    outer loop
      vertex 1 1 70.94999694824219
      vertex 1 22 73.94999694824219
      vertex 1 22 70.94999694824219
    endloop
  endfacet
  facet normal -1 0 0
    outer loop
      vertex 1 22 73.94999694824219
      vertex 1 1 70.94999694824219
      vertex 1 1 73.94999694824219
    endloop
  endfacet
  facet normal 0 0 1
    outer loop
      vertex 1 22 27.479999542236328
      vertex 0 22 27.479999542236328
      vertex 1 1 27.479999542236328
    endloop
  endfacet
  facet normal 0 0 1
    outer loop
      vertex 47.5 1 27.479999542236328
      vertex 48.5 22 27.479999542236328
      vertex 47.5 22 27.479999542236328
    endloop
  endfacet
  facet normal 0 0 1
    outer loop
      vertex 48.5 22 27.479999542236328
      vertex 47.5 1 27.479999542236328
      vertex 48.5 0 27.479999542236328
    endloop
  endfacet
  facet normal 0 0 1
    outer loop
      vertex 1 1 27.479999542236328
      vertex 48.5 0 27.479999542236328
      vertex 47.5 1 27.479999542236328
    endloop
  endfacet
  facet normal 0 0 1
    outer loop
      vertex 1 1 27.479999542236328
      vertex 0 0 27.479999542236328
      vertex 48.5 0 27.479999542236328
    endloop
  endfacet
  facet normal 0 0 1
    outer loop
      vertex 0 0 27.479999542236328
      vertex 1 1 27.479999542236328
      vertex 0 22 27.479999542236328
    endloop
  endfacet
  facet normal 0 0 -1
    outer loop
      vertex 48.5 0 30.479999542236328
      vertex 47.5 1 30.479999542236328
      vertex 48.5 22 30.479999542236328
    endloop
  endfacet
  facet normal 0 0 -1
    outer loop
      vertex 48.5 0 30.479999542236328
      vertex 1 1 30.479999542236328
      vertex 47.5 1 30.479999542236328
    endloop
  endfacet
  facet normal 0 0 -1
    outer loop
      vertex 0 0 30.479999542236328
      vertex 1 1 30.479999542236328
      vertex 48.5 0 30.479999542236328
    endloop
  endfacet
  facet normal 0 0 -1
    outer loop
      vertex 0 22 30.479999542236328
      vertex 1 1 30.479999542236328
      vertex 0 0 30.479999542236328
    endloop
  endfacet
  facet normal 0 0 -1
    outer loop
      vertex 1 1 30.479999542236328
      vertex 0 22 30.479999542236328
      vertex 1 22 30.479999542236328
    endloop
  endfacet
  facet normal 0 0 -1
    outer loop
      vertex 48.5 22 30.479999542236328
      vertex 47.5 1 30.479999542236328
      vertex 47.5 22 30.479999542236328
    endloop
  endfacet
  facet normal 1 0 0
    outer loop
      vertex 47.5 1 30.479999542236328
      vertex 47.5 22 27.479999542236328
      vertex 47.5 22 30.479999542236328
    endloop
  endfacet
  facet normal 1 0 0
    outer loop
      vertex 47.5 22 27.479999542236328
      vertex 47.5 1 30.479999542236328
      vertex 47.5 1 27.479999542236328
    endloop
  endfacet
  facet normal 0 -1 0
    outer loop
      vertex 1 1 27.479999542236328
      vertex 47.5 1 30.479999542236328
      vertex 1 1 30.479999542236328
    endloop
  endfacet
  facet normal 0 -1 0
    outer loop
      vertex 47.5 1 30.479999542236328
      vertex 1 1 27.479999542236328
      vertex 47.5 1 27.479999542236328
    endloop
  endfacet
  facet normal -1 0 0
    outer loop
      vertex 1 1 27.479999542236328
      vertex 1 22 30.479999542236328
      vertex 1 22 27.479999542236328
    endloop
  endfacet
  facet normal -1 0 0
    outer loop
      vertex 1 22 30.479999542236328
      vertex 1 1 27.479999542236328
      vertex 1 1 30.479999542236328
    endloop
  endfacet
  facet normal -1 0 0
    outer loop
      vertex 45.5 3 0
      vertex 45.5 22 100.5
      vertex 45.5 22 0
    endloop
  endfacet
  facet normal -1 0 0
    outer loop
      vertex 45.5 22 100.5
      vertex 45.5 3 0
      vertex 45.5 3 100.5
    endloop
  endfacet
  facet normal 0 1 0
    outer loop
      vertex 45.5 3 0
      vertex 3 3 100.5
      vertex 45.5 3 100.5
    endloop
  endfacet
  facet normal 0 1 0
    outer loop
      vertex 3 3 100.5
      vertex 45.5 3 0
      vertex 3 3 0
    endloop
  endfacet
  facet normal 1 0 0
    outer loop
      vertex 3 3 100.5
      vertex 3 22 0
      vertex 3 22 100.5
    endloop
  endfacet
  facet normal 1 0 0
    outer loop
      vertex 3 22 0
      vertex 3 3 100.5
      vertex 3 3 0
    endloop
  endfacet
  facet normal 0 0 -1
    outer loop
      vertex 45.5 3 100.5
      vertex 26.25 12.5 100.5
      vertex 45.5 22 100.5
    endloop
  endfacet
  facet normal 0 0 -1
    outer loop
      vertex 45.5 3 100.5
      vertex 26.23288917541504 12.238946914672852 100.5
      vertex 26.25 12.5 100.5
    endloop
  endfacet
  facet normal 0 0 -1
    outer loop
      vertex 45.5 3 100.5
      vertex 26.18185043334961 11.982361793518066 100.5
      vertex 26.23288917541504 12.238946914672852 100.5
    endloop
  endfacet
  facet normal 0 0 -1
    outer loop
      vertex 45.5 3 100.5
      vertex 26.097759246826172 11.73463249206543 100.5
      vertex 26.18185043334961 11.982361793518066 100.5
    endloop
  endfacet
  facet normal 0 0 -1
    outer loop
      vertex 45.5 3 100.5
      vertex 25.9820499420166 11.5 100.5
      vertex 26.097759246826172 11.73463249206543 100.5
    endloop
  endfacet
  facet normal 0 0 -1
    outer loop
      vertex 45.5 3 100.5
      vertex 25.836706161499023 11.282476425170898 100.5
      vertex 25.9820499420166 11.5 100.5
    endloop
  endfacet
  facet normal 0 0 -1
    outer loop
      vertex 45.5 3 100.5
      vertex 25.664213180541992 11.085785865783691 100.5
      vertex 25.836706161499023 11.282476425170898 100.5
    endloop
  endfacet
  facet normal 0 0 -1
    outer loop
      vertex 45.5 3 100.5
      vertex 25.46752166748047 10.91329288482666 100.5
      vertex 25.664213180541992 11.085785865783691 100.5
    endloop
  endfacet
  facet normal 0 0 -1
    outer loop
      vertex 45.5 3 100.5
      vertex 25.25 10.767949104309082 100.5
      vertex 25.46752166748047 10.91329288482666 100.5
    endloop
  endfacet
  facet normal 0 0 -1
    outer loop
      vertex 45.5 3 100.5
      vertex 25.015365600585938 10.652240753173828 100.5
      vertex 25.25 10.767949104309082 100.5
    endloop
  endfacet
  facet normal 0 0 -1
    outer loop
      vertex 45.5 3 100.5
      vertex 24.767637252807617 10.568147659301758 100.5
      vertex 25.015365600585938 10.652240753173828 100.5
    endloop
  endfacet
  facet normal 0 0 -1
    outer loop
      vertex 45.5 3 100.5
      vertex 24.511051177978516 10.517109870910645 100.5
      vertex 24.767637252807617 10.568147659301758 100.5
    endloop
  endfacet
  facet normal 0 0 -1
    outer loop
      vertex 45.5 3 100.5
      vertex 24.25 10.5 100.5
      vertex 24.511051177978516 10.517109870910645 100.5
    endloop
  endfacet
  facet normal 0 0 -1
    outer loop
      vertex 3 3 100.5
      vertex 24.25 10.5 100.5
      vertex 45.5 3 100.5
    endloop
  endfacet
  facet normal 0 0 -1
    outer loop
      vertex 24.25 10.5 100.5
      vertex 3 3 100.5
      vertex 23.98894691467285 10.517109870910645 100.5
    endloop
  endfacet
  facet normal 0 0 -1
    outer loop
      vertex 23.98894691467285 10.517109870910645 100.5
      vertex 3 3 100.5
      vertex 23.73236083984375 10.568147659301758 100.5
    endloop
  endfacet
  facet normal 0 0 -1
    outer loop
      vertex 22.267108917236328 12.238946914672852 100.5
      vertex 3 3 100.5
      vertex 22.25 12.5 100.5
    endloop
  endfacet
  facet normal 0 0 -1
    outer loop
      vertex 22.318147659301758 11.982361793518066 100.5
      vertex 3 3 100.5
      vertex 22.267108917236328 12.238946914672852 100.5
    endloop
  endfacet
  facet normal 0 0 -1
    outer loop
      vertex 22.402240753173828 11.73463249206543 100.5
      vertex 3 3 100.5
      vertex 22.318147659301758 11.982361793518066 100.5
    endloop
  endfacet
  facet normal 0 0 -1
    outer loop
      vertex 22.517948150634766 11.5 100.5
      vertex 3 3 100.5
      vertex 22.402240753173828 11.73463249206543 100.5
    endloop
  endfacet
  facet normal 0 0 -1
    outer loop
      vertex 22.663291931152344 11.282476425170898 100.5
      vertex 3 3 100.5
      vertex 22.517948150634766 11.5 100.5
    endloop
  endfacet
  facet normal 0 0 -1
    outer loop
      vertex 22.835784912109375 11.085785865783691 100.5
      vertex 3 3 100.5
      vertex 22.663291931152344 11.282476425170898 100.5
    endloop
  endfacet
  facet normal 0 0 -1
    outer loop
      vertex 23.0324764251709 10.91329288482666 100.5
      vertex 3 3 100.5
      vertex 22.835784912109375 11.085785865783691 100.5
    endloop
  endfacet
  facet normal 0 0 -1
    outer loop
      vertex 23.25 10.767949104309082 100.5
      vertex 3 3 100.5
      vertex 23.0324764251709 10.91329288482666 100.5
    endloop
  endfacet
  facet normal 0 0 -1
    outer loop
      vertex 23.48463249206543 10.652240753173828 100.5
      vertex 3 3 100.5
      vertex 23.25 10.767949104309082 100.5
    endloop
  endfacet
  facet normal 0 0 -1
    outer loop
      vertex 23.73236083984375 10.568147659301758 100.5
      vertex 3 3 100.5
      vertex 23.48463249206543 10.652240753173828 100.5
    endloop
  endfacet
  facet normal 0 0 -1
    outer loop
      vertex 26.23288917541504 12.761052131652832 100.5
      vertex 45.5 22 100.5
      vertex 26.25 12.5 100.5
    endloop
  endfacet
  facet normal 0 0 -1
    outer loop
      vertex 26.18185043334961 13.017637252807617 100.5
      vertex 45.5 22 100.5
      vertex 26.23288917541504 12.761052131652832 100.5
    endloop
  endfacet
  facet normal 0 0 -1
    outer loop
      vertex 26.097759246826172 13.265366554260254 100.5
      vertex 45.5 22 100.5
      vertex 26.18185043334961 13.017637252807617 100.5
    endloop
  endfacet
  facet normal 0 0 -1
    outer loop
      vertex 25.9820499420166 13.5 100.5
      vertex 45.5 22 100.5
      vertex 26.097759246826172 13.265366554260254 100.5
    endloop
  endfacet
  facet normal 0 0 -1
    outer loop
      vertex 25.836706161499023 13.717522621154785 100.5
      vertex 45.5 22 100.5
      vertex 25.9820499420166 13.5 100.5
    endloop
  endfacet
  facet normal 0 0 -1
    outer loop
      vertex 25.664213180541992 13.914213180541992 100.5
      vertex 45.5 22 100.5
      vertex 25.836706161499023 13.717522621154785 100.5
    endloop
  endfacet
  facet normal 0 0 -1
    outer loop
      vertex 25.46752166748047 14.086706161499023 100.5
      vertex 45.5 22 100.5
      vertex 25.664213180541992 13.914213180541992 100.5
    endloop
  endfacet
  facet normal 0 0 -1
    outer loop
      vertex 25.25 14.232049942016602 100.5
      vertex 45.5 22 100.5
      vertex 25.46752166748047 14.086706161499023 100.5
    endloop
  endfacet
  facet normal 0 0 -1
    outer loop
      vertex 25.015365600585938 14.347758293151855 100.5
      vertex 45.5 22 100.5
      vertex 25.25 14.232049942016602 100.5
    endloop
  endfacet
  facet normal 0 0 -1
    outer loop
      vertex 24.767637252807617 14.431851387023926 100.5
      vertex 45.5 22 100.5
      vertex 25.015365600585938 14.347758293151855 100.5
    endloop
  endfacet
  facet normal 0 0 -1
    outer loop
      vertex 24.511051177978516 14.482889175415039 100.5
      vertex 45.5 22 100.5
      vertex 24.767637252807617 14.431851387023926 100.5
    endloop
  endfacet
  facet normal 0 0 -1
    outer loop
      vertex 24.25 14.5 100.5
      vertex 45.5 22 100.5
      vertex 24.511051177978516 14.482889175415039 100.5
    endloop
  endfacet
  facet normal 0 0 -1
    outer loop
      vertex 3 22 100.5
      vertex 24.25 14.5 100.5
      vertex 23.98894691467285 14.482889175415039 100.5
    endloop
  endfacet
  facet normal 0 0 -1
    outer loop
      vertex 3 22 100.5
      vertex 23.98894691467285 14.482889175415039 100.5
      vertex 23.73236083984375 14.431851387023926 100.5
    endloop
  endfacet
  facet normal 0 0 -1
    outer loop
      vertex 3 22 100.5
      vertex 23.73236083984375 14.431851387023926 100.5
      vertex 23.48463249206543 14.347758293151855 100.5
    endloop
  endfacet
  facet normal 0 0 -1
    outer loop
      vertex 3 22 100.5
      vertex 22.25 12.5 100.5
      vertex 3 3 100.5
    endloop
  endfacet
  facet normal 0 0 -1
    outer loop
      vertex 22.25 12.5 100.5
      vertex 3 22 100.5
      vertex 22.267108917236328 12.761052131652832 100.5
    endloop
  endfacet
  facet normal 0 0 -1
    outer loop
      vertex 22.267108917236328 12.761052131652832 100.5
      vertex 3 22 100.5
      vertex 22.318147659301758 13.017637252807617 100.5
    endloop
  endfacet
  facet normal 0 0 -1
    outer loop
      vertex 22.318147659301758 13.017637252807617 100.5
      vertex 3 22 100.5
      vertex 22.402240753173828 13.265366554260254 100.5
    endloop
  endfacet
  facet normal 0 0 -1
    outer loop
      vertex 22.402240753173828 13.265366554260254 100.5
      vertex 3 22 100.5
      vertex 22.517948150634766 13.5 100.5
    endloop
  endfacet
  facet normal 0 0 -1
    outer loop
      vertex 22.517948150634766 13.5 100.5
      vertex 3 22 100.5
      vertex 22.663291931152344 13.717522621154785 100.5
    endloop
  endfacet
  facet normal 0 0 -1
    outer loop
      vertex 22.663291931152344 13.717522621154785 100.5
      vertex 3 22 100.5
      vertex 22.835784912109375 13.914213180541992 100.5
    endloop
  endfacet
  facet normal 0 0 -1
    outer loop
      vertex 22.835784912109375 13.914213180541992 100.5
      vertex 3 22 100.5
      vertex 23.0324764251709 14.086706161499023 100.5
    endloop
  endfacet
  facet normal 0 0 -1
    outer loop
      vertex 24.25 14.5 100.5
      vertex 3 22 100.5
      vertex 45.5 22 100.5
    endloop
  endfacet
  facet normal 0 0 -1
    outer loop
      vertex 23.25 14.232049942016602 100.5
      vertex 3 22 100.5
      vertex 23.48463249206543 14.347758293151855 100.5
    endloop
  endfacet
  facet normal 0 0 -1
    outer loop
      vertex 23.0324764251709 14.086706161499023 100.5
      vertex 3 22 100.5
      vertex 23.25 14.232049942016602 100.5
    endloop
  endfacet
  facet normal -0.06540188361807907 0.9978590048795507 0
    outer loop
      vertex 24.511051177978516 10.517109870910645 100.5
      vertex 24.25 10.5 103.5
      vertex 24.511051177978516 10.517109870910645 103.5
    endloop
  endfacet
  facet normal -0.06540188361807907 0.9978590048795507 0
    outer loop
      vertex 24.25 10.5 103.5
      vertex 24.511051177978516 10.517109870910645 100.5
      vertex 24.25 10.5 100.5
    endloop
  endfacet
  facet normal -0.9469319676599184 0.3214340501933723 0
    outer loop
      vertex 26.097759246826172 11.73463249206543 100.5
      vertex 26.18185043334961 11.982361793518066 103.5
      vertex 26.18185043334961 11.982361793518066 100.5
    endloop
  endfacet
  facet normal -0.9469319676599184 0.3214340501933723 0
    outer loop
      vertex 26.18185043334961 11.982361793518066 103.5
      vertex 26.097759246826172 11.73463249206543 100.5
      vertex 26.097759246826172 11.73463249206543 103.5
    endloop
  endfacet
  facet normal -0.751839826652126 -0.6593457932372825 0
    outer loop
      vertex 25.836706161499023 13.717522621154785 100.5
      vertex 25.664213180541992 13.914213180541992 103.5
      vertex 25.664213180541992 13.914213180541992 100.5
    endloop
  endfacet
  facet normal -0.751839826652126 -0.6593457932372825 0
    outer loop
      vertex 25.664213180541992 13.914213180541992 103.5
      vertex 25.836706161499023 13.717522621154785 100.5
      vertex 25.836706161499023 13.717522621154785 103.5
    endloop
  endfacet
  facet normal -0.980784703926618 -0.19509322013739036 0
    outer loop
      vertex 26.23288917541504 12.761052131652832 100.5
      vertex 26.18185043334961 13.017637252807617 103.5
      vertex 26.18185043334961 13.017637252807617 100.5
    endloop
  endfacet
  facet normal -0.980784703926618 -0.19509322013739036 0
    outer loop
      vertex 26.18185043334961 13.017637252807617 103.5
      vertex 26.23288917541504 12.761052131652832 100.5
      vertex 26.23288917541504 12.761052131652832 103.5
    endloop
  endfacet
  facet normal -0.32144169721474214 0.9469293718602808 0
    outer loop
      vertex 25.015365600585938 10.652240753173828 100.5
      vertex 24.767637252807617 10.568147659301758 103.5
      vertex 25.015365600585938 10.652240753173828 103.5
    endloop
  endfacet
  facet normal -0.32144169721474214 0.9469293718602808 0
    outer loop
      vertex 24.767637252807617 10.568147659301758 103.5
      vertex 25.015365600585938 10.652240753173828 100.5
      vertex 24.767637252807617 10.568147659301758 100.5
    endloop
  endfacet
  facet normal -0.8968713856043227 -0.44229143975910545 0
    outer loop
      vertex 26.097759246826172 13.265366554260254 100.5
      vertex 25.9820499420166 13.5 103.5
      vertex 25.9820499420166 13.5 100.5
    endloop
  endfacet
  facet normal -0.8968713856043227 -0.44229143975910545 0
    outer loop
      vertex 25.9820499420166 13.5 103.5
      vertex 26.097759246826172 13.265366554260254 100.5
      vertex 26.097759246826172 13.265366554260254 103.5
    endloop
  endfacet
  facet normal -0.9978587981570066 0.06540503757857268 0
    outer loop
      vertex 26.23288917541504 12.238946914672852 100.5
      vertex 26.25 12.5 103.5
      vertex 26.25 12.5 100.5
    endloop
  endfacet
  facet normal -0.9978587981570066 0.06540503757857268 0
    outer loop
      vertex 26.25 12.5 103.5
      vertex 26.23288917541504 12.238946914672852 100.5
      vertex 26.23288917541504 12.238946914672852 103.5
    endloop
  endfacet
  facet normal -0.6593439861474872 -0.751841411423408 0
    outer loop
      vertex 25.46752166748047 14.086706161499023 100.5
      vertex 25.664213180541992 13.914213180541992 103.5
      vertex 25.46752166748047 14.086706161499023 103.5
    endloop
  endfacet
  facet normal -0.6593439861474872 -0.751841411423408 0
    outer loop
      vertex 25.664213180541992 13.914213180541992 103.5
      vertex 25.46752166748047 14.086706161499023 100.5
      vertex 25.664213180541992 13.914213180541992 100.5
    endloop
  endfacet
  facet normal 0.8968742776660317 -0.44228557523508943 0
    outer loop
      vertex 22.402240753173828 13.265366554260254 103.5
      vertex 22.517948150634766 13.5 100.5
      vertex 22.517948150634766 13.5 103.5
    endloop
  endfacet
  facet normal 0.8968742776660317 -0.44228557523508943 0
    outer loop
      vertex 22.517948150634766 13.5 100.5
      vertex 22.402240753173828 13.265366554260254 103.5
      vertex 22.402240753173828 13.265366554260254 100.5
    endloop
  endfacet
  facet normal -0.5555714196190613 -0.8314688194409101 0
    outer loop
      vertex 25.25 14.232049942016602 100.5
      vertex 25.46752166748047 14.086706161499023 103.5
      vertex 25.25 14.232049942016602 103.5
    endloop
  endfacet
  facet normal -0.5555714196190613 -0.8314688194409101 0
    outer loop
      vertex 25.46752166748047 14.086706161499023 103.5
      vertex 25.25 14.232049942016602 100.5
      vertex 25.46752166748047 14.086706161499023 100.5
    endloop
  endfacet
  facet normal 0.32144169721474214 0.9469293718602808 0
    outer loop
      vertex 23.73236083984375 10.568147659301758 100.5
      vertex 23.48463249206543 10.652240753173828 103.5
      vertex 23.73236083984375 10.568147659301758 103.5
    endloop
  endfacet
  facet normal 0.32144169721474214 0.9469293718602808 0
    outer loop
      vertex 23.48463249206543 10.652240753173828 103.5
      vertex 23.73236083984375 10.568147659301758 100.5
      vertex 23.48463249206543 10.652240753173828 100.5
    endloop
  endfacet
  facet normal 0.9469297485156343 -0.32144058763030764 0
    outer loop
      vertex 22.318147659301758 13.017637252807617 103.5
      vertex 22.402240753173828 13.265366554260254 100.5
      vertex 22.402240753173828 13.265366554260254 103.5
    endloop
  endfacet
  facet normal 0.9469297485156343 -0.32144058763030764 0
    outer loop
      vertex 22.402240753173828 13.265366554260254 100.5
      vertex 22.318147659301758 13.017637252807617 103.5
      vertex 22.318147659301758 13.017637252807617 100.5
    endloop
  endfacet
  facet normal -0.980784703926618 0.19509322013739036 0
    outer loop
      vertex 26.18185043334961 11.982361793518066 100.5
      vertex 26.23288917541504 12.238946914672852 103.5
      vertex 26.23288917541504 12.238946914672852 100.5
    endloop
  endfacet
  facet normal -0.980784703926618 0.19509322013739036 0
    outer loop
      vertex 26.23288917541504 12.238946914672852 103.5
      vertex 26.18185043334961 11.982361793518066 100.5
      vertex 26.18185043334961 11.982361793518066 103.5
    endloop
  endfacet
  facet normal -0.751839826652126 0.6593457932372825 0
    outer loop
      vertex 25.664213180541992 11.085785865783691 100.5
      vertex 25.836706161499023 11.282476425170898 103.5
      vertex 25.836706161499023 11.282476425170898 100.5
    endloop
  endfacet
  facet normal -0.751839826652126 0.6593457932372825 0
    outer loop
      vertex 25.836706161499023 11.282476425170898 103.5
      vertex 25.664213180541992 11.085785865783691 100.5
      vertex 25.664213180541992 11.085785865783691 103.5
    endloop
  endfacet
  facet normal 0.9469297485156343 0.32144058763030764 0
    outer loop
      vertex 22.402240753173828 11.73463249206543 103.5
      vertex 22.318147659301758 11.982361793518066 100.5
      vertex 22.318147659301758 11.982361793518066 103.5
    endloop
  endfacet
  facet normal 0.9469297485156343 0.32144058763030764 0
    outer loop
      vertex 22.318147659301758 11.982361793518066 100.5
      vertex 22.402240753173828 11.73463249206543 103.5
      vertex 22.402240753173828 11.73463249206543 100.5
    endloop
  endfacet
  facet normal -0.9469319676599184 -0.3214340501933723 0
    outer loop
      vertex 26.18185043334961 13.017637252807617 100.5
      vertex 26.097759246826172 13.265366554260254 103.5
      vertex 26.097759246826172 13.265366554260254 100.5
    endloop
  endfacet
  facet normal -0.9469319676599184 -0.3214340501933723 0
    outer loop
      vertex 26.097759246826172 13.265366554260254 103.5
      vertex 26.18185043334961 13.017637252807617 100.5
      vertex 26.18185043334961 13.017637252807617 103.5
    endloop
  endfacet
  facet normal 0.32144169721474214 -0.9469293718602808 0
    outer loop
      vertex 23.48463249206543 14.347758293151855 100.5
      vertex 23.73236083984375 14.431851387023926 103.5
      vertex 23.48463249206543 14.347758293151855 103.5
    endloop
  endfacet
  facet normal 0.32144169721474214 -0.9469293718602808 0
    outer loop
      vertex 23.73236083984375 14.431851387023926 103.5
      vertex 23.48463249206543 14.347758293151855 100.5
      vertex 23.73236083984375 14.431851387023926 100.5
    endloop
  endfacet
  facet normal 0.8968735645677046 0.4422870212651728 0
    outer loop
      vertex 22.517948150634766 11.5 103.5
      vertex 22.402240753173828 11.73463249206543 100.5
      vertex 22.402240753173828 11.73463249206543 103.5
    endloop
  endfacet
  facet normal 0.8968735645677046 0.4422870212651728 0
    outer loop
      vertex 22.402240753173828 11.73463249206543 100.5
      vertex 22.517948150634766 11.5 103.5
      vertex 22.517948150634766 11.5 100.5
    endloop
  endfacet
  facet normal 0.4422899535391963 -0.8968721185310063 0
    outer loop
      vertex 23.25 14.232049942016602 100.5
      vertex 23.48463249206543 14.347758293151855 103.5
      vertex 23.25 14.232049942016602 103.5
    endloop
  endfacet
  facet normal 0.4422899535391963 -0.8968721185310063 0
    outer loop
      vertex 23.48463249206543 14.347758293151855 103.5
      vertex 23.25 14.232049942016602 100.5
      vertex 23.48463249206543 14.347758293151855 100.5
    endloop
  endfacet
  facet normal 0.8314699446192111 -0.555569735672243 0
    outer loop
      vertex 22.517948150634766 13.5 103.5
      vertex 22.663291931152344 13.717522621154785 100.5
      vertex 22.663291931152344 13.717522621154785 103.5
    endloop
  endfacet
  facet normal 0.8314699446192111 -0.555569735672243 0
    outer loop
      vertex 22.663291931152344 13.717522621154785 100.5
      vertex 22.517948150634766 13.5 103.5
      vertex 22.517948150634766 13.5 100.5
    endloop
  endfacet
  facet normal -0.6593439861474872 0.751841411423408 0
    outer loop
      vertex 25.664213180541992 11.085785865783691 100.5
      vertex 25.46752166748047 10.91329288482666 103.5
      vertex 25.664213180541992 11.085785865783691 103.5
    endloop
  endfacet
  facet normal -0.6593439861474872 0.751841411423408 0
    outer loop
      vertex 25.46752166748047 10.91329288482666 103.5
      vertex 25.664213180541992 11.085785865783691 100.5
      vertex 25.46752166748047 10.91329288482666 100.5
    endloop
  endfacet
  facet normal 0.06540140781210511 0.9978590360648115 0
    outer loop
      vertex 24.25 10.5 100.5
      vertex 23.98894691467285 10.517109870910645 103.5
      vertex 24.25 10.5 103.5
    endloop
  endfacet
  facet normal 0.06540140781210511 0.9978590360648115 0
    outer loop
      vertex 23.98894691467285 10.517109870910645 103.5
      vertex 24.25 10.5 100.5
      vertex 23.98894691467285 10.517109870910645 100.5
    endloop
  endfacet
  facet normal -0.4422870614774873 0.8968735447372777 0
    outer loop
      vertex 25.25 10.767949104309082 100.5
      vertex 25.015365600585938 10.652240753173828 103.5
      vertex 25.25 10.767949104309082 103.5
    endloop
  endfacet
  facet normal -0.4422870614774873 0.8968735447372777 0
    outer loop
      vertex 25.015365600585938 10.652240753173828 103.5
      vertex 25.25 10.767949104309082 100.5
      vertex 25.015365600585938 10.652240753173828 100.5
    endloop
  endfacet
  facet normal -0.1950890159974446 -0.9807855401855946 0
    outer loop
      vertex 24.511051177978516 14.482889175415039 100.5
      vertex 24.767637252807617 14.431851387023926 103.5
      vertex 24.511051177978516 14.482889175415039 103.5
    endloop
  endfacet
  facet normal -0.1950890159974446 -0.9807855401855946 0
    outer loop
      vertex 24.767637252807617 14.431851387023926 103.5
      vertex 24.511051177978516 14.482889175415039 100.5
      vertex 24.767637252807617 14.431851387023926 100.5
    endloop
  endfacet
  facet normal -0.8968706724893841 0.44229288579903664 0
    outer loop
      vertex 25.9820499420166 11.5 100.5
      vertex 26.097759246826172 11.73463249206543 103.5
      vertex 26.097759246826172 11.73463249206543 100.5
    endloop
  endfacet
  facet normal -0.8968706724893841 0.44229288579903664 0
    outer loop
      vertex 26.097759246826172 11.73463249206543 103.5
      vertex 25.9820499420166 11.5 100.5
      vertex 25.9820499420166 11.5 103.5
    endloop
  endfacet
  facet normal -0.8314710697872808 0.5555680517333541 0
    outer loop
      vertex 25.836706161499023 11.282476425170898 100.5
      vertex 25.9820499420166 11.5 103.5
      vertex 25.9820499420166 11.5 100.5
    endloop
  endfacet
  facet normal -0.8314710697872808 0.5555680517333541 0
    outer loop
      vertex 25.9820499420166 11.5 103.5
      vertex 25.836706161499023 11.282476425170898 100.5
      vertex 25.836706161499023 11.282476425170898 103.5
    endloop
  endfacet
  facet normal -0.9978587825627341 -0.06540527549378619 0
    outer loop
      vertex 26.25 12.5 100.5
      vertex 26.23288917541504 12.761052131652832 103.5
      vertex 26.23288917541504 12.761052131652832 100.5
    endloop
  endfacet
  facet normal -0.9978587825627341 -0.06540527549378619 0
    outer loop
      vertex 26.23288917541504 12.761052131652832 103.5
      vertex 26.25 12.5 100.5
      vertex 26.25 12.5 103.5
    endloop
  endfacet
  facet normal 0.751839826652126 0.6593457932372825 0
    outer loop
      vertex 22.835784912109375 11.085785865783691 103.5
      vertex 22.663291931152344 11.282476425170898 100.5
      vertex 22.663291931152344 11.282476425170898 103.5
    endloop
  endfacet
  facet normal 0.751839826652126 0.6593457932372825 0
    outer loop
      vertex 22.663291931152344 11.282476425170898 100.5
      vertex 22.835784912109375 11.085785865783691 103.5
      vertex 22.835784912109375 11.085785865783691 100.5
    endloop
  endfacet
  facet normal -0.4422870614774873 -0.8968735447372777 0
    outer loop
      vertex 25.015365600585938 14.347758293151855 100.5
      vertex 25.25 14.232049942016602 103.5
      vertex 25.015365600585938 14.347758293151855 103.5
    endloop
  endfacet
  facet normal -0.4422870614774873 -0.8968735447372777 0
    outer loop
      vertex 25.25 14.232049942016602 103.5
      vertex 25.015365600585938 14.347758293151855 100.5
      vertex 25.25 14.232049942016602 100.5
    endloop
  endfacet
  facet normal 0.8314710697872808 0.5555680517333541 0
    outer loop
      vertex 22.663291931152344 11.282476425170898 103.5
      vertex 22.517948150634766 11.5 100.5
      vertex 22.517948150634766 11.5 103.5
    endloop
  endfacet
  facet normal 0.8314710697872808 0.5555680517333541 0
    outer loop
      vertex 22.517948150634766 11.5 100.5
      vertex 22.663291931152344 11.282476425170898 103.5
      vertex 22.663291931152344 11.282476425170898 100.5
    endloop
  endfacet
  facet normal 0.980784703926618 0.19509322013739036 0
    outer loop
      vertex 22.318147659301758 11.982361793518066 103.5
      vertex 22.267108917236328 12.238946914672852 100.5
      vertex 22.267108917236328 12.238946914672852 103.5
    endloop
  endfacet
  facet normal 0.980784703926618 0.19509322013739036 0
    outer loop
      vertex 22.267108917236328 12.238946914672852 100.5
      vertex 22.318147659301758 11.982361793518066 103.5
      vertex 22.318147659301758 11.982361793518066 100.5
    endloop
  endfacet
  facet normal -0.06540551341072687 -0.9978587669682916 0
    outer loop
      vertex 24.25 14.5 100.5
      vertex 24.511051177978516 14.482889175415039 103.5
      vertex 24.25 14.5 103.5
    endloop
  endfacet
  facet normal -0.06540551341072687 -0.9978587669682916 0
    outer loop
      vertex 24.511051177978516 14.482889175415039 103.5
      vertex 24.25 14.5 100.5
      vertex 24.511051177978516 14.482889175415039 100.5
    endloop
  endfacet
  facet normal -0.1950890159974446 0.9807855401855946 0
    outer loop
      vertex 24.767637252807617 10.568147659301758 100.5
      vertex 24.511051177978516 10.517109870910645 103.5
      vertex 24.767637252807617 10.568147659301758 103.5
    endloop
  endfacet
  facet normal -0.1950890159974446 0.9807855401855946 0
    outer loop
      vertex 24.511051177978516 10.517109870910645 103.5
      vertex 24.767637252807617 10.568147659301758 100.5
      vertex 24.511051177978516 10.517109870910645 100.5
    endloop
  endfacet
  facet normal -0.8314699446192111 -0.555569735672243 0
    outer loop
      vertex 25.9820499420166 13.5 100.5
      vertex 25.836706161499023 13.717522621154785 103.5
      vertex 25.836706161499023 13.717522621154785 100.5
    endloop
  endfacet
  facet normal -0.8314699446192111 -0.555569735672243 0
    outer loop
      vertex 25.836706161499023 13.717522621154785 103.5
      vertex 25.9820499420166 13.5 100.5
      vertex 25.9820499420166 13.5 103.5
    endloop
  endfacet
  facet normal 0.1950890159974446 0.9807855401855946 0
    outer loop
      vertex 23.98894691467285 10.517109870910645 100.5
      vertex 23.73236083984375 10.568147659301758 103.5
      vertex 23.98894691467285 10.517109870910645 103.5
    endloop
  endfacet
  facet normal 0.1950890159974446 0.9807855401855946 0
    outer loop
      vertex 23.73236083984375 10.568147659301758 103.5
      vertex 23.98894691467285 10.517109870910645 100.5
      vertex 23.73236083984375 10.568147659301758 100.5
    endloop
  endfacet
  facet normal -0.5555714196190613 0.8314688194409101 0
    outer loop
      vertex 25.46752166748047 10.91329288482666 100.5
      vertex 25.25 10.767949104309082 103.5
      vertex 25.46752166748047 10.91329288482666 103.5
    endloop
  endfacet
  facet normal -0.5555714196190613 0.8314688194409101 0
    outer loop
      vertex 25.25 10.767949104309082 103.5
      vertex 25.46752166748047 10.91329288482666 100.5
      vertex 25.25 10.767949104309082 100.5
    endloop
  endfacet
  facet normal 0.4422899535391963 0.8968721185310063 0
    outer loop
      vertex 23.48463249206543 10.652240753173828 100.5
      vertex 23.25 10.767949104309082 103.5
      vertex 23.48463249206543 10.652240753173828 103.5
    endloop
  endfacet
  facet normal 0.4422899535391963 0.8968721185310063 0
    outer loop
      vertex 23.25 10.767949104309082 103.5
      vertex 23.48463249206543 10.652240753173828 100.5
      vertex 23.25 10.767949104309082 100.5
    endloop
  endfacet
  facet normal 0.9978592739595264 0.06539777804304144 0
    outer loop
      vertex 22.267108917236328 12.238946914672852 103.5
      vertex 22.25 12.5 100.5
      vertex 22.25 12.5 103.5
    endloop
  endfacet
  facet normal 0.9978592739595264 0.06539777804304144 0
    outer loop
      vertex 22.25 12.5 100.5
      vertex 22.267108917236328 12.238946914672852 103.5
      vertex 22.267108917236328 12.238946914672852 100.5
    endloop
  endfacet
  facet normal 0.6593439861474872 -0.751841411423408 0
    outer loop
      vertex 22.835784912109375 13.914213180541992 100.5
      vertex 23.0324764251709 14.086706161499023 103.5
      vertex 22.835784912109375 13.914213180541992 103.5
    endloop
  endfacet
  facet normal 0.6593439861474872 -0.751841411423408 0
    outer loop
      vertex 23.0324764251709 14.086706161499023 103.5
      vertex 22.835784912109375 13.914213180541992 100.5
      vertex 23.0324764251709 14.086706161499023 100.5
    endloop
  endfacet
  facet normal 0.751839826652126 -0.6593457932372825 0
    outer loop
      vertex 22.663291931152344 13.717522621154785 103.5
      vertex 22.835784912109375 13.914213180541992 100.5
      vertex 22.835784912109375 13.914213180541992 103.5
    endloop
  endfacet
  facet normal 0.751839826652126 -0.6593457932372825 0
    outer loop
      vertex 22.835784912109375 13.914213180541992 100.5
      vertex 22.663291931152344 13.717522621154785 103.5
      vertex 22.663291931152344 13.717522621154785 100.5
    endloop
  endfacet
  facet normal 0.5555680517333541 -0.8314710697872808 0
    outer loop
      vertex 23.0324764251709 14.086706161499023 100.5
      vertex 23.25 14.232049942016602 103.5
      vertex 23.0324764251709 14.086706161499023 103.5
    endloop
  endfacet
  facet normal 0.5555680517333541 -0.8314710697872808 0
    outer loop
      vertex 23.25 14.232049942016602 103.5
      vertex 23.0324764251709 14.086706161499023 100.5
      vertex 23.25 14.232049942016602 100.5
    endloop
  endfacet
  facet normal 0.980784703926618 -0.19509322013739036 0
    outer loop
      vertex 22.267108917236328 12.761052131652832 103.5
      vertex 22.318147659301758 13.017637252807617 100.5
      vertex 22.318147659301758 13.017637252807617 103.5
    endloop
  endfacet
  facet normal 0.980784703926618 -0.19509322013739036 0
    outer loop
      vertex 22.318147659301758 13.017637252807617 100.5
      vertex 22.267108917236328 12.761052131652832 103.5
      vertex 22.267108917236328 12.761052131652832 100.5
    endloop
  endfacet
  facet normal 0.5555680517333541 0.8314710697872808 0
    outer loop
      vertex 23.25 10.767949104309082 100.5
      vertex 23.0324764251709 10.91329288482666 103.5
      vertex 23.25 10.767949104309082 103.5
    endloop
  endfacet
  facet normal 0.5555680517333541 0.8314710697872808 0
    outer loop
      vertex 23.0324764251709 10.91329288482666 103.5
      vertex 23.25 10.767949104309082 100.5
      vertex 23.0324764251709 10.91329288482666 100.5
    endloop
  endfacet
  facet normal 0.6593439861474872 0.751841411423408 0
    outer loop
      vertex 23.0324764251709 10.91329288482666 100.5
      vertex 22.835784912109375 11.085785865783691 103.5
      vertex 23.0324764251709 10.91329288482666 103.5
    endloop
  endfacet
  facet normal 0.6593439861474872 0.751841411423408 0
    outer loop
      vertex 22.835784912109375 11.085785865783691 103.5
      vertex 23.0324764251709 10.91329288482666 100.5
      vertex 22.835784912109375 11.085785865783691 100.5
    endloop
  endfacet
  facet normal 0.1950890159974446 -0.9807855401855946 0
    outer loop
      vertex 23.73236083984375 14.431851387023926 100.5
      vertex 23.98894691467285 14.482889175415039 103.5
      vertex 23.73236083984375 14.431851387023926 103.5
    endloop
  endfacet
  facet normal 0.1950890159974446 -0.9807855401855946 0
    outer loop
      vertex 23.98894691467285 14.482889175415039 103.5
      vertex 23.73236083984375 14.431851387023926 100.5
      vertex 23.98894691467285 14.482889175415039 100.5
    endloop
  endfacet
  facet normal 0.06540503757857268 -0.9978587981570066 0
    outer loop
      vertex 23.98894691467285 14.482889175415039 100.5
      vertex 24.25 14.5 103.5
      vertex 23.98894691467285 14.482889175415039 103.5
    endloop
  endfacet
  facet normal 0.06540503757857268 -0.9978587981570066 0
    outer loop
      vertex 24.25 14.5 103.5
      vertex 23.98894691467285 14.482889175415039 100.5
      vertex 24.25 14.5 100.5
    endloop
  endfacet
  facet normal 0.9978592583687081 -0.06539801593207477 0
    outer loop
      vertex 22.25 12.5 103.5
      vertex 22.267108917236328 12.761052131652832 100.5
      vertex 22.267108917236328 12.761052131652832 103.5
    endloop
  endfacet
  facet normal 0.9978592583687081 -0.06539801593207477 0
    outer loop
      vertex 22.267108917236328 12.761052131652832 100.5
      vertex 22.25 12.5 103.5
      vertex 22.25 12.5 100.5
    endloop
  endfacet
  facet normal -0.32144169721474214 -0.9469293718602808 0
    outer loop
      vertex 24.767637252807617 14.431851387023926 100.5
      vertex 25.015365600585938 14.347758293151855 103.5
      vertex 24.767637252807617 14.431851387023926 103.5
    endloop
  endfacet
  facet normal -0.32144169721474214 -0.9469293718602808 0
    outer loop
      vertex 25.015365600585938 14.347758293151855 103.5
      vertex 24.767637252807617 14.431851387023926 100.5
      vertex 25.015365600585938 14.347758293151855 100.5
    endloop
  endfacet
endsolid OpenSCAD_Model
