solid OpenSCAD_Model
  facet normal 0.751841411423408 0.6593439861474871 0
    outer loop
      vertex 49.586708068847656 22.71752166748047 31.68000030517578
      vertex 49.414215087890625 22.914213180541992 0
      vertex 49.414215087890625 22.914213180541992 31.68000030517578
    endloop
  endfacet
  facet normal 0.751841411423408 0.6593439861474871 0
    outer loop
      vertex 49.414215087890625 22.914213180541992 0
      vertex 49.586708068847656 22.71752166748047 31.68000030517578
      vertex 49.586708068847656 22.71752166748047 0
    endloop
  endfacet
  facet normal 0.7518414114234079 0.6593439861474871 0
    outer loop
      vertex 49.586708068847656 22.71752166748047 118.5
      vertex 49.414215087890625 22.914213180541992 84.44999694824219
      vertex 49.414215087890625 22.914213180541992 118.5
    endloop
  endfacet
  facet normal 0.7518414114234079 0.6593439861474871 0
    outer loop
      vertex 49.414215087890625 22.914213180541992 84.44999694824219
      vertex 49.586708068847656 22.71752166748047 118.5
      vertex 49.586708068847656 22.71752166748047 84.44999694824219
    endloop
  endfacet
  facet normal 0.751841411423408 0.6593439861474872 0
    outer loop
      vertex 49.586708068847656 22.71752166748047 81.44999694824219
      vertex 49.414215087890625 22.914213180541992 34.68000030517578
      vertex 49.414215087890625 22.914213180541992 81.44999694824219
    endloop
  endfacet
  facet normal 0.751841411423408 0.6593439861474872 0
    outer loop
      vertex 49.414215087890625 22.914213180541992 34.68000030517578
      vertex 49.586708068847656 22.71752166748047 81.44999694824219
      vertex 49.586708068847656 22.71752166748047 34.68000030517578
    endloop
  endfacet
  facet normal 0.32143737891623453 0.9469308377254704 0
    outer loop
      vertex 48.76536560058594 23.347759246826172 0
      vertex 48.51763916015625 23.43185043334961 118.5
      vertex 48.76536560058594 23.347759246826172 118.5
    endloop
  endfacet
  facet normal 0.32143737891623453 0.9469308377254704 0
    outer loop
      vertex 48.51763916015625 23.43185043334961 118.5
      vertex 48.76536560058594 23.347759246826172 0
      vertex 48.51763916015625 23.43185043334961 0
    endloop
  endfacet
  facet normal 0 1 0
    outer loop
      vertex 48 23.5 118.5
      vertex 47 23.5 115.5
      vertex 2 23.5 118.5
    endloop
  endfacet
  facet normal 0 1 0
    outer loop
      vertex 48 23.5 0
      vertex 47 23.5 115.5
      vertex 48 23.5 118.5
    endloop
  endfacet
  facet normal 0 1 0
    outer loop
      vertex 47 23.5 115.5
      vertex 48 23.5 0
      vertex 47 23.5 0
    endloop
  endfacet
  facet normal 0 1 0
    outer loop
      vertex 3 23.5 115.5
      vertex 2 23.5 118.5
      vertex 47 23.5 115.5
    endloop
  endfacet
  facet normal 0 1 0
    outer loop
      vertex 2 23.5 0
      vertex 3 23.5 115.5
      vertex 3 23.5 0
    endloop
  endfacet
  facet normal 0 1 0
    outer loop
      vertex 3 23.5 115.5
      vertex 2 23.5 0
      vertex 2 23.5 118.5
    endloop
  endfacet
  facet normal 0 -1 0
    outer loop
      vertex 0 0 4
      vertex 50 0 31.68000030517578
      vertex 0 0 31.68000030517578
    endloop
  endfacet
  facet normal 0 -1 0
    outer loop
      vertex 50 0 31.68000030517578
      vertex 0 0 4
      vertex 50 0 4
    endloop
  endfacet
  facet normal 0 -1 0
    outer loop
      vertex 0 0 84.44999694824219
      vertex 50 0 116.5
      vertex 0 0 116.5
    endloop
  endfacet
  facet normal 0 -1 0
    outer loop
      vertex 50 0 116.5
      vertex 0 0 84.44999694824219
      vertex 50 0 84.44999694824219
    endloop
  endfacet
  facet normal 0 -1 0
    outer loop
      vertex 0 0 34.68000030517578
      vertex 50 0 81.44999694824219
      vertex 0 0 81.44999694824219
    endloop
  endfacet
  facet normal 0 -1 0
    outer loop
      vertex 50 0 81.44999694824219
      vertex 0 0 34.68000030517578
      vertex 50 0 34.68000030517578
    endloop
  endfacet
  facet normal 0.659340371986186 0.7518445809268814 0
    outer loop
      vertex 49.414215087890625 22.914213180541992 0
      vertex 49.21752166748047 23.086706161499023 31.68000030517578
      vertex 49.414215087890625 22.914213180541992 31.68000030517578
    endloop
  endfacet
  facet normal 0.659340371986186 0.7518445809268814 0
    outer loop
      vertex 49.21752166748047 23.086706161499023 31.68000030517578
      vertex 49.414215087890625 22.914213180541992 0
      vertex 49.21752166748047 23.086706161499023 0
    endloop
  endfacet
  facet normal 0.659340371986186 0.7518445809268814 0
    outer loop
      vertex 49.414215087890625 22.914213180541992 84.44999694824219
      vertex 49.21752166748047 23.086706161499023 118.5
      vertex 49.414215087890625 22.914213180541992 118.5
    endloop
  endfacet
  facet normal 0.659340371986186 0.7518445809268814 0
    outer loop
      vertex 49.21752166748047 23.086706161499023 118.5
      vertex 49.414215087890625 22.914213180541992 84.44999694824219
      vertex 49.21752166748047 23.086706161499023 84.44999694824219
    endloop
  endfacet
  facet normal 0.659340371986186 0.7518445809268813 0
    outer loop
      vertex 49.414215087890625 22.914213180541992 34.68000030517578
      vertex 49.21752166748047 23.086706161499023 81.44999694824219
      vertex 49.414215087890625 22.914213180541992 81.44999694824219
    endloop
  endfacet
  facet normal 0.659340371986186 0.7518445809268813 0
    outer loop
      vertex 49.21752166748047 23.086706161499023 81.44999694824219
      vertex 49.414215087890625 22.914213180541992 34.68000030517578
      vertex 49.21752166748047 23.086706161499023 34.68000030517578
    endloop
  endfacet
  facet normal 0.9978582911065027 0.06541277298823332 0
    outer loop
      vertex 50 21.5 118.5
      vertex 49.982887268066406 21.761051177978516 84.44999694824219
      vertex 49.982887268066406 21.761051177978516 118.5
    endloop
  endfacet
  facet normal 0.9978582911065027 0.06541277298823332 0
    outer loop
      vertex 49.982887268066406 21.761051177978516 84.44999694824219
      vertex 50 21.5 118.5
      vertex 50 21.5 84.44999694824219
    endloop
  endfacet
  facet normal 0.9978582911065027 0.06541277298823332 0
    outer loop
      vertex 50 21.5 31.68000030517578
      vertex 49.982887268066406 21.761051177978516 0
      vertex 49.982887268066406 21.761051177978516 31.68000030517578
    endloop
  endfacet
  facet normal 0.9978582911065027 0.06541277298823332 0
    outer loop
      vertex 49.982887268066406 21.761051177978516 0
      vertex 50 21.5 31.68000030517578
      vertex 50 21.5 0
    endloop
  endfacet
  facet normal 0.9978582911065027 0.06541277298823332 0
    outer loop
      vertex 50 21.5 81.44999694824219
      vertex 49.982887268066406 21.761051177978516 34.68000030517578
      vertex 49.982887268066406 21.761051177978516 81.44999694824219
    endloop
  endfacet
  facet normal 0.9978582911065027 0.06541277298823332 0
    outer loop
      vertex 49.982887268066406 21.761051177978516 34.68000030517578
      vertex 50 21.5 81.44999694824219
      vertex 50 21.5 34.68000030517578
    endloop
  endfacet
  facet normal 0.9807862376857944 0.19508550936997948 0
    outer loop
      vertex 49.982887268066406 21.761051177978516 31.68000030517578
      vertex 49.93185043334961 22.017637252807617 0
      vertex 49.93185043334961 22.017637252807617 31.68000030517578
    endloop
  endfacet
  facet normal 0.9807862376857944 0.19508550936997948 0
    outer loop
      vertex 49.93185043334961 22.017637252807617 0
      vertex 49.982887268066406 21.761051177978516 31.68000030517578
      vertex 49.982887268066406 21.761051177978516 0
    endloop
  endfacet
  facet normal 0.9807862376857945 0.19508550936997948 0
    outer loop
      vertex 49.982887268066406 21.761051177978516 118.5
      vertex 49.93185043334961 22.017637252807617 84.44999694824219
      vertex 49.93185043334961 22.017637252807617 118.5
    endloop
  endfacet
  facet normal 0.9807862376857945 0.19508550936997948 0
    outer loop
      vertex 49.93185043334961 22.017637252807617 84.44999694824219
      vertex 49.982887268066406 21.761051177978516 118.5
      vertex 49.982887268066406 21.761051177978516 84.44999694824219
    endloop
  endfacet
  facet normal 0.9807862376857944 0.19508550936997945 0
    outer loop
      vertex 49.982887268066406 21.761051177978516 81.44999694824219
      vertex 49.93185043334961 22.017637252807617 34.68000030517578
      vertex 49.93185043334961 22.017637252807617 81.44999694824219
    endloop
  endfacet
  facet normal 0.9807862376857944 0.19508550936997945 0
    outer loop
      vertex 49.93185043334961 22.017637252807617 34.68000030517578
      vertex 49.982887268066406 21.761051177978516 81.44999694824219
      vertex 49.982887268066406 21.761051177978516 34.68000030517578
    endloop
  endfacet
  facet normal 0.19509112759217123 0.9807851201638488 0
    outer loop
      vertex 48.51763916015625 23.43185043334961 0
      vertex 48.261051177978516 23.48288917541504 118.5
      vertex 48.51763916015625 23.43185043334961 118.5
    endloop
  endfacet
  facet normal 0.19509112759217123 0.9807851201638488 0
    outer loop
      vertex 48.261051177978516 23.48288917541504 118.5
      vertex 48.51763916015625 23.43185043334961 0
      vertex 48.261051177978516 23.48288917541504 0
    endloop
  endfacet
  facet normal -0.8314688194409102 0.5555714196190614 0
    outer loop
      vertex 0.26794910430908203 22.5 84.44999694824219
      vertex 0.41329288482666016 22.71752166748047 118.5
      vertex 0.41329288482666016 22.71752166748047 84.44999694824219
    endloop
  endfacet
  facet normal -0.8314688194409102 0.5555714196190614 0
    outer loop
      vertex 0.41329288482666016 22.71752166748047 118.5
      vertex 0.26794910430908203 22.5 84.44999694824219
      vertex 0.26794910430908203 22.5 118.5
    endloop
  endfacet
  facet normal -0.8314688194409101 0.5555714196190613 0
    outer loop
      vertex 0.26794910430908203 22.5 0
      vertex 0.41329288482666016 22.71752166748047 31.68000030517578
      vertex 0.41329288482666016 22.71752166748047 0
    endloop
  endfacet
  facet normal -0.8314688194409101 0.5555714196190613 0
    outer loop
      vertex 0.41329288482666016 22.71752166748047 31.68000030517578
      vertex 0.26794910430908203 22.5 0
      vertex 0.26794910430908203 22.5 31.68000030517578
    endloop
  endfacet
  facet normal -0.8314688194409101 0.5555714196190613 0
    outer loop
      vertex 0.26794910430908203 22.5 34.68000030517578
      vertex 0.41329288482666016 22.71752166748047 81.44999694824219
      vertex 0.41329288482666016 22.71752166748047 34.68000030517578
    endloop
  endfacet
  facet normal -0.8314688194409101 0.5555714196190613 0
    outer loop
      vertex 0.41329288482666016 22.71752166748047 81.44999694824219
      vertex 0.26794910430908203 22.5 34.68000030517578
      vertex 0.26794910430908203 22.5 81.44999694824219
    endloop
  endfacet
  facet normal -1 0 0
    outer loop
      vertex 0 0 4
      vertex 0 21.5 0
      vertex 0 0 0
    endloop
  endfacet
  facet normal -1 0 0
    outer loop
      vertex 0 21.5 0
      vertex 0 0 4
      vertex 0 21.5 31.68000030517578
    endloop
  endfacet
  facet normal -1 0 0
    outer loop
      vertex 0 21.5 31.68000030517578
      vertex 0 0 4
      vertex 0 0 31.68000030517578
    endloop
  endfacet
  facet normal -1 0 0
    outer loop
      vertex 0 0 116.5
      vertex 0 21.5 118.5
      vertex 0 21.5 84.44999694824219
    endloop
  endfacet
  facet normal -1 0 0
    outer loop
      vertex 0 21.5 118.5
      vertex 0 0 116.5
      vertex 0 2 118.5
    endloop
  endfacet
  facet normal -1 0 0
    outer loop
      vertex 0 2 118.5
      vertex 0 0 116.5
      vertex 0 1.7389469146728516 118.4828872680664
    endloop
  endfacet
  facet normal -1 0 0
    outer loop
      vertex 0 1.7389469146728516 118.4828872680664
      vertex 0 0 116.5
      vertex 0 1.4823617935180664 118.43185424804688
    endloop
  endfacet
  facet normal -1 0 0
    outer loop
      vertex 0 1.4823617935180664 118.43185424804688
      vertex 0 0 116.5
      vertex 0 1.2346324920654297 118.34776306152344
    endloop
  endfacet
  facet normal -1 0 0
    outer loop
      vertex 0 1.2346324920654297 118.34776306152344
      vertex 0 0 116.5
      vertex 0 1 118.23204803466797
    endloop
  endfacet
  facet normal -1 0 0
    outer loop
      vertex 0 1 118.23204803466797
      vertex 0 0 116.5
      vertex 0 0.7824764251708984 118.08670806884766
    endloop
  endfacet
  facet normal -1 0 0
    outer loop
      vertex 0 0.7824764251708984 118.08670806884766
      vertex 0 0 116.5
      vertex 0 0.5857858657836914 117.91421508789062
    endloop
  endfacet
  facet normal -1 0 0
    outer loop
      vertex 0 0.5857858657836914 117.91421508789062
      vertex 0 0 116.5
      vertex 0 0.41329288482666016 117.71752166748047
    endloop
  endfacet
  facet normal -1 0 0
    outer loop
      vertex 0 0.41329288482666016 117.71752166748047
      vertex 0 0 116.5
      vertex 0 0.26794910430908203 117.5
    endloop
  endfacet
  facet normal -1 0 0
    outer loop
      vertex 0 0.26794910430908203 117.5
      vertex 0 0 116.5
      vertex 0 0.15224075317382812 117.26536560058594
    endloop
  endfacet
  facet normal -1 0 0
    outer loop
      vertex 0 0.15224075317382812 117.26536560058594
      vertex 0 0 116.5
      vertex 0 0.06814765930175781 117.01763916015625
    endloop
  endfacet
  facet normal -1 0 0
    outer loop
      vertex 0 0 116.5
      vertex 0 21.5 84.44999694824219
      vertex 0 0 84.44999694824219
    endloop
  endfacet
  facet normal -1 0 0
    outer loop
      vertex 0 0.06814765930175781 117.01763916015625
      vertex 0 0 116.5
      vertex 0 0.01710987091064453 116.76105499267578
    endloop
  endfacet
  facet normal -1 0 0
    outer loop
      vertex 0 0 34.68000030517578
      vertex 0 21.5 81.44999694824219
      vertex 0 21.5 34.68000030517578
    endloop
  endfacet
  facet normal -1 0 0
    outer loop
      vertex 0 21.5 81.44999694824219
      vertex 0 0 34.68000030517578
      vertex 0 0 81.44999694824219
    endloop
  endfacet
  facet normal -0.9469293718602808 0.32144169721474214 0
    outer loop
      vertex 0.06814765930175781 22.017637252807617 0
      vertex 0.15224075317382812 22.265365600585938 31.68000030517578
      vertex 0.15224075317382812 22.265365600585938 0
    endloop
  endfacet
  facet normal -0.9469293718602808 0.32144169721474214 0
    outer loop
      vertex 0.15224075317382812 22.265365600585938 31.68000030517578
      vertex 0.06814765930175781 22.017637252807617 0
      vertex 0.06814765930175781 22.017637252807617 31.68000030517578
    endloop
  endfacet
  facet normal -0.9469293718602808 0.32144169721474214 0
    outer loop
      vertex 0.06814765930175781 22.017637252807617 84.44999694824219
      vertex 0.15224075317382812 22.265365600585938 118.5
      vertex 0.15224075317382812 22.265365600585938 84.44999694824219
    endloop
  endfacet
  facet normal -0.9469293718602808 0.32144169721474214 0
    outer loop
      vertex 0.15224075317382812 22.265365600585938 118.5
      vertex 0.06814765930175781 22.017637252807617 84.44999694824219
      vertex 0.06814765930175781 22.017637252807617 118.5
    endloop
  endfacet
  facet normal -0.9469293718602809 0.32144169721474214 0
    outer loop
      vertex 0.06814765930175781 22.017637252807617 34.68000030517578
      vertex 0.15224075317382812 22.265365600585938 81.44999694824219
      vertex 0.15224075317382812 22.265365600585938 34.68000030517578
    endloop
  endfacet
  facet normal -0.9469293718602809 0.32144169721474214 0
    outer loop
      vertex 0.15224075317382812 22.265365600585938 81.44999694824219
      vertex 0.06814765930175781 22.017637252807617 34.68000030517578
      vertex 0.06814765930175781 22.017637252807617 81.44999694824219
    endloop
  endfacet
  facet normal 1 0 0
    outer loop
      vertex 50 0 4
      vertex 50 21.5 31.68000030517578
      vertex 50 0 31.68000030517578
    endloop
  endfacet
  facet normal 1 0 0
    outer loop
      vertex 50 21.5 31.68000030517578
      vertex 50 0 4
      vertex 50 21.5 0
    endloop
  endfacet
  facet normal 1 0 0
    outer loop
      vertex 50 21.5 0
      vertex 50 0 4
      vertex 50 0 0
    endloop
  endfacet
  facet normal 1 0 0
    outer loop
      vertex 50 0 116.5
      vertex 50 21.5 118.5
      vertex 50 2 118.5
    endloop
  endfacet
  facet normal 1 0 0
    outer loop
      vertex 50 0 116.5
      vertex 50 2 118.5
      vertex 50 1.7389469146728516 118.4828872680664
    endloop
  endfacet
  facet normal 1 0 0
    outer loop
      vertex 50 0 116.5
      vertex 50 1.7389469146728516 118.4828872680664
      vertex 50 1.4823617935180664 118.43185424804688
    endloop
  endfacet
  facet normal 1 0 0
    outer loop
      vertex 50 0 116.5
      vertex 50 1.4823617935180664 118.43185424804688
      vertex 50 1.2346324920654297 118.34776306152344
    endloop
  endfacet
  facet normal 1 0 0
    outer loop
      vertex 50 0 116.5
      vertex 50 1.2346324920654297 118.34776306152344
      vertex 50 1 118.23204803466797
    endloop
  endfacet
  facet normal 1 0 0
    outer loop
      vertex 50 0 116.5
      vertex 50 1 118.23204803466797
      vertex 50 0.7824764251708984 118.08670806884766
    endloop
  endfacet
  facet normal 1 0 0
    outer loop
      vertex 50 0 116.5
      vertex 50 0.7824764251708984 118.08670806884766
      vertex 50 0.5857858657836914 117.91421508789062
    endloop
  endfacet
  facet normal 1 0 0
    outer loop
      vertex 50 0 116.5
      vertex 50 0.5857858657836914 117.91421508789062
      vertex 50 0.41329288482666016 117.71752166748047
    endloop
  endfacet
  facet normal 1 0 0
    outer loop
      vertex 50 0 116.5
      vertex 50 0.41329288482666016 117.71752166748047
      vertex 50 0.26794910430908203 117.5
    endloop
  endfacet
  facet normal 1 0 0
    outer loop
      vertex 50 0 116.5
      vertex 50 0.26794910430908203 117.5
      vertex 50 0.15224075317382812 117.26536560058594
    endloop
  endfacet
  facet normal 1 0 0
    outer loop
      vertex 50 0 116.5
      vertex 50 0.15224075317382812 117.26536560058594
      vertex 50 0.06814765930175781 117.01763916015625
    endloop
  endfacet
  facet normal 1 0 0
    outer loop
      vertex 50 0 116.5
      vertex 50 0.06814765930175781 117.01763916015625
      vertex 50 0.01710987091064453 116.76105499267578
    endloop
  endfacet
  facet normal 1 0 0
    outer loop
      vertex 50 21.5 118.5
      vertex 50 0 116.5
      vertex 50 21.5 84.44999694824219
    endloop
  endfacet
  facet normal 1 0 0
    outer loop
      vertex 50 21.5 84.44999694824219
      vertex 50 0 116.5
      vertex 50 0 84.44999694824219
    endloop
  endfacet
  facet normal 1 0 0
    outer loop
      vertex 50 0 81.44999694824219
      vertex 50 21.5 34.68000030517578
      vertex 50 21.5 81.44999694824219
    endloop
  endfacet
  facet normal 1 0 0
    outer loop
      vertex 50 21.5 34.68000030517578
      vertex 50 0 81.44999694824219
      vertex 50 0 34.68000030517578
    endloop
  endfacet
  facet normal -0.4422928857990367 0.8968706724893843 0
    outer loop
      vertex 1.2346324920654297 23.347759246826172 118.5
      vertex 1 23.2320499420166 84.44999694824219
      vertex 1 23.2320499420166 118.5
    endloop
  endfacet
  facet normal -0.44229288579903664 0.8968706724893841 0
    outer loop
      vertex 1.2346324920654297 23.347759246826172 118.5
      vertex 1 23.2320499420166 81.44999694824219
      vertex 1 23.2320499420166 84.44999694824219
    endloop
  endfacet
  facet normal -0.4422928857990367 0.8968706724893843 0
    outer loop
      vertex 1.2346324920654297 23.347759246826172 118.5
      vertex 1 23.2320499420166 34.68000030517578
      vertex 1 23.2320499420166 81.44999694824219
    endloop
  endfacet
  facet normal -0.44229288579903664 0.8968706724893841 0
    outer loop
      vertex 1.2346324920654297 23.347759246826172 118.5
      vertex 1 23.2320499420166 31.68000030517578
      vertex 1 23.2320499420166 34.68000030517578
    endloop
  endfacet
  facet normal -0.44229288579903664 0.8968706724893842 0
    outer loop
      vertex 1.2346324920654297 23.347759246826172 0
      vertex 1 23.2320499420166 31.68000030517578
      vertex 1.2346324920654297 23.347759246826172 118.5
    endloop
  endfacet
  facet normal -0.44229288579903664 0.8968706724893841 0
    outer loop
      vertex 1 23.2320499420166 31.68000030517578
      vertex 1.2346324920654297 23.347759246826172 0
      vertex 1 23.2320499420166 0
    endloop
  endfacet
  facet normal -0.6593457932372825 0.751839826652126 0
    outer loop
      vertex 0.7824764251708984 23.086706161499023 0
      vertex 0.5857858657836914 22.914213180541992 31.68000030517578
      vertex 0.7824764251708984 23.086706161499023 31.68000030517578
    endloop
  endfacet
  facet normal -0.6593457932372825 0.751839826652126 0
    outer loop
      vertex 0.5857858657836914 22.914213180541992 31.68000030517578
      vertex 0.7824764251708984 23.086706161499023 0
      vertex 0.5857858657836914 22.914213180541992 0
    endloop
  endfacet
  facet normal -0.6593457932372826 0.751839826652126 0
    outer loop
      vertex 0.7824764251708984 23.086706161499023 84.44999694824219
      vertex 0.5857858657836914 22.914213180541992 118.5
      vertex 0.7824764251708984 23.086706161499023 118.5
    endloop
  endfacet
  facet normal -0.6593457932372826 0.751839826652126 0
    outer loop
      vertex 0.5857858657836914 22.914213180541992 118.5
      vertex 0.7824764251708984 23.086706161499023 84.44999694824219
      vertex 0.5857858657836914 22.914213180541992 84.44999694824219
    endloop
  endfacet
  facet normal -0.6593457932372825 0.7518398266521259 0
    outer loop
      vertex 0.7824764251708984 23.086706161499023 34.68000030517578
      vertex 0.5857858657836914 22.914213180541992 81.44999694824219
      vertex 0.7824764251708984 23.086706161499023 81.44999694824219
    endloop
  endfacet
  facet normal -0.6593457932372825 0.7518398266521259 0
    outer loop
      vertex 0.5857858657836914 22.914213180541992 81.44999694824219
      vertex 0.7824764251708984 23.086706161499023 34.68000030517578
      vertex 0.5857858657836914 22.914213180541992 34.68000030517578
    endloop
  endfacet
  facet normal 0.9469315910190028 0.3214351597604407 0
    outer loop
      vertex 49.93185043334961 22.017637252807617 31.68000030517578
      vertex 49.84775924682617 22.265365600585938 0
      vertex 49.84775924682617 22.265365600585938 31.68000030517578
    endloop
  endfacet
  facet normal 0.9469315910190028 0.3214351597604407 0
    outer loop
      vertex 49.84775924682617 22.265365600585938 0
      vertex 49.93185043334961 22.017637252807617 31.68000030517578
      vertex 49.93185043334961 22.017637252807617 0
    endloop
  endfacet
  facet normal 0.9469315910190028 0.3214351597604407 0
    outer loop
      vertex 49.93185043334961 22.017637252807617 118.5
      vertex 49.84775924682617 22.265365600585938 84.44999694824219
      vertex 49.84775924682617 22.265365600585938 118.5
    endloop
  endfacet
  facet normal 0.9469315910190028 0.3214351597604407 0
    outer loop
      vertex 49.84775924682617 22.265365600585938 84.44999694824219
      vertex 49.93185043334961 22.017637252807617 118.5
      vertex 49.93185043334961 22.017637252807617 84.44999694824219
    endloop
  endfacet
  facet normal 0.9469315910190028 0.3214351597604407 0
    outer loop
      vertex 49.93185043334961 22.017637252807617 81.44999694824219
      vertex 49.84775924682617 22.265365600585938 34.68000030517578
      vertex 49.84775924682617 22.265365600585938 81.44999694824219
    endloop
  endfacet
  facet normal 0.9469315910190028 0.3214351597604407 0
    outer loop
      vertex 49.84775924682617 22.265365600585938 34.68000030517578
      vertex 49.93185043334961 22.017637252807617 81.44999694824219
      vertex 49.93185043334961 22.017637252807617 34.68000030517578
    endloop
  endfacet
  facet normal 0.8314755552374979 0.5555613386859225 0
    outer loop
      vertex 49.73204803466797 22.5 31.68000030517578
      vertex 49.586708068847656 22.71752166748047 0
      vertex 49.586708068847656 22.71752166748047 31.68000030517578
    endloop
  endfacet
  facet normal 0.8314755552374979 0.5555613386859225 0
    outer loop
      vertex 49.586708068847656 22.71752166748047 0
      vertex 49.73204803466797 22.5 31.68000030517578
      vertex 49.73204803466797 22.5 0
    endloop
  endfacet
  facet normal 0.8314755552374982 0.5555613386859226 0
    outer loop
      vertex 49.73204803466797 22.5 118.5
      vertex 49.586708068847656 22.71752166748047 84.44999694824219
      vertex 49.586708068847656 22.71752166748047 118.5
    endloop
  endfacet
  facet normal 0.8314755552374982 0.5555613386859226 0
    outer loop
      vertex 49.586708068847656 22.71752166748047 84.44999694824219
      vertex 49.73204803466797 22.5 118.5
      vertex 49.73204803466797 22.5 84.44999694824219
    endloop
  endfacet
  facet normal 0.831475555237498 0.5555613386859226 0
    outer loop
      vertex 49.73204803466797 22.5 81.44999694824219
      vertex 49.586708068847656 22.71752166748047 34.68000030517578
      vertex 49.586708068847656 22.71752166748047 81.44999694824219
    endloop
  endfacet
  facet normal 0.831475555237498 0.5555613386859226 0
    outer loop
      vertex 49.586708068847656 22.71752166748047 34.68000030517578
      vertex 49.73204803466797 22.5 81.44999694824219
      vertex 49.73204803466797 22.5 34.68000030517578
    endloop
  endfacet
  facet normal 0.5555714196190613 0.8314688194409101 0
    outer loop
      vertex 49.21752166748047 23.086706161499023 0
      vertex 49 23.2320499420166 31.68000030517578
      vertex 49.21752166748047 23.086706161499023 31.68000030517578
    endloop
  endfacet
  facet normal 0.5555714196190613 0.8314688194409101 0
    outer loop
      vertex 49 23.2320499420166 31.68000030517578
      vertex 49.21752166748047 23.086706161499023 0
      vertex 49 23.2320499420166 0
    endloop
  endfacet
  facet normal 0.5555714196190614 0.8314688194409102 0
    outer loop
      vertex 49.21752166748047 23.086706161499023 84.44999694824219
      vertex 49 23.2320499420166 118.5
      vertex 49.21752166748047 23.086706161499023 118.5
    endloop
  endfacet
  facet normal 0.5555714196190614 0.8314688194409102 0
    outer loop
      vertex 49 23.2320499420166 118.5
      vertex 49.21752166748047 23.086706161499023 84.44999694824219
      vertex 49 23.2320499420166 84.44999694824219
    endloop
  endfacet
  facet normal 0.5555714196190613 0.8314688194409101 0
    outer loop
      vertex 49.21752166748047 23.086706161499023 34.68000030517578
      vertex 49 23.2320499420166 81.44999694824219
      vertex 49.21752166748047 23.086706161499023 81.44999694824219
    endloop
  endfacet
  facet normal 0.5555714196190613 0.8314688194409101 0
    outer loop
      vertex 49 23.2320499420166 81.44999694824219
      vertex 49.21752166748047 23.086706161499023 34.68000030517578
      vertex 49 23.2320499420166 34.68000030517578
    endloop
  endfacet
  facet normal -0.5555680517333541 0.8314710697872807 0
    outer loop
      vertex 1 23.2320499420166 0
      vertex 0.7824764251708984 23.086706161499023 31.68000030517578
      vertex 1 23.2320499420166 31.68000030517578
    endloop
  endfacet
  facet normal -0.5555680517333541 0.8314710697872807 0
    outer loop
      vertex 0.7824764251708984 23.086706161499023 31.68000030517578
      vertex 1 23.2320499420166 0
      vertex 0.7824764251708984 23.086706161499023 0
    endloop
  endfacet
  facet normal -0.5555680517333542 0.8314710697872808 0
    outer loop
      vertex 1 23.2320499420166 84.44999694824219
      vertex 0.7824764251708984 23.086706161499023 118.5
      vertex 1 23.2320499420166 118.5
    endloop
  endfacet
  facet normal -0.5555680517333542 0.8314710697872808 0
    outer loop
      vertex 0.7824764251708984 23.086706161499023 118.5
      vertex 1 23.2320499420166 84.44999694824219
      vertex 0.7824764251708984 23.086706161499023 84.44999694824219
    endloop
  endfacet
  facet normal -0.5555680517333541 0.8314710697872808 0
    outer loop
      vertex 1 23.2320499420166 34.68000030517578
      vertex 0.7824764251708984 23.086706161499023 81.44999694824219
      vertex 1 23.2320499420166 81.44999694824219
    endloop
  endfacet
  facet normal -0.5555680517333541 0.8314710697872808 0
    outer loop
      vertex 0.7824764251708984 23.086706161499023 81.44999694824219
      vertex 1 23.2320499420166 34.68000030517578
      vertex 0.7824764251708984 23.086706161499023 34.68000030517578
    endloop
  endfacet
  facet normal 0.44228999372747985 0.8968720987122667 0
    outer loop
      vertex 49 23.2320499420166 84.44999694824219
      vertex 48.76536560058594 23.347759246826172 118.5
      vertex 49 23.2320499420166 118.5
    endloop
  endfacet
  facet normal 0.44228999372747985 0.8968720987122667 0
    outer loop
      vertex 49 23.2320499420166 81.44999694824219
      vertex 48.76536560058594 23.347759246826172 118.5
      vertex 49 23.2320499420166 84.44999694824219
    endloop
  endfacet
  facet normal 0.44228999372747985 0.8968720987122667 0
    outer loop
      vertex 49 23.2320499420166 34.68000030517578
      vertex 48.76536560058594 23.347759246826172 118.5
      vertex 49 23.2320499420166 81.44999694824219
    endloop
  endfacet
  facet normal 0.44228999372747985 0.8968720987122667 0
    outer loop
      vertex 49 23.2320499420166 31.68000030517578
      vertex 48.76536560058594 23.347759246826172 118.5
      vertex 49 23.2320499420166 34.68000030517578
    endloop
  endfacet
  facet normal 0.44228999372747985 0.8968720987122667 0
    outer loop
      vertex 48.76536560058594 23.347759246826172 0
      vertex 49 23.2320499420166 31.68000030517578
      vertex 49 23.2320499420166 0
    endloop
  endfacet
  facet normal 0.44228999372747985 0.8968720987122667 0
    outer loop
      vertex 49 23.2320499420166 31.68000030517578
      vertex 48.76536560058594 23.347759246826172 0
      vertex 48.76536560058594 23.347759246826172 118.5
    endloop
  endfacet
  facet normal -0.06540503757857268 0.9978587981570066 0
    outer loop
      vertex 2 23.5 0
      vertex 1.7389469146728516 23.48288917541504 118.5
      vertex 2 23.5 118.5
    endloop
  endfacet
  facet normal -0.06540503757857268 0.9978587981570066 0
    outer loop
      vertex 1.7389469146728516 23.48288917541504 118.5
      vertex 2 23.5 0
      vertex 1.7389469146728516 23.48288917541504 0
    endloop
  endfacet
  facet normal -0.3214340501933723 0.9469319676599184 0
    outer loop
      vertex 1.4823617935180664 23.43185043334961 0
      vertex 1.2346324920654297 23.347759246826172 118.5
      vertex 1.4823617935180664 23.43185043334961 118.5
    endloop
  endfacet
  facet normal -0.3214340501933723 0.9469319676599184 0
    outer loop
      vertex 1.2346324920654297 23.347759246826172 118.5
      vertex 1.4823617935180664 23.43185043334961 0
      vertex 1.2346324920654297 23.347759246826172 0
    endloop
  endfacet
  facet normal -0.8968735447372777 0.4422870614774873 0
    outer loop
      vertex 0.15224075317382812 22.265365600585938 0
      vertex 0.26794910430908203 22.5 31.68000030517578
      vertex 0.26794910430908203 22.5 0
    endloop
  endfacet
  facet normal -0.8968735447372777 0.4422870614774873 0
    outer loop
      vertex 0.26794910430908203 22.5 31.68000030517578
      vertex 0.15224075317382812 22.265365600585938 0
      vertex 0.15224075317382812 22.265365600585938 31.68000030517578
    endloop
  endfacet
  facet normal -0.8968735447372775 0.4422870614774873 0
    outer loop
      vertex 0.15224075317382812 22.265365600585938 84.44999694824219
      vertex 0.26794910430908203 22.5 118.5
      vertex 0.26794910430908203 22.5 84.44999694824219
    endloop
  endfacet
  facet normal -0.8968735447372775 0.4422870614774873 0
    outer loop
      vertex 0.26794910430908203 22.5 118.5
      vertex 0.15224075317382812 22.265365600585938 84.44999694824219
      vertex 0.15224075317382812 22.265365600585938 118.5
    endloop
  endfacet
  facet normal -0.8968735447372775 0.44228706147748725 0
    outer loop
      vertex 0.15224075317382812 22.265365600585938 34.68000030517578
      vertex 0.26794910430908203 22.5 81.44999694824219
      vertex 0.26794910430908203 22.5 34.68000030517578
    endloop
  endfacet
  facet normal -0.8968735447372775 0.44228706147748725 0
    outer loop
      vertex 0.26794910430908203 22.5 81.44999694824219
      vertex 0.15224075317382812 22.265365600585938 34.68000030517578
      vertex 0.15224075317382812 22.265365600585938 81.44999694824219
    endloop
  endfacet
  facet normal -0.751841411423408 0.6593439861474871 0
    outer loop
      vertex 0.41329288482666016 22.71752166748047 0
      vertex 0.5857858657836914 22.914213180541992 31.68000030517578
      vertex 0.5857858657836914 22.914213180541992 0
    endloop
  endfacet
  facet normal -0.751841411423408 0.6593439861474871 0
    outer loop
      vertex 0.5857858657836914 22.914213180541992 31.68000030517578
      vertex 0.41329288482666016 22.71752166748047 0
      vertex 0.41329288482666016 22.71752166748047 31.68000030517578
    endloop
  endfacet
  facet normal -0.7518414114234079 0.6593439861474871 0
    outer loop
      vertex 0.41329288482666016 22.71752166748047 84.44999694824219
      vertex 0.5857858657836914 22.914213180541992 118.5
      vertex 0.5857858657836914 22.914213180541992 84.44999694824219
    endloop
  endfacet
  facet normal -0.7518414114234079 0.6593439861474871 0
    outer loop
      vertex 0.5857858657836914 22.914213180541992 118.5
      vertex 0.41329288482666016 22.71752166748047 84.44999694824219
      vertex 0.41329288482666016 22.71752166748047 118.5
    endloop
  endfacet
  facet normal -0.751841411423408 0.6593439861474872 0
    outer loop
      vertex 0.41329288482666016 22.71752166748047 34.68000030517578
      vertex 0.5857858657836914 22.914213180541992 81.44999694824219
      vertex 0.5857858657836914 22.914213180541992 34.68000030517578
    endloop
  endfacet
  facet normal -0.751841411423408 0.6593439861474872 0
    outer loop
      vertex 0.5857858657836914 22.914213180541992 81.44999694824219
      vertex 0.41329288482666016 22.71752166748047 34.68000030517578
      vertex 0.41329288482666016 22.71752166748047 81.44999694824219
    endloop
  endfacet
  facet normal 0.06540551341072687 0.9978587669682917 0
    outer loop
      vertex 48.261051177978516 23.48288917541504 0
      vertex 48 23.5 118.5
      vertex 48.261051177978516 23.48288917541504 118.5
    endloop
  endfacet
  facet normal 0.06540551341072687 0.9978587669682917 0
    outer loop
      vertex 48 23.5 118.5
      vertex 48.261051177978516 23.48288917541504 0
      vertex 48 23.5 0
    endloop
  endfacet
  facet normal 0.8968692066474735 0.442295858184916 0
    outer loop
      vertex 49.84775924682617 22.265365600585938 31.68000030517578
      vertex 49.73204803466797 22.5 0
      vertex 49.73204803466797 22.5 31.68000030517578
    endloop
  endfacet
  facet normal 0.8968692066474735 0.442295858184916 0
    outer loop
      vertex 49.73204803466797 22.5 0
      vertex 49.84775924682617 22.265365600585938 31.68000030517578
      vertex 49.84775924682617 22.265365600585938 0
    endloop
  endfacet
  facet normal 0.8968692066474736 0.44229585818491607 0
    outer loop
      vertex 49.84775924682617 22.265365600585938 118.5
      vertex 49.73204803466797 22.5 84.44999694824219
      vertex 49.73204803466797 22.5 118.5
    endloop
  endfacet
  facet normal 0.8968692066474736 0.44229585818491607 0
    outer loop
      vertex 49.73204803466797 22.5 84.44999694824219
      vertex 49.84775924682617 22.265365600585938 118.5
      vertex 49.84775924682617 22.265365600585938 84.44999694824219
    endloop
  endfacet
  facet normal 0.8968692066474735 0.442295858184916 0
    outer loop
      vertex 49.84775924682617 22.265365600585938 81.44999694824219
      vertex 49.73204803466797 22.5 34.68000030517578
      vertex 49.73204803466797 22.5 81.44999694824219
    endloop
  endfacet
  facet normal 0.8968692066474735 0.442295858184916 0
    outer loop
      vertex 49.73204803466797 22.5 34.68000030517578
      vertex 49.84775924682617 22.265365600585938 81.44999694824219
      vertex 49.84775924682617 22.265365600585938 34.68000030517578
    endloop
  endfacet
  facet normal 0 0 -1
    outer loop
      vertex 18 -11 0
      vertex 23.5 -9 0
      vertex 22.16666603088379 -11 0
    endloop
  endfacet
  facet normal 0 0 -1
    outer loop
      vertex 47 3 0
      vertex 50 21.5 0
      vertex 50 0 0
    endloop
  endfacet
  facet normal 0 0 -1
    outer loop
      vertex 47 23.5 0
      vertex 50 21.5 0
      vertex 47 3 0
    endloop
  endfacet
  facet normal 0 0 -1
    outer loop
      vertex 48 23.5 0
      vertex 50 21.5 0
      vertex 47 23.5 0
    endloop
  endfacet
  facet normal 0 0 -1
    outer loop
      vertex 50 21.5 0
      vertex 48 23.5 0
      vertex 49.982887268066406 21.761051177978516 0
    endloop
  endfacet
  facet normal 0 0 -1
    outer loop
      vertex 49.982887268066406 21.761051177978516 0
      vertex 48 23.5 0
      vertex 49.93185043334961 22.017637252807617 0
    endloop
  endfacet
  facet normal 0 0 -1
    outer loop
      vertex 49.93185043334961 22.017637252807617 0
      vertex 48 23.5 0
      vertex 49.84775924682617 22.265365600585938 0
    endloop
  endfacet
  facet normal 0 0 -1
    outer loop
      vertex 49.84775924682617 22.265365600585938 0
      vertex 48 23.5 0
      vertex 49.73204803466797 22.5 0
    endloop
  endfacet
  facet normal 0 0 -1
    outer loop
      vertex 49.73204803466797 22.5 0
      vertex 48 23.5 0
      vertex 49.586708068847656 22.71752166748047 0
    endloop
  endfacet
  facet normal 0 0 -1
    outer loop
      vertex 49.586708068847656 22.71752166748047 0
      vertex 48 23.5 0
      vertex 49.414215087890625 22.914213180541992 0
    endloop
  endfacet
  facet normal 0 0 -1
    outer loop
      vertex 49.414215087890625 22.914213180541992 0
      vertex 48 23.5 0
      vertex 49.21752166748047 23.086706161499023 0
    endloop
  endfacet
  facet normal 0 0 -1
    outer loop
      vertex 49.21752166748047 23.086706161499023 0
      vertex 48 23.5 0
      vertex 49 23.2320499420166 0
    endloop
  endfacet
  facet normal 0 0 -1
    outer loop
      vertex 49 23.2320499420166 0
      vertex 48 23.5 0
      vertex 48.76536560058594 23.347759246826172 0
    endloop
  endfacet
  facet normal 0 0 -1
    outer loop
      vertex 48.51763916015625 23.43185043334961 0
      vertex 48 23.5 0
      vertex 48.261051177978516 23.48288917541504 0
    endloop
  endfacet
  facet normal 0 0 -1
    outer loop
      vertex 32 -11 0
      vertex 47 3 0
      vertex 50 0 0
    endloop
  endfacet
  facet normal 0 0 -1
    outer loop
      vertex 26.5 -9 0
      vertex 32 -11 0
      vertex 27.83333396911621 -11 0
    endloop
  endfacet
  facet normal 0 0 -1
    outer loop
      vertex 32 -11 0
      vertex 26.5 -9 0
      vertex 26.5 -6.5 0
    endloop
  endfacet
  facet normal 0 0 -1
    outer loop
      vertex 26.44888687133789 -6.1117706298828125 0
      vertex 32 -11 0
      vertex 26.5 -6.5 0
    endloop
  endfacet
  facet normal 0 0 -1
    outer loop
      vertex 26.29903793334961 -5.75 0
      vertex 32 -11 0
      vertex 26.44888687133789 -6.1117706298828125 0
    endloop
  endfacet
  facet normal 0 0 -1
    outer loop
      vertex 32 -11 0
      vertex 26.29903793334961 -5.75 0
      vertex 47 3 0
    endloop
  endfacet
  facet normal 0 0 -1
    outer loop
      vertex 26.060659408569336 -5.439339637756348 0
      vertex 47 3 0
      vertex 26.29903793334961 -5.75 0
    endloop
  endfacet
  facet normal 0 0 -1
    outer loop
      vertex 25.75 -5.200961112976074 0
      vertex 47 3 0
      vertex 26.060659408569336 -5.439339637756348 0
    endloop
  endfacet
  facet normal 0 0 -1
    outer loop
      vertex 25.388229370117188 -5.051111221313477 0
      vertex 47 3 0
      vertex 25.75 -5.200961112976074 0
    endloop
  endfacet
  facet normal 0 0 -1
    outer loop
      vertex 25 -5 0
      vertex 47 3 0
      vertex 25.388229370117188 -5.051111221313477 0
    endloop
  endfacet
  facet normal 0 0 -1
    outer loop
      vertex 3 3 0
      vertex 25 -5 0
      vertex 24.611770629882812 -5.051111221313477 0
    endloop
  endfacet
  facet normal 0 0 -1
    outer loop
      vertex 23.5 -9 0
      vertex 18 -11 0
      vertex 23.5 -6.5 0
    endloop
  endfacet
  facet normal 0 0 -1
    outer loop
      vertex 23.5 -6.5 0
      vertex 18 -11 0
      vertex 23.551111221313477 -6.1117706298828125 0
    endloop
  endfacet
  facet normal 0 0 -1
    outer loop
      vertex 18 -11 0
      vertex 23.70096206665039 -5.75 0
      vertex 23.551111221313477 -6.1117706298828125 0
    endloop
  endfacet
  facet normal 0 0 -1
    outer loop
      vertex 3 3 0
      vertex 23.70096206665039 -5.75 0
      vertex 18 -11 0
    endloop
  endfacet
  facet normal 0 0 -1
    outer loop
      vertex 25 -5 0
      vertex 3 3 0
      vertex 47 3 0
    endloop
  endfacet
  facet normal 0 0 -1
    outer loop
      vertex 24.25 -5.200961112976074 0
      vertex 3 3 0
      vertex 24.611770629882812 -5.051111221313477 0
    endloop
  endfacet
  facet normal 0 0 -1
    outer loop
      vertex 23.93933868408203 -5.439339637756348 0
      vertex 3 3 0
      vertex 24.25 -5.200961112976074 0
    endloop
  endfacet
  facet normal 0 0 -1
    outer loop
      vertex 23.70096206665039 -5.75 0
      vertex 3 3 0
      vertex 23.93933868408203 -5.439339637756348 0
    endloop
  endfacet
  facet normal 0 0 -1
    outer loop
      vertex 0 21.5 0
      vertex 3 23.5 0
      vertex 3 3 0
    endloop
  endfacet
  facet normal 0 0 -1
    outer loop
      vertex 3 23.5 0
      vertex 0 21.5 0
      vertex 2 23.5 0
    endloop
  endfacet
  facet normal 0 0 -1
    outer loop
      vertex 2 23.5 0
      vertex 0 21.5 0
      vertex 1.7389469146728516 23.48288917541504 0
    endloop
  endfacet
  facet normal 0 0 -1
    outer loop
      vertex 1.7389469146728516 23.48288917541504 0
      vertex 0 21.5 0
      vertex 1.4823617935180664 23.43185043334961 0
    endloop
  endfacet
  facet normal 0 0 -1
    outer loop
      vertex 1.4823617935180664 23.43185043334961 0
      vertex 0 21.5 0
      vertex 1.2346324920654297 23.347759246826172 0
    endloop
  endfacet
  facet normal 0 0 -1
    outer loop
      vertex 1.2346324920654297 23.347759246826172 0
      vertex 0 21.5 0
      vertex 1 23.2320499420166 0
    endloop
  endfacet
  facet normal 0 0 -1
    outer loop
      vertex 1 23.2320499420166 0
      vertex 0 21.5 0
      vertex 0.7824764251708984 23.086706161499023 0
    endloop
  endfacet
  facet normal 0 0 -1
    outer loop
      vertex 0.7824764251708984 23.086706161499023 0
      vertex 0 21.5 0
      vertex 0.5857858657836914 22.914213180541992 0
    endloop
  endfacet
  facet normal 0 0 -1
    outer loop
      vertex 0.5857858657836914 22.914213180541992 0
      vertex 0 21.5 0
      vertex 0.41329288482666016 22.71752166748047 0
    endloop
  endfacet
  facet normal 0 0 -1
    outer loop
      vertex 0.41329288482666016 22.71752166748047 0
      vertex 0 21.5 0
      vertex 0.26794910430908203 22.5 0
    endloop
  endfacet
  facet normal 0 0 -1
    outer loop
      vertex 0.26794910430908203 22.5 0
      vertex 0 21.5 0
      vertex 0.15224075317382812 22.265365600585938 0
    endloop
  endfacet
  facet normal 0 0 -1
    outer loop
      vertex 0.15224075317382812 22.265365600585938 0
      vertex 0 21.5 0
      vertex 0.06814765930175781 22.017637252807617 0
    endloop
  endfacet
  facet normal 0 0 -1
    outer loop
      vertex 0 0 0
      vertex 3 3 0
      vertex 18 -11 0
    endloop
  endfacet
  facet normal 0 0 -1
    outer loop
      vertex 0 21.5 0
      vertex 3 3 0
      vertex 0 0 0
    endloop
  endfacet
  facet normal 0 0 -1
    outer loop
      vertex 0.06814765930175781 22.017637252807617 0
      vertex 0 21.5 0
      vertex 0.01710987091064453 21.761051177978516 0
    endloop
  endfacet
  facet normal 0 0 -1
    outer loop
      vertex 48.76536560058594 23.347759246826172 0
      vertex 48 23.5 0
      vertex 48.51763916015625 23.43185043334961 0
    endloop
  endfacet
  facet normal -0.1950932201373904 0.980784703926618 0
    outer loop
      vertex 1.7389469146728516 23.48288917541504 0
      vertex 1.4823617935180664 23.43185043334961 118.5
      vertex 1.7389469146728516 23.48288917541504 118.5
    endloop
  endfacet
  facet normal -0.1950932201373904 0.980784703926618 0
    outer loop
      vertex 1.4823617935180664 23.43185043334961 118.5
      vertex 1.7389469146728516 23.48288917541504 0
      vertex 1.4823617935180664 23.43185043334961 0
    endloop
  endfacet
  facet normal -0.9807855401855947 0.1950890159974446 0
    outer loop
      vertex 0.01710987091064453 21.761051177978516 0
      vertex 0.06814765930175781 22.017637252807617 31.68000030517578
      vertex 0.06814765930175781 22.017637252807617 0
    endloop
  endfacet
  facet normal -0.9807855401855947 0.1950890159974446 0
    outer loop
      vertex 0.06814765930175781 22.017637252807617 31.68000030517578
      vertex 0.01710987091064453 21.761051177978516 0
      vertex 0.01710987091064453 21.761051177978516 31.68000030517578
    endloop
  endfacet
  facet normal -0.9807855401855948 0.19508901599744463 0
    outer loop
      vertex 0.01710987091064453 21.761051177978516 84.44999694824219
      vertex 0.06814765930175781 22.017637252807617 118.5
      vertex 0.06814765930175781 22.017637252807617 84.44999694824219
    endloop
  endfacet
  facet normal -0.9807855401855948 0.19508901599744463 0
    outer loop
      vertex 0.06814765930175781 22.017637252807617 118.5
      vertex 0.01710987091064453 21.761051177978516 84.44999694824219
      vertex 0.01710987091064453 21.761051177978516 118.5
    endloop
  endfacet
  facet normal -0.9807855401855947 0.19508901599744463 0
    outer loop
      vertex 0.01710987091064453 21.761051177978516 34.68000030517578
      vertex 0.06814765930175781 22.017637252807617 81.44999694824219
      vertex 0.06814765930175781 22.017637252807617 34.68000030517578
    endloop
  endfacet
  facet normal -0.9807855401855947 0.19508901599744463 0
    outer loop
      vertex 0.06814765930175781 22.017637252807617 81.44999694824219
      vertex 0.01710987091064453 21.761051177978516 34.68000030517578
      vertex 0.01710987091064453 21.761051177978516 81.44999694824219
    endloop
  endfacet
  facet normal -0.9978590048795508 0.06540188361807908 0
    outer loop
      vertex 0 21.5 0
      vertex 0.01710987091064453 21.761051177978516 31.68000030517578
      vertex 0.01710987091064453 21.761051177978516 0
    endloop
  endfacet
  facet normal -0.9978590048795508 0.06540188361807908 0
    outer loop
      vertex 0.01710987091064453 21.761051177978516 31.68000030517578
      vertex 0 21.5 0
      vertex 0 21.5 31.68000030517578
    endloop
  endfacet
  facet normal -0.9978590048795509 0.06540188361807908 0
    outer loop
      vertex 0 21.5 84.44999694824219
      vertex 0.01710987091064453 21.761051177978516 118.5
      vertex 0.01710987091064453 21.761051177978516 84.44999694824219
    endloop
  endfacet
  facet normal -0.9978590048795509 0.06540188361807908 0
    outer loop
      vertex 0.01710987091064453 21.761051177978516 118.5
      vertex 0 21.5 84.44999694824219
      vertex 0 21.5 118.5
    endloop
  endfacet
  facet normal -0.9978590048795507 0.06540188361807907 0
    outer loop
      vertex 0 21.5 34.68000030517578
      vertex 0.01710987091064453 21.761051177978516 81.44999694824219
      vertex 0.01710987091064453 21.761051177978516 34.68000030517578
    endloop
  endfacet
  facet normal -0.9978590048795507 0.06540188361807907 0
    outer loop
      vertex 0.01710987091064453 21.761051177978516 81.44999694824219
      vertex 0 21.5 34.68000030517578
      vertex 0 21.5 81.44999694824219
    endloop
  endfacet
  facet normal 0 0 1
    outer loop
      vertex 48 23.5 118.5
      vertex 26.98288917541504 13.511052131652832 118.5
      vertex 27 13.25 118.5
    endloop
  endfacet
  facet normal 0 0 1
    outer loop
      vertex 48 23.5 118.5
      vertex 26.93185043334961 13.767637252807617 118.5
      vertex 26.98288917541504 13.511052131652832 118.5
    endloop
  endfacet
  facet normal 0 0 1
    outer loop
      vertex 48 23.5 118.5
      vertex 26.847759246826172 14.015366554260254 118.5
      vertex 26.93185043334961 13.767637252807617 118.5
    endloop
  endfacet
  facet normal 0 0 1
    outer loop
      vertex 48 23.5 118.5
      vertex 26.7320499420166 14.25 118.5
      vertex 26.847759246826172 14.015366554260254 118.5
    endloop
  endfacet
  facet normal 0 0 1
    outer loop
      vertex 48 23.5 118.5
      vertex 26.586706161499023 14.467522621154785 118.5
      vertex 26.7320499420166 14.25 118.5
    endloop
  endfacet
  facet normal 0 0 1
    outer loop
      vertex 48 23.5 118.5
      vertex 26.414213180541992 14.664213180541992 118.5
      vertex 26.586706161499023 14.467522621154785 118.5
    endloop
  endfacet
  facet normal 0 0 1
    outer loop
      vertex 48 23.5 118.5
      vertex 26.21752166748047 14.836706161499023 118.5
      vertex 26.414213180541992 14.664213180541992 118.5
    endloop
  endfacet
  facet normal 0 0 1
    outer loop
      vertex 48 23.5 118.5
      vertex 26 14.982049942016602 118.5
      vertex 26.21752166748047 14.836706161499023 118.5
    endloop
  endfacet
  facet normal 0 0 1
    outer loop
      vertex 48 23.5 118.5
      vertex 25.765365600585938 15.097758293151855 118.5
      vertex 26 14.982049942016602 118.5
    endloop
  endfacet
  facet normal 0 0 1
    outer loop
      vertex 48 23.5 118.5
      vertex 25.517637252807617 15.181851387023926 118.5
      vertex 25.765365600585938 15.097758293151855 118.5
    endloop
  endfacet
  facet normal 0 0 1
    outer loop
      vertex 48 23.5 118.5
      vertex 25.261051177978516 15.232889175415039 118.5
      vertex 25.517637252807617 15.181851387023926 118.5
    endloop
  endfacet
  facet normal 0 0 1
    outer loop
      vertex 48 23.5 118.5
      vertex 25 15.25 118.5
      vertex 25.261051177978516 15.232889175415039 118.5
    endloop
  endfacet
  facet normal 0 0 1
    outer loop
      vertex 2 23.5 118.5
      vertex 25 15.25 118.5
      vertex 48 23.5 118.5
    endloop
  endfacet
  facet normal 0 0 1
    outer loop
      vertex 25 15.25 118.5
      vertex 2 23.5 118.5
      vertex 24.73894691467285 15.232889175415039 118.5
    endloop
  endfacet
  facet normal 0 0 1
    outer loop
      vertex 24.73894691467285 15.232889175415039 118.5
      vertex 2 23.5 118.5
      vertex 24.48236083984375 15.181851387023926 118.5
    endloop
  endfacet
  facet normal 0 0 1
    outer loop
      vertex 23.017108917236328 13.511052131652832 118.5
      vertex 2 23.5 118.5
      vertex 23 13.25 118.5
    endloop
  endfacet
  facet normal 0 0 1
    outer loop
      vertex 23.068147659301758 13.767637252807617 118.5
      vertex 2 23.5 118.5
      vertex 23.017108917236328 13.511052131652832 118.5
    endloop
  endfacet
  facet normal 0 0 1
    outer loop
      vertex 23.152240753173828 14.015366554260254 118.5
      vertex 2 23.5 118.5
      vertex 23.068147659301758 13.767637252807617 118.5
    endloop
  endfacet
  facet normal 0 0 1
    outer loop
      vertex 23.267948150634766 14.25 118.5
      vertex 2 23.5 118.5
      vertex 23.152240753173828 14.015366554260254 118.5
    endloop
  endfacet
  facet normal 0 0 1
    outer loop
      vertex 23.413291931152344 14.467522621154785 118.5
      vertex 2 23.5 118.5
      vertex 23.267948150634766 14.25 118.5
    endloop
  endfacet
  facet normal 0 0 1
    outer loop
      vertex 23.585784912109375 14.664213180541992 118.5
      vertex 2 23.5 118.5
      vertex 23.413291931152344 14.467522621154785 118.5
    endloop
  endfacet
  facet normal 0 0 1
    outer loop
      vertex 23.7824764251709 14.836706161499023 118.5
      vertex 2 23.5 118.5
      vertex 23.585784912109375 14.664213180541992 118.5
    endloop
  endfacet
  facet normal 0 0 1
    outer loop
      vertex 24 14.982049942016602 118.5
      vertex 2 23.5 118.5
      vertex 23.7824764251709 14.836706161499023 118.5
    endloop
  endfacet
  facet normal 0 0 1
    outer loop
      vertex 24.23463249206543 15.097758293151855 118.5
      vertex 2 23.5 118.5
      vertex 24 14.982049942016602 118.5
    endloop
  endfacet
  facet normal 0 0 1
    outer loop
      vertex 24.48236083984375 15.181851387023926 118.5
      vertex 2 23.5 118.5
      vertex 24.23463249206543 15.097758293151855 118.5
    endloop
  endfacet
  facet normal 0 0 1
    outer loop
      vertex 48 23.5 118.5
      vertex 50 21.5 118.5
      vertex 49.982887268066406 21.761051177978516 118.5
    endloop
  endfacet
  facet normal 0 0 1
    outer loop
      vertex 48 23.5 118.5
      vertex 49.982887268066406 21.761051177978516 118.5
      vertex 49.93185043334961 22.017637252807617 118.5
    endloop
  endfacet
  facet normal 0 0 1
    outer loop
      vertex 48 23.5 118.5
      vertex 49.93185043334961 22.017637252807617 118.5
      vertex 49.84775924682617 22.265365600585938 118.5
    endloop
  endfacet
  facet normal 0 0 1
    outer loop
      vertex 48 23.5 118.5
      vertex 49.84775924682617 22.265365600585938 118.5
      vertex 49.73204803466797 22.5 118.5
    endloop
  endfacet
  facet normal 0 0 1
    outer loop
      vertex 48 23.5 118.5
      vertex 49.73204803466797 22.5 118.5
      vertex 49.586708068847656 22.71752166748047 118.5
    endloop
  endfacet
  facet normal 0 0 1
    outer loop
      vertex 48 23.5 118.5
      vertex 49.586708068847656 22.71752166748047 118.5
      vertex 49.414215087890625 22.914213180541992 118.5
    endloop
  endfacet
  facet normal 0 0 1
    outer loop
      vertex 48 23.5 118.5
      vertex 49.414215087890625 22.914213180541992 118.5
      vertex 49.21752166748047 23.086706161499023 118.5
    endloop
  endfacet
  facet normal 0 0 1
    outer loop
      vertex 48 23.5 118.5
      vertex 49.21752166748047 23.086706161499023 118.5
      vertex 49 23.2320499420166 118.5
    endloop
  endfacet
  facet normal 0 0 1
    outer loop
      vertex 48 23.5 118.5
      vertex 49 23.2320499420166 118.5
      vertex 48.76536560058594 23.347759246826172 118.5
    endloop
  endfacet
  facet normal 0 0 1
    outer loop
      vertex 48 23.5 118.5
      vertex 48.76536560058594 23.347759246826172 118.5
      vertex 48.51763916015625 23.43185043334961 118.5
    endloop
  endfacet
  facet normal 0 0 1
    outer loop
      vertex 48 23.5 118.5
      vertex 48.51763916015625 23.43185043334961 118.5
      vertex 48.261051177978516 23.48288917541504 118.5
    endloop
  endfacet
  facet normal 0 0 1
    outer loop
      vertex 50 21.5 118.5
      vertex 48 23.5 118.5
      vertex 27 13.25 118.5
    endloop
  endfacet
  facet normal 0 0 1
    outer loop
      vertex 50 21.5 118.5
      vertex 27 13.25 118.5
      vertex 26.98288917541504 12.988946914672852 118.5
    endloop
  endfacet
  facet normal 0 0 1
    outer loop
      vertex 50 21.5 118.5
      vertex 26.98288917541504 12.988946914672852 118.5
      vertex 50 2 118.5
    endloop
  endfacet
  facet normal 0 0 1
    outer loop
      vertex 26.93185043334961 12.732361793518066 118.5
      vertex 50 2 118.5
      vertex 26.98288917541504 12.988946914672852 118.5
    endloop
  endfacet
  facet normal 0 0 1
    outer loop
      vertex 26.847759246826172 12.48463249206543 118.5
      vertex 50 2 118.5
      vertex 26.93185043334961 12.732361793518066 118.5
    endloop
  endfacet
  facet normal 0 0 1
    outer loop
      vertex 26.7320499420166 12.25 118.5
      vertex 50 2 118.5
      vertex 26.847759246826172 12.48463249206543 118.5
    endloop
  endfacet
  facet normal 0 0 1
    outer loop
      vertex 26.586706161499023 12.032476425170898 118.5
      vertex 50 2 118.5
      vertex 26.7320499420166 12.25 118.5
    endloop
  endfacet
  facet normal 0 0 1
    outer loop
      vertex 26.414213180541992 11.835785865783691 118.5
      vertex 50 2 118.5
      vertex 26.586706161499023 12.032476425170898 118.5
    endloop
  endfacet
  facet normal 0 0 1
    outer loop
      vertex 26.21752166748047 11.66329288482666 118.5
      vertex 50 2 118.5
      vertex 26.414213180541992 11.835785865783691 118.5
    endloop
  endfacet
  facet normal 0 0 1
    outer loop
      vertex 26 11.517949104309082 118.5
      vertex 50 2 118.5
      vertex 26.21752166748047 11.66329288482666 118.5
    endloop
  endfacet
  facet normal 0 0 1
    outer loop
      vertex 25.765365600585938 11.402240753173828 118.5
      vertex 50 2 118.5
      vertex 26 11.517949104309082 118.5
    endloop
  endfacet
  facet normal 0 0 1
    outer loop
      vertex 25.517637252807617 11.318147659301758 118.5
      vertex 50 2 118.5
      vertex 25.765365600585938 11.402240753173828 118.5
    endloop
  endfacet
  facet normal 0 0 1
    outer loop
      vertex 25.261051177978516 11.267109870910645 118.5
      vertex 50 2 118.5
      vertex 25.517637252807617 11.318147659301758 118.5
    endloop
  endfacet
  facet normal 0 0 1
    outer loop
      vertex 25 11.25 118.5
      vertex 50 2 118.5
      vertex 25.261051177978516 11.267109870910645 118.5
    endloop
  endfacet
  facet normal 0 0 1
    outer loop
      vertex 0 2 118.5
      vertex 25 11.25 118.5
      vertex 24.73894691467285 11.267109870910645 118.5
    endloop
  endfacet
  facet normal 0 0 1
    outer loop
      vertex 0 2 118.5
      vertex 24.73894691467285 11.267109870910645 118.5
      vertex 24.48236083984375 11.318147659301758 118.5
    endloop
  endfacet
  facet normal 0 0 1
    outer loop
      vertex 0 2 118.5
      vertex 24.48236083984375 11.318147659301758 118.5
      vertex 24.23463249206543 11.402240753173828 118.5
    endloop
  endfacet
  facet normal 0 0 1
    outer loop
      vertex 0 21.5 118.5
      vertex 23 13.25 118.5
      vertex 2 23.5 118.5
    endloop
  endfacet
  facet normal 0 0 1
    outer loop
      vertex 23 13.25 118.5
      vertex 0 21.5 118.5
      vertex 23.017108917236328 12.988946914672852 118.5
    endloop
  endfacet
  facet normal 0 0 1
    outer loop
      vertex 0 2 118.5
      vertex 23.017108917236328 12.988946914672852 118.5
      vertex 0 21.5 118.5
    endloop
  endfacet
  facet normal 0 0 1
    outer loop
      vertex 23.017108917236328 12.988946914672852 118.5
      vertex 0 2 118.5
      vertex 23.068147659301758 12.732361793518066 118.5
    endloop
  endfacet
  facet normal 0 0 1
    outer loop
      vertex 23.068147659301758 12.732361793518066 118.5
      vertex 0 2 118.5
      vertex 23.152240753173828 12.48463249206543 118.5
    endloop
  endfacet
  facet normal 0 0 1
    outer loop
      vertex 23.152240753173828 12.48463249206543 118.5
      vertex 0 2 118.5
      vertex 23.267948150634766 12.25 118.5
    endloop
  endfacet
  facet normal 0 0 1
    outer loop
      vertex 23.267948150634766 12.25 118.5
      vertex 0 2 118.5
      vertex 23.413291931152344 12.032476425170898 118.5
    endloop
  endfacet
  facet normal 0 0 1
    outer loop
      vertex 23.413291931152344 12.032476425170898 118.5
      vertex 0 2 118.5
      vertex 23.585784912109375 11.835785865783691 118.5
    endloop
  endfacet
  facet normal 0 0 1
    outer loop
      vertex 0 21.5 118.5
      vertex 2 23.5 118.5
      vertex 1.7389469146728516 23.48288917541504 118.5
    endloop
  endfacet
  facet normal 0 0 1
    outer loop
      vertex 0 21.5 118.5
      vertex 1.7389469146728516 23.48288917541504 118.5
      vertex 1.4823617935180664 23.43185043334961 118.5
    endloop
  endfacet
  facet normal 0 0 1
    outer loop
      vertex 0 21.5 118.5
      vertex 1.4823617935180664 23.43185043334961 118.5
      vertex 1.2346324920654297 23.347759246826172 118.5
    endloop
  endfacet
  facet normal 0 0 1
    outer loop
      vertex 0 21.5 118.5
      vertex 1.2346324920654297 23.347759246826172 118.5
      vertex 1 23.2320499420166 118.5
    endloop
  endfacet
  facet normal 0 0 1
    outer loop
      vertex 0 21.5 118.5
      vertex 1 23.2320499420166 118.5
      vertex 0.7824764251708984 23.086706161499023 118.5
    endloop
  endfacet
  facet normal 0 0 1
    outer loop
      vertex 0 21.5 118.5
      vertex 0.7824764251708984 23.086706161499023 118.5
      vertex 0.5857858657836914 22.914213180541992 118.5
    endloop
  endfacet
  facet normal 0 0 1
    outer loop
      vertex 23.585784912109375 11.835785865783691 118.5
      vertex 0 2 118.5
      vertex 23.7824764251709 11.66329288482666 118.5
    endloop
  endfacet
  facet normal 0 0 1
    outer loop
      vertex 0 21.5 118.5
      vertex 0.5857858657836914 22.914213180541992 118.5
      vertex 0.41329288482666016 22.71752166748047 118.5
    endloop
  endfacet
  facet normal 0 0 1
    outer loop
      vertex 0 21.5 118.5
      vertex 0.41329288482666016 22.71752166748047 118.5
      vertex 0.26794910430908203 22.5 118.5
    endloop
  endfacet
  facet normal 0 0 1
    outer loop
      vertex 0 21.5 118.5
      vertex 0.26794910430908203 22.5 118.5
      vertex 0.15224075317382812 22.265365600585938 118.5
    endloop
  endfacet
  facet normal 0 0 1
    outer loop
      vertex 0 21.5 118.5
      vertex 0.15224075317382812 22.265365600585938 118.5
      vertex 0.06814765930175781 22.017637252807617 118.5
    endloop
  endfacet
  facet normal 0 0 1
    outer loop
      vertex 0 21.5 118.5
      vertex 0.06814765930175781 22.017637252807617 118.5
      vertex 0.01710987091064453 21.761051177978516 118.5
    endloop
  endfacet
  facet normal 0 0 1
    outer loop
      vertex 23.7824764251709 11.66329288482666 118.5
      vertex 0 2 118.5
      vertex 24 11.517949104309082 118.5
    endloop
  endfacet
  facet normal 0 0 1
    outer loop
      vertex 25 11.25 118.5
      vertex 0 2 118.5
      vertex 50 2 118.5
    endloop
  endfacet
  facet normal 0 0 1
    outer loop
      vertex 24 11.517949104309082 118.5
      vertex 0 2 118.5
      vertex 24.23463249206543 11.402240753173828 118.5
    endloop
  endfacet
  facet normal 0 -0.9978590672493916 0.06540093201303933
    outer loop
      vertex 0 0 116.5
      vertex 50 0.01710987091064453 116.76105499267578
      vertex 0 0.01710987091064453 116.76105499267578
    endloop
  endfacet
  facet normal 0 -0.9978590672493916 0.06540093201303933
    outer loop
      vertex 50 0.01710987091064453 116.76105499267578
      vertex 0 0 116.5
      vertex 50 0 116.5
    endloop
  endfacet
  facet normal 0 -0.6593457932372825 0.751839826652126
    outer loop
      vertex 0 0.7824764251708984 118.08670806884766
      vertex 50 0.5857858657836914 117.91421508789062
      vertex 50 0.7824764251708984 118.08670806884766
    endloop
  endfacet
  facet normal 0 -0.6593457932372825 0.751839826652126
    outer loop
      vertex 50 0.5857858657836914 117.91421508789062
      vertex 0 0.7824764251708984 118.08670806884766
      vertex 0 0.5857858657836914 117.91421508789062
    endloop
  endfacet
  facet normal 0 -0.5555579708067604 0.8314778055204329
    outer loop
      vertex 0 1 118.23204803466797
      vertex 50 0.7824764251708984 118.08670806884766
      vertex 50 1 118.23204803466797
    endloop
  endfacet
  facet normal 0 -0.5555579708067604 0.8314778055204329
    outer loop
      vertex 50 0.7824764251708984 118.08670806884766
      vertex 0 1 118.23204803466797
      vertex 0 0.7824764251708984 118.08670806884766
    endloop
  endfacet
  facet normal 0 -0.44231047906023124 0.8968619961362555
    outer loop
      vertex 0 1.2346324920654297 118.34776306152344
      vertex 50 1 118.23204803466797
      vertex 50 1.2346324920654297 118.34776306152344
    endloop
  endfacet
  facet normal 0 -0.44231047906023124 0.8968619961362555
    outer loop
      vertex 50 1 118.23204803466797
      vertex 0 1.2346324920654297 118.34776306152344
      vertex 0 1 118.23204803466797
    endloop
  endfacet
  facet normal 0 -0.1950721802359965 0.9807888888532409
    outer loop
      vertex 0 1.7389469146728516 118.4828872680664
      vertex 50 1.4823617935180664 118.43185424804688
      vertex 50 1.7389469146728516 118.4828872680664
    endloop
  endfacet
  facet normal 0 -0.1950721802359965 0.9807888888532409
    outer loop
      vertex 50 1.4823617935180664 118.43185424804688
      vertex 0 1.7389469146728516 118.4828872680664
      vertex 0 1.4823617935180664 118.43185424804688
    endloop
  endfacet
  facet normal 0 -0.7518445809268814 0.659340371986186
    outer loop
      vertex 0 0.41329288482666016 117.71752166748047
      vertex 50 0.5857858657836914 117.91421508789062
      vertex 0 0.5857858657836914 117.91421508789062
    endloop
  endfacet
  facet normal 0 -0.7518445809268814 0.659340371986186
    outer loop
      vertex 50 0.5857858657836914 117.91421508789062
      vertex 0 0.41329288482666016 117.71752166748047
      vertex 50 0.41329288482666016 117.71752166748047
    endloop
  endfacet
  facet normal 0 -0.8314688194409101 0.5555714196190613
    outer loop
      vertex 0 0.26794910430908203 117.5
      vertex 50 0.41329288482666016 117.71752166748047
      vertex 0 0.41329288482666016 117.71752166748047
    endloop
  endfacet
  facet normal 0 -0.8314688194409101 0.5555714196190613
    outer loop
      vertex 50 0.41329288482666016 117.71752166748047
      vertex 0 0.26794910430908203 117.5
      vertex 50 0.26794910430908203 117.5
    endloop
  endfacet
  facet normal 0 -0.8968735447372775 0.4422870614774873
    outer loop
      vertex 0 0.15224075317382812 117.26536560058594
      vertex 50 0.26794910430908203 117.5
      vertex 0 0.26794910430908203 117.5
    endloop
  endfacet
  facet normal 0 -0.8968735447372775 0.4422870614774873
    outer loop
      vertex 50 0.26794910430908203 117.5
      vertex 0 0.15224075317382812 117.26536560058594
      vertex 50 0.15224075317382812 117.26536560058594
    endloop
  endfacet
  facet normal 0 -0.06541229710371879 0.9978583223021267
    outer loop
      vertex 0 2 118.5
      vertex 50 1.7389469146728516 118.4828872680664
      vertex 50 2 118.5
    endloop
  endfacet
  facet normal 0 -0.06541229710371879 0.9978583223021267
    outer loop
      vertex 50 1.7389469146728516 118.4828872680664
      vertex 0 2 118.5
      vertex 0 1.7389469146728516 118.4828872680664
    endloop
  endfacet
  facet normal 0 -0.9469286185378721 0.32144391640526826
    outer loop
      vertex 0 0.06814765930175781 117.01763916015625
      vertex 50 0.15224075317382812 117.26536560058594
      vertex 0 0.15224075317382812 117.26536560058594
    endloop
  endfacet
  facet normal 0 -0.9469286185378721 0.32144391640526826
    outer loop
      vertex 50 0.15224075317382812 117.26536560058594
      vertex 0 0.06814765930175781 117.01763916015625
      vertex 50 0.06814765930175781 117.01763916015625
    endloop
  endfacet
  facet normal 0 -0.9807852626994211 0.19509041101916727
    outer loop
      vertex 0 0.01710987091064453 116.76105499267578
      vertex 50 0.06814765930175781 117.01763916015625
      vertex 0 0.06814765930175781 117.01763916015625
    endloop
  endfacet
  facet normal 0 -0.9807852626994211 0.19509041101916727
    outer loop
      vertex 50 0.06814765930175781 117.01763916015625
      vertex 0 0.01710987091064453 116.76105499267578
      vertex 50 0.01710987091064453 116.76105499267578
    endloop
  endfacet
  facet normal 0 -0.3214340501933723 0.9469319676599184
    outer loop
      vertex 0 1.4823617935180664 118.43185424804688
      vertex 50 1.2346324920654297 118.34776306152344
      vertex 50 1.4823617935180664 118.43185424804688
    endloop
  endfacet
  facet normal 0 -0.3214340501933723 0.9469319676599184
    outer loop
      vertex 50 1.2346324920654297 118.34776306152344
      vertex 0 1.4823617935180664 118.43185424804688
      vertex 0 1.2346324920654297 118.34776306152344
    endloop
  endfacet
  facet normal 0 0 1
    outer loop
      vertex 26.29903793334961 -5.75 4
      vertex 32 -11 4
      vertex 50 0 4
    endloop
  endfacet
  facet normal 0 0 1
    outer loop
      vertex 26.5 -9 4
      vertex 32 -11 4
      vertex 26.5 -6.5 4
    endloop
  endfacet
  facet normal 0 0 1
    outer loop
      vertex 32 -11 4
      vertex 26.44888687133789 -6.1117706298828125 4
      vertex 26.5 -6.5 4
    endloop
  endfacet
  facet normal 0 0 1
    outer loop
      vertex 32 -11 4
      vertex 26.29903793334961 -5.75 4
      vertex 26.44888687133789 -6.1117706298828125 4
    endloop
  endfacet
  facet normal 0 0 1
    outer loop
      vertex 50 0 4
      vertex 26.060659408569336 -5.439339637756348 4
      vertex 26.29903793334961 -5.75 4
    endloop
  endfacet
  facet normal 0 0 1
    outer loop
      vertex 50 0 4
      vertex 25.75 -5.200961112976074 4
      vertex 26.060659408569336 -5.439339637756348 4
    endloop
  endfacet
  facet normal 0 0 1
    outer loop
      vertex 50 0 4
      vertex 25.388229370117188 -5.051111221313477 4
      vertex 25.75 -5.200961112976074 4
    endloop
  endfacet
  facet normal 0 0 1
    outer loop
      vertex 50 0 4
      vertex 25 -5 4
      vertex 25.388229370117188 -5.051111221313477 4
    endloop
  endfacet
  facet normal 0 0 1
    outer loop
      vertex 0 0 4
      vertex 25 -5 4
      vertex 50 0 4
    endloop
  endfacet
  facet normal 0 0 1
    outer loop
      vertex 18 -11 4
      vertex 23.5 -9 4
      vertex 23.5 -6.5 4
    endloop
  endfacet
  facet normal 0 0 1
    outer loop
      vertex 18 -11 4
      vertex 23.5 -6.5 4
      vertex 23.551111221313477 -6.1117706298828125 4
    endloop
  endfacet
  facet normal 0 0 1
    outer loop
      vertex 23.5 -9 4
      vertex 18 -11 4
      vertex 22.16666603088379 -11 4
    endloop
  endfacet
  facet normal 0 0 1
    outer loop
      vertex 23.70096206665039 -5.75 4
      vertex 18 -11 4
      vertex 23.551111221313477 -6.1117706298828125 4
    endloop
  endfacet
  facet normal 0 0 1
    outer loop
      vertex 0 0 4
      vertex 23.70096206665039 -5.75 4
      vertex 23.93933868408203 -5.439339637756348 4
    endloop
  endfacet
  facet normal 0 0 1
    outer loop
      vertex 23.70096206665039 -5.75 4
      vertex 0 0 4
      vertex 18 -11 4
    endloop
  endfacet
  facet normal 0 0 1
    outer loop
      vertex 24.25 -5.200961112976074 4
      vertex 0 0 4
      vertex 23.93933868408203 -5.439339637756348 4
    endloop
  endfacet
  facet normal 0 0 1
    outer loop
      vertex 24.611770629882812 -5.051111221313477 4
      vertex 0 0 4
      vertex 24.25 -5.200961112976074 4
    endloop
  endfacet
  facet normal 0 0 1
    outer loop
      vertex 25 -5 4
      vertex 0 0 4
      vertex 24.611770629882812 -5.051111221313477 4
    endloop
  endfacet
  facet normal 0 0 1
    outer loop
      vertex 32 -11 4
      vertex 26.5 -9 4
      vertex 27.83333396911621 -11 4
    endloop
  endfacet
  facet normal 0 -1 0
    outer loop
      vertex 18 -11 0
      vertex 22.16666603088379 -11 4
      vertex 18 -11 4
    endloop
  endfacet
  facet normal 0 -1 0
    outer loop
      vertex 22.16666603088379 -11 4
      vertex 18 -11 0
      vertex 22.16666603088379 -11 0
    endloop
  endfacet
  facet normal 0 -1 0
    outer loop
      vertex 27.83333396911621 -11 0
      vertex 32 -11 4
      vertex 27.83333396911621 -11 4
    endloop
  endfacet
  facet normal 0 -1 0
    outer loop
      vertex 32 -11 4
      vertex 27.83333396911621 -11 0
      vertex 32 -11 0
    endloop
  endfacet
  facet normal -0.5214500094539749 -0.853281833651959 0
    outer loop
      vertex 0 0 0
      vertex 18 -11 4
      vertex 0 0 4
    endloop
  endfacet
  facet normal -0.5214500094539749 -0.853281833651959 0
    outer loop
      vertex 18 -11 4
      vertex 0 0 0
      vertex 18 -11 0
    endloop
  endfacet
  facet normal 0.5214500094539749 -0.853281833651959 0
    outer loop
      vertex 32 -11 0
      vertex 50 0 4
      vertex 32 -11 4
    endloop
  endfacet
  facet normal 0.5214500094539749 -0.853281833651959 0
    outer loop
      vertex 50 0 4
      vertex 32 -11 0
      vertex 50 0 0
    endloop
  endfacet
  facet normal -1 0 0
    outer loop
      vertex 26.5 -9 0
      vertex 26.5 -6.5 4
      vertex 26.5 -6.5 0
    endloop
  endfacet
  facet normal -1 0 0
    outer loop
      vertex 26.5 -6.5 4
      vertex 26.5 -9 0
      vertex 26.5 -9 4
    endloop
  endfacet
  facet normal -0.9914442789083516 -0.13053061640817715 0
    outer loop
      vertex 26.5 -6.5 0
      vertex 26.44888687133789 -6.1117706298828125 4
      vertex 26.44888687133789 -6.1117706298828125 0
    endloop
  endfacet
  facet normal -0.9914442789083516 -0.13053061640817715 0
    outer loop
      vertex 26.44888687133789 -6.1117706298828125 4
      vertex 26.5 -6.5 0
      vertex 26.5 -6.5 4
    endloop
  endfacet
  facet normal -0.9238807634942465 -0.3826804604958137 0
    outer loop
      vertex 26.44888687133789 -6.1117706298828125 0
      vertex 26.29903793334961 -5.75 4
      vertex 26.29903793334961 -5.75 0
    endloop
  endfacet
  facet normal -0.9238807634942465 -0.3826804604958137 0
    outer loop
      vertex 26.29903793334961 -5.75 4
      vertex 26.44888687133789 -6.1117706298828125 0
      vertex 26.44888687133789 -6.1117706298828125 4
    endloop
  endfacet
  facet normal -0.7933527917664623 -0.6087621438594553 0
    outer loop
      vertex 26.29903793334961 -5.75 0
      vertex 26.060659408569336 -5.439339637756348 4
      vertex 26.060659408569336 -5.439339637756348 0
    endloop
  endfacet
  facet normal -0.7933527917664623 -0.6087621438594553 0
    outer loop
      vertex 26.060659408569336 -5.439339637756348 4
      vertex 26.29903793334961 -5.75 0
      vertex 26.29903793334961 -5.75 4
    endloop
  endfacet
  facet normal -0.6087633200973881 -0.793351889204283 0
    outer loop
      vertex 25.75 -5.200961112976074 0
      vertex 26.060659408569336 -5.439339637756348 4
      vertex 25.75 -5.200961112976074 4
    endloop
  endfacet
  facet normal -0.6087633200973881 -0.793351889204283 0
    outer loop
      vertex 26.060659408569336 -5.439339637756348 4
      vertex 25.75 -5.200961112976074 0
      vertex 26.060659408569336 -5.439339637756348 0
    endloop
  endfacet
  facet normal -0.38268253930174495 -0.9238799024297306 0
    outer loop
      vertex 25.388229370117188 -5.051111221313477 0
      vertex 25.75 -5.200961112976074 4
      vertex 25.388229370117188 -5.051111221313477 4
    endloop
  endfacet
  facet normal -0.38268253930174495 -0.9238799024297306 0
    outer loop
      vertex 25.75 -5.200961112976074 4
      vertex 25.388229370117188 -5.051111221313477 0
      vertex 25.75 -5.200961112976074 0
    endloop
  endfacet
  facet normal -0.13052582848644545 -0.9914449092601803 0
    outer loop
      vertex 25 -5 0
      vertex 25.388229370117188 -5.051111221313477 4
      vertex 25 -5 4
    endloop
  endfacet
  facet normal -0.13052582848644545 -0.9914449092601803 0
    outer loop
      vertex 25.388229370117188 -5.051111221313477 4
      vertex 25 -5 0
      vertex 25.388229370117188 -5.051111221313477 0
    endloop
  endfacet
  facet normal 0.13052582848644545 -0.9914449092601803 0
    outer loop
      vertex 24.611770629882812 -5.051111221313477 0
      vertex 25 -5 4
      vertex 24.611770629882812 -5.051111221313477 4
    endloop
  endfacet
  facet normal 0.13052582848644545 -0.9914449092601803 0
    outer loop
      vertex 25 -5 4
      vertex 24.611770629882812 -5.051111221313477 0
      vertex 25 -5 0
    endloop
  endfacet
  facet normal 0.38268253930174495 -0.9238799024297306 0
    outer loop
      vertex 24.25 -5.200961112976074 0
      vertex 24.611770629882812 -5.051111221313477 4
      vertex 24.25 -5.200961112976074 4
    endloop
  endfacet
  facet normal 0.38268253930174495 -0.9238799024297306 0
    outer loop
      vertex 24.611770629882812 -5.051111221313477 4
      vertex 24.25 -5.200961112976074 0
      vertex 24.611770629882812 -5.051111221313477 0
    endloop
  endfacet
  facet normal 0.6087609676247296 -0.7933536943234101 0
    outer loop
      vertex 23.93933868408203 -5.439339637756348 0
      vertex 24.25 -5.200961112976074 4
      vertex 23.93933868408203 -5.439339637756348 4
    endloop
  endfacet
  facet normal 0.6087609676247296 -0.7933536943234101 0
    outer loop
      vertex 24.25 -5.200961112976074 4
      vertex 23.93933868408203 -5.439339637756348 0
      vertex 24.25 -5.200961112976074 0
    endloop
  endfacet
  facet normal 0.7933551442401728 -0.6087590780494815 0
    outer loop
      vertex 23.70096206665039 -5.75 4
      vertex 23.93933868408203 -5.439339637756348 0
      vertex 23.93933868408203 -5.439339637756348 4
    endloop
  endfacet
  facet normal 0.7933551442401728 -0.6087590780494815 0
    outer loop
      vertex 23.93933868408203 -5.439339637756348 0
      vertex 23.70096206665039 -5.75 4
      vertex 23.70096206665039 -5.75 0
    endloop
  endfacet
  facet normal 0.9238790413621422 -0.3826846181018637 0
    outer loop
      vertex 23.551111221313477 -6.1117706298828125 4
      vertex 23.70096206665039 -5.75 0
      vertex 23.70096206665039 -5.75 4
    endloop
  endfacet
  facet normal 0.9238790413621422 -0.3826846181018637 0
    outer loop
      vertex 23.70096206665039 -5.75 0
      vertex 23.551111221313477 -6.1117706298828125 4
      vertex 23.551111221313477 -6.1117706298828125 0
    endloop
  endfacet
  facet normal 0.9914449092601803 -0.13052582848644545 0
    outer loop
      vertex 23.5 -6.5 4
      vertex 23.551111221313477 -6.1117706298828125 0
      vertex 23.551111221313477 -6.1117706298828125 4
    endloop
  endfacet
  facet normal 0.9914449092601803 -0.13052582848644545 0
    outer loop
      vertex 23.551111221313477 -6.1117706298828125 0
      vertex 23.5 -6.5 4
      vertex 23.5 -6.5 0
    endloop
  endfacet
  facet normal 1 0 0
    outer loop
      vertex 23.5 -9 4
      vertex 23.5 -6.5 0
      vertex 23.5 -6.5 4
    endloop
  endfacet
  facet normal 1 0 0
    outer loop
      vertex 23.5 -6.5 0
      vertex 23.5 -9 4
      vertex 23.5 -9 0
    endloop
  endfacet
  facet normal 0.8320501722601498 -0.5547003793417262 0
    outer loop
      vertex 22.16666603088379 -11 4
      vertex 23.5 -9 0
      vertex 23.5 -9 4
    endloop
  endfacet
  facet normal 0.8320501722601498 -0.5547003793417262 0
    outer loop
      vertex 23.5 -9 0
      vertex 22.16666603088379 -11 4
      vertex 22.16666603088379 -11 0
    endloop
  endfacet
  facet normal -0.8320501722601498 -0.5547003793417262 0
    outer loop
      vertex 27.83333396911621 -11 0
      vertex 26.5 -9 4
      vertex 26.5 -9 0
    endloop
  endfacet
  facet normal -0.8320501722601498 -0.5547003793417262 0
    outer loop
      vertex 26.5 -9 4
      vertex 27.83333396911621 -11 0
      vertex 27.83333396911621 -11 4
    endloop
  endfacet
  facet normal 0 0 1
    outer loop
      vertex 0 21.5 81.44999694824219
      vertex 1 23.2320499420166 81.44999694824219
      vertex 0.7824764251708984 23.086706161499023 81.44999694824219
    endloop
  endfacet
  facet normal 0 0 1
    outer loop
      vertex 49 23.2320499420166 81.44999694824219
      vertex 50 21.5 81.44999694824219
      vertex 49.982887268066406 21.761051177978516 81.44999694824219
    endloop
  endfacet
  facet normal 0 0 1
    outer loop
      vertex 49 23.2320499420166 81.44999694824219
      vertex 49.982887268066406 21.761051177978516 81.44999694824219
      vertex 49.93185043334961 22.017637252807617 81.44999694824219
    endloop
  endfacet
  facet normal 0 0 1
    outer loop
      vertex 49 23.2320499420166 81.44999694824219
      vertex 49.93185043334961 22.017637252807617 81.44999694824219
      vertex 49.84775924682617 22.265365600585938 81.44999694824219
    endloop
  endfacet
  facet normal 0 0 1
    outer loop
      vertex 49 23.2320499420166 81.44999694824219
      vertex 49.84775924682617 22.265365600585938 81.44999694824219
      vertex 49.73204803466797 22.5 81.44999694824219
    endloop
  endfacet
  facet normal 0 0 1
    outer loop
      vertex 49 23.2320499420166 81.44999694824219
      vertex 49.73204803466797 22.5 81.44999694824219
      vertex 49.586708068847656 22.71752166748047 81.44999694824219
    endloop
  endfacet
  facet normal 0 0 1
    outer loop
      vertex 49 23.2320499420166 81.44999694824219
      vertex 49.586708068847656 22.71752166748047 81.44999694824219
      vertex 49.414215087890625 22.914213180541992 81.44999694824219
    endloop
  endfacet
  facet normal 0 0 1
    outer loop
      vertex 49 23.2320499420166 81.44999694824219
      vertex 49.414215087890625 22.914213180541992 81.44999694824219
      vertex 49.21752166748047 23.086706161499023 81.44999694824219
    endloop
  endfacet
  facet normal 0 0 1
    outer loop
      vertex 50 21.5 81.44999694824219
      vertex 49 23.2320499420166 81.44999694824219
      vertex 49 1 81.44999694824219
    endloop
  endfacet
  facet normal 0 0 1
    outer loop
      vertex 50 21.5 81.44999694824219
      vertex 49 1 81.44999694824219
      vertex 50 0 81.44999694824219
    endloop
  endfacet
  facet normal 0 0 1
    outer loop
      vertex 1 1 81.44999694824219
      vertex 50 0 81.44999694824219
      vertex 49 1 81.44999694824219
    endloop
  endfacet
  facet normal 0 0 1
    outer loop
      vertex 0 21.5 81.44999694824219
      vertex 0.7824764251708984 23.086706161499023 81.44999694824219
      vertex 0.5857858657836914 22.914213180541992 81.44999694824219
    endloop
  endfacet
  facet normal 0 0 1
    outer loop
      vertex 0 21.5 81.44999694824219
      vertex 0.5857858657836914 22.914213180541992 81.44999694824219
      vertex 0.41329288482666016 22.71752166748047 81.44999694824219
    endloop
  endfacet
  facet normal 0 0 1
    outer loop
      vertex 0 21.5 81.44999694824219
      vertex 0.41329288482666016 22.71752166748047 81.44999694824219
      vertex 0.26794910430908203 22.5 81.44999694824219
    endloop
  endfacet
  facet normal 0 0 1
    outer loop
      vertex 0 21.5 81.44999694824219
      vertex 0.26794910430908203 22.5 81.44999694824219
      vertex 0.15224075317382812 22.265365600585938 81.44999694824219
    endloop
  endfacet
  facet normal 0 0 1
    outer loop
      vertex 0 21.5 81.44999694824219
      vertex 0.15224075317382812 22.265365600585938 81.44999694824219
      vertex 0.06814765930175781 22.017637252807617 81.44999694824219
    endloop
  endfacet
  facet normal 0 0 1
    outer loop
      vertex 0 21.5 81.44999694824219
      vertex 0.06814765930175781 22.017637252807617 81.44999694824219
      vertex 0.01710987091064453 21.761051177978516 81.44999694824219
    endloop
  endfacet
  facet normal 0 0 1
    outer loop
      vertex 1 23.2320499420166 81.44999694824219
      vertex 0 21.5 81.44999694824219
      vertex 1 1 81.44999694824219
    endloop
  endfacet
  facet normal 0 0 1
    outer loop
      vertex 1 1 81.44999694824219
      vertex 0 0 81.44999694824219
      vertex 50 0 81.44999694824219
    endloop
  endfacet
  facet normal 0 0 1
    outer loop
      vertex 0 0 81.44999694824219
      vertex 1 1 81.44999694824219
      vertex 0 21.5 81.44999694824219
    endloop
  endfacet
  facet normal 0 0 -1
    outer loop
      vertex 49 1 84.44999694824219
      vertex 50 21.5 84.44999694824219
      vertex 50 0 84.44999694824219
    endloop
  endfacet
  facet normal 0 0 -1
    outer loop
      vertex 49 23.2320499420166 84.44999694824219
      vertex 50 21.5 84.44999694824219
      vertex 49 1 84.44999694824219
    endloop
  endfacet
  facet normal 0 0 -1
    outer loop
      vertex 50 21.5 84.44999694824219
      vertex 49 23.2320499420166 84.44999694824219
      vertex 49.982887268066406 21.761051177978516 84.44999694824219
    endloop
  endfacet
  facet normal 0 0 -1
    outer loop
      vertex 49.982887268066406 21.761051177978516 84.44999694824219
      vertex 49 23.2320499420166 84.44999694824219
      vertex 49.93185043334961 22.017637252807617 84.44999694824219
    endloop
  endfacet
  facet normal 0 0 -1
    outer loop
      vertex 49.93185043334961 22.017637252807617 84.44999694824219
      vertex 49 23.2320499420166 84.44999694824219
      vertex 49.84775924682617 22.265365600585938 84.44999694824219
    endloop
  endfacet
  facet normal 0 0 -1
    outer loop
      vertex 49.84775924682617 22.265365600585938 84.44999694824219
      vertex 49 23.2320499420166 84.44999694824219
      vertex 49.73204803466797 22.5 84.44999694824219
    endloop
  endfacet
  facet normal 0 0 -1
    outer loop
      vertex 49.73204803466797 22.5 84.44999694824219
      vertex 49 23.2320499420166 84.44999694824219
      vertex 49.586708068847656 22.71752166748047 84.44999694824219
    endloop
  endfacet
  facet normal 0 0 -1
    outer loop
      vertex 49.586708068847656 22.71752166748047 84.44999694824219
      vertex 49 23.2320499420166 84.44999694824219
      vertex 49.414215087890625 22.914213180541992 84.44999694824219
    endloop
  endfacet
  facet normal 0 0 -1
    outer loop
      vertex 50 0 84.44999694824219
      vertex 1 1 84.44999694824219
      vertex 49 1 84.44999694824219
    endloop
  endfacet
  facet normal 0 0 -1
    outer loop
      vertex 0 21.5 84.44999694824219
      vertex 1 23.2320499420166 84.44999694824219
      vertex 1 1 84.44999694824219
    endloop
  endfacet
  facet normal 0 0 -1
    outer loop
      vertex 1 23.2320499420166 84.44999694824219
      vertex 0 21.5 84.44999694824219
      vertex 0.7824764251708984 23.086706161499023 84.44999694824219
    endloop
  endfacet
  facet normal 0 0 -1
    outer loop
      vertex 0.7824764251708984 23.086706161499023 84.44999694824219
      vertex 0 21.5 84.44999694824219
      vertex 0.5857858657836914 22.914213180541992 84.44999694824219
    endloop
  endfacet
  facet normal 0 0 -1
    outer loop
      vertex 0.5857858657836914 22.914213180541992 84.44999694824219
      vertex 0 21.5 84.44999694824219
      vertex 0.41329288482666016 22.71752166748047 84.44999694824219
    endloop
  endfacet
  facet normal 0 0 -1
    outer loop
      vertex 0.41329288482666016 22.71752166748047 84.44999694824219
      vertex 0 21.5 84.44999694824219
      vertex 0.26794910430908203 22.5 84.44999694824219
    endloop
  endfacet
  facet normal 0 0 -1
    outer loop
      vertex 0.26794910430908203 22.5 84.44999694824219
      vertex 0 21.5 84.44999694824219
      vertex 0.15224075317382812 22.265365600585938 84.44999694824219
    endloop
  endfacet
  facet normal 0 0 -1
    outer loop
      vertex 0.15224075317382812 22.265365600585938 84.44999694824219
      vertex 0 21.5 84.44999694824219
      vertex 0.06814765930175781 22.017637252807617 84.44999694824219
    endloop
  endfacet
  facet normal 0 0 -1
    outer loop
      vertex 0 0 84.44999694824219
      vertex 1 1 84.44999694824219
      vertex 50 0 84.44999694824219
    endloop
  endfacet
  facet normal 0 0 -1
    outer loop
      vertex 0 21.5 84.44999694824219
      vertex 1 1 84.44999694824219
      vertex 0 0 84.44999694824219
    endloop
  endfacet
  facet normal 0 0 -1
    outer loop
      vertex 0.06814765930175781 22.017637252807617 84.44999694824219
      vertex 0 21.5 84.44999694824219
      vertex 0.01710987091064453 21.761051177978516 84.44999694824219
    endloop
  endfacet
  facet normal 0 0 -1
    outer loop
      vertex 49.414215087890625 22.914213180541992 84.44999694824219
      vertex 49 23.2320499420166 84.44999694824219
      vertex 49.21752166748047 23.086706161499023 84.44999694824219
    endloop
  endfacet
  facet normal 1 0 0
    outer loop
      vertex 49 1 84.44999694824219
      vertex 49 23.2320499420166 81.44999694824219
      vertex 49 23.2320499420166 84.44999694824219
    endloop
  endfacet
  facet normal 1 0 0
    outer loop
      vertex 49 23.2320499420166 81.44999694824219
      vertex 49 1 84.44999694824219
      vertex 49 1 81.44999694824219
    endloop
  endfacet
  facet normal 0 -1 0
    outer loop
      vertex 1 1 81.44999694824219
      vertex 49 1 84.44999694824219
      vertex 1 1 84.44999694824219
    endloop
  endfacet
  facet normal 0 -1 0
    outer loop
      vertex 49 1 84.44999694824219
      vertex 1 1 81.44999694824219
      vertex 49 1 81.44999694824219
    endloop
  endfacet
  facet normal -1 0 0
    outer loop
      vertex 1 1 81.44999694824219
      vertex 1 23.2320499420166 84.44999694824219
      vertex 1 23.2320499420166 81.44999694824219
    endloop
  endfacet
  facet normal -1 0 0
    outer loop
      vertex 1 23.2320499420166 84.44999694824219
      vertex 1 1 81.44999694824219
      vertex 1 1 84.44999694824219
    endloop
  endfacet
  facet normal 0 0 1
    outer loop
      vertex 0 21.5 31.68000030517578
      vertex 1 23.2320499420166 31.68000030517578
      vertex 0.7824764251708984 23.086706161499023 31.68000030517578
    endloop
  endfacet
  facet normal 0 0 1
    outer loop
      vertex 49 23.2320499420166 31.68000030517578
      vertex 50 21.5 31.68000030517578
      vertex 49.982887268066406 21.761051177978516 31.68000030517578
    endloop
  endfacet
  facet normal 0 0 1
    outer loop
      vertex 49 23.2320499420166 31.68000030517578
      vertex 49.982887268066406 21.761051177978516 31.68000030517578
      vertex 49.93185043334961 22.017637252807617 31.68000030517578
    endloop
  endfacet
  facet normal 0 0 1
    outer loop
      vertex 49 23.2320499420166 31.68000030517578
      vertex 49.93185043334961 22.017637252807617 31.68000030517578
      vertex 49.84775924682617 22.265365600585938 31.68000030517578
    endloop
  endfacet
  facet normal 0 0 1
    outer loop
      vertex 49 23.2320499420166 31.68000030517578
      vertex 49.84775924682617 22.265365600585938 31.68000030517578
      vertex 49.73204803466797 22.5 31.68000030517578
    endloop
  endfacet
  facet normal 0 0 1
    outer loop
      vertex 49 23.2320499420166 31.68000030517578
      vertex 49.73204803466797 22.5 31.68000030517578
      vertex 49.586708068847656 22.71752166748047 31.68000030517578
    endloop
  endfacet
  facet normal 0 0 1
    outer loop
      vertex 49 23.2320499420166 31.68000030517578
      vertex 49.586708068847656 22.71752166748047 31.68000030517578
      vertex 49.414215087890625 22.914213180541992 31.68000030517578
    endloop
  endfacet
  facet normal 0 0 1
    outer loop
      vertex 49 23.2320499420166 31.68000030517578
      vertex 49.414215087890625 22.914213180541992 31.68000030517578
      vertex 49.21752166748047 23.086706161499023 31.68000030517578
    endloop
  endfacet
  facet normal 0 0 1
    outer loop
      vertex 50 21.5 31.68000030517578
      vertex 49 23.2320499420166 31.68000030517578
      vertex 49 1 31.68000030517578
    endloop
  endfacet
  facet normal 0 0 1
    outer loop
      vertex 50 21.5 31.68000030517578
      vertex 49 1 31.68000030517578
      vertex 50 0 31.68000030517578
    endloop
  endfacet
  facet normal 0 0 1
    outer loop
      vertex 1 1 31.68000030517578
      vertex 50 0 31.68000030517578
      vertex 49 1 31.68000030517578
    endloop
  endfacet
  facet normal 0 0 1
    outer loop
      vertex 0 21.5 31.68000030517578
      vertex 0.7824764251708984 23.086706161499023 31.68000030517578
      vertex 0.5857858657836914 22.914213180541992 31.68000030517578
    endloop
  endfacet
  facet normal 0 0 1
    outer loop
      vertex 0 21.5 31.68000030517578
      vertex 0.5857858657836914 22.914213180541992 31.68000030517578
      vertex 0.41329288482666016 22.71752166748047 31.68000030517578
    endloop
  endfacet
  facet normal 0 0 1
    outer loop
      vertex 0 21.5 31.68000030517578
      vertex 0.41329288482666016 22.71752166748047 31.68000030517578
      vertex 0.26794910430908203 22.5 31.68000030517578
    endloop
  endfacet
  facet normal 0 0 1
    outer loop
      vertex 0 21.5 31.68000030517578
      vertex 0.26794910430908203 22.5 31.68000030517578
      vertex 0.15224075317382812 22.265365600585938 31.68000030517578
    endloop
  endfacet
  facet normal 0 0 1
    outer loop
      vertex 0 21.5 31.68000030517578
      vertex 0.15224075317382812 22.265365600585938 31.68000030517578
      vertex 0.06814765930175781 22.017637252807617 31.68000030517578
    endloop
  endfacet
  facet normal 0 0 1
    outer loop
      vertex 0 21.5 31.68000030517578
      vertex 0.06814765930175781 22.017637252807617 31.68000030517578
      vertex 0.01710987091064453 21.761051177978516 31.68000030517578
    endloop
  endfacet
  facet normal 0 0 1
    outer loop
      vertex 1 23.2320499420166 31.68000030517578
      vertex 0 21.5 31.68000030517578
      vertex 1 1 31.68000030517578
    endloop
  endfacet
  facet normal 0 0 1
    outer loop
      vertex 1 1 31.68000030517578
      vertex 0 0 31.68000030517578
      vertex 50 0 31.68000030517578
    endloop
  endfacet
  facet normal 0 0 1
    outer loop
      vertex 0 0 31.68000030517578
      vertex 1 1 31.68000030517578
      vertex 0 21.5 31.68000030517578
    endloop
  endfacet
  facet normal 0 0 -1
    outer loop
      vertex 49 1 34.68000030517578
      vertex 50 21.5 34.68000030517578
      vertex 50 0 34.68000030517578
    endloop
  endfacet
  facet normal 0 0 -1
    outer loop
      vertex 49 23.2320499420166 34.68000030517578
      vertex 50 21.5 34.68000030517578
      vertex 49 1 34.68000030517578
    endloop
  endfacet
  facet normal 0 0 -1
    outer loop
      vertex 50 21.5 34.68000030517578
      vertex 49 23.2320499420166 34.68000030517578
      vertex 49.982887268066406 21.761051177978516 34.68000030517578
    endloop
  endfacet
  facet normal 0 0 -1
    outer loop
      vertex 49.982887268066406 21.761051177978516 34.68000030517578
      vertex 49 23.2320499420166 34.68000030517578
      vertex 49.93185043334961 22.017637252807617 34.68000030517578
    endloop
  endfacet
  facet normal 0 0 -1
    outer loop
      vertex 49.93185043334961 22.017637252807617 34.68000030517578
      vertex 49 23.2320499420166 34.68000030517578
      vertex 49.84775924682617 22.265365600585938 34.68000030517578
    endloop
  endfacet
  facet normal 0 0 -1
    outer loop
      vertex 49.84775924682617 22.265365600585938 34.68000030517578
      vertex 49 23.2320499420166 34.68000030517578
      vertex 49.73204803466797 22.5 34.68000030517578
    endloop
  endfacet
  facet normal 0 0 -1
    outer loop
      vertex 49.73204803466797 22.5 34.68000030517578
      vertex 49 23.2320499420166 34.68000030517578
      vertex 49.586708068847656 22.71752166748047 34.68000030517578
    endloop
  endfacet
  facet normal 0 0 -1
    outer loop
      vertex 49.586708068847656 22.71752166748047 34.68000030517578
      vertex 49 23.2320499420166 34.68000030517578
      vertex 49.414215087890625 22.914213180541992 34.68000030517578
    endloop
  endfacet
  facet normal 0 0 -1
    outer loop
      vertex 50 0 34.68000030517578
      vertex 1 1 34.68000030517578
      vertex 49 1 34.68000030517578
    endloop
  endfacet
  facet normal 0 0 -1
    outer loop
      vertex 0 21.5 34.68000030517578
      vertex 1 23.2320499420166 34.68000030517578
      vertex 1 1 34.68000030517578
    endloop
  endfacet
  facet normal 0 0 -1
    outer loop
      vertex 1 23.2320499420166 34.68000030517578
      vertex 0 21.5 34.68000030517578
      vertex 0.7824764251708984 23.086706161499023 34.68000030517578
    endloop
  endfacet
  facet normal 0 0 -1
    outer loop
      vertex 0.7824764251708984 23.086706161499023 34.68000030517578
      vertex 0 21.5 34.68000030517578
      vertex 0.5857858657836914 22.914213180541992 34.68000030517578
    endloop
  endfacet
  facet normal 0 0 -1
    outer loop
      vertex 0.5857858657836914 22.914213180541992 34.68000030517578
      vertex 0 21.5 34.68000030517578
      vertex 0.41329288482666016 22.71752166748047 34.68000030517578
    endloop
  endfacet
  facet normal 0 0 -1
    outer loop
      vertex 0.41329288482666016 22.71752166748047 34.68000030517578
      vertex 0 21.5 34.68000030517578
      vertex 0.26794910430908203 22.5 34.68000030517578
    endloop
  endfacet
  facet normal 0 0 -1
    outer loop
      vertex 0.26794910430908203 22.5 34.68000030517578
      vertex 0 21.5 34.68000030517578
      vertex 0.15224075317382812 22.265365600585938 34.68000030517578
    endloop
  endfacet
  facet normal 0 0 -1
    outer loop
      vertex 0.15224075317382812 22.265365600585938 34.68000030517578
      vertex 0 21.5 34.68000030517578
      vertex 0.06814765930175781 22.017637252807617 34.68000030517578
    endloop
  endfacet
  facet normal 0 0 -1
    outer loop
      vertex 0 0 34.68000030517578
      vertex 1 1 34.68000030517578
      vertex 50 0 34.68000030517578
    endloop
  endfacet
  facet normal 0 0 -1
    outer loop
      vertex 0 21.5 34.68000030517578
      vertex 1 1 34.68000030517578
      vertex 0 0 34.68000030517578
    endloop
  endfacet
  facet normal 0 0 -1
    outer loop
      vertex 0.06814765930175781 22.017637252807617 34.68000030517578
      vertex 0 21.5 34.68000030517578
      vertex 0.01710987091064453 21.761051177978516 34.68000030517578
    endloop
  endfacet
  facet normal 0 0 -1
    outer loop
      vertex 49.414215087890625 22.914213180541992 34.68000030517578
      vertex 49 23.2320499420166 34.68000030517578
      vertex 49.21752166748047 23.086706161499023 34.68000030517578
    endloop
  endfacet
  facet normal 1 0 0
    outer loop
      vertex 49 1 34.68000030517578
      vertex 49 23.2320499420166 31.68000030517578
      vertex 49 23.2320499420166 34.68000030517578
    endloop
  endfacet
  facet normal 1 0 0
    outer loop
      vertex 49 23.2320499420166 31.68000030517578
      vertex 49 1 34.68000030517578
      vertex 49 1 31.68000030517578
    endloop
  endfacet
  facet normal 0 -1 0
    outer loop
      vertex 1 1 31.68000030517578
      vertex 49 1 34.68000030517578
      vertex 1 1 34.68000030517578
    endloop
  endfacet
  facet normal 0 -1 0
    outer loop
      vertex 49 1 34.68000030517578
      vertex 1 1 31.68000030517578
      vertex 49 1 31.68000030517578
    endloop
  endfacet
  facet normal -1 0 0
    outer loop
      vertex 1 1 31.68000030517578
      vertex 1 23.2320499420166 34.68000030517578
      vertex 1 23.2320499420166 31.68000030517578
    endloop
  endfacet
  facet normal -1 0 0
    outer loop
      vertex 1 23.2320499420166 34.68000030517578
      vertex 1 1 31.68000030517578
      vertex 1 1 34.68000030517578
    endloop
  endfacet
  facet normal -1 0 0
    outer loop
      vertex 47 3 0
      vertex 47 23.5 115.5
      vertex 47 23.5 0
    endloop
  endfacet
  facet normal -1 0 0
    outer loop
      vertex 47 23.5 115.5
      vertex 47 3 0
      vertex 47 3 115.5
    endloop
  endfacet
  facet normal 0 1 0
    outer loop
      vertex 47 3 0
      vertex 3 3 115.5
      vertex 47 3 115.5
    endloop
  endfacet
  facet normal 0 1 0
    outer loop
      vertex 3 3 115.5
      vertex 47 3 0
      vertex 3 3 0
    endloop
  endfacet
  facet normal 1 0 0
    outer loop
      vertex 3 3 115.5
      vertex 3 23.5 0
      vertex 3 23.5 115.5
    endloop
  endfacet
  facet normal 1 0 0
    outer loop
      vertex 3 23.5 0
      vertex 3 3 115.5
      vertex 3 3 0
    endloop
  endfacet
  facet normal 0 0 -1
    outer loop
      vertex 47 3 115.5
      vertex 27 13.25 115.5
      vertex 47 23.5 115.5
    endloop
  endfacet
  facet normal 0 0 -1
    outer loop
      vertex 47 3 115.5
      vertex 26.98288917541504 12.988946914672852 115.5
      vertex 27 13.25 115.5
    endloop
  endfacet
  facet normal 0 0 -1
    outer loop
      vertex 47 3 115.5
      vertex 26.93185043334961 12.732361793518066 115.5
      vertex 26.98288917541504 12.988946914672852 115.5
    endloop
  endfacet
  facet normal 0 0 -1
    outer loop
      vertex 47 3 115.5
      vertex 26.847759246826172 12.48463249206543 115.5
      vertex 26.93185043334961 12.732361793518066 115.5
    endloop
  endfacet
  facet normal 0 0 -1
    outer loop
      vertex 47 3 115.5
      vertex 26.7320499420166 12.25 115.5
      vertex 26.847759246826172 12.48463249206543 115.5
    endloop
  endfacet
  facet normal 0 0 -1
    outer loop
      vertex 47 3 115.5
      vertex 26.586706161499023 12.032476425170898 115.5
      vertex 26.7320499420166 12.25 115.5
    endloop
  endfacet
  facet normal 0 0 -1
    outer loop
      vertex 47 3 115.5
      vertex 26.414213180541992 11.835785865783691 115.5
      vertex 26.586706161499023 12.032476425170898 115.5
    endloop
  endfacet
  facet normal 0 0 -1
    outer loop
      vertex 47 3 115.5
      vertex 26.21752166748047 11.66329288482666 115.5
      vertex 26.414213180541992 11.835785865783691 115.5
    endloop
  endfacet
  facet normal 0 0 -1
    outer loop
      vertex 47 3 115.5
      vertex 26 11.517949104309082 115.5
      vertex 26.21752166748047 11.66329288482666 115.5
    endloop
  endfacet
  facet normal 0 0 -1
    outer loop
      vertex 47 3 115.5
      vertex 25.765365600585938 11.402240753173828 115.5
      vertex 26 11.517949104309082 115.5
    endloop
  endfacet
  facet normal 0 0 -1
    outer loop
      vertex 47 3 115.5
      vertex 25.517637252807617 11.318147659301758 115.5
      vertex 25.765365600585938 11.402240753173828 115.5
    endloop
  endfacet
  facet normal 0 0 -1
    outer loop
      vertex 47 3 115.5
      vertex 25.261051177978516 11.267109870910645 115.5
      vertex 25.517637252807617 11.318147659301758 115.5
    endloop
  endfacet
  facet normal 0 0 -1
    outer loop
      vertex 47 3 115.5
      vertex 25 11.25 115.5
      vertex 25.261051177978516 11.267109870910645 115.5
    endloop
  endfacet
  facet normal 0 0 -1
    outer loop
      vertex 3 3 115.5
      vertex 25 11.25 115.5
      vertex 47 3 115.5
    endloop
  endfacet
  facet normal 0 0 -1
    outer loop
      vertex 25 11.25 115.5
      vertex 3 3 115.5
      vertex 24.73894691467285 11.267109870910645 115.5
    endloop
  endfacet
  facet normal 0 0 -1
    outer loop
      vertex 24.73894691467285 11.267109870910645 115.5
      vertex 3 3 115.5
      vertex 24.48236083984375 11.318147659301758 115.5
    endloop
  endfacet
  facet normal 0 0 -1
    outer loop
      vertex 23.017108917236328 12.988946914672852 115.5
      vertex 3 3 115.5
      vertex 23 13.25 115.5
    endloop
  endfacet
  facet normal 0 0 -1
    outer loop
      vertex 23.068147659301758 12.732361793518066 115.5
      vertex 3 3 115.5
      vertex 23.017108917236328 12.988946914672852 115.5
    endloop
  endfacet
  facet normal 0 0 -1
    outer loop
      vertex 23.152240753173828 12.48463249206543 115.5
      vertex 3 3 115.5
      vertex 23.068147659301758 12.732361793518066 115.5
    endloop
  endfacet
  facet normal 0 0 -1
    outer loop
      vertex 23.267948150634766 12.25 115.5
      vertex 3 3 115.5
      vertex 23.152240753173828 12.48463249206543 115.5
    endloop
  endfacet
  facet normal 0 0 -1
    outer loop
      vertex 23.413291931152344 12.032476425170898 115.5
      vertex 3 3 115.5
      vertex 23.267948150634766 12.25 115.5
    endloop
  endfacet
  facet normal 0 0 -1
    outer loop
      vertex 23.585784912109375 11.835785865783691 115.5
      vertex 3 3 115.5
      vertex 23.413291931152344 12.032476425170898 115.5
    endloop
  endfacet
  facet normal 0 0 -1
    outer loop
      vertex 23.7824764251709 11.66329288482666 115.5
      vertex 3 3 115.5
      vertex 23.585784912109375 11.835785865783691 115.5
    endloop
  endfacet
  facet normal 0 0 -1
    outer loop
      vertex 24 11.517949104309082 115.5
      vertex 3 3 115.5
      vertex 23.7824764251709 11.66329288482666 115.5
    endloop
  endfacet
  facet normal 0 0 -1
    outer loop
      vertex 24.23463249206543 11.402240753173828 115.5
      vertex 3 3 115.5
      vertex 24 11.517949104309082 115.5
    endloop
  endfacet
  facet normal 0 0 -1
    outer loop
      vertex 24.48236083984375 11.318147659301758 115.5
      vertex 3 3 115.5
      vertex 24.23463249206543 11.402240753173828 115.5
    endloop
  endfacet
  facet normal 0 0 -1
    outer loop
      vertex 26.98288917541504 13.511052131652832 115.5
      vertex 47 23.5 115.5
      vertex 27 13.25 115.5
    endloop
  endfacet
  facet normal 0 0 -1
    outer loop
      vertex 26.93185043334961 13.767637252807617 115.5
      vertex 47 23.5 115.5
      vertex 26.98288917541504 13.511052131652832 115.5
    endloop
  endfacet
  facet normal 0 0 -1
    outer loop
      vertex 26.847759246826172 14.015366554260254 115.5
      vertex 47 23.5 115.5
      vertex 26.93185043334961 13.767637252807617 115.5
    endloop
  endfacet
  facet normal 0 0 -1
    outer loop
      vertex 26.7320499420166 14.25 115.5
      vertex 47 23.5 115.5
      vertex 26.847759246826172 14.015366554260254 115.5
    endloop
  endfacet
  facet normal 0 0 -1
    outer loop
      vertex 26.586706161499023 14.467522621154785 115.5
      vertex 47 23.5 115.5
      vertex 26.7320499420166 14.25 115.5
    endloop
  endfacet
  facet normal 0 0 -1
    outer loop
      vertex 26.414213180541992 14.664213180541992 115.5
      vertex 47 23.5 115.5
      vertex 26.586706161499023 14.467522621154785 115.5
    endloop
  endfacet
  facet normal 0 0 -1
    outer loop
      vertex 26.21752166748047 14.836706161499023 115.5
      vertex 47 23.5 115.5
      vertex 26.414213180541992 14.664213180541992 115.5
    endloop
  endfacet
  facet normal 0 0 -1
    outer loop
      vertex 26 14.982049942016602 115.5
      vertex 47 23.5 115.5
      vertex 26.21752166748047 14.836706161499023 115.5
    endloop
  endfacet
  facet normal 0 0 -1
    outer loop
      vertex 25.765365600585938 15.097758293151855 115.5
      vertex 47 23.5 115.5
      vertex 26 14.982049942016602 115.5
    endloop
  endfacet
  facet normal 0 0 -1
    outer loop
      vertex 25.517637252807617 15.181851387023926 115.5
      vertex 47 23.5 115.5
      vertex 25.765365600585938 15.097758293151855 115.5
    endloop
  endfacet
  facet normal 0 0 -1
    outer loop
      vertex 25.261051177978516 15.232889175415039 115.5
      vertex 47 23.5 115.5
      vertex 25.517637252807617 15.181851387023926 115.5
    endloop
  endfacet
  facet normal 0 0 -1
    outer loop
      vertex 25 15.25 115.5
      vertex 47 23.5 115.5
      vertex 25.261051177978516 15.232889175415039 115.5
    endloop
  endfacet
  facet normal 0 0 -1
    outer loop
      vertex 3 23.5 115.5
      vertex 25 15.25 115.5
      vertex 24.73894691467285 15.232889175415039 115.5
    endloop
  endfacet
  facet normal 0 0 -1
    outer loop
      vertex 3 23.5 115.5
      vertex 24.73894691467285 15.232889175415039 115.5
      vertex 24.48236083984375 15.181851387023926 115.5
    endloop
  endfacet
  facet normal 0 0 -1
    outer loop
      vertex 3 23.5 115.5
      vertex 24.48236083984375 15.181851387023926 115.5
      vertex 24.23463249206543 15.097758293151855 115.5
    endloop
  endfacet
  facet normal 0 0 -1
    outer loop
      vertex 3 23.5 115.5
      vertex 23 13.25 115.5
      vertex 3 3 115.5
    endloop
  endfacet
  facet normal 0 0 -1
    outer loop
      vertex 23 13.25 115.5
      vertex 3 23.5 115.5
      vertex 23.017108917236328 13.511052131652832 115.5
    endloop
  endfacet
  facet normal 0 0 -1
    outer loop
      vertex 23.017108917236328 13.511052131652832 115.5
      vertex 3 23.5 115.5
      vertex 23.068147659301758 13.767637252807617 115.5
    endloop
  endfacet
  facet normal 0 0 -1
    outer loop
      vertex 23.068147659301758 13.767637252807617 115.5
      vertex 3 23.5 115.5
      vertex 23.152240753173828 14.015366554260254 115.5
    endloop
  endfacet
  facet normal 0 0 -1
    outer loop
      vertex 23.152240753173828 14.015366554260254 115.5
      vertex 3 23.5 115.5
      vertex 23.267948150634766 14.25 115.5
    endloop
  endfacet
  facet normal 0 0 -1
    outer loop
      vertex 23.267948150634766 14.25 115.5
      vertex 3 23.5 115.5
      vertex 23.413291931152344 14.467522621154785 115.5
    endloop
  endfacet
  facet normal 0 0 -1
    outer loop
      vertex 23.413291931152344 14.467522621154785 115.5
      vertex 3 23.5 115.5
      vertex 23.585784912109375 14.664213180541992 115.5
    endloop
  endfacet
  facet normal 0 0 -1
    outer loop
      vertex 23.585784912109375 14.664213180541992 115.5
      vertex 3 23.5 115.5
      vertex 23.7824764251709 14.836706161499023 115.5
    endloop
  endfacet
  facet normal 0 0 -1
    outer loop
      vertex 25 15.25 115.5
      vertex 3 23.5 115.5
      vertex 47 23.5 115.5
    endloop
  endfacet
  facet normal 0 0 -1
    outer loop
      vertex 24 14.982049942016602 115.5
      vertex 3 23.5 115.5
      vertex 24.23463249206543 15.097758293151855 115.5
    endloop
  endfacet
  facet normal 0 0 -1
    outer loop
      vertex 23.7824764251709 14.836706161499023 115.5
      vertex 3 23.5 115.5
      vertex 24 14.982049942016602 115.5
    endloop
  endfacet
  facet normal -0.06540188361807907 0.9978590048795507 0
    outer loop
      vertex 25.261051177978516 11.267109870910645 115.5
      vertex 25 11.25 118.5
      vertex 25.261051177978516 11.267109870910645 118.5
    endloop
  endfacet
  facet normal -0.06540188361807907 0.9978590048795507 0
    outer loop
      vertex 25 11.25 118.5
      vertex 25.261051177978516 11.267109870910645 115.5
      vertex 25 11.25 115.5
    endloop
  endfacet
  facet normal -0.9469319676599184 0.3214340501933723 0
    outer loop
      vertex 26.847759246826172 12.48463249206543 115.5
      vertex 26.93185043334961 12.732361793518066 118.5
      vertex 26.93185043334961 12.732361793518066 115.5
    endloop
  endfacet
  facet normal -0.9469319676599184 0.3214340501933723 0
    outer loop
      vertex 26.93185043334961 12.732361793518066 118.5
      vertex 26.847759246826172 12.48463249206543 115.5
      vertex 26.847759246826172 12.48463249206543 118.5
    endloop
  endfacet
  facet normal 0.6593439861474872 0.751841411423408 0
    outer loop
      vertex 23.7824764251709 11.66329288482666 115.5
      vertex 23.585784912109375 11.835785865783691 118.5
      vertex 23.7824764251709 11.66329288482666 118.5
    endloop
  endfacet
  facet normal 0.6593439861474872 0.751841411423408 0
    outer loop
      vertex 23.585784912109375 11.835785865783691 118.5
      vertex 23.7824764251709 11.66329288482666 115.5
      vertex 23.585784912109375 11.835785865783691 115.5
    endloop
  endfacet
  facet normal -0.751839826652126 -0.6593457932372825 0
    outer loop
      vertex 26.586706161499023 14.467522621154785 115.5
      vertex 26.414213180541992 14.664213180541992 118.5
      vertex 26.414213180541992 14.664213180541992 115.5
    endloop
  endfacet
  facet normal -0.751839826652126 -0.6593457932372825 0
    outer loop
      vertex 26.414213180541992 14.664213180541992 118.5
      vertex 26.586706161499023 14.467522621154785 115.5
      vertex 26.586706161499023 14.467522621154785 118.5
    endloop
  endfacet
  facet normal -0.980784703926618 -0.19509322013739036 0
    outer loop
      vertex 26.98288917541504 13.511052131652832 115.5
      vertex 26.93185043334961 13.767637252807617 118.5
      vertex 26.93185043334961 13.767637252807617 115.5
    endloop
  endfacet
  facet normal -0.980784703926618 -0.19509322013739036 0
    outer loop
      vertex 26.93185043334961 13.767637252807617 118.5
      vertex 26.98288917541504 13.511052131652832 115.5
      vertex 26.98288917541504 13.511052131652832 118.5
    endloop
  endfacet
  facet normal -0.32144169721474214 0.9469293718602808 0
    outer loop
      vertex 25.765365600585938 11.402240753173828 115.5
      vertex 25.517637252807617 11.318147659301758 118.5
      vertex 25.765365600585938 11.402240753173828 118.5
    endloop
  endfacet
  facet normal -0.32144169721474214 0.9469293718602808 0
    outer loop
      vertex 25.517637252807617 11.318147659301758 118.5
      vertex 25.765365600585938 11.402240753173828 115.5
      vertex 25.517637252807617 11.318147659301758 115.5
    endloop
  endfacet
  facet normal -0.8968713856043227 -0.44229143975910545 0
    outer loop
      vertex 26.847759246826172 14.015366554260254 115.5
      vertex 26.7320499420166 14.25 118.5
      vertex 26.7320499420166 14.25 115.5
    endloop
  endfacet
  facet normal -0.8968713856043227 -0.44229143975910545 0
    outer loop
      vertex 26.7320499420166 14.25 118.5
      vertex 26.847759246826172 14.015366554260254 115.5
      vertex 26.847759246826172 14.015366554260254 118.5
    endloop
  endfacet
  facet normal -0.9978587981570066 0.06540503757857268 0
    outer loop
      vertex 26.98288917541504 12.988946914672852 115.5
      vertex 27 13.25 118.5
      vertex 27 13.25 115.5
    endloop
  endfacet
  facet normal -0.9978587981570066 0.06540503757857268 0
    outer loop
      vertex 27 13.25 118.5
      vertex 26.98288917541504 12.988946914672852 115.5
      vertex 26.98288917541504 12.988946914672852 118.5
    endloop
  endfacet
  facet normal 0.751839826652126 0.6593457932372825 0
    outer loop
      vertex 23.585784912109375 11.835785865783691 118.5
      vertex 23.413291931152344 12.032476425170898 115.5
      vertex 23.413291931152344 12.032476425170898 118.5
    endloop
  endfacet
  facet normal 0.751839826652126 0.6593457932372825 0
    outer loop
      vertex 23.413291931152344 12.032476425170898 115.5
      vertex 23.585784912109375 11.835785865783691 118.5
      vertex 23.585784912109375 11.835785865783691 115.5
    endloop
  endfacet
  facet normal -0.6593439861474872 -0.751841411423408 0
    outer loop
      vertex 26.21752166748047 14.836706161499023 115.5
      vertex 26.414213180541992 14.664213180541992 118.5
      vertex 26.21752166748047 14.836706161499023 118.5
    endloop
  endfacet
  facet normal -0.6593439861474872 -0.751841411423408 0
    outer loop
      vertex 26.414213180541992 14.664213180541992 118.5
      vertex 26.21752166748047 14.836706161499023 115.5
      vertex 26.414213180541992 14.664213180541992 115.5
    endloop
  endfacet
  facet normal -0.5555714196190613 -0.8314688194409101 0
    outer loop
      vertex 26 14.982049942016602 115.5
      vertex 26.21752166748047 14.836706161499023 118.5
      vertex 26 14.982049942016602 118.5
    endloop
  endfacet
  facet normal -0.5555714196190613 -0.8314688194409101 0
    outer loop
      vertex 26.21752166748047 14.836706161499023 118.5
      vertex 26 14.982049942016602 115.5
      vertex 26.21752166748047 14.836706161499023 115.5
    endloop
  endfacet
  facet normal 0.32144169721474214 0.9469293718602808 0
    outer loop
      vertex 24.48236083984375 11.318147659301758 115.5
      vertex 24.23463249206543 11.402240753173828 118.5
      vertex 24.48236083984375 11.318147659301758 118.5
    endloop
  endfacet
  facet normal 0.32144169721474214 0.9469293718602808 0
    outer loop
      vertex 24.23463249206543 11.402240753173828 118.5
      vertex 24.48236083984375 11.318147659301758 115.5
      vertex 24.23463249206543 11.402240753173828 115.5
    endloop
  endfacet
  facet normal -0.4422870614774873 -0.8968735447372777 0
    outer loop
      vertex 25.765365600585938 15.097758293151855 115.5
      vertex 26 14.982049942016602 118.5
      vertex 25.765365600585938 15.097758293151855 118.5
    endloop
  endfacet
  facet normal -0.4422870614774873 -0.8968735447372777 0
    outer loop
      vertex 26 14.982049942016602 118.5
      vertex 25.765365600585938 15.097758293151855 115.5
      vertex 26 14.982049942016602 115.5
    endloop
  endfacet
  facet normal -0.980784703926618 0.19509322013739036 0
    outer loop
      vertex 26.93185043334961 12.732361793518066 115.5
      vertex 26.98288917541504 12.988946914672852 118.5
      vertex 26.98288917541504 12.988946914672852 115.5
    endloop
  endfacet
  facet normal -0.980784703926618 0.19509322013739036 0
    outer loop
      vertex 26.98288917541504 12.988946914672852 118.5
      vertex 26.93185043334961 12.732361793518066 115.5
      vertex 26.93185043334961 12.732361793518066 118.5
    endloop
  endfacet
  facet normal 0.751839826652126 -0.6593457932372825 0
    outer loop
      vertex 23.413291931152344 14.467522621154785 118.5
      vertex 23.585784912109375 14.664213180541992 115.5
      vertex 23.585784912109375 14.664213180541992 118.5
    endloop
  endfacet
  facet normal 0.751839826652126 -0.6593457932372825 0
    outer loop
      vertex 23.585784912109375 14.664213180541992 115.5
      vertex 23.413291931152344 14.467522621154785 118.5
      vertex 23.413291931152344 14.467522621154785 115.5
    endloop
  endfacet
  facet normal 0.9469297485156343 0.32144058763030764 0
    outer loop
      vertex 23.152240753173828 12.48463249206543 118.5
      vertex 23.068147659301758 12.732361793518066 115.5
      vertex 23.068147659301758 12.732361793518066 118.5
    endloop
  endfacet
  facet normal 0.9469297485156343 0.32144058763030764 0
    outer loop
      vertex 23.068147659301758 12.732361793518066 115.5
      vertex 23.152240753173828 12.48463249206543 118.5
      vertex 23.152240753173828 12.48463249206543 115.5
    endloop
  endfacet
  facet normal -0.9469319676599184 -0.3214340501933723 0
    outer loop
      vertex 26.93185043334961 13.767637252807617 115.5
      vertex 26.847759246826172 14.015366554260254 118.5
      vertex 26.847759246826172 14.015366554260254 115.5
    endloop
  endfacet
  facet normal -0.9469319676599184 -0.3214340501933723 0
    outer loop
      vertex 26.847759246826172 14.015366554260254 118.5
      vertex 26.93185043334961 13.767637252807617 115.5
      vertex 26.93185043334961 13.767637252807617 118.5
    endloop
  endfacet
  facet normal 0.32144169721474214 -0.9469293718602808 0
    outer loop
      vertex 24.23463249206543 15.097758293151855 115.5
      vertex 24.48236083984375 15.181851387023926 118.5
      vertex 24.23463249206543 15.097758293151855 118.5
    endloop
  endfacet
  facet normal 0.32144169721474214 -0.9469293718602808 0
    outer loop
      vertex 24.48236083984375 15.181851387023926 118.5
      vertex 24.23463249206543 15.097758293151855 115.5
      vertex 24.48236083984375 15.181851387023926 115.5
    endloop
  endfacet
  facet normal 0.8968735645677046 0.4422870212651728 0
    outer loop
      vertex 23.267948150634766 12.25 118.5
      vertex 23.152240753173828 12.48463249206543 115.5
      vertex 23.152240753173828 12.48463249206543 118.5
    endloop
  endfacet
  facet normal 0.8968735645677046 0.4422870212651728 0
    outer loop
      vertex 23.152240753173828 12.48463249206543 115.5
      vertex 23.267948150634766 12.25 118.5
      vertex 23.267948150634766 12.25 115.5
    endloop
  endfacet
  facet normal 0.1950890159974446 -0.9807855401855946 0
    outer loop
      vertex 24.48236083984375 15.181851387023926 115.5
      vertex 24.73894691467285 15.232889175415039 118.5
      vertex 24.48236083984375 15.181851387023926 118.5
    endloop
  endfacet
  facet normal 0.1950890159974446 -0.9807855401855946 0
    outer loop
      vertex 24.73894691467285 15.232889175415039 118.5
      vertex 24.48236083984375 15.181851387023926 115.5
      vertex 24.73894691467285 15.232889175415039 115.5
    endloop
  endfacet
  facet normal 0.4422899535391963 -0.8968721185310063 0
    outer loop
      vertex 24 14.982049942016602 115.5
      vertex 24.23463249206543 15.097758293151855 118.5
      vertex 24 14.982049942016602 118.5
    endloop
  endfacet
  facet normal 0.4422899535391963 -0.8968721185310063 0
    outer loop
      vertex 24.23463249206543 15.097758293151855 118.5
      vertex 24 14.982049942016602 115.5
      vertex 24.23463249206543 15.097758293151855 115.5
    endloop
  endfacet
  facet normal 0.8314699446192111 -0.555569735672243 0
    outer loop
      vertex 23.267948150634766 14.25 118.5
      vertex 23.413291931152344 14.467522621154785 115.5
      vertex 23.413291931152344 14.467522621154785 118.5
    endloop
  endfacet
  facet normal 0.8314699446192111 -0.555569735672243 0
    outer loop
      vertex 23.413291931152344 14.467522621154785 115.5
      vertex 23.267948150634766 14.25 118.5
      vertex 23.267948150634766 14.25 115.5
    endloop
  endfacet
  facet normal -0.6593439861474872 0.751841411423408 0
    outer loop
      vertex 26.414213180541992 11.835785865783691 115.5
      vertex 26.21752166748047 11.66329288482666 118.5
      vertex 26.414213180541992 11.835785865783691 118.5
    endloop
  endfacet
  facet normal -0.6593439861474872 0.751841411423408 0
    outer loop
      vertex 26.21752166748047 11.66329288482666 118.5
      vertex 26.414213180541992 11.835785865783691 115.5
      vertex 26.21752166748047 11.66329288482666 115.5
    endloop
  endfacet
  facet normal 0.06540140781210511 0.9978590360648115 0
    outer loop
      vertex 25 11.25 115.5
      vertex 24.73894691467285 11.267109870910645 118.5
      vertex 25 11.25 118.5
    endloop
  endfacet
  facet normal 0.06540140781210511 0.9978590360648115 0
    outer loop
      vertex 24.73894691467285 11.267109870910645 118.5
      vertex 25 11.25 115.5
      vertex 24.73894691467285 11.267109870910645 115.5
    endloop
  endfacet
  facet normal -0.4422870614774873 0.8968735447372777 0
    outer loop
      vertex 26 11.517949104309082 115.5
      vertex 25.765365600585938 11.402240753173828 118.5
      vertex 26 11.517949104309082 118.5
    endloop
  endfacet
  facet normal -0.4422870614774873 0.8968735447372777 0
    outer loop
      vertex 25.765365600585938 11.402240753173828 118.5
      vertex 26 11.517949104309082 115.5
      vertex 25.765365600585938 11.402240753173828 115.5
    endloop
  endfacet
  facet normal -0.1950890159974446 -0.9807855401855946 0
    outer loop
      vertex 25.261051177978516 15.232889175415039 115.5
      vertex 25.517637252807617 15.181851387023926 118.5
      vertex 25.261051177978516 15.232889175415039 118.5
    endloop
  endfacet
  facet normal -0.1950890159974446 -0.9807855401855946 0
    outer loop
      vertex 25.517637252807617 15.181851387023926 118.5
      vertex 25.261051177978516 15.232889175415039 115.5
      vertex 25.517637252807617 15.181851387023926 115.5
    endloop
  endfacet
  facet normal -0.8968706724893841 0.44229288579903664 0
    outer loop
      vertex 26.7320499420166 12.25 115.5
      vertex 26.847759246826172 12.48463249206543 118.5
      vertex 26.847759246826172 12.48463249206543 115.5
    endloop
  endfacet
  facet normal -0.8968706724893841 0.44229288579903664 0
    outer loop
      vertex 26.847759246826172 12.48463249206543 118.5
      vertex 26.7320499420166 12.25 115.5
      vertex 26.7320499420166 12.25 118.5
    endloop
  endfacet
  facet normal -0.8314710697872808 0.5555680517333541 0
    outer loop
      vertex 26.586706161499023 12.032476425170898 115.5
      vertex 26.7320499420166 12.25 118.5
      vertex 26.7320499420166 12.25 115.5
    endloop
  endfacet
  facet normal -0.8314710697872808 0.5555680517333541 0
    outer loop
      vertex 26.7320499420166 12.25 118.5
      vertex 26.586706161499023 12.032476425170898 115.5
      vertex 26.586706161499023 12.032476425170898 118.5
    endloop
  endfacet
  facet normal -0.9978587825627341 -0.06540527549378619 0
    outer loop
      vertex 27 13.25 115.5
      vertex 26.98288917541504 13.511052131652832 118.5
      vertex 26.98288917541504 13.511052131652832 115.5
    endloop
  endfacet
  facet normal -0.9978587825627341 -0.06540527549378619 0
    outer loop
      vertex 26.98288917541504 13.511052131652832 118.5
      vertex 27 13.25 115.5
      vertex 27 13.25 118.5
    endloop
  endfacet
  facet normal 0.980784703926618 0.19509322013739036 0
    outer loop
      vertex 23.068147659301758 12.732361793518066 118.5
      vertex 23.017108917236328 12.988946914672852 115.5
      vertex 23.017108917236328 12.988946914672852 118.5
    endloop
  endfacet
  facet normal 0.980784703926618 0.19509322013739036 0
    outer loop
      vertex 23.017108917236328 12.988946914672852 115.5
      vertex 23.068147659301758 12.732361793518066 118.5
      vertex 23.068147659301758 12.732361793518066 115.5
    endloop
  endfacet
  facet normal -0.06540551341072687 -0.9978587669682916 0
    outer loop
      vertex 25 15.25 115.5
      vertex 25.261051177978516 15.232889175415039 118.5
      vertex 25 15.25 118.5
    endloop
  endfacet
  facet normal -0.06540551341072687 -0.9978587669682916 0
    outer loop
      vertex 25.261051177978516 15.232889175415039 118.5
      vertex 25 15.25 115.5
      vertex 25.261051177978516 15.232889175415039 115.5
    endloop
  endfacet
  facet normal -0.1950890159974446 0.9807855401855946 0
    outer loop
      vertex 25.517637252807617 11.318147659301758 115.5
      vertex 25.261051177978516 11.267109870910645 118.5
      vertex 25.517637252807617 11.318147659301758 118.5
    endloop
  endfacet
  facet normal -0.1950890159974446 0.9807855401855946 0
    outer loop
      vertex 25.261051177978516 11.267109870910645 118.5
      vertex 25.517637252807617 11.318147659301758 115.5
      vertex 25.261051177978516 11.267109870910645 115.5
    endloop
  endfacet
  facet normal -0.8314699446192111 -0.555569735672243 0
    outer loop
      vertex 26.7320499420166 14.25 115.5
      vertex 26.586706161499023 14.467522621154785 118.5
      vertex 26.586706161499023 14.467522621154785 115.5
    endloop
  endfacet
  facet normal -0.8314699446192111 -0.555569735672243 0
    outer loop
      vertex 26.586706161499023 14.467522621154785 118.5
      vertex 26.7320499420166 14.25 115.5
      vertex 26.7320499420166 14.25 118.5
    endloop
  endfacet
  facet normal 0.1950890159974446 0.9807855401855946 0
    outer loop
      vertex 24.73894691467285 11.267109870910645 115.5
      vertex 24.48236083984375 11.318147659301758 118.5
      vertex 24.73894691467285 11.267109870910645 118.5
    endloop
  endfacet
  facet normal 0.1950890159974446 0.9807855401855946 0
    outer loop
      vertex 24.48236083984375 11.318147659301758 118.5
      vertex 24.73894691467285 11.267109870910645 115.5
      vertex 24.48236083984375 11.318147659301758 115.5
    endloop
  endfacet
  facet normal -0.5555714196190613 0.8314688194409101 0
    outer loop
      vertex 26.21752166748047 11.66329288482666 115.5
      vertex 26 11.517949104309082 118.5
      vertex 26.21752166748047 11.66329288482666 118.5
    endloop
  endfacet
  facet normal -0.5555714196190613 0.8314688194409101 0
    outer loop
      vertex 26 11.517949104309082 118.5
      vertex 26.21752166748047 11.66329288482666 115.5
      vertex 26 11.517949104309082 115.5
    endloop
  endfacet
  facet normal 0.4422899535391963 0.8968721185310063 0
    outer loop
      vertex 24.23463249206543 11.402240753173828 115.5
      vertex 24 11.517949104309082 118.5
      vertex 24.23463249206543 11.402240753173828 118.5
    endloop
  endfacet
  facet normal 0.4422899535391963 0.8968721185310063 0
    outer loop
      vertex 24 11.517949104309082 118.5
      vertex 24.23463249206543 11.402240753173828 115.5
      vertex 24 11.517949104309082 115.5
    endloop
  endfacet
  facet normal 0.9978592739595264 0.06539777804304144 0
    outer loop
      vertex 23.017108917236328 12.988946914672852 118.5
      vertex 23 13.25 115.5
      vertex 23 13.25 118.5
    endloop
  endfacet
  facet normal 0.9978592739595264 0.06539777804304144 0
    outer loop
      vertex 23 13.25 115.5
      vertex 23.017108917236328 12.988946914672852 118.5
      vertex 23.017108917236328 12.988946914672852 115.5
    endloop
  endfacet
  facet normal -0.32144169721474214 -0.9469293718602808 0
    outer loop
      vertex 25.517637252807617 15.181851387023926 115.5
      vertex 25.765365600585938 15.097758293151855 118.5
      vertex 25.517637252807617 15.181851387023926 118.5
    endloop
  endfacet
  facet normal -0.32144169721474214 -0.9469293718602808 0
    outer loop
      vertex 25.765365600585938 15.097758293151855 118.5
      vertex 25.517637252807617 15.181851387023926 115.5
      vertex 25.765365600585938 15.097758293151855 115.5
    endloop
  endfacet
  facet normal 0.5555680517333541 -0.8314710697872808 0
    outer loop
      vertex 23.7824764251709 14.836706161499023 115.5
      vertex 24 14.982049942016602 118.5
      vertex 23.7824764251709 14.836706161499023 118.5
    endloop
  endfacet
  facet normal 0.5555680517333541 -0.8314710697872808 0
    outer loop
      vertex 24 14.982049942016602 118.5
      vertex 23.7824764251709 14.836706161499023 115.5
      vertex 24 14.982049942016602 115.5
    endloop
  endfacet
  facet normal -0.751839826652126 0.6593457932372825 0
    outer loop
      vertex 26.414213180541992 11.835785865783691 115.5
      vertex 26.586706161499023 12.032476425170898 118.5
      vertex 26.586706161499023 12.032476425170898 115.5
    endloop
  endfacet
  facet normal -0.751839826652126 0.6593457932372825 0
    outer loop
      vertex 26.586706161499023 12.032476425170898 118.5
      vertex 26.414213180541992 11.835785865783691 115.5
      vertex 26.414213180541992 11.835785865783691 118.5
    endloop
  endfacet
  facet normal 0.980784703926618 -0.19509322013739036 0
    outer loop
      vertex 23.017108917236328 13.511052131652832 118.5
      vertex 23.068147659301758 13.767637252807617 115.5
      vertex 23.068147659301758 13.767637252807617 118.5
    endloop
  endfacet
  facet normal 0.980784703926618 -0.19509322013739036 0
    outer loop
      vertex 23.068147659301758 13.767637252807617 115.5
      vertex 23.017108917236328 13.511052131652832 118.5
      vertex 23.017108917236328 13.511052131652832 115.5
    endloop
  endfacet
  facet normal 0.5555680517333541 0.8314710697872808 0
    outer loop
      vertex 24 11.517949104309082 115.5
      vertex 23.7824764251709 11.66329288482666 118.5
      vertex 24 11.517949104309082 118.5
    endloop
  endfacet
  facet normal 0.5555680517333541 0.8314710697872808 0
    outer loop
      vertex 23.7824764251709 11.66329288482666 118.5
      vertex 24 11.517949104309082 115.5
      vertex 23.7824764251709 11.66329288482666 115.5
    endloop
  endfacet
  facet normal 0.9469297485156343 -0.32144058763030764 0
    outer loop
      vertex 23.068147659301758 13.767637252807617 118.5
      vertex 23.152240753173828 14.015366554260254 115.5
      vertex 23.152240753173828 14.015366554260254 118.5
    endloop
  endfacet
  facet normal 0.9469297485156343 -0.32144058763030764 0
    outer loop
      vertex 23.152240753173828 14.015366554260254 115.5
      vertex 23.068147659301758 13.767637252807617 118.5
      vertex 23.068147659301758 13.767637252807617 115.5
    endloop
  endfacet
  facet normal 0.6593439861474872 -0.751841411423408 0
    outer loop
      vertex 23.585784912109375 14.664213180541992 115.5
      vertex 23.7824764251709 14.836706161499023 118.5
      vertex 23.585784912109375 14.664213180541992 118.5
    endloop
  endfacet
  facet normal 0.6593439861474872 -0.751841411423408 0
    outer loop
      vertex 23.7824764251709 14.836706161499023 118.5
      vertex 23.585784912109375 14.664213180541992 115.5
      vertex 23.7824764251709 14.836706161499023 115.5
    endloop
  endfacet
  facet normal 0.06540503757857268 -0.9978587981570066 0
    outer loop
      vertex 24.73894691467285 15.232889175415039 115.5
      vertex 25 15.25 118.5
      vertex 24.73894691467285 15.232889175415039 118.5
    endloop
  endfacet
  facet normal 0.06540503757857268 -0.9978587981570066 0
    outer loop
      vertex 25 15.25 118.5
      vertex 24.73894691467285 15.232889175415039 115.5
      vertex 25 15.25 115.5
    endloop
  endfacet
  facet normal 0.9978592583687081 -0.06539801593207477 0
    outer loop
      vertex 23 13.25 118.5
      vertex 23.017108917236328 13.511052131652832 115.5
      vertex 23.017108917236328 13.511052131652832 118.5
    endloop
  endfacet
  facet normal 0.9978592583687081 -0.06539801593207477 0
    outer loop
      vertex 23.017108917236328 13.511052131652832 115.5
      vertex 23 13.25 118.5
      vertex 23 13.25 115.5
    endloop
  endfacet
  facet normal 0.8314710697872808 0.5555680517333541 0
    outer loop
      vertex 23.413291931152344 12.032476425170898 118.5
      vertex 23.267948150634766 12.25 115.5
      vertex 23.267948150634766 12.25 118.5
    endloop
  endfacet
  facet normal 0.8314710697872808 0.5555680517333541 0
    outer loop
      vertex 23.267948150634766 12.25 115.5
      vertex 23.413291931152344 12.032476425170898 118.5
      vertex 23.413291931152344 12.032476425170898 115.5
    endloop
  endfacet
  facet normal 0.8968742776660317 -0.44228557523508943 0
    outer loop
      vertex 23.152240753173828 14.015366554260254 118.5
      vertex 23.267948150634766 14.25 115.5
      vertex 23.267948150634766 14.25 118.5
    endloop
  endfacet
  facet normal 0.8968742776660317 -0.44228557523508943 0
    outer loop
      vertex 23.267948150634766 14.25 115.5
      vertex 23.152240753173828 14.015366554260254 118.5
      vertex 23.152240753173828 14.015366554260254 115.5
    endloop
  endfacet
endsolid OpenSCAD_Model
