solid OpenSCAD_Model
  facet normal 0.751841411423408 0.6593439861474872 0
    outer loop
      vertex 59.586708068847656 24.71752166748047 34.47999954223633
      vertex 59.414215087890625 24.914213180541992 0
      vertex 59.414215087890625 24.914213180541992 34.47999954223633
    endloop
  endfacet
  facet normal 0.751841411423408 0.6593439861474872 0
    outer loop
      vertex 59.414215087890625 24.914213180541992 0
      vertex 59.586708068847656 24.71752166748047 34.47999954223633
      vertex 59.586708068847656 24.71752166748047 0
    endloop
  endfacet
  facet normal 0.751841411423408 0.6593439861474872 0
    outer loop
      vertex 59.586708068847656 24.71752166748047 128.5
      vertex 59.414215087890625 24.914213180541992 91.44999694824219
      vertex 59.414215087890625 24.914213180541992 128.5
    endloop
  endfacet
  facet normal 0.751841411423408 0.6593439861474872 0
    outer loop
      vertex 59.414215087890625 24.914213180541992 91.44999694824219
      vertex 59.586708068847656 24.71752166748047 128.5
      vertex 59.586708068847656 24.71752166748047 91.44999694824219
    endloop
  endfacet
  facet normal 0.751841411423408 0.6593439861474872 0
    outer loop
      vertex 59.586708068847656 24.71752166748047 88.44999694824219
      vertex 59.414215087890625 24.914213180541992 37.47999954223633
      vertex 59.414215087890625 24.914213180541992 88.44999694824219
    endloop
  endfacet
  facet normal 0.751841411423408 0.6593439861474872 0
    outer loop
      vertex 59.414215087890625 24.914213180541992 37.47999954223633
      vertex 59.586708068847656 24.71752166748047 88.44999694824219
      vertex 59.586708068847656 24.71752166748047 37.47999954223633
    endloop
  endfacet
  facet normal 0.32143737891623453 0.9469308377254704 0
    outer loop
      vertex 58.76536560058594 25.347759246826172 0
      vertex 58.51763916015625 25.43185043334961 128.5
      vertex 58.76536560058594 25.347759246826172 128.5
    endloop
  endfacet
  facet normal 0.32143737891623453 0.9469308377254704 0
    outer loop
      vertex 58.51763916015625 25.43185043334961 128.5
      vertex 58.76536560058594 25.347759246826172 0
      vertex 58.51763916015625 25.43185043334961 0
    endloop
  endfacet
  facet normal 0 1 0
    outer loop
      vertex 58 25.5 128.5
      vertex 57 25.5 125.5
      vertex 2 25.5 128.5
    endloop
  endfacet
  facet normal 0 1 0
    outer loop
      vertex 58 25.5 0
      vertex 57 25.5 125.5
      vertex 58 25.5 128.5
    endloop
  endfacet
  facet normal 0 1 0
    outer loop
      vertex 57 25.5 125.5
      vertex 58 25.5 0
      vertex 57 25.5 0
    endloop
  endfacet
  facet normal 0 1 0
    outer loop
      vertex 3 25.5 125.5
      vertex 2 25.5 128.5
      vertex 57 25.5 125.5
    endloop
  endfacet
  facet normal 0 1 0
    outer loop
      vertex 2 25.5 0
      vertex 3 25.5 125.5
      vertex 3 25.5 0
    endloop
  endfacet
  facet normal 0 1 0
    outer loop
      vertex 3 25.5 125.5
      vertex 2 25.5 0
      vertex 2 25.5 128.5
    endloop
  endfacet
  facet normal 0 -1 0
    outer loop
      vertex 0 0 4
      vertex 60 0 34.47999954223633
      vertex 0 0 34.47999954223633
    endloop
  endfacet
  facet normal 0 -1 0
    outer loop
      vertex 60 0 34.47999954223633
      vertex 0 0 4
      vertex 60 0 4
    endloop
  endfacet
  facet normal 0 -1 0
    outer loop
      vertex 0 0 91.44999694824219
      vertex 60 0 126.5
      vertex 0 0 126.5
    endloop
  endfacet
  facet normal 0 -1 0
    outer loop
      vertex 60 0 126.5
      vertex 0 0 91.44999694824219
      vertex 60 0 91.44999694824219
    endloop
  endfacet
  facet normal 0 -1 0
    outer loop
      vertex 0 0 37.47999954223633
      vertex 60 0 88.44999694824219
      vertex 0 0 88.44999694824219
    endloop
  endfacet
  facet normal 0 -1 0
    outer loop
      vertex 60 0 88.44999694824219
      vertex 0 0 37.47999954223633
      vertex 60 0 37.47999954223633
    endloop
  endfacet
  facet normal 0.659340371986186 0.7518445809268813 0
    outer loop
      vertex 59.414215087890625 24.914213180541992 0
      vertex 59.21752166748047 25.086706161499023 34.47999954223633
      vertex 59.414215087890625 24.914213180541992 34.47999954223633
    endloop
  endfacet
  facet normal 0.659340371986186 0.7518445809268813 0
    outer loop
      vertex 59.21752166748047 25.086706161499023 34.47999954223633
      vertex 59.414215087890625 24.914213180541992 0
      vertex 59.21752166748047 25.086706161499023 0
    endloop
  endfacet
  facet normal 0.659340371986186 0.7518445809268814 0
    outer loop
      vertex 59.414215087890625 24.914213180541992 91.44999694824219
      vertex 59.21752166748047 25.086706161499023 128.5
      vertex 59.414215087890625 24.914213180541992 128.5
    endloop
  endfacet
  facet normal 0.659340371986186 0.7518445809268814 0
    outer loop
      vertex 59.21752166748047 25.086706161499023 128.5
      vertex 59.414215087890625 24.914213180541992 91.44999694824219
      vertex 59.21752166748047 25.086706161499023 91.44999694824219
    endloop
  endfacet
  facet normal 0.659340371986186 0.7518445809268813 0
    outer loop
      vertex 59.414215087890625 24.914213180541992 37.47999954223633
      vertex 59.21752166748047 25.086706161499023 88.44999694824219
      vertex 59.414215087890625 24.914213180541992 88.44999694824219
    endloop
  endfacet
  facet normal 0.659340371986186 0.7518445809268813 0
    outer loop
      vertex 59.21752166748047 25.086706161499023 88.44999694824219
      vertex 59.414215087890625 24.914213180541992 37.47999954223633
      vertex 59.21752166748047 25.086706161499023 37.47999954223633
    endloop
  endfacet
  facet normal 0.9978582911065026 0.06541277298823332 0
    outer loop
      vertex 60 23.5 128.5
      vertex 59.982887268066406 23.761051177978516 91.44999694824219
      vertex 59.982887268066406 23.761051177978516 128.5
    endloop
  endfacet
  facet normal 0.9978582911065026 0.06541277298823332 0
    outer loop
      vertex 59.982887268066406 23.761051177978516 91.44999694824219
      vertex 60 23.5 128.5
      vertex 60 23.5 91.44999694824219
    endloop
  endfacet
  facet normal 0.9978582911065026 0.06541277298823332 0
    outer loop
      vertex 60 23.5 34.47999954223633
      vertex 59.982887268066406 23.761051177978516 0
      vertex 59.982887268066406 23.761051177978516 34.47999954223633
    endloop
  endfacet
  facet normal 0.9978582911065026 0.06541277298823332 0
    outer loop
      vertex 59.982887268066406 23.761051177978516 0
      vertex 60 23.5 34.47999954223633
      vertex 60 23.5 0
    endloop
  endfacet
  facet normal 0.9978582911065027 0.06541277298823332 0
    outer loop
      vertex 60 23.5 88.44999694824219
      vertex 59.982887268066406 23.761051177978516 37.47999954223633
      vertex 59.982887268066406 23.761051177978516 88.44999694824219
    endloop
  endfacet
  facet normal 0.9978582911065027 0.06541277298823332 0
    outer loop
      vertex 59.982887268066406 23.761051177978516 37.47999954223633
      vertex 60 23.5 88.44999694824219
      vertex 60 23.5 37.47999954223633
    endloop
  endfacet
  facet normal 0.9807862376857944 0.19508550936997948 0
    outer loop
      vertex 59.982887268066406 23.761051177978516 34.47999954223633
      vertex 59.93185043334961 24.017637252807617 0
      vertex 59.93185043334961 24.017637252807617 34.47999954223633
    endloop
  endfacet
  facet normal 0.9807862376857944 0.19508550936997948 0
    outer loop
      vertex 59.93185043334961 24.017637252807617 0
      vertex 59.982887268066406 23.761051177978516 34.47999954223633
      vertex 59.982887268066406 23.761051177978516 0
    endloop
  endfacet
  facet normal 0.9807862376857944 0.19508550936997945 0
    outer loop
      vertex 59.982887268066406 23.761051177978516 128.5
      vertex 59.93185043334961 24.017637252807617 91.44999694824219
      vertex 59.93185043334961 24.017637252807617 128.5
    endloop
  endfacet
  facet normal 0.9807862376857944 0.19508550936997945 0
    outer loop
      vertex 59.93185043334961 24.017637252807617 91.44999694824219
      vertex 59.982887268066406 23.761051177978516 128.5
      vertex 59.982887268066406 23.761051177978516 91.44999694824219
    endloop
  endfacet
  facet normal 0.9807862376857944 0.19508550936997945 0
    outer loop
      vertex 59.982887268066406 23.761051177978516 88.44999694824219
      vertex 59.93185043334961 24.017637252807617 37.47999954223633
      vertex 59.93185043334961 24.017637252807617 88.44999694824219
    endloop
  endfacet
  facet normal 0.9807862376857944 0.19508550936997945 0
    outer loop
      vertex 59.93185043334961 24.017637252807617 37.47999954223633
      vertex 59.982887268066406 23.761051177978516 88.44999694824219
      vertex 59.982887268066406 23.761051177978516 37.47999954223633
    endloop
  endfacet
  facet normal 0.19509112759217126 0.9807851201638488 0
    outer loop
      vertex 58.51763916015625 25.43185043334961 0
      vertex 58.261051177978516 25.48288917541504 128.5
      vertex 58.51763916015625 25.43185043334961 128.5
    endloop
  endfacet
  facet normal 0.19509112759217126 0.9807851201638488 0
    outer loop
      vertex 58.261051177978516 25.48288917541504 128.5
      vertex 58.51763916015625 25.43185043334961 0
      vertex 58.261051177978516 25.48288917541504 0
    endloop
  endfacet
  facet normal -0.8314688194409101 0.5555714196190613 0
    outer loop
      vertex 0.26794910430908203 24.5 91.44999694824219
      vertex 0.41329288482666016 24.71752166748047 128.5
      vertex 0.41329288482666016 24.71752166748047 91.44999694824219
    endloop
  endfacet
  facet normal -0.8314688194409101 0.5555714196190613 0
    outer loop
      vertex 0.41329288482666016 24.71752166748047 128.5
      vertex 0.26794910430908203 24.5 91.44999694824219
      vertex 0.26794910430908203 24.5 128.5
    endloop
  endfacet
  facet normal -0.8314688194409101 0.5555714196190613 0
    outer loop
      vertex 0.26794910430908203 24.5 0
      vertex 0.41329288482666016 24.71752166748047 34.47999954223633
      vertex 0.41329288482666016 24.71752166748047 0
    endloop
  endfacet
  facet normal -0.8314688194409101 0.5555714196190613 0
    outer loop
      vertex 0.41329288482666016 24.71752166748047 34.47999954223633
      vertex 0.26794910430908203 24.5 0
      vertex 0.26794910430908203 24.5 34.47999954223633
    endloop
  endfacet
  facet normal -0.8314688194409101 0.5555714196190614 0
    outer loop
      vertex 0.26794910430908203 24.5 37.47999954223633
      vertex 0.41329288482666016 24.71752166748047 88.44999694824219
      vertex 0.41329288482666016 24.71752166748047 37.47999954223633
    endloop
  endfacet
  facet normal -0.8314688194409101 0.5555714196190614 0
    outer loop
      vertex 0.41329288482666016 24.71752166748047 88.44999694824219
      vertex 0.26794910430908203 24.5 37.47999954223633
      vertex 0.26794910430908203 24.5 88.44999694824219
    endloop
  endfacet
  facet normal -1 0 0
    outer loop
      vertex 0 0 4
      vertex 0 23.5 0
      vertex 0 0 0
    endloop
  endfacet
  facet normal -1 0 0
    outer loop
      vertex 0 23.5 0
      vertex 0 0 4
      vertex 0 23.5 34.47999954223633
    endloop
  endfacet
  facet normal -1 0 0
    outer loop
      vertex 0 23.5 34.47999954223633
      vertex 0 0 4
      vertex 0 0 34.47999954223633
    endloop
  endfacet
  facet normal -1 0 0
    outer loop
      vertex 0 0 126.5
      vertex 0 23.5 128.5
      vertex 0 23.5 91.44999694824219
    endloop
  endfacet
  facet normal -1 0 0
    outer loop
      vertex 0 23.5 128.5
      vertex 0 0 126.5
      vertex 0 2 128.5
    endloop
  endfacet
  facet normal -1 0 0
    outer loop
      vertex 0 2 128.5
      vertex 0 0 126.5
      vertex 0 1.7389469146728516 128.48289489746094
    endloop
  endfacet
  facet normal -1 0 0
    outer loop
      vertex 0 1.7389469146728516 128.48289489746094
      vertex 0 0 126.5
      vertex 0 1.4823617935180664 128.43185424804688
    endloop
  endfacet
  facet normal -1 0 0
    outer loop
      vertex 0 1.4823617935180664 128.43185424804688
      vertex 0 0 126.5
      vertex 0 1.2346324920654297 128.34776306152344
    endloop
  endfacet
  facet normal -1 0 0
    outer loop
      vertex 0 1.2346324920654297 128.34776306152344
      vertex 0 0 126.5
      vertex 0 1 128.2320556640625
    endloop
  endfacet
  facet normal -1 0 0
    outer loop
      vertex 0 1 128.2320556640625
      vertex 0 0 126.5
      vertex 0 0.7824764251708984 128.08670043945312
    endloop
  endfacet
  facet normal -1 0 0
    outer loop
      vertex 0 0.7824764251708984 128.08670043945312
      vertex 0 0 126.5
      vertex 0 0.5857858657836914 127.91421508789062
    endloop
  endfacet
  facet normal -1 0 0
    outer loop
      vertex 0 0.5857858657836914 127.91421508789062
      vertex 0 0 126.5
      vertex 0 0.41329288482666016 127.71752166748047
    endloop
  endfacet
  facet normal -1 0 0
    outer loop
      vertex 0 0.41329288482666016 127.71752166748047
      vertex 0 0 126.5
      vertex 0 0.26794910430908203 127.5
    endloop
  endfacet
  facet normal -1 0 0
    outer loop
      vertex 0 0.26794910430908203 127.5
      vertex 0 0 126.5
      vertex 0 0.15224075317382812 127.26536560058594
    endloop
  endfacet
  facet normal -1 0 0
    outer loop
      vertex 0 0.15224075317382812 127.26536560058594
      vertex 0 0 126.5
      vertex 0 0.06814765930175781 127.01763916015625
    endloop
  endfacet
  facet normal -1 0 0
    outer loop
      vertex 0 0 126.5
      vertex 0 23.5 91.44999694824219
      vertex 0 0 91.44999694824219
    endloop
  endfacet
  facet normal -1 0 0
    outer loop
      vertex 0 0.06814765930175781 127.01763916015625
      vertex 0 0 126.5
      vertex 0 0.01710987091064453 126.76105499267578
    endloop
  endfacet
  facet normal -1 0 0
    outer loop
      vertex 0 0 37.47999954223633
      vertex 0 23.5 88.44999694824219
      vertex 0 23.5 37.47999954223633
    endloop
  endfacet
  facet normal -1 0 0
    outer loop
      vertex 0 23.5 88.44999694824219
      vertex 0 0 37.47999954223633
      vertex 0 0 88.44999694824219
    endloop
  endfacet
  facet normal -0.9469293718602808 0.32144169721474214 0
    outer loop
      vertex 0.06814765930175781 24.017637252807617 0
      vertex 0.15224075317382812 24.265365600585938 34.47999954223633
      vertex 0.15224075317382812 24.265365600585938 0
    endloop
  endfacet
  facet normal -0.9469293718602808 0.32144169721474214 0
    outer loop
      vertex 0.15224075317382812 24.265365600585938 34.47999954223633
      vertex 0.06814765930175781 24.017637252807617 0
      vertex 0.06814765930175781 24.017637252807617 34.47999954223633
    endloop
  endfacet
  facet normal -0.9469293718602809 0.32144169721474214 0
    outer loop
      vertex 0.06814765930175781 24.017637252807617 91.44999694824219
      vertex 0.15224075317382812 24.265365600585938 128.5
      vertex 0.15224075317382812 24.265365600585938 91.44999694824219
    endloop
  endfacet
  facet normal -0.9469293718602809 0.32144169721474214 0
    outer loop
      vertex 0.15224075317382812 24.265365600585938 128.5
      vertex 0.06814765930175781 24.017637252807617 91.44999694824219
      vertex 0.06814765930175781 24.017637252807617 128.5
    endloop
  endfacet
  facet normal -0.9469293718602809 0.32144169721474214 0
    outer loop
      vertex 0.06814765930175781 24.017637252807617 37.47999954223633
      vertex 0.15224075317382812 24.265365600585938 88.44999694824219
      vertex 0.15224075317382812 24.265365600585938 37.47999954223633
    endloop
  endfacet
  facet normal -0.9469293718602809 0.32144169721474214 0
    outer loop
      vertex 0.15224075317382812 24.265365600585938 88.44999694824219
      vertex 0.06814765930175781 24.017637252807617 37.47999954223633
      vertex 0.06814765930175781 24.017637252807617 88.44999694824219
    endloop
  endfacet
  facet normal 1 0 0
    outer loop
      vertex 60 0 4
      vertex 60 23.5 34.47999954223633
      vertex 60 0 34.47999954223633
    endloop
  endfacet
  facet normal 1 0 0
    outer loop
      vertex 60 23.5 34.47999954223633
      vertex 60 0 4
      vertex 60 23.5 0
    endloop
  endfacet
  facet normal 1 0 0
    outer loop
      vertex 60 23.5 0
      vertex 60 0 4
      vertex 60 0 0
    endloop
  endfacet
  facet normal 1 0 0
    outer loop
      vertex 60 0 126.5
      vertex 60 23.5 128.5
      vertex 60 2 128.5
    endloop
  endfacet
  facet normal 1 0 0
    outer loop
      vertex 60 0 126.5
      vertex 60 2 128.5
      vertex 60 1.7389469146728516 128.48289489746094
    endloop
  endfacet
  facet normal 1 0 0
    outer loop
      vertex 60 0 126.5
      vertex 60 1.7389469146728516 128.48289489746094
      vertex 60 1.4823617935180664 128.43185424804688
    endloop
  endfacet
  facet normal 1 0 0
    outer loop
      vertex 60 0 126.5
      vertex 60 1.4823617935180664 128.43185424804688
      vertex 60 1.2346324920654297 128.34776306152344
    endloop
  endfacet
  facet normal 1 0 0
    outer loop
      vertex 60 0 126.5
      vertex 60 1.2346324920654297 128.34776306152344
      vertex 60 1 128.2320556640625
    endloop
  endfacet
  facet normal 1 0 0
    outer loop
      vertex 60 0 126.5
      vertex 60 1 128.2320556640625
      vertex 60 0.7824764251708984 128.08670043945312
    endloop
  endfacet
  facet normal 1 0 0
    outer loop
      vertex 60 0 126.5
      vertex 60 0.7824764251708984 128.08670043945312
      vertex 60 0.5857858657836914 127.91421508789062
    endloop
  endfacet
  facet normal 1 0 0
    outer loop
      vertex 60 0 126.5
      vertex 60 0.5857858657836914 127.91421508789062
      vertex 60 0.41329288482666016 127.71752166748047
    endloop
  endfacet
  facet normal 1 0 0
    outer loop
      vertex 60 0 126.5
      vertex 60 0.41329288482666016 127.71752166748047
      vertex 60 0.26794910430908203 127.5
    endloop
  endfacet
  facet normal 1 0 0
    outer loop
      vertex 60 0 126.5
      vertex 60 0.26794910430908203 127.5
      vertex 60 0.15224075317382812 127.26536560058594
    endloop
  endfacet
  facet normal 1 0 0
    outer loop
      vertex 60 0 126.5
      vertex 60 0.15224075317382812 127.26536560058594
      vertex 60 0.06814765930175781 127.01763916015625
    endloop
  endfacet
  facet normal 1 0 0
    outer loop
      vertex 60 0 126.5
      vertex 60 0.06814765930175781 127.01763916015625
      vertex 60 0.01710987091064453 126.76105499267578
    endloop
  endfacet
  facet normal 1 0 0
    outer loop
      vertex 60 23.5 128.5
      vertex 60 0 126.5
      vertex 60 23.5 91.44999694824219
    endloop
  endfacet
  facet normal 1 0 0
    outer loop
      vertex 60 23.5 91.44999694824219
      vertex 60 0 126.5
      vertex 60 0 91.44999694824219
    endloop
  endfacet
  facet normal 1 0 0
    outer loop
      vertex 60 0 88.44999694824219
      vertex 60 23.5 37.47999954223633
      vertex 60 23.5 88.44999694824219
    endloop
  endfacet
  facet normal 1 0 0
    outer loop
      vertex 60 23.5 37.47999954223633
      vertex 60 0 88.44999694824219
      vertex 60 0 37.47999954223633
    endloop
  endfacet
  facet normal -0.44229288579903664 0.8968706724893842 0
    outer loop
      vertex 1.2346324920654297 25.347759246826172 128.5
      vertex 1 25.2320499420166 91.44999694824219
      vertex 1 25.2320499420166 128.5
    endloop
  endfacet
  facet normal -0.44229288579903664 0.8968706724893841 0
    outer loop
      vertex 1.2346324920654297 25.347759246826172 128.5
      vertex 1 25.2320499420166 88.44999694824219
      vertex 1 25.2320499420166 91.44999694824219
    endloop
  endfacet
  facet normal -0.4422928857990367 0.8968706724893842 0
    outer loop
      vertex 1.2346324920654297 25.347759246826172 128.5
      vertex 1 25.2320499420166 37.47999954223633
      vertex 1 25.2320499420166 88.44999694824219
    endloop
  endfacet
  facet normal -0.44229288579903664 0.8968706724893841 0
    outer loop
      vertex 1.2346324920654297 25.347759246826172 128.5
      vertex 1 25.2320499420166 34.47999954223633
      vertex 1 25.2320499420166 37.47999954223633
    endloop
  endfacet
  facet normal -0.44229288579903664 0.8968706724893842 0
    outer loop
      vertex 1.2346324920654297 25.347759246826172 0
      vertex 1 25.2320499420166 34.47999954223633
      vertex 1.2346324920654297 25.347759246826172 128.5
    endloop
  endfacet
  facet normal -0.44229288579903664 0.8968706724893842 0
    outer loop
      vertex 1 25.2320499420166 34.47999954223633
      vertex 1.2346324920654297 25.347759246826172 0
      vertex 1 25.2320499420166 0
    endloop
  endfacet
  facet normal -0.6593457932372824 0.7518398266521259 0
    outer loop
      vertex 0.7824764251708984 25.086706161499023 0
      vertex 0.5857858657836914 24.914213180541992 34.47999954223633
      vertex 0.7824764251708984 25.086706161499023 34.47999954223633
    endloop
  endfacet
  facet normal -0.6593457932372824 0.7518398266521259 0
    outer loop
      vertex 0.5857858657836914 24.914213180541992 34.47999954223633
      vertex 0.7824764251708984 25.086706161499023 0
      vertex 0.5857858657836914 24.914213180541992 0
    endloop
  endfacet
  facet normal -0.6593457932372825 0.7518398266521259 0
    outer loop
      vertex 0.7824764251708984 25.086706161499023 91.44999694824219
      vertex 0.5857858657836914 24.914213180541992 128.5
      vertex 0.7824764251708984 25.086706161499023 128.5
    endloop
  endfacet
  facet normal -0.6593457932372825 0.7518398266521259 0
    outer loop
      vertex 0.5857858657836914 24.914213180541992 128.5
      vertex 0.7824764251708984 25.086706161499023 91.44999694824219
      vertex 0.5857858657836914 24.914213180541992 91.44999694824219
    endloop
  endfacet
  facet normal -0.6593457932372825 0.751839826652126 0
    outer loop
      vertex 0.7824764251708984 25.086706161499023 37.47999954223633
      vertex 0.5857858657836914 24.914213180541992 88.44999694824219
      vertex 0.7824764251708984 25.086706161499023 88.44999694824219
    endloop
  endfacet
  facet normal -0.6593457932372825 0.751839826652126 0
    outer loop
      vertex 0.5857858657836914 24.914213180541992 88.44999694824219
      vertex 0.7824764251708984 25.086706161499023 37.47999954223633
      vertex 0.5857858657836914 24.914213180541992 37.47999954223633
    endloop
  endfacet
  facet normal 0.9469315910190028 0.3214351597604407 0
    outer loop
      vertex 59.93185043334961 24.017637252807617 34.47999954223633
      vertex 59.84775924682617 24.265365600585938 0
      vertex 59.84775924682617 24.265365600585938 34.47999954223633
    endloop
  endfacet
  facet normal 0.9469315910190028 0.3214351597604407 0
    outer loop
      vertex 59.84775924682617 24.265365600585938 0
      vertex 59.93185043334961 24.017637252807617 34.47999954223633
      vertex 59.93185043334961 24.017637252807617 0
    endloop
  endfacet
  facet normal 0.9469315910190028 0.3214351597604407 0
    outer loop
      vertex 59.93185043334961 24.017637252807617 128.5
      vertex 59.84775924682617 24.265365600585938 91.44999694824219
      vertex 59.84775924682617 24.265365600585938 128.5
    endloop
  endfacet
  facet normal 0.9469315910190028 0.3214351597604407 0
    outer loop
      vertex 59.84775924682617 24.265365600585938 91.44999694824219
      vertex 59.93185043334961 24.017637252807617 128.5
      vertex 59.93185043334961 24.017637252807617 91.44999694824219
    endloop
  endfacet
  facet normal 0.9469315910190028 0.3214351597604407 0
    outer loop
      vertex 59.93185043334961 24.017637252807617 88.44999694824219
      vertex 59.84775924682617 24.265365600585938 37.47999954223633
      vertex 59.84775924682617 24.265365600585938 88.44999694824219
    endloop
  endfacet
  facet normal 0.9469315910190028 0.3214351597604407 0
    outer loop
      vertex 59.84775924682617 24.265365600585938 37.47999954223633
      vertex 59.93185043334961 24.017637252807617 88.44999694824219
      vertex 59.93185043334961 24.017637252807617 37.47999954223633
    endloop
  endfacet
  facet normal 0.8314755552374982 0.5555613386859226 0
    outer loop
      vertex 59.73204803466797 24.5 34.47999954223633
      vertex 59.586708068847656 24.71752166748047 0
      vertex 59.586708068847656 24.71752166748047 34.47999954223633
    endloop
  endfacet
  facet normal 0.8314755552374982 0.5555613386859226 0
    outer loop
      vertex 59.586708068847656 24.71752166748047 0
      vertex 59.73204803466797 24.5 34.47999954223633
      vertex 59.73204803466797 24.5 0
    endloop
  endfacet
  facet normal 0.831475555237498 0.5555613386859225 0
    outer loop
      vertex 59.73204803466797 24.5 128.5
      vertex 59.586708068847656 24.71752166748047 91.44999694824219
      vertex 59.586708068847656 24.71752166748047 128.5
    endloop
  endfacet
  facet normal 0.831475555237498 0.5555613386859225 0
    outer loop
      vertex 59.586708068847656 24.71752166748047 91.44999694824219
      vertex 59.73204803466797 24.5 128.5
      vertex 59.73204803466797 24.5 91.44999694824219
    endloop
  endfacet
  facet normal 0.831475555237498 0.5555613386859226 0
    outer loop
      vertex 59.73204803466797 24.5 88.44999694824219
      vertex 59.586708068847656 24.71752166748047 37.47999954223633
      vertex 59.586708068847656 24.71752166748047 88.44999694824219
    endloop
  endfacet
  facet normal 0.831475555237498 0.5555613386859226 0
    outer loop
      vertex 59.586708068847656 24.71752166748047 37.47999954223633
      vertex 59.73204803466797 24.5 88.44999694824219
      vertex 59.73204803466797 24.5 37.47999954223633
    endloop
  endfacet
  facet normal 0.5555714196190613 0.8314688194409101 0
    outer loop
      vertex 59.21752166748047 25.086706161499023 0
      vertex 59 25.2320499420166 34.47999954223633
      vertex 59.21752166748047 25.086706161499023 34.47999954223633
    endloop
  endfacet
  facet normal 0.5555714196190613 0.8314688194409101 0
    outer loop
      vertex 59 25.2320499420166 34.47999954223633
      vertex 59.21752166748047 25.086706161499023 0
      vertex 59 25.2320499420166 0
    endloop
  endfacet
  facet normal 0.5555714196190613 0.8314688194409101 0
    outer loop
      vertex 59.21752166748047 25.086706161499023 91.44999694824219
      vertex 59 25.2320499420166 128.5
      vertex 59.21752166748047 25.086706161499023 128.5
    endloop
  endfacet
  facet normal 0.5555714196190613 0.8314688194409101 0
    outer loop
      vertex 59 25.2320499420166 128.5
      vertex 59.21752166748047 25.086706161499023 91.44999694824219
      vertex 59 25.2320499420166 91.44999694824219
    endloop
  endfacet
  facet normal 0.5555714196190614 0.8314688194409101 0
    outer loop
      vertex 59.21752166748047 25.086706161499023 37.47999954223633
      vertex 59 25.2320499420166 88.44999694824219
      vertex 59.21752166748047 25.086706161499023 88.44999694824219
    endloop
  endfacet
  facet normal 0.5555714196190614 0.8314688194409101 0
    outer loop
      vertex 59 25.2320499420166 88.44999694824219
      vertex 59.21752166748047 25.086706161499023 37.47999954223633
      vertex 59 25.2320499420166 37.47999954223633
    endloop
  endfacet
  facet normal -0.5555680517333541 0.8314710697872808 0
    outer loop
      vertex 1 25.2320499420166 0
      vertex 0.7824764251708984 25.086706161499023 34.47999954223633
      vertex 1 25.2320499420166 34.47999954223633
    endloop
  endfacet
  facet normal -0.5555680517333541 0.8314710697872808 0
    outer loop
      vertex 0.7824764251708984 25.086706161499023 34.47999954223633
      vertex 1 25.2320499420166 0
      vertex 0.7824764251708984 25.086706161499023 0
    endloop
  endfacet
  facet normal -0.5555680517333541 0.8314710697872808 0
    outer loop
      vertex 1 25.2320499420166 91.44999694824219
      vertex 0.7824764251708984 25.086706161499023 128.5
      vertex 1 25.2320499420166 128.5
    endloop
  endfacet
  facet normal -0.5555680517333541 0.8314710697872808 0
    outer loop
      vertex 0.7824764251708984 25.086706161499023 128.5
      vertex 1 25.2320499420166 91.44999694824219
      vertex 0.7824764251708984 25.086706161499023 91.44999694824219
    endloop
  endfacet
  facet normal -0.5555680517333541 0.8314710697872808 0
    outer loop
      vertex 1 25.2320499420166 37.47999954223633
      vertex 0.7824764251708984 25.086706161499023 88.44999694824219
      vertex 1 25.2320499420166 88.44999694824219
    endloop
  endfacet
  facet normal -0.5555680517333541 0.8314710697872808 0
    outer loop
      vertex 0.7824764251708984 25.086706161499023 88.44999694824219
      vertex 1 25.2320499420166 37.47999954223633
      vertex 0.7824764251708984 25.086706161499023 37.47999954223633
    endloop
  endfacet
  facet normal 0.44228999372747985 0.8968720987122667 0
    outer loop
      vertex 59 25.2320499420166 91.44999694824219
      vertex 58.76536560058594 25.347759246826172 128.5
      vertex 59 25.2320499420166 128.5
    endloop
  endfacet
  facet normal 0.44228999372747985 0.8968720987122667 0
    outer loop
      vertex 59 25.2320499420166 88.44999694824219
      vertex 58.76536560058594 25.347759246826172 128.5
      vertex 59 25.2320499420166 91.44999694824219
    endloop
  endfacet
  facet normal 0.4422899937274798 0.8968720987122667 0
    outer loop
      vertex 59 25.2320499420166 37.47999954223633
      vertex 58.76536560058594 25.347759246826172 128.5
      vertex 59 25.2320499420166 88.44999694824219
    endloop
  endfacet
  facet normal 0.44228999372747985 0.8968720987122667 0
    outer loop
      vertex 59 25.2320499420166 34.47999954223633
      vertex 58.76536560058594 25.347759246826172 128.5
      vertex 59 25.2320499420166 37.47999954223633
    endloop
  endfacet
  facet normal 0.4422899937274798 0.8968720987122666 0
    outer loop
      vertex 58.76536560058594 25.347759246826172 0
      vertex 59 25.2320499420166 34.47999954223633
      vertex 59 25.2320499420166 0
    endloop
  endfacet
  facet normal 0.4422899937274799 0.8968720987122668 0
    outer loop
      vertex 59 25.2320499420166 34.47999954223633
      vertex 58.76536560058594 25.347759246826172 0
      vertex 58.76536560058594 25.347759246826172 128.5
    endloop
  endfacet
  facet normal -0.06540503757857268 0.9978587981570065 0
    outer loop
      vertex 2 25.5 0
      vertex 1.7389469146728516 25.48288917541504 128.5
      vertex 2 25.5 128.5
    endloop
  endfacet
  facet normal -0.06540503757857268 0.9978587981570065 0
    outer loop
      vertex 1.7389469146728516 25.48288917541504 128.5
      vertex 2 25.5 0
      vertex 1.7389469146728516 25.48288917541504 0
    endloop
  endfacet
  facet normal -0.3214340501933723 0.9469319676599184 0
    outer loop
      vertex 1.4823617935180664 25.43185043334961 0
      vertex 1.2346324920654297 25.347759246826172 128.5
      vertex 1.4823617935180664 25.43185043334961 128.5
    endloop
  endfacet
  facet normal -0.3214340501933723 0.9469319676599184 0
    outer loop
      vertex 1.2346324920654297 25.347759246826172 128.5
      vertex 1.4823617935180664 25.43185043334961 0
      vertex 1.2346324920654297 25.347759246826172 0
    endloop
  endfacet
  facet normal -0.8968735447372774 0.4422870614774872 0
    outer loop
      vertex 0.15224075317382812 24.265365600585938 0
      vertex 0.26794910430908203 24.5 34.47999954223633
      vertex 0.26794910430908203 24.5 0
    endloop
  endfacet
  facet normal -0.8968735447372774 0.4422870614774872 0
    outer loop
      vertex 0.26794910430908203 24.5 34.47999954223633
      vertex 0.15224075317382812 24.265365600585938 0
      vertex 0.15224075317382812 24.265365600585938 34.47999954223633
    endloop
  endfacet
  facet normal -0.8968735447372774 0.44228706147748725 0
    outer loop
      vertex 0.15224075317382812 24.265365600585938 91.44999694824219
      vertex 0.26794910430908203 24.5 128.5
      vertex 0.26794910430908203 24.5 91.44999694824219
    endloop
  endfacet
  facet normal -0.8968735447372774 0.44228706147748725 0
    outer loop
      vertex 0.26794910430908203 24.5 128.5
      vertex 0.15224075317382812 24.265365600585938 91.44999694824219
      vertex 0.15224075317382812 24.265365600585938 128.5
    endloop
  endfacet
  facet normal -0.8968735447372775 0.44228706147748725 0
    outer loop
      vertex 0.15224075317382812 24.265365600585938 37.47999954223633
      vertex 0.26794910430908203 24.5 88.44999694824219
      vertex 0.26794910430908203 24.5 37.47999954223633
    endloop
  endfacet
  facet normal -0.8968735447372775 0.44228706147748725 0
    outer loop
      vertex 0.26794910430908203 24.5 88.44999694824219
      vertex 0.15224075317382812 24.265365600585938 37.47999954223633
      vertex 0.15224075317382812 24.265365600585938 88.44999694824219
    endloop
  endfacet
  facet normal -0.751841411423408 0.6593439861474872 0
    outer loop
      vertex 0.41329288482666016 24.71752166748047 0
      vertex 0.5857858657836914 24.914213180541992 34.47999954223633
      vertex 0.5857858657836914 24.914213180541992 0
    endloop
  endfacet
  facet normal -0.751841411423408 0.6593439861474872 0
    outer loop
      vertex 0.5857858657836914 24.914213180541992 34.47999954223633
      vertex 0.41329288482666016 24.71752166748047 0
      vertex 0.41329288482666016 24.71752166748047 34.47999954223633
    endloop
  endfacet
  facet normal -0.751841411423408 0.6593439861474872 0
    outer loop
      vertex 0.41329288482666016 24.71752166748047 91.44999694824219
      vertex 0.5857858657836914 24.914213180541992 128.5
      vertex 0.5857858657836914 24.914213180541992 91.44999694824219
    endloop
  endfacet
  facet normal -0.751841411423408 0.6593439861474872 0
    outer loop
      vertex 0.5857858657836914 24.914213180541992 128.5
      vertex 0.41329288482666016 24.71752166748047 91.44999694824219
      vertex 0.41329288482666016 24.71752166748047 128.5
    endloop
  endfacet
  facet normal -0.751841411423408 0.6593439861474872 0
    outer loop
      vertex 0.41329288482666016 24.71752166748047 37.47999954223633
      vertex 0.5857858657836914 24.914213180541992 88.44999694824219
      vertex 0.5857858657836914 24.914213180541992 37.47999954223633
    endloop
  endfacet
  facet normal -0.751841411423408 0.6593439861474872 0
    outer loop
      vertex 0.5857858657836914 24.914213180541992 88.44999694824219
      vertex 0.41329288482666016 24.71752166748047 37.47999954223633
      vertex 0.41329288482666016 24.71752166748047 88.44999694824219
    endloop
  endfacet
  facet normal 0.06540551341072687 0.9978587669682917 0
    outer loop
      vertex 58.261051177978516 25.48288917541504 0
      vertex 58 25.5 128.5
      vertex 58.261051177978516 25.48288917541504 128.5
    endloop
  endfacet
  facet normal 0.06540551341072687 0.9978587669682917 0
    outer loop
      vertex 58 25.5 128.5
      vertex 58.261051177978516 25.48288917541504 0
      vertex 58 25.5 0
    endloop
  endfacet
  facet normal 0.8968692066474735 0.442295858184916 0
    outer loop
      vertex 59.84775924682617 24.265365600585938 34.47999954223633
      vertex 59.73204803466797 24.5 0
      vertex 59.73204803466797 24.5 34.47999954223633
    endloop
  endfacet
  facet normal 0.8968692066474735 0.442295858184916 0
    outer loop
      vertex 59.73204803466797 24.5 0
      vertex 59.84775924682617 24.265365600585938 34.47999954223633
      vertex 59.84775924682617 24.265365600585938 0
    endloop
  endfacet
  facet normal 0.8968692066474736 0.44229585818491607 0
    outer loop
      vertex 59.84775924682617 24.265365600585938 128.5
      vertex 59.73204803466797 24.5 91.44999694824219
      vertex 59.73204803466797 24.5 128.5
    endloop
  endfacet
  facet normal 0.8968692066474736 0.44229585818491607 0
    outer loop
      vertex 59.73204803466797 24.5 91.44999694824219
      vertex 59.84775924682617 24.265365600585938 128.5
      vertex 59.84775924682617 24.265365600585938 91.44999694824219
    endloop
  endfacet
  facet normal 0.8968692066474735 0.442295858184916 0
    outer loop
      vertex 59.84775924682617 24.265365600585938 88.44999694824219
      vertex 59.73204803466797 24.5 37.47999954223633
      vertex 59.73204803466797 24.5 88.44999694824219
    endloop
  endfacet
  facet normal 0.8968692066474735 0.442295858184916 0
    outer loop
      vertex 59.73204803466797 24.5 37.47999954223633
      vertex 59.84775924682617 24.265365600585938 88.44999694824219
      vertex 59.84775924682617 24.265365600585938 37.47999954223633
    endloop
  endfacet
  facet normal 0 0 -1
    outer loop
      vertex 23 -11 0
      vertex 28.5 -9 0
      vertex 27.16666603088379 -11 0
    endloop
  endfacet
  facet normal 0 0 -1
    outer loop
      vertex 57 3 0
      vertex 60 23.5 0
      vertex 60 0 0
    endloop
  endfacet
  facet normal 0 0 -1
    outer loop
      vertex 57 25.5 0
      vertex 60 23.5 0
      vertex 57 3 0
    endloop
  endfacet
  facet normal 0 0 -1
    outer loop
      vertex 58 25.5 0
      vertex 60 23.5 0
      vertex 57 25.5 0
    endloop
  endfacet
  facet normal 0 0 -1
    outer loop
      vertex 60 23.5 0
      vertex 58 25.5 0
      vertex 59.982887268066406 23.761051177978516 0
    endloop
  endfacet
  facet normal 0 0 -1
    outer loop
      vertex 59.982887268066406 23.761051177978516 0
      vertex 58 25.5 0
      vertex 59.93185043334961 24.017637252807617 0
    endloop
  endfacet
  facet normal 0 0 -1
    outer loop
      vertex 59.93185043334961 24.017637252807617 0
      vertex 58 25.5 0
      vertex 59.84775924682617 24.265365600585938 0
    endloop
  endfacet
  facet normal 0 0 -1
    outer loop
      vertex 59.84775924682617 24.265365600585938 0
      vertex 58 25.5 0
      vertex 59.73204803466797 24.5 0
    endloop
  endfacet
  facet normal 0 0 -1
    outer loop
      vertex 59.73204803466797 24.5 0
      vertex 58 25.5 0
      vertex 59.586708068847656 24.71752166748047 0
    endloop
  endfacet
  facet normal 0 0 -1
    outer loop
      vertex 59.586708068847656 24.71752166748047 0
      vertex 58 25.5 0
      vertex 59.414215087890625 24.914213180541992 0
    endloop
  endfacet
  facet normal 0 0 -1
    outer loop
      vertex 59.414215087890625 24.914213180541992 0
      vertex 58 25.5 0
      vertex 59.21752166748047 25.086706161499023 0
    endloop
  endfacet
  facet normal 0 0 -1
    outer loop
      vertex 59.21752166748047 25.086706161499023 0
      vertex 58 25.5 0
      vertex 59 25.2320499420166 0
    endloop
  endfacet
  facet normal 0 0 -1
    outer loop
      vertex 59 25.2320499420166 0
      vertex 58 25.5 0
      vertex 58.76536560058594 25.347759246826172 0
    endloop
  endfacet
  facet normal 0 0 -1
    outer loop
      vertex 58.51763916015625 25.43185043334961 0
      vertex 58 25.5 0
      vertex 58.261051177978516 25.48288917541504 0
    endloop
  endfacet
  facet normal 0 0 -1
    outer loop
      vertex 37 -11 0
      vertex 57 3 0
      vertex 60 0 0
    endloop
  endfacet
  facet normal 0 0 -1
    outer loop
      vertex 31.5 -9 0
      vertex 37 -11 0
      vertex 32.83333206176758 -11 0
    endloop
  endfacet
  facet normal 0 0 -1
    outer loop
      vertex 37 -11 0
      vertex 31.5 -9 0
      vertex 31.5 -6.5 0
    endloop
  endfacet
  facet normal 0 0 -1
    outer loop
      vertex 31.44888687133789 -6.1117706298828125 0
      vertex 37 -11 0
      vertex 31.5 -6.5 0
    endloop
  endfacet
  facet normal 0 0 -1
    outer loop
      vertex 31.29903793334961 -5.75 0
      vertex 37 -11 0
      vertex 31.44888687133789 -6.1117706298828125 0
    endloop
  endfacet
  facet normal 0 0 -1
    outer loop
      vertex 37 -11 0
      vertex 31.29903793334961 -5.75 0
      vertex 57 3 0
    endloop
  endfacet
  facet normal 0 0 -1
    outer loop
      vertex 31.060659408569336 -5.439339637756348 0
      vertex 57 3 0
      vertex 31.29903793334961 -5.75 0
    endloop
  endfacet
  facet normal 0 0 -1
    outer loop
      vertex 30.75 -5.200961112976074 0
      vertex 57 3 0
      vertex 31.060659408569336 -5.439339637756348 0
    endloop
  endfacet
  facet normal 0 0 -1
    outer loop
      vertex 30.388229370117188 -5.051111221313477 0
      vertex 57 3 0
      vertex 30.75 -5.200961112976074 0
    endloop
  endfacet
  facet normal 0 0 -1
    outer loop
      vertex 30 -5 0
      vertex 57 3 0
      vertex 30.388229370117188 -5.051111221313477 0
    endloop
  endfacet
  facet normal 0 0 -1
    outer loop
      vertex 3 3 0
      vertex 30 -5 0
      vertex 29.611770629882812 -5.051111221313477 0
    endloop
  endfacet
  facet normal 0 0 -1
    outer loop
      vertex 28.5 -9 0
      vertex 23 -11 0
      vertex 28.5 -6.5 0
    endloop
  endfacet
  facet normal 0 0 -1
    outer loop
      vertex 28.5 -6.5 0
      vertex 23 -11 0
      vertex 28.551111221313477 -6.1117706298828125 0
    endloop
  endfacet
  facet normal 0 0 -1
    outer loop
      vertex 23 -11 0
      vertex 28.70096206665039 -5.75 0
      vertex 28.551111221313477 -6.1117706298828125 0
    endloop
  endfacet
  facet normal 0 0 -1
    outer loop
      vertex 3 3 0
      vertex 28.70096206665039 -5.75 0
      vertex 23 -11 0
    endloop
  endfacet
  facet normal 0 0 -1
    outer loop
      vertex 30 -5 0
      vertex 3 3 0
      vertex 57 3 0
    endloop
  endfacet
  facet normal 0 0 -1
    outer loop
      vertex 29.25 -5.200961112976074 0
      vertex 3 3 0
      vertex 29.611770629882812 -5.051111221313477 0
    endloop
  endfacet
  facet normal 0 0 -1
    outer loop
      vertex 28.93933868408203 -5.439339637756348 0
      vertex 3 3 0
      vertex 29.25 -5.200961112976074 0
    endloop
  endfacet
  facet normal 0 0 -1
    outer loop
      vertex 28.70096206665039 -5.75 0
      vertex 3 3 0
      vertex 28.93933868408203 -5.439339637756348 0
    endloop
  endfacet
  facet normal 0 0 -1
    outer loop
      vertex 0 23.5 0
      vertex 3 25.5 0
      vertex 3 3 0
    endloop
  endfacet
  facet normal 0 0 -1
    outer loop
      vertex 3 25.5 0
      vertex 0 23.5 0
      vertex 2 25.5 0
    endloop
  endfacet
  facet normal 0 0 -1
    outer loop
      vertex 2 25.5 0
      vertex 0 23.5 0
      vertex 1.7389469146728516 25.48288917541504 0
    endloop
  endfacet
  facet normal 0 0 -1
    outer loop
      vertex 1.7389469146728516 25.48288917541504 0
      vertex 0 23.5 0
      vertex 1.4823617935180664 25.43185043334961 0
    endloop
  endfacet
  facet normal 0 0 -1
    outer loop
      vertex 1.4823617935180664 25.43185043334961 0
      vertex 0 23.5 0
      vertex 1.2346324920654297 25.347759246826172 0
    endloop
  endfacet
  facet normal 0 0 -1
    outer loop
      vertex 1.2346324920654297 25.347759246826172 0
      vertex 0 23.5 0
      vertex 1 25.2320499420166 0
    endloop
  endfacet
  facet normal 0 0 -1
    outer loop
      vertex 1 25.2320499420166 0
      vertex 0 23.5 0
      vertex 0.7824764251708984 25.086706161499023 0
    endloop
  endfacet
  facet normal 0 0 -1
    outer loop
      vertex 0.7824764251708984 25.086706161499023 0
      vertex 0 23.5 0
      vertex 0.5857858657836914 24.914213180541992 0
    endloop
  endfacet
  facet normal 0 0 -1
    outer loop
      vertex 0.5857858657836914 24.914213180541992 0
      vertex 0 23.5 0
      vertex 0.41329288482666016 24.71752166748047 0
    endloop
  endfacet
  facet normal 0 0 -1
    outer loop
      vertex 0.41329288482666016 24.71752166748047 0
      vertex 0 23.5 0
      vertex 0.26794910430908203 24.5 0
    endloop
  endfacet
  facet normal 0 0 -1
    outer loop
      vertex 0.26794910430908203 24.5 0
      vertex 0 23.5 0
      vertex 0.15224075317382812 24.265365600585938 0
    endloop
  endfacet
  facet normal 0 0 -1
    outer loop
      vertex 0.15224075317382812 24.265365600585938 0
      vertex 0 23.5 0
      vertex 0.06814765930175781 24.017637252807617 0
    endloop
  endfacet
  facet normal 0 0 -1
    outer loop
      vertex 0 0 0
      vertex 3 3 0
      vertex 23 -11 0
    endloop
  endfacet
  facet normal 0 0 -1
    outer loop
      vertex 0 23.5 0
      vertex 3 3 0
      vertex 0 0 0
    endloop
  endfacet
  facet normal 0 0 -1
    outer loop
      vertex 0.06814765930175781 24.017637252807617 0
      vertex 0 23.5 0
      vertex 0.01710987091064453 23.761051177978516 0
    endloop
  endfacet
  facet normal 0 0 -1
    outer loop
      vertex 58.76536560058594 25.347759246826172 0
      vertex 58 25.5 0
      vertex 58.51763916015625 25.43185043334961 0
    endloop
  endfacet
  facet normal -0.19509322013739036 0.980784703926618 0
    outer loop
      vertex 1.7389469146728516 25.48288917541504 0
      vertex 1.4823617935180664 25.43185043334961 128.5
      vertex 1.7389469146728516 25.48288917541504 128.5
    endloop
  endfacet
  facet normal -0.19509322013739036 0.980784703926618 0
    outer loop
      vertex 1.4823617935180664 25.43185043334961 128.5
      vertex 1.7389469146728516 25.48288917541504 0
      vertex 1.4823617935180664 25.43185043334961 0
    endloop
  endfacet
  facet normal -0.9807855401855946 0.1950890159974446 0
    outer loop
      vertex 0.01710987091064453 23.761051177978516 0
      vertex 0.06814765930175781 24.017637252807617 34.47999954223633
      vertex 0.06814765930175781 24.017637252807617 0
    endloop
  endfacet
  facet normal -0.9807855401855946 0.1950890159974446 0
    outer loop
      vertex 0.06814765930175781 24.017637252807617 34.47999954223633
      vertex 0.01710987091064453 23.761051177978516 0
      vertex 0.01710987091064453 23.761051177978516 34.47999954223633
    endloop
  endfacet
  facet normal -0.9807855401855947 0.1950890159974446 0
    outer loop
      vertex 0.01710987091064453 23.761051177978516 91.44999694824219
      vertex 0.06814765930175781 24.017637252807617 128.5
      vertex 0.06814765930175781 24.017637252807617 91.44999694824219
    endloop
  endfacet
  facet normal -0.9807855401855947 0.1950890159974446 0
    outer loop
      vertex 0.06814765930175781 24.017637252807617 128.5
      vertex 0.01710987091064453 23.761051177978516 91.44999694824219
      vertex 0.01710987091064453 23.761051177978516 128.5
    endloop
  endfacet
  facet normal -0.9807855401855946 0.19508901599744458 0
    outer loop
      vertex 0.01710987091064453 23.761051177978516 37.47999954223633
      vertex 0.06814765930175781 24.017637252807617 88.44999694824219
      vertex 0.06814765930175781 24.017637252807617 37.47999954223633
    endloop
  endfacet
  facet normal -0.9807855401855946 0.19508901599744458 0
    outer loop
      vertex 0.06814765930175781 24.017637252807617 88.44999694824219
      vertex 0.01710987091064453 23.761051177978516 37.47999954223633
      vertex 0.01710987091064453 23.761051177978516 88.44999694824219
    endloop
  endfacet
  facet normal -0.9978590048795508 0.06540188361807907 0
    outer loop
      vertex 0 23.5 0
      vertex 0.01710987091064453 23.761051177978516 34.47999954223633
      vertex 0.01710987091064453 23.761051177978516 0
    endloop
  endfacet
  facet normal -0.9978590048795508 0.06540188361807907 0
    outer loop
      vertex 0.01710987091064453 23.761051177978516 34.47999954223633
      vertex 0 23.5 0
      vertex 0 23.5 34.47999954223633
    endloop
  endfacet
  facet normal -0.9978590048795507 0.06540188361807907 0
    outer loop
      vertex 0 23.5 91.44999694824219
      vertex 0.01710987091064453 23.761051177978516 128.5
      vertex 0.01710987091064453 23.761051177978516 91.44999694824219
    endloop
  endfacet
  facet normal -0.9978590048795507 0.06540188361807907 0
    outer loop
      vertex 0.01710987091064453 23.761051177978516 128.5
      vertex 0 23.5 91.44999694824219
      vertex 0 23.5 128.5
    endloop
  endfacet
  facet normal -0.9978590048795507 0.06540188361807907 0
    outer loop
      vertex 0 23.5 37.47999954223633
      vertex 0.01710987091064453 23.761051177978516 88.44999694824219
      vertex 0.01710987091064453 23.761051177978516 37.47999954223633
    endloop
  endfacet
  facet normal -0.9978590048795507 0.06540188361807907 0
    outer loop
      vertex 0.01710987091064453 23.761051177978516 88.44999694824219
      vertex 0 23.5 37.47999954223633
      vertex 0 23.5 88.44999694824219
    endloop
  endfacet
  facet normal 0 0 1
    outer loop
      vertex 58 25.5 128.5
      vertex 31.98288917541504 14.511052131652832 128.5
      vertex 32 14.25 128.5
    endloop
  endfacet
  facet normal 0 0 1
    outer loop
      vertex 58 25.5 128.5
      vertex 31.93185043334961 14.767637252807617 128.5
      vertex 31.98288917541504 14.511052131652832 128.5
    endloop
  endfacet
  facet normal 0 0 1
    outer loop
      vertex 58 25.5 128.5
      vertex 31.847759246826172 15.015366554260254 128.5
      vertex 31.93185043334961 14.767637252807617 128.5
    endloop
  endfacet
  facet normal 0 0 1
    outer loop
      vertex 58 25.5 128.5
      vertex 31.7320499420166 15.25 128.5
      vertex 31.847759246826172 15.015366554260254 128.5
    endloop
  endfacet
  facet normal 0 0 1
    outer loop
      vertex 58 25.5 128.5
      vertex 31.586706161499023 15.467522621154785 128.5
      vertex 31.7320499420166 15.25 128.5
    endloop
  endfacet
  facet normal 0 0 1
    outer loop
      vertex 58 25.5 128.5
      vertex 31.414213180541992 15.664213180541992 128.5
      vertex 31.586706161499023 15.467522621154785 128.5
    endloop
  endfacet
  facet normal 0 0 1
    outer loop
      vertex 58 25.5 128.5
      vertex 31.21752166748047 15.836706161499023 128.5
      vertex 31.414213180541992 15.664213180541992 128.5
    endloop
  endfacet
  facet normal 0 0 1
    outer loop
      vertex 58 25.5 128.5
      vertex 31 15.982049942016602 128.5
      vertex 31.21752166748047 15.836706161499023 128.5
    endloop
  endfacet
  facet normal 0 0 1
    outer loop
      vertex 58 25.5 128.5
      vertex 30.765365600585938 16.097759246826172 128.5
      vertex 31 15.982049942016602 128.5
    endloop
  endfacet
  facet normal 0 0 1
    outer loop
      vertex 58 25.5 128.5
      vertex 30.517637252807617 16.18185043334961 128.5
      vertex 30.765365600585938 16.097759246826172 128.5
    endloop
  endfacet
  facet normal 0 0 1
    outer loop
      vertex 58 25.5 128.5
      vertex 30.261051177978516 16.23288917541504 128.5
      vertex 30.517637252807617 16.18185043334961 128.5
    endloop
  endfacet
  facet normal 0 0 1
    outer loop
      vertex 58 25.5 128.5
      vertex 30 16.25 128.5
      vertex 30.261051177978516 16.23288917541504 128.5
    endloop
  endfacet
  facet normal 0 0 1
    outer loop
      vertex 2 25.5 128.5
      vertex 30 16.25 128.5
      vertex 58 25.5 128.5
    endloop
  endfacet
  facet normal 0 0 1
    outer loop
      vertex 30 16.25 128.5
      vertex 2 25.5 128.5
      vertex 29.73894691467285 16.23288917541504 128.5
    endloop
  endfacet
  facet normal 0 0 1
    outer loop
      vertex 28.017108917236328 14.511052131652832 128.5
      vertex 2 25.5 128.5
      vertex 28 14.25 128.5
    endloop
  endfacet
  facet normal 0 0 1
    outer loop
      vertex 28.068147659301758 14.767637252807617 128.5
      vertex 2 25.5 128.5
      vertex 28.017108917236328 14.511052131652832 128.5
    endloop
  endfacet
  facet normal 0 0 1
    outer loop
      vertex 28.152240753173828 15.015366554260254 128.5
      vertex 2 25.5 128.5
      vertex 28.068147659301758 14.767637252807617 128.5
    endloop
  endfacet
  facet normal 0 0 1
    outer loop
      vertex 28.267948150634766 15.25 128.5
      vertex 2 25.5 128.5
      vertex 28.152240753173828 15.015366554260254 128.5
    endloop
  endfacet
  facet normal 0 0 1
    outer loop
      vertex 28.413291931152344 15.467522621154785 128.5
      vertex 2 25.5 128.5
      vertex 28.267948150634766 15.25 128.5
    endloop
  endfacet
  facet normal 0 0 1
    outer loop
      vertex 28.585784912109375 15.664213180541992 128.5
      vertex 2 25.5 128.5
      vertex 28.413291931152344 15.467522621154785 128.5
    endloop
  endfacet
  facet normal 0 0 1
    outer loop
      vertex 28.7824764251709 15.836706161499023 128.5
      vertex 2 25.5 128.5
      vertex 28.585784912109375 15.664213180541992 128.5
    endloop
  endfacet
  facet normal 0 0 1
    outer loop
      vertex 29 15.982049942016602 128.5
      vertex 2 25.5 128.5
      vertex 28.7824764251709 15.836706161499023 128.5
    endloop
  endfacet
  facet normal 0 0 1
    outer loop
      vertex 29.23463249206543 16.097759246826172 128.5
      vertex 2 25.5 128.5
      vertex 29 15.982049942016602 128.5
    endloop
  endfacet
  facet normal 0 0 1
    outer loop
      vertex 29.48236083984375 16.18185043334961 128.5
      vertex 2 25.5 128.5
      vertex 29.23463249206543 16.097759246826172 128.5
    endloop
  endfacet
  facet normal 0 0 1
    outer loop
      vertex 29.73894691467285 16.23288917541504 128.5
      vertex 2 25.5 128.5
      vertex 29.48236083984375 16.18185043334961 128.5
    endloop
  endfacet
  facet normal 0 0 1
    outer loop
      vertex 58 25.5 128.5
      vertex 60 23.5 128.5
      vertex 59.982887268066406 23.761051177978516 128.5
    endloop
  endfacet
  facet normal 0 0 1
    outer loop
      vertex 58 25.5 128.5
      vertex 59.982887268066406 23.761051177978516 128.5
      vertex 59.93185043334961 24.017637252807617 128.5
    endloop
  endfacet
  facet normal 0 0 1
    outer loop
      vertex 58 25.5 128.5
      vertex 59.93185043334961 24.017637252807617 128.5
      vertex 59.84775924682617 24.265365600585938 128.5
    endloop
  endfacet
  facet normal 0 0 1
    outer loop
      vertex 58 25.5 128.5
      vertex 59.84775924682617 24.265365600585938 128.5
      vertex 59.73204803466797 24.5 128.5
    endloop
  endfacet
  facet normal 0 0 1
    outer loop
      vertex 58 25.5 128.5
      vertex 59.73204803466797 24.5 128.5
      vertex 59.586708068847656 24.71752166748047 128.5
    endloop
  endfacet
  facet normal 0 0 1
    outer loop
      vertex 58 25.5 128.5
      vertex 59.586708068847656 24.71752166748047 128.5
      vertex 59.414215087890625 24.914213180541992 128.5
    endloop
  endfacet
  facet normal 0 0 1
    outer loop
      vertex 58 25.5 128.5
      vertex 59.414215087890625 24.914213180541992 128.5
      vertex 59.21752166748047 25.086706161499023 128.5
    endloop
  endfacet
  facet normal 0 0 1
    outer loop
      vertex 58 25.5 128.5
      vertex 59.21752166748047 25.086706161499023 128.5
      vertex 59 25.2320499420166 128.5
    endloop
  endfacet
  facet normal 0 0 1
    outer loop
      vertex 58 25.5 128.5
      vertex 59 25.2320499420166 128.5
      vertex 58.76536560058594 25.347759246826172 128.5
    endloop
  endfacet
  facet normal 0 0 1
    outer loop
      vertex 58 25.5 128.5
      vertex 58.76536560058594 25.347759246826172 128.5
      vertex 58.51763916015625 25.43185043334961 128.5
    endloop
  endfacet
  facet normal 0 0 1
    outer loop
      vertex 58 25.5 128.5
      vertex 58.51763916015625 25.43185043334961 128.5
      vertex 58.261051177978516 25.48288917541504 128.5
    endloop
  endfacet
  facet normal 0 0 1
    outer loop
      vertex 32 14.25 128.5
      vertex 60 23.5 128.5
      vertex 58 25.5 128.5
    endloop
  endfacet
  facet normal 0 0 1
    outer loop
      vertex 60 23.5 128.5
      vertex 32 14.25 128.5
      vertex 31.98288917541504 13.988946914672852 128.5
    endloop
  endfacet
  facet normal 0 0 1
    outer loop
      vertex 60 23.5 128.5
      vertex 31.98288917541504 13.988946914672852 128.5
      vertex 60 2 128.5
    endloop
  endfacet
  facet normal 0 0 1
    outer loop
      vertex 31.93185043334961 13.732361793518066 128.5
      vertex 60 2 128.5
      vertex 31.98288917541504 13.988946914672852 128.5
    endloop
  endfacet
  facet normal 0 0 1
    outer loop
      vertex 31.847759246826172 13.48463249206543 128.5
      vertex 60 2 128.5
      vertex 31.93185043334961 13.732361793518066 128.5
    endloop
  endfacet
  facet normal 0 0 1
    outer loop
      vertex 31.7320499420166 13.25 128.5
      vertex 60 2 128.5
      vertex 31.847759246826172 13.48463249206543 128.5
    endloop
  endfacet
  facet normal 0 0 1
    outer loop
      vertex 31.586706161499023 13.032476425170898 128.5
      vertex 60 2 128.5
      vertex 31.7320499420166 13.25 128.5
    endloop
  endfacet
  facet normal 0 0 1
    outer loop
      vertex 31.414213180541992 12.835785865783691 128.5
      vertex 60 2 128.5
      vertex 31.586706161499023 13.032476425170898 128.5
    endloop
  endfacet
  facet normal 0 0 1
    outer loop
      vertex 31.21752166748047 12.66329288482666 128.5
      vertex 60 2 128.5
      vertex 31.414213180541992 12.835785865783691 128.5
    endloop
  endfacet
  facet normal 0 0 1
    outer loop
      vertex 31 12.517949104309082 128.5
      vertex 60 2 128.5
      vertex 31.21752166748047 12.66329288482666 128.5
    endloop
  endfacet
  facet normal 0 0 1
    outer loop
      vertex 30.765365600585938 12.402240753173828 128.5
      vertex 60 2 128.5
      vertex 31 12.517949104309082 128.5
    endloop
  endfacet
  facet normal 0 0 1
    outer loop
      vertex 30.517637252807617 12.318147659301758 128.5
      vertex 60 2 128.5
      vertex 30.765365600585938 12.402240753173828 128.5
    endloop
  endfacet
  facet normal 0 0 1
    outer loop
      vertex 30.261051177978516 12.267109870910645 128.5
      vertex 60 2 128.5
      vertex 30.517637252807617 12.318147659301758 128.5
    endloop
  endfacet
  facet normal 0 0 1
    outer loop
      vertex 30 12.25 128.5
      vertex 60 2 128.5
      vertex 30.261051177978516 12.267109870910645 128.5
    endloop
  endfacet
  facet normal 0 0 1
    outer loop
      vertex 0 2 128.5
      vertex 30 12.25 128.5
      vertex 29.73894691467285 12.267109870910645 128.5
    endloop
  endfacet
  facet normal 0 0 1
    outer loop
      vertex 0 2 128.5
      vertex 29.73894691467285 12.267109870910645 128.5
      vertex 29.48236083984375 12.318147659301758 128.5
    endloop
  endfacet
  facet normal 0 0 1
    outer loop
      vertex 0 23.5 128.5
      vertex 28 14.25 128.5
      vertex 2 25.5 128.5
    endloop
  endfacet
  facet normal 0 0 1
    outer loop
      vertex 28 14.25 128.5
      vertex 0 23.5 128.5
      vertex 28.017108917236328 13.988946914672852 128.5
    endloop
  endfacet
  facet normal 0 0 1
    outer loop
      vertex 0 2 128.5
      vertex 28.017108917236328 13.988946914672852 128.5
      vertex 0 23.5 128.5
    endloop
  endfacet
  facet normal 0 0 1
    outer loop
      vertex 28.017108917236328 13.988946914672852 128.5
      vertex 0 2 128.5
      vertex 28.068147659301758 13.732361793518066 128.5
    endloop
  endfacet
  facet normal 0 0 1
    outer loop
      vertex 28.068147659301758 13.732361793518066 128.5
      vertex 0 2 128.5
      vertex 28.152240753173828 13.48463249206543 128.5
    endloop
  endfacet
  facet normal 0 0 1
    outer loop
      vertex 28.152240753173828 13.48463249206543 128.5
      vertex 0 2 128.5
      vertex 28.267948150634766 13.25 128.5
    endloop
  endfacet
  facet normal 0 0 1
    outer loop
      vertex 28.267948150634766 13.25 128.5
      vertex 0 2 128.5
      vertex 28.413291931152344 13.032476425170898 128.5
    endloop
  endfacet
  facet normal 0 0 1
    outer loop
      vertex 28.413291931152344 13.032476425170898 128.5
      vertex 0 2 128.5
      vertex 28.585784912109375 12.835785865783691 128.5
    endloop
  endfacet
  facet normal 0 0 1
    outer loop
      vertex 28.585784912109375 12.835785865783691 128.5
      vertex 0 2 128.5
      vertex 28.7824764251709 12.66329288482666 128.5
    endloop
  endfacet
  facet normal 0 0 1
    outer loop
      vertex 0 23.5 128.5
      vertex 2 25.5 128.5
      vertex 1.7389469146728516 25.48288917541504 128.5
    endloop
  endfacet
  facet normal 0 0 1
    outer loop
      vertex 0 23.5 128.5
      vertex 1.7389469146728516 25.48288917541504 128.5
      vertex 1.4823617935180664 25.43185043334961 128.5
    endloop
  endfacet
  facet normal 0 0 1
    outer loop
      vertex 0 23.5 128.5
      vertex 1.4823617935180664 25.43185043334961 128.5
      vertex 1.2346324920654297 25.347759246826172 128.5
    endloop
  endfacet
  facet normal 0 0 1
    outer loop
      vertex 0 23.5 128.5
      vertex 1.2346324920654297 25.347759246826172 128.5
      vertex 1 25.2320499420166 128.5
    endloop
  endfacet
  facet normal 0 0 1
    outer loop
      vertex 0 23.5 128.5
      vertex 1 25.2320499420166 128.5
      vertex 0.7824764251708984 25.086706161499023 128.5
    endloop
  endfacet
  facet normal 0 0 1
    outer loop
      vertex 0 23.5 128.5
      vertex 0.7824764251708984 25.086706161499023 128.5
      vertex 0.5857858657836914 24.914213180541992 128.5
    endloop
  endfacet
  facet normal 0 0 1
    outer loop
      vertex 0 23.5 128.5
      vertex 0.5857858657836914 24.914213180541992 128.5
      vertex 0.41329288482666016 24.71752166748047 128.5
    endloop
  endfacet
  facet normal 0 0 1
    outer loop
      vertex 0 23.5 128.5
      vertex 0.41329288482666016 24.71752166748047 128.5
      vertex 0.26794910430908203 24.5 128.5
    endloop
  endfacet
  facet normal 0 0 1
    outer loop
      vertex 0 23.5 128.5
      vertex 0.26794910430908203 24.5 128.5
      vertex 0.15224075317382812 24.265365600585938 128.5
    endloop
  endfacet
  facet normal 0 0 1
    outer loop
      vertex 0 23.5 128.5
      vertex 0.15224075317382812 24.265365600585938 128.5
      vertex 0.06814765930175781 24.017637252807617 128.5
    endloop
  endfacet
  facet normal 0 0 1
    outer loop
      vertex 0 23.5 128.5
      vertex 0.06814765930175781 24.017637252807617 128.5
      vertex 0.01710987091064453 23.761051177978516 128.5
    endloop
  endfacet
  facet normal 0 0 1
    outer loop
      vertex 28.7824764251709 12.66329288482666 128.5
      vertex 0 2 128.5
      vertex 29 12.517949104309082 128.5
    endloop
  endfacet
  facet normal 0 0 1
    outer loop
      vertex 30 12.25 128.5
      vertex 0 2 128.5
      vertex 60 2 128.5
    endloop
  endfacet
  facet normal 0 0 1
    outer loop
      vertex 29.23463249206543 12.402240753173828 128.5
      vertex 0 2 128.5
      vertex 29.48236083984375 12.318147659301758 128.5
    endloop
  endfacet
  facet normal 0 0 1
    outer loop
      vertex 29 12.517949104309082 128.5
      vertex 0 2 128.5
      vertex 29.23463249206543 12.402240753173828 128.5
    endloop
  endfacet
  facet normal 0 -0.9978590672493916 0.06540093201303933
    outer loop
      vertex 0 0 126.5
      vertex 60 0.01710987091064453 126.76105499267578
      vertex 0 0.01710987091064453 126.76105499267578
    endloop
  endfacet
  facet normal 0 -0.9978590672493916 0.06540093201303933
    outer loop
      vertex 60 0.01710987091064453 126.76105499267578
      vertex 0 0 126.5
      vertex 60 0 126.5
    endloop
  endfacet
  facet normal 0 -0.659329308005141 0.7518542834921285
    outer loop
      vertex 0 0.7824764251708984 128.08670043945312
      vertex 60 0.5857858657836914 127.91421508789062
      vertex 60 0.7824764251708984 128.08670043945312
    endloop
  endfacet
  facet normal 0 -0.659329308005141 0.7518542834921285
    outer loop
      vertex 60 0.5857858657836914 127.91421508789062
      vertex 0 0.7824764251708984 128.08670043945312
      vertex 0 0.5857858657836914 127.91421508789062
    endloop
  endfacet
  facet normal 0 -0.5555982930431883 0.831450862509322
    outer loop
      vertex 0 1 128.2320556640625
      vertex 60 0.7824764251708984 128.08670043945312
      vertex 60 1 128.2320556640625
    endloop
  endfacet
  facet normal 0 -0.5555982930431883 0.831450862509322
    outer loop
      vertex 60 0.7824764251708984 128.08670043945312
      vertex 0 1 128.2320556640625
      vertex 0 0.7824764251708984 128.08670043945312
    endloop
  endfacet
  facet normal 0 -0.44228702126517283 0.8968735645677046
    outer loop
      vertex 0 1.2346324920654297 128.34776306152344
      vertex 60 1 128.2320556640625
      vertex 60 1.2346324920654297 128.34776306152344
    endloop
  endfacet
  facet normal 0 -0.44228702126517283 0.8968735645677046
    outer loop
      vertex 60 1 128.2320556640625
      vertex 0 1.2346324920654297 128.34776306152344
      vertex 0 1 128.2320556640625
    endloop
  endfacet
  facet normal 0 -0.19510023337800328 0.9807833088587146
    outer loop
      vertex 0 1.7389469146728516 128.48289489746094
      vertex 60 1.4823617935180664 128.43185424804688
      vertex 60 1.7389469146728516 128.48289489746094
    endloop
  endfacet
  facet normal 0 -0.19510023337800328 0.9807833088587146
    outer loop
      vertex 60 1.4823617935180664 128.43185424804688
      vertex 0 1.7389469146728516 128.48289489746094
      vertex 0 1.4823617935180664 128.43185424804688
    endloop
  endfacet
  facet normal 0 -0.7518445809268813 0.659340371986186
    outer loop
      vertex 0 0.41329288482666016 127.71752166748047
      vertex 60 0.5857858657836914 127.91421508789062
      vertex 0 0.5857858657836914 127.91421508789062
    endloop
  endfacet
  facet normal 0 -0.7518445809268813 0.659340371986186
    outer loop
      vertex 60 0.5857858657836914 127.91421508789062
      vertex 0 0.41329288482666016 127.71752166748047
      vertex 60 0.41329288482666016 127.71752166748047
    endloop
  endfacet
  facet normal 0 -0.8314688194409101 0.5555714196190614
    outer loop
      vertex 0 0.26794910430908203 127.5
      vertex 60 0.41329288482666016 127.71752166748047
      vertex 0 0.41329288482666016 127.71752166748047
    endloop
  endfacet
  facet normal 0 -0.8314688194409101 0.5555714196190614
    outer loop
      vertex 60 0.41329288482666016 127.71752166748047
      vertex 0 0.26794910430908203 127.5
      vertex 60 0.26794910430908203 127.5
    endloop
  endfacet
  facet normal 0 -0.8968735447372775 0.44228706147748725
    outer loop
      vertex 0 0.15224075317382812 127.26536560058594
      vertex 60 0.26794910430908203 127.5
      vertex 0 0.26794910430908203 127.5
    endloop
  endfacet
  facet normal 0 -0.8968735447372775 0.44228706147748725
    outer loop
      vertex 60 0.26794910430908203 127.5
      vertex 0 0.15224075317382812 127.26536560058594
      vertex 60 0.15224075317382812 127.26536560058594
    endloop
  endfacet
  facet normal 0 -0.06538325894082814 0.997860225407485
    outer loop
      vertex 0 2 128.5
      vertex 60 1.7389469146728516 128.48289489746094
      vertex 60 2 128.5
    endloop
  endfacet
  facet normal 0 -0.06538325894082814 0.997860225407485
    outer loop
      vertex 60 1.7389469146728516 128.48289489746094
      vertex 0 2 128.5
      vertex 0 1.7389469146728516 128.48289489746094
    endloop
  endfacet
  facet normal 0 -0.9469286185378721 0.32144391640526826
    outer loop
      vertex 0 0.06814765930175781 127.01763916015625
      vertex 60 0.15224075317382812 127.26536560058594
      vertex 0 0.15224075317382812 127.26536560058594
    endloop
  endfacet
  facet normal 0 -0.9469286185378721 0.32144391640526826
    outer loop
      vertex 60 0.15224075317382812 127.26536560058594
      vertex 0 0.06814765930175781 127.01763916015625
      vertex 60 0.06814765930175781 127.01763916015625
    endloop
  endfacet
  facet normal 0 -0.9807852626994211 0.19509041101916727
    outer loop
      vertex 0 0.01710987091064453 126.76105499267578
      vertex 60 0.06814765930175781 127.01763916015625
      vertex 0 0.06814765930175781 127.01763916015625
    endloop
  endfacet
  facet normal 0 -0.9807852626994211 0.19509041101916727
    outer loop
      vertex 60 0.06814765930175781 127.01763916015625
      vertex 0 0.01710987091064453 126.76105499267578
      vertex 60 0.01710987091064453 126.76105499267578
    endloop
  endfacet
  facet normal 0 -0.3214340501933723 0.9469319676599184
    outer loop
      vertex 0 1.4823617935180664 128.43185424804688
      vertex 60 1.2346324920654297 128.34776306152344
      vertex 60 1.4823617935180664 128.43185424804688
    endloop
  endfacet
  facet normal 0 -0.3214340501933723 0.9469319676599184
    outer loop
      vertex 60 1.2346324920654297 128.34776306152344
      vertex 0 1.4823617935180664 128.43185424804688
      vertex 0 1.2346324920654297 128.34776306152344
    endloop
  endfacet
  facet normal 0 0 1
    outer loop
      vertex 31.29903793334961 -5.75 4
      vertex 37 -11 4
      vertex 60 0 4
    endloop
  endfacet
  facet normal 0 0 1
    outer loop
      vertex 31.5 -9 4
      vertex 37 -11 4
      vertex 31.5 -6.5 4
    endloop
  endfacet
  facet normal 0 0 1
    outer loop
      vertex 37 -11 4
      vertex 31.44888687133789 -6.1117706298828125 4
      vertex 31.5 -6.5 4
    endloop
  endfacet
  facet normal 0 0 1
    outer loop
      vertex 37 -11 4
      vertex 31.29903793334961 -5.75 4
      vertex 31.44888687133789 -6.1117706298828125 4
    endloop
  endfacet
  facet normal 0 0 1
    outer loop
      vertex 60 0 4
      vertex 31.060659408569336 -5.439339637756348 4
      vertex 31.29903793334961 -5.75 4
    endloop
  endfacet
  facet normal 0 0 1
    outer loop
      vertex 60 0 4
      vertex 30.75 -5.200961112976074 4
      vertex 31.060659408569336 -5.439339637756348 4
    endloop
  endfacet
  facet normal 0 0 1
    outer loop
      vertex 60 0 4
      vertex 30.388229370117188 -5.051111221313477 4
      vertex 30.75 -5.200961112976074 4
    endloop
  endfacet
  facet normal 0 0 1
    outer loop
      vertex 60 0 4
      vertex 30 -5 4
      vertex 30.388229370117188 -5.051111221313477 4
    endloop
  endfacet
  facet normal 0 0 1
    outer loop
      vertex 0 0 4
      vertex 30 -5 4
      vertex 60 0 4
    endloop
  endfacet
  facet normal 0 0 1
    outer loop
      vertex 23 -11 4
      vertex 28.5 -9 4
      vertex 28.5 -6.5 4
    endloop
  endfacet
  facet normal 0 0 1
    outer loop
      vertex 23 -11 4
      vertex 28.5 -6.5 4
      vertex 28.551111221313477 -6.1117706298828125 4
    endloop
  endfacet
  facet normal 0 0 1
    outer loop
      vertex 28.5 -9 4
      vertex 23 -11 4
      vertex 27.16666603088379 -11 4
    endloop
  endfacet
  facet normal 0 0 1
    outer loop
      vertex 28.70096206665039 -5.75 4
      vertex 23 -11 4
      vertex 28.551111221313477 -6.1117706298828125 4
    endloop
  endfacet
  facet normal 0 0 1
    outer loop
      vertex 0 0 4
      vertex 28.70096206665039 -5.75 4
      vertex 28.93933868408203 -5.439339637756348 4
    endloop
  endfacet
  facet normal 0 0 1
    outer loop
      vertex 28.70096206665039 -5.75 4
      vertex 0 0 4
      vertex 23 -11 4
    endloop
  endfacet
  facet normal 0 0 1
    outer loop
      vertex 29.25 -5.200961112976074 4
      vertex 0 0 4
      vertex 28.93933868408203 -5.439339637756348 4
    endloop
  endfacet
  facet normal 0 0 1
    outer loop
      vertex 29.611770629882812 -5.051111221313477 4
      vertex 0 0 4
      vertex 29.25 -5.200961112976074 4
    endloop
  endfacet
  facet normal 0 0 1
    outer loop
      vertex 30 -5 4
      vertex 0 0 4
      vertex 29.611770629882812 -5.051111221313477 4
    endloop
  endfacet
  facet normal 0 0 1
    outer loop
      vertex 37 -11 4
      vertex 31.5 -9 4
      vertex 32.83333206176758 -11 4
    endloop
  endfacet
  facet normal 0 -1 0
    outer loop
      vertex 23 -11 0
      vertex 27.16666603088379 -11 4
      vertex 23 -11 4
    endloop
  endfacet
  facet normal 0 -1 0
    outer loop
      vertex 27.16666603088379 -11 4
      vertex 23 -11 0
      vertex 27.16666603088379 -11 0
    endloop
  endfacet
  facet normal 0 -1 0
    outer loop
      vertex 32.83333206176758 -11 0
      vertex 37 -11 4
      vertex 32.83333206176758 -11 4
    endloop
  endfacet
  facet normal 0 -1 0
    outer loop
      vertex 37 -11 4
      vertex 32.83333206176758 -11 0
      vertex 37 -11 0
    endloop
  endfacet
  facet normal -0.43145549730400484 -0.9021342216356465 0
    outer loop
      vertex 0 0 0
      vertex 23 -11 4
      vertex 0 0 4
    endloop
  endfacet
  facet normal -0.43145549730400484 -0.9021342216356465 0
    outer loop
      vertex 23 -11 4
      vertex 0 0 0
      vertex 23 -11 0
    endloop
  endfacet
  facet normal 0.43145549730400484 -0.9021342216356465 0
    outer loop
      vertex 37 -11 0
      vertex 60 0 4
      vertex 37 -11 4
    endloop
  endfacet
  facet normal 0.43145549730400484 -0.9021342216356465 0
    outer loop
      vertex 60 0 4
      vertex 37 -11 0
      vertex 60 0 0
    endloop
  endfacet
  facet normal -1 0 0
    outer loop
      vertex 31.5 -9 0
      vertex 31.5 -6.5 4
      vertex 31.5 -6.5 0
    endloop
  endfacet
  facet normal -1 0 0
    outer loop
      vertex 31.5 -6.5 4
      vertex 31.5 -9 0
      vertex 31.5 -9 4
    endloop
  endfacet
  facet normal -0.9914442789083516 -0.13053061640817715 0
    outer loop
      vertex 31.5 -6.5 0
      vertex 31.44888687133789 -6.1117706298828125 4
      vertex 31.44888687133789 -6.1117706298828125 0
    endloop
  endfacet
  facet normal -0.9914442789083516 -0.13053061640817715 0
    outer loop
      vertex 31.44888687133789 -6.1117706298828125 4
      vertex 31.5 -6.5 0
      vertex 31.5 -6.5 4
    endloop
  endfacet
  facet normal -0.9238807634942465 -0.3826804604958137 0
    outer loop
      vertex 31.44888687133789 -6.1117706298828125 0
      vertex 31.29903793334961 -5.75 4
      vertex 31.29903793334961 -5.75 0
    endloop
  endfacet
  facet normal -0.9238807634942465 -0.3826804604958137 0
    outer loop
      vertex 31.29903793334961 -5.75 4
      vertex 31.44888687133789 -6.1117706298828125 0
      vertex 31.44888687133789 -6.1117706298828125 4
    endloop
  endfacet
  facet normal -0.7933527917664623 -0.6087621438594553 0
    outer loop
      vertex 31.29903793334961 -5.75 0
      vertex 31.060659408569336 -5.439339637756348 4
      vertex 31.060659408569336 -5.439339637756348 0
    endloop
  endfacet
  facet normal -0.7933527917664623 -0.6087621438594553 0
    outer loop
      vertex 31.060659408569336 -5.439339637756348 4
      vertex 31.29903793334961 -5.75 0
      vertex 31.29903793334961 -5.75 4
    endloop
  endfacet
  facet normal -0.6087633200973881 -0.793351889204283 0
    outer loop
      vertex 30.75 -5.200961112976074 0
      vertex 31.060659408569336 -5.439339637756348 4
      vertex 30.75 -5.200961112976074 4
    endloop
  endfacet
  facet normal -0.6087633200973881 -0.793351889204283 0
    outer loop
      vertex 31.060659408569336 -5.439339637756348 4
      vertex 30.75 -5.200961112976074 0
      vertex 31.060659408569336 -5.439339637756348 0
    endloop
  endfacet
  facet normal -0.38268253930174495 -0.9238799024297306 0
    outer loop
      vertex 30.388229370117188 -5.051111221313477 0
      vertex 30.75 -5.200961112976074 4
      vertex 30.388229370117188 -5.051111221313477 4
    endloop
  endfacet
  facet normal -0.38268253930174495 -0.9238799024297306 0
    outer loop
      vertex 30.75 -5.200961112976074 4
      vertex 30.388229370117188 -5.051111221313477 0
      vertex 30.75 -5.200961112976074 0
    endloop
  endfacet
  facet normal -0.13052582848644545 -0.9914449092601803 0
    outer loop
      vertex 30 -5 0
      vertex 30.388229370117188 -5.051111221313477 4
      vertex 30 -5 4
    endloop
  endfacet
  facet normal -0.13052582848644545 -0.9914449092601803 0
    outer loop
      vertex 30.388229370117188 -5.051111221313477 4
      vertex 30 -5 0
      vertex 30.388229370117188 -5.051111221313477 0
    endloop
  endfacet
  facet normal 0.13052582848644545 -0.9914449092601803 0
    outer loop
      vertex 29.611770629882812 -5.051111221313477 0
      vertex 30 -5 4
      vertex 29.611770629882812 -5.051111221313477 4
    endloop
  endfacet
  facet normal 0.13052582848644545 -0.9914449092601803 0
    outer loop
      vertex 30 -5 4
      vertex 29.611770629882812 -5.051111221313477 0
      vertex 30 -5 0
    endloop
  endfacet
  facet normal 0.38268253930174495 -0.9238799024297306 0
    outer loop
      vertex 29.25 -5.200961112976074 0
      vertex 29.611770629882812 -5.051111221313477 4
      vertex 29.25 -5.200961112976074 4
    endloop
  endfacet
  facet normal 0.38268253930174495 -0.9238799024297306 0
    outer loop
      vertex 29.611770629882812 -5.051111221313477 4
      vertex 29.25 -5.200961112976074 0
      vertex 29.611770629882812 -5.051111221313477 0
    endloop
  endfacet
  facet normal 0.6087609676247296 -0.7933536943234101 0
    outer loop
      vertex 28.93933868408203 -5.439339637756348 0
      vertex 29.25 -5.200961112976074 4
      vertex 28.93933868408203 -5.439339637756348 4
    endloop
  endfacet
  facet normal 0.6087609676247296 -0.7933536943234101 0
    outer loop
      vertex 29.25 -5.200961112976074 4
      vertex 28.93933868408203 -5.439339637756348 0
      vertex 29.25 -5.200961112976074 0
    endloop
  endfacet
  facet normal 0.7933551442401728 -0.6087590780494815 0
    outer loop
      vertex 28.70096206665039 -5.75 4
      vertex 28.93933868408203 -5.439339637756348 0
      vertex 28.93933868408203 -5.439339637756348 4
    endloop
  endfacet
  facet normal 0.7933551442401728 -0.6087590780494815 0
    outer loop
      vertex 28.93933868408203 -5.439339637756348 0
      vertex 28.70096206665039 -5.75 4
      vertex 28.70096206665039 -5.75 0
    endloop
  endfacet
  facet normal 0.9238790413621422 -0.3826846181018637 0
    outer loop
      vertex 28.551111221313477 -6.1117706298828125 4
      vertex 28.70096206665039 -5.75 0
      vertex 28.70096206665039 -5.75 4
    endloop
  endfacet
  facet normal 0.9238790413621422 -0.3826846181018637 0
    outer loop
      vertex 28.70096206665039 -5.75 0
      vertex 28.551111221313477 -6.1117706298828125 4
      vertex 28.551111221313477 -6.1117706298828125 0
    endloop
  endfacet
  facet normal 0.9914449092601803 -0.13052582848644545 0
    outer loop
      vertex 28.5 -6.5 4
      vertex 28.551111221313477 -6.1117706298828125 0
      vertex 28.551111221313477 -6.1117706298828125 4
    endloop
  endfacet
  facet normal 0.9914449092601803 -0.13052582848644545 0
    outer loop
      vertex 28.551111221313477 -6.1117706298828125 0
      vertex 28.5 -6.5 4
      vertex 28.5 -6.5 0
    endloop
  endfacet
  facet normal 1 0 0
    outer loop
      vertex 28.5 -9 4
      vertex 28.5 -6.5 0
      vertex 28.5 -6.5 4
    endloop
  endfacet
  facet normal 1 0 0
    outer loop
      vertex 28.5 -6.5 0
      vertex 28.5 -9 4
      vertex 28.5 -9 0
    endloop
  endfacet
  facet normal 0.8320501722601498 -0.5547003793417262 0
    outer loop
      vertex 27.16666603088379 -11 4
      vertex 28.5 -9 0
      vertex 28.5 -9 4
    endloop
  endfacet
  facet normal 0.8320501722601498 -0.5547003793417262 0
    outer loop
      vertex 28.5 -9 0
      vertex 27.16666603088379 -11 4
      vertex 27.16666603088379 -11 0
    endloop
  endfacet
  facet normal -0.8320505384932181 -0.5546998299919931 0
    outer loop
      vertex 32.83333206176758 -11 0
      vertex 31.5 -9 4
      vertex 31.5 -9 0
    endloop
  endfacet
  facet normal -0.8320505384932181 -0.5546998299919931 0
    outer loop
      vertex 31.5 -9 4
      vertex 32.83333206176758 -11 0
      vertex 32.83333206176758 -11 4
    endloop
  endfacet
  facet normal 0 0 1
    outer loop
      vertex 0 23.5 88.44999694824219
      vertex 1 25.2320499420166 88.44999694824219
      vertex 0.7824764251708984 25.086706161499023 88.44999694824219
    endloop
  endfacet
  facet normal 0 0 1
    outer loop
      vertex 59 25.2320499420166 88.44999694824219
      vertex 60 23.5 88.44999694824219
      vertex 59.982887268066406 23.761051177978516 88.44999694824219
    endloop
  endfacet
  facet normal 0 0 1
    outer loop
      vertex 59 25.2320499420166 88.44999694824219
      vertex 59.982887268066406 23.761051177978516 88.44999694824219
      vertex 59.93185043334961 24.017637252807617 88.44999694824219
    endloop
  endfacet
  facet normal 0 0 1
    outer loop
      vertex 59 25.2320499420166 88.44999694824219
      vertex 59.93185043334961 24.017637252807617 88.44999694824219
      vertex 59.84775924682617 24.265365600585938 88.44999694824219
    endloop
  endfacet
  facet normal 0 0 1
    outer loop
      vertex 59 25.2320499420166 88.44999694824219
      vertex 59.84775924682617 24.265365600585938 88.44999694824219
      vertex 59.73204803466797 24.5 88.44999694824219
    endloop
  endfacet
  facet normal 0 0 1
    outer loop
      vertex 59 25.2320499420166 88.44999694824219
      vertex 59.73204803466797 24.5 88.44999694824219
      vertex 59.586708068847656 24.71752166748047 88.44999694824219
    endloop
  endfacet
  facet normal 0 0 1
    outer loop
      vertex 59 25.2320499420166 88.44999694824219
      vertex 59.586708068847656 24.71752166748047 88.44999694824219
      vertex 59.414215087890625 24.914213180541992 88.44999694824219
    endloop
  endfacet
  facet normal 0 0 1
    outer loop
      vertex 59 25.2320499420166 88.44999694824219
      vertex 59.414215087890625 24.914213180541992 88.44999694824219
      vertex 59.21752166748047 25.086706161499023 88.44999694824219
    endloop
  endfacet
  facet normal 0 0 1
    outer loop
      vertex 60 23.5 88.44999694824219
      vertex 59 25.2320499420166 88.44999694824219
      vertex 59 1 88.44999694824219
    endloop
  endfacet
  facet normal 0 0 1
    outer loop
      vertex 60 23.5 88.44999694824219
      vertex 59 1 88.44999694824219
      vertex 60 0 88.44999694824219
    endloop
  endfacet
  facet normal 0 0 1
    outer loop
      vertex 1 1 88.44999694824219
      vertex 60 0 88.44999694824219
      vertex 59 1 88.44999694824219
    endloop
  endfacet
  facet normal 0 0 1
    outer loop
      vertex 0 23.5 88.44999694824219
      vertex 0.7824764251708984 25.086706161499023 88.44999694824219
      vertex 0.5857858657836914 24.914213180541992 88.44999694824219
    endloop
  endfacet
  facet normal 0 0 1
    outer loop
      vertex 0 23.5 88.44999694824219
      vertex 0.5857858657836914 24.914213180541992 88.44999694824219
      vertex 0.41329288482666016 24.71752166748047 88.44999694824219
    endloop
  endfacet
  facet normal 0 0 1
    outer loop
      vertex 0 23.5 88.44999694824219
      vertex 0.41329288482666016 24.71752166748047 88.44999694824219
      vertex 0.26794910430908203 24.5 88.44999694824219
    endloop
  endfacet
  facet normal 0 0 1
    outer loop
      vertex 0 23.5 88.44999694824219
      vertex 0.26794910430908203 24.5 88.44999694824219
      vertex 0.15224075317382812 24.265365600585938 88.44999694824219
    endloop
  endfacet
  facet normal 0 0 1
    outer loop
      vertex 0 23.5 88.44999694824219
      vertex 0.15224075317382812 24.265365600585938 88.44999694824219
      vertex 0.06814765930175781 24.017637252807617 88.44999694824219
    endloop
  endfacet
  facet normal 0 0 1
    outer loop
      vertex 0 23.5 88.44999694824219
      vertex 0.06814765930175781 24.017637252807617 88.44999694824219
      vertex 0.01710987091064453 23.761051177978516 88.44999694824219
    endloop
  endfacet
  facet normal 0 0 1
    outer loop
      vertex 1 25.2320499420166 88.44999694824219
      vertex 0 23.5 88.44999694824219
      vertex 1 1 88.44999694824219
    endloop
  endfacet
  facet normal 0 0 1
    outer loop
      vertex 1 1 88.44999694824219
      vertex 0 0 88.44999694824219
      vertex 60 0 88.44999694824219
    endloop
  endfacet
  facet normal 0 0 1
    outer loop
      vertex 0 0 88.44999694824219
      vertex 1 1 88.44999694824219
      vertex 0 23.5 88.44999694824219
    endloop
  endfacet
  facet normal 0 0 -1
    outer loop
      vertex 59 1 91.44999694824219
      vertex 60 23.5 91.44999694824219
      vertex 60 0 91.44999694824219
    endloop
  endfacet
  facet normal 0 0 -1
    outer loop
      vertex 59 25.2320499420166 91.44999694824219
      vertex 60 23.5 91.44999694824219
      vertex 59 1 91.44999694824219
    endloop
  endfacet
  facet normal 0 0 -1
    outer loop
      vertex 60 23.5 91.44999694824219
      vertex 59 25.2320499420166 91.44999694824219
      vertex 59.982887268066406 23.761051177978516 91.44999694824219
    endloop
  endfacet
  facet normal 0 0 -1
    outer loop
      vertex 59.982887268066406 23.761051177978516 91.44999694824219
      vertex 59 25.2320499420166 91.44999694824219
      vertex 59.93185043334961 24.017637252807617 91.44999694824219
    endloop
  endfacet
  facet normal 0 0 -1
    outer loop
      vertex 59.93185043334961 24.017637252807617 91.44999694824219
      vertex 59 25.2320499420166 91.44999694824219
      vertex 59.84775924682617 24.265365600585938 91.44999694824219
    endloop
  endfacet
  facet normal 0 0 -1
    outer loop
      vertex 59.84775924682617 24.265365600585938 91.44999694824219
      vertex 59 25.2320499420166 91.44999694824219
      vertex 59.73204803466797 24.5 91.44999694824219
    endloop
  endfacet
  facet normal 0 0 -1
    outer loop
      vertex 59.73204803466797 24.5 91.44999694824219
      vertex 59 25.2320499420166 91.44999694824219
      vertex 59.586708068847656 24.71752166748047 91.44999694824219
    endloop
  endfacet
  facet normal 0 0 -1
    outer loop
      vertex 59.586708068847656 24.71752166748047 91.44999694824219
      vertex 59 25.2320499420166 91.44999694824219
      vertex 59.414215087890625 24.914213180541992 91.44999694824219
    endloop
  endfacet
  facet normal 0 0 -1
    outer loop
      vertex 60 0 91.44999694824219
      vertex 1 1 91.44999694824219
      vertex 59 1 91.44999694824219
    endloop
  endfacet
  facet normal 0 0 -1
    outer loop
      vertex 0 23.5 91.44999694824219
      vertex 1 25.2320499420166 91.44999694824219
      vertex 1 1 91.44999694824219
    endloop
  endfacet
  facet normal 0 0 -1
    outer loop
      vertex 1 25.2320499420166 91.44999694824219
      vertex 0 23.5 91.44999694824219
      vertex 0.7824764251708984 25.086706161499023 91.44999694824219
    endloop
  endfacet
  facet normal 0 0 -1
    outer loop
      vertex 0.7824764251708984 25.086706161499023 91.44999694824219
      vertex 0 23.5 91.44999694824219
      vertex 0.5857858657836914 24.914213180541992 91.44999694824219
    endloop
  endfacet
  facet normal 0 0 -1
    outer loop
      vertex 0.5857858657836914 24.914213180541992 91.44999694824219
      vertex 0 23.5 91.44999694824219
      vertex 0.41329288482666016 24.71752166748047 91.44999694824219
    endloop
  endfacet
  facet normal 0 0 -1
    outer loop
      vertex 0.41329288482666016 24.71752166748047 91.44999694824219
      vertex 0 23.5 91.44999694824219
      vertex 0.26794910430908203 24.5 91.44999694824219
    endloop
  endfacet
  facet normal 0 0 -1
    outer loop
      vertex 0.26794910430908203 24.5 91.44999694824219
      vertex 0 23.5 91.44999694824219
      vertex 0.15224075317382812 24.265365600585938 91.44999694824219
    endloop
  endfacet
  facet normal 0 0 -1
    outer loop
      vertex 0.15224075317382812 24.265365600585938 91.44999694824219
      vertex 0 23.5 91.44999694824219
      vertex 0.06814765930175781 24.017637252807617 91.44999694824219
    endloop
  endfacet
  facet normal 0 0 -1
    outer loop
      vertex 0 0 91.44999694824219
      vertex 1 1 91.44999694824219
      vertex 60 0 91.44999694824219
    endloop
  endfacet
  facet normal 0 0 -1
    outer loop
      vertex 0 23.5 91.44999694824219
      vertex 1 1 91.44999694824219
      vertex 0 0 91.44999694824219
    endloop
  endfacet
  facet normal 0 0 -1
    outer loop
      vertex 0.06814765930175781 24.017637252807617 91.44999694824219
      vertex 0 23.5 91.44999694824219
      vertex 0.01710987091064453 23.761051177978516 91.44999694824219
    endloop
  endfacet
  facet normal 0 0 -1
    outer loop
      vertex 59.414215087890625 24.914213180541992 91.44999694824219
      vertex 59 25.2320499420166 91.44999694824219
      vertex 59.21752166748047 25.086706161499023 91.44999694824219
    endloop
  endfacet
  facet normal 1 0 0
    outer loop
      vertex 59 1 91.44999694824219
      vertex 59 25.2320499420166 88.44999694824219
      vertex 59 25.2320499420166 91.44999694824219
    endloop
  endfacet
  facet normal 1 0 0
    outer loop
      vertex 59 25.2320499420166 88.44999694824219
      vertex 59 1 91.44999694824219
      vertex 59 1 88.44999694824219
    endloop
  endfacet
  facet normal 0 -1 0
    outer loop
      vertex 1 1 88.44999694824219
      vertex 59 1 91.44999694824219
      vertex 1 1 91.44999694824219
    endloop
  endfacet
  facet normal 0 -1 0
    outer loop
      vertex 59 1 91.44999694824219
      vertex 1 1 88.44999694824219
      vertex 59 1 88.44999694824219
    endloop
  endfacet
  facet normal -1 0 0
    outer loop
      vertex 1 1 88.44999694824219
      vertex 1 25.2320499420166 91.44999694824219
      vertex 1 25.2320499420166 88.44999694824219
    endloop
  endfacet
  facet normal -1 0 0
    outer loop
      vertex 1 25.2320499420166 91.44999694824219
      vertex 1 1 88.44999694824219
      vertex 1 1 91.44999694824219
    endloop
  endfacet
  facet normal 0 0 1
    outer loop
      vertex 0 23.5 34.47999954223633
      vertex 1 25.2320499420166 34.47999954223633
      vertex 0.7824764251708984 25.086706161499023 34.47999954223633
    endloop
  endfacet
  facet normal 0 0 1
    outer loop
      vertex 59 25.2320499420166 34.47999954223633
      vertex 60 23.5 34.47999954223633
      vertex 59.982887268066406 23.761051177978516 34.47999954223633
    endloop
  endfacet
  facet normal 0 0 1
    outer loop
      vertex 59 25.2320499420166 34.47999954223633
      vertex 59.982887268066406 23.761051177978516 34.47999954223633
      vertex 59.93185043334961 24.017637252807617 34.47999954223633
    endloop
  endfacet
  facet normal 0 0 1
    outer loop
      vertex 59 25.2320499420166 34.47999954223633
      vertex 59.93185043334961 24.017637252807617 34.47999954223633
      vertex 59.84775924682617 24.265365600585938 34.47999954223633
    endloop
  endfacet
  facet normal 0 0 1
    outer loop
      vertex 59 25.2320499420166 34.47999954223633
      vertex 59.84775924682617 24.265365600585938 34.47999954223633
      vertex 59.73204803466797 24.5 34.47999954223633
    endloop
  endfacet
  facet normal 0 0 1
    outer loop
      vertex 59 25.2320499420166 34.47999954223633
      vertex 59.73204803466797 24.5 34.47999954223633
      vertex 59.586708068847656 24.71752166748047 34.47999954223633
    endloop
  endfacet
  facet normal 0 0 1
    outer loop
      vertex 59 25.2320499420166 34.47999954223633
      vertex 59.586708068847656 24.71752166748047 34.47999954223633
      vertex 59.414215087890625 24.914213180541992 34.47999954223633
    endloop
  endfacet
  facet normal 0 0 1
    outer loop
      vertex 59 25.2320499420166 34.47999954223633
      vertex 59.414215087890625 24.914213180541992 34.47999954223633
      vertex 59.21752166748047 25.086706161499023 34.47999954223633
    endloop
  endfacet
  facet normal 0 0 1
    outer loop
      vertex 60 23.5 34.47999954223633
      vertex 59 25.2320499420166 34.47999954223633
      vertex 59 1 34.47999954223633
    endloop
  endfacet
  facet normal 0 0 1
    outer loop
      vertex 60 23.5 34.47999954223633
      vertex 59 1 34.47999954223633
      vertex 60 0 34.47999954223633
    endloop
  endfacet
  facet normal 0 0 1
    outer loop
      vertex 1 1 34.47999954223633
      vertex 60 0 34.47999954223633
      vertex 59 1 34.47999954223633
    endloop
  endfacet
  facet normal 0 0 1
    outer loop
      vertex 0 23.5 34.47999954223633
      vertex 0.7824764251708984 25.086706161499023 34.47999954223633
      vertex 0.5857858657836914 24.914213180541992 34.47999954223633
    endloop
  endfacet
  facet normal 0 0 1
    outer loop
      vertex 0 23.5 34.47999954223633
      vertex 0.5857858657836914 24.914213180541992 34.47999954223633
      vertex 0.41329288482666016 24.71752166748047 34.47999954223633
    endloop
  endfacet
  facet normal 0 0 1
    outer loop
      vertex 0 23.5 34.47999954223633
      vertex 0.41329288482666016 24.71752166748047 34.47999954223633
      vertex 0.26794910430908203 24.5 34.47999954223633
    endloop
  endfacet
  facet normal 0 0 1
    outer loop
      vertex 0 23.5 34.47999954223633
      vertex 0.26794910430908203 24.5 34.47999954223633
      vertex 0.15224075317382812 24.265365600585938 34.47999954223633
    endloop
  endfacet
  facet normal 0 0 1
    outer loop
      vertex 0 23.5 34.47999954223633
      vertex 0.15224075317382812 24.265365600585938 34.47999954223633
      vertex 0.06814765930175781 24.017637252807617 34.47999954223633
    endloop
  endfacet
  facet normal 0 0 1
    outer loop
      vertex 0 23.5 34.47999954223633
      vertex 0.06814765930175781 24.017637252807617 34.47999954223633
      vertex 0.01710987091064453 23.761051177978516 34.47999954223633
    endloop
  endfacet
  facet normal 0 0 1
    outer loop
      vertex 1 25.2320499420166 34.47999954223633
      vertex 0 23.5 34.47999954223633
      vertex 1 1 34.47999954223633
    endloop
  endfacet
  facet normal 0 0 1
    outer loop
      vertex 1 1 34.47999954223633
      vertex 0 0 34.47999954223633
      vertex 60 0 34.47999954223633
    endloop
  endfacet
  facet normal 0 0 1
    outer loop
      vertex 0 0 34.47999954223633
      vertex 1 1 34.47999954223633
      vertex 0 23.5 34.47999954223633
    endloop
  endfacet
  facet normal 0 0 -1
    outer loop
      vertex 59 1 37.47999954223633
      vertex 60 23.5 37.47999954223633
      vertex 60 0 37.47999954223633
    endloop
  endfacet
  facet normal 0 0 -1
    outer loop
      vertex 59 25.2320499420166 37.47999954223633
      vertex 60 23.5 37.47999954223633
      vertex 59 1 37.47999954223633
    endloop
  endfacet
  facet normal 0 0 -1
    outer loop
      vertex 60 23.5 37.47999954223633
      vertex 59 25.2320499420166 37.47999954223633
      vertex 59.982887268066406 23.761051177978516 37.47999954223633
    endloop
  endfacet
  facet normal 0 0 -1
    outer loop
      vertex 59.982887268066406 23.761051177978516 37.47999954223633
      vertex 59 25.2320499420166 37.47999954223633
      vertex 59.93185043334961 24.017637252807617 37.47999954223633
    endloop
  endfacet
  facet normal 0 0 -1
    outer loop
      vertex 59.93185043334961 24.017637252807617 37.47999954223633
      vertex 59 25.2320499420166 37.47999954223633
      vertex 59.84775924682617 24.265365600585938 37.47999954223633
    endloop
  endfacet
  facet normal 0 0 -1
    outer loop
      vertex 59.84775924682617 24.265365600585938 37.47999954223633
      vertex 59 25.2320499420166 37.47999954223633
      vertex 59.73204803466797 24.5 37.47999954223633
    endloop
  endfacet
  facet normal 0 0 -1
    outer loop
      vertex 59.73204803466797 24.5 37.47999954223633
      vertex 59 25.2320499420166 37.47999954223633
      vertex 59.586708068847656 24.71752166748047 37.47999954223633
    endloop
  endfacet
  facet normal 0 0 -1
    outer loop
      vertex 59.586708068847656 24.71752166748047 37.47999954223633
      vertex 59 25.2320499420166 37.47999954223633
      vertex 59.414215087890625 24.914213180541992 37.47999954223633
    endloop
  endfacet
  facet normal 0 0 -1
    outer loop
      vertex 60 0 37.47999954223633
      vertex 1 1 37.47999954223633
      vertex 59 1 37.47999954223633
    endloop
  endfacet
  facet normal 0 0 -1
    outer loop
      vertex 0 23.5 37.47999954223633
      vertex 1 25.2320499420166 37.47999954223633
      vertex 1 1 37.47999954223633
    endloop
  endfacet
  facet normal 0 0 -1
    outer loop
      vertex 1 25.2320499420166 37.47999954223633
      vertex 0 23.5 37.47999954223633
      vertex 0.7824764251708984 25.086706161499023 37.47999954223633
    endloop
  endfacet
  facet normal 0 0 -1
    outer loop
      vertex 0.7824764251708984 25.086706161499023 37.47999954223633
      vertex 0 23.5 37.47999954223633
      vertex 0.5857858657836914 24.914213180541992 37.47999954223633
    endloop
  endfacet
  facet normal 0 0 -1
    outer loop
      vertex 0.5857858657836914 24.914213180541992 37.47999954223633
      vertex 0 23.5 37.47999954223633
      vertex 0.41329288482666016 24.71752166748047 37.47999954223633
    endloop
  endfacet
  facet normal 0 0 -1
    outer loop
      vertex 0.41329288482666016 24.71752166748047 37.47999954223633
      vertex 0 23.5 37.47999954223633
      vertex 0.26794910430908203 24.5 37.47999954223633
    endloop
  endfacet
  facet normal 0 0 -1
    outer loop
      vertex 0.26794910430908203 24.5 37.47999954223633
      vertex 0 23.5 37.47999954223633
      vertex 0.15224075317382812 24.265365600585938 37.47999954223633
    endloop
  endfacet
  facet normal 0 0 -1
    outer loop
      vertex 0.15224075317382812 24.265365600585938 37.47999954223633
      vertex 0 23.5 37.47999954223633
      vertex 0.06814765930175781 24.017637252807617 37.47999954223633
    endloop
  endfacet
  facet normal 0 0 -1
    outer loop
      vertex 0 0 37.47999954223633
      vertex 1 1 37.47999954223633
      vertex 60 0 37.47999954223633
    endloop
  endfacet
  facet normal 0 0 -1
    outer loop
      vertex 0 23.5 37.47999954223633
      vertex 1 1 37.47999954223633
      vertex 0 0 37.47999954223633
    endloop
  endfacet
  facet normal 0 0 -1
    outer loop
      vertex 0.06814765930175781 24.017637252807617 37.47999954223633
      vertex 0 23.5 37.47999954223633
      vertex 0.01710987091064453 23.761051177978516 37.47999954223633
    endloop
  endfacet
  facet normal 0 0 -1
    outer loop
      vertex 59.414215087890625 24.914213180541992 37.47999954223633
      vertex 59 25.2320499420166 37.47999954223633
      vertex 59.21752166748047 25.086706161499023 37.47999954223633
    endloop
  endfacet
  facet normal 1 0 0
    outer loop
      vertex 59 1 37.47999954223633
      vertex 59 25.2320499420166 34.47999954223633
      vertex 59 25.2320499420166 37.47999954223633
    endloop
  endfacet
  facet normal 1 0 0
    outer loop
      vertex 59 25.2320499420166 34.47999954223633
      vertex 59 1 37.47999954223633
      vertex 59 1 34.47999954223633
    endloop
  endfacet
  facet normal 0 -1 0
    outer loop
      vertex 1 1 34.47999954223633
      vertex 59 1 37.47999954223633
      vertex 1 1 37.47999954223633
    endloop
  endfacet
  facet normal 0 -1 0
    outer loop
      vertex 59 1 37.47999954223633
      vertex 1 1 34.47999954223633
      vertex 59 1 34.47999954223633
    endloop
  endfacet
  facet normal -1 0 0
    outer loop
      vertex 1 1 34.47999954223633
      vertex 1 25.2320499420166 37.47999954223633
      vertex 1 25.2320499420166 34.47999954223633
    endloop
  endfacet
  facet normal -1 0 0
    outer loop
      vertex 1 25.2320499420166 37.47999954223633
      vertex 1 1 34.47999954223633
      vertex 1 1 37.47999954223633
    endloop
  endfacet
  facet normal -1 0 0
    outer loop
      vertex 57 3 0
      vertex 57 25.5 125.5
      vertex 57 25.5 0
    endloop
  endfacet
  facet normal -1 0 0
    outer loop
      vertex 57 25.5 125.5
      vertex 57 3 0
      vertex 57 3 125.5
    endloop
  endfacet
  facet normal 0 1 0
    outer loop
      vertex 57 3 0
      vertex 3 3 125.5
      vertex 57 3 125.5
    endloop
  endfacet
  facet normal 0 1 0
    outer loop
      vertex 3 3 125.5
      vertex 57 3 0
      vertex 3 3 0
    endloop
  endfacet
  facet normal 1 0 0
    outer loop
      vertex 3 3 125.5
      vertex 3 25.5 0
      vertex 3 25.5 125.5
    endloop
  endfacet
  facet normal 1 0 0
    outer loop
      vertex 3 25.5 0
      vertex 3 3 125.5
      vertex 3 3 0
    endloop
  endfacet
  facet normal 0 0 -1
    outer loop
      vertex 57 3 125.5
      vertex 32 14.25 125.5
      vertex 57 25.5 125.5
    endloop
  endfacet
  facet normal 0 0 -1
    outer loop
      vertex 57 3 125.5
      vertex 31.98288917541504 13.988946914672852 125.5
      vertex 32 14.25 125.5
    endloop
  endfacet
  facet normal 0 0 -1
    outer loop
      vertex 57 3 125.5
      vertex 31.93185043334961 13.732361793518066 125.5
      vertex 31.98288917541504 13.988946914672852 125.5
    endloop
  endfacet
  facet normal 0 0 -1
    outer loop
      vertex 57 3 125.5
      vertex 31.847759246826172 13.48463249206543 125.5
      vertex 31.93185043334961 13.732361793518066 125.5
    endloop
  endfacet
  facet normal 0 0 -1
    outer loop
      vertex 57 3 125.5
      vertex 31.7320499420166 13.25 125.5
      vertex 31.847759246826172 13.48463249206543 125.5
    endloop
  endfacet
  facet normal 0 0 -1
    outer loop
      vertex 57 3 125.5
      vertex 31.586706161499023 13.032476425170898 125.5
      vertex 31.7320499420166 13.25 125.5
    endloop
  endfacet
  facet normal 0 0 -1
    outer loop
      vertex 57 3 125.5
      vertex 31.414213180541992 12.835785865783691 125.5
      vertex 31.586706161499023 13.032476425170898 125.5
    endloop
  endfacet
  facet normal 0 0 -1
    outer loop
      vertex 57 3 125.5
      vertex 31.21752166748047 12.66329288482666 125.5
      vertex 31.414213180541992 12.835785865783691 125.5
    endloop
  endfacet
  facet normal 0 0 -1
    outer loop
      vertex 57 3 125.5
      vertex 31 12.517949104309082 125.5
      vertex 31.21752166748047 12.66329288482666 125.5
    endloop
  endfacet
  facet normal 0 0 -1
    outer loop
      vertex 57 3 125.5
      vertex 30.765365600585938 12.402240753173828 125.5
      vertex 31 12.517949104309082 125.5
    endloop
  endfacet
  facet normal 0 0 -1
    outer loop
      vertex 57 3 125.5
      vertex 30.517637252807617 12.318147659301758 125.5
      vertex 30.765365600585938 12.402240753173828 125.5
    endloop
  endfacet
  facet normal 0 0 -1
    outer loop
      vertex 57 3 125.5
      vertex 30.261051177978516 12.267109870910645 125.5
      vertex 30.517637252807617 12.318147659301758 125.5
    endloop
  endfacet
  facet normal 0 0 -1
    outer loop
      vertex 57 3 125.5
      vertex 30 12.25 125.5
      vertex 30.261051177978516 12.267109870910645 125.5
    endloop
  endfacet
  facet normal 0 0 -1
    outer loop
      vertex 3 3 125.5
      vertex 30 12.25 125.5
      vertex 57 3 125.5
    endloop
  endfacet
  facet normal 0 0 -1
    outer loop
      vertex 30 12.25 125.5
      vertex 3 3 125.5
      vertex 29.73894691467285 12.267109870910645 125.5
    endloop
  endfacet
  facet normal 0 0 -1
    outer loop
      vertex 28.017108917236328 13.988946914672852 125.5
      vertex 3 3 125.5
      vertex 28 14.25 125.5
    endloop
  endfacet
  facet normal 0 0 -1
    outer loop
      vertex 28.068147659301758 13.732361793518066 125.5
      vertex 3 3 125.5
      vertex 28.017108917236328 13.988946914672852 125.5
    endloop
  endfacet
  facet normal 0 0 -1
    outer loop
      vertex 28.152240753173828 13.48463249206543 125.5
      vertex 3 3 125.5
      vertex 28.068147659301758 13.732361793518066 125.5
    endloop
  endfacet
  facet normal 0 0 -1
    outer loop
      vertex 28.267948150634766 13.25 125.5
      vertex 3 3 125.5
      vertex 28.152240753173828 13.48463249206543 125.5
    endloop
  endfacet
  facet normal 0 0 -1
    outer loop
      vertex 28.413291931152344 13.032476425170898 125.5
      vertex 3 3 125.5
      vertex 28.267948150634766 13.25 125.5
    endloop
  endfacet
  facet normal 0 0 -1
    outer loop
      vertex 28.585784912109375 12.835785865783691 125.5
      vertex 3 3 125.5
      vertex 28.413291931152344 13.032476425170898 125.5
    endloop
  endfacet
  facet normal 0 0 -1
    outer loop
      vertex 28.7824764251709 12.66329288482666 125.5
      vertex 3 3 125.5
      vertex 28.585784912109375 12.835785865783691 125.5
    endloop
  endfacet
  facet normal 0 0 -1
    outer loop
      vertex 29 12.517949104309082 125.5
      vertex 3 3 125.5
      vertex 28.7824764251709 12.66329288482666 125.5
    endloop
  endfacet
  facet normal 0 0 -1
    outer loop
      vertex 29.23463249206543 12.402240753173828 125.5
      vertex 3 3 125.5
      vertex 29 12.517949104309082 125.5
    endloop
  endfacet
  facet normal 0 0 -1
    outer loop
      vertex 29.48236083984375 12.318147659301758 125.5
      vertex 3 3 125.5
      vertex 29.23463249206543 12.402240753173828 125.5
    endloop
  endfacet
  facet normal 0 0 -1
    outer loop
      vertex 29.73894691467285 12.267109870910645 125.5
      vertex 3 3 125.5
      vertex 29.48236083984375 12.318147659301758 125.5
    endloop
  endfacet
  facet normal 0 0 -1
    outer loop
      vertex 31.98288917541504 14.511052131652832 125.5
      vertex 57 25.5 125.5
      vertex 32 14.25 125.5
    endloop
  endfacet
  facet normal 0 0 -1
    outer loop
      vertex 31.93185043334961 14.767637252807617 125.5
      vertex 57 25.5 125.5
      vertex 31.98288917541504 14.511052131652832 125.5
    endloop
  endfacet
  facet normal 0 0 -1
    outer loop
      vertex 31.847759246826172 15.015366554260254 125.5
      vertex 57 25.5 125.5
      vertex 31.93185043334961 14.767637252807617 125.5
    endloop
  endfacet
  facet normal 0 0 -1
    outer loop
      vertex 31.7320499420166 15.25 125.5
      vertex 57 25.5 125.5
      vertex 31.847759246826172 15.015366554260254 125.5
    endloop
  endfacet
  facet normal 0 0 -1
    outer loop
      vertex 31.586706161499023 15.467522621154785 125.5
      vertex 57 25.5 125.5
      vertex 31.7320499420166 15.25 125.5
    endloop
  endfacet
  facet normal 0 0 -1
    outer loop
      vertex 31.414213180541992 15.664213180541992 125.5
      vertex 57 25.5 125.5
      vertex 31.586706161499023 15.467522621154785 125.5
    endloop
  endfacet
  facet normal 0 0 -1
    outer loop
      vertex 31.21752166748047 15.836706161499023 125.5
      vertex 57 25.5 125.5
      vertex 31.414213180541992 15.664213180541992 125.5
    endloop
  endfacet
  facet normal 0 0 -1
    outer loop
      vertex 31 15.982049942016602 125.5
      vertex 57 25.5 125.5
      vertex 31.21752166748047 15.836706161499023 125.5
    endloop
  endfacet
  facet normal 0 0 -1
    outer loop
      vertex 30.765365600585938 16.097759246826172 125.5
      vertex 57 25.5 125.5
      vertex 31 15.982049942016602 125.5
    endloop
  endfacet
  facet normal 0 0 -1
    outer loop
      vertex 30.517637252807617 16.18185043334961 125.5
      vertex 57 25.5 125.5
      vertex 30.765365600585938 16.097759246826172 125.5
    endloop
  endfacet
  facet normal 0 0 -1
    outer loop
      vertex 30.261051177978516 16.23288917541504 125.5
      vertex 57 25.5 125.5
      vertex 30.517637252807617 16.18185043334961 125.5
    endloop
  endfacet
  facet normal 0 0 -1
    outer loop
      vertex 30 16.25 125.5
      vertex 57 25.5 125.5
      vertex 30.261051177978516 16.23288917541504 125.5
    endloop
  endfacet
  facet normal 0 0 -1
    outer loop
      vertex 3 25.5 125.5
      vertex 30 16.25 125.5
      vertex 29.73894691467285 16.23288917541504 125.5
    endloop
  endfacet
  facet normal 0 0 -1
    outer loop
      vertex 3 25.5 125.5
      vertex 29.73894691467285 16.23288917541504 125.5
      vertex 29.48236083984375 16.18185043334961 125.5
    endloop
  endfacet
  facet normal 0 0 -1
    outer loop
      vertex 3 25.5 125.5
      vertex 28 14.25 125.5
      vertex 3 3 125.5
    endloop
  endfacet
  facet normal 0 0 -1
    outer loop
      vertex 28 14.25 125.5
      vertex 3 25.5 125.5
      vertex 28.017108917236328 14.511052131652832 125.5
    endloop
  endfacet
  facet normal 0 0 -1
    outer loop
      vertex 28.017108917236328 14.511052131652832 125.5
      vertex 3 25.5 125.5
      vertex 28.068147659301758 14.767637252807617 125.5
    endloop
  endfacet
  facet normal 0 0 -1
    outer loop
      vertex 28.068147659301758 14.767637252807617 125.5
      vertex 3 25.5 125.5
      vertex 28.152240753173828 15.015366554260254 125.5
    endloop
  endfacet
  facet normal 0 0 -1
    outer loop
      vertex 28.152240753173828 15.015366554260254 125.5
      vertex 3 25.5 125.5
      vertex 28.267948150634766 15.25 125.5
    endloop
  endfacet
  facet normal 0 0 -1
    outer loop
      vertex 28.267948150634766 15.25 125.5
      vertex 3 25.5 125.5
      vertex 28.413291931152344 15.467522621154785 125.5
    endloop
  endfacet
  facet normal 0 0 -1
    outer loop
      vertex 28.413291931152344 15.467522621154785 125.5
      vertex 3 25.5 125.5
      vertex 28.585784912109375 15.664213180541992 125.5
    endloop
  endfacet
  facet normal 0 0 -1
    outer loop
      vertex 28.585784912109375 15.664213180541992 125.5
      vertex 3 25.5 125.5
      vertex 28.7824764251709 15.836706161499023 125.5
    endloop
  endfacet
  facet normal 0 0 -1
    outer loop
      vertex 30 16.25 125.5
      vertex 3 25.5 125.5
      vertex 57 25.5 125.5
    endloop
  endfacet
  facet normal 0 0 -1
    outer loop
      vertex 29.23463249206543 16.097759246826172 125.5
      vertex 3 25.5 125.5
      vertex 29.48236083984375 16.18185043334961 125.5
    endloop
  endfacet
  facet normal 0 0 -1
    outer loop
      vertex 29 15.982049942016602 125.5
      vertex 3 25.5 125.5
      vertex 29.23463249206543 16.097759246826172 125.5
    endloop
  endfacet
  facet normal 0 0 -1
    outer loop
      vertex 28.7824764251709 15.836706161499023 125.5
      vertex 3 25.5 125.5
      vertex 29 15.982049942016602 125.5
    endloop
  endfacet
  facet normal -0.6593439861474872 0.751841411423408 0
    outer loop
      vertex 31.414213180541992 12.835785865783691 125.5
      vertex 31.21752166748047 12.66329288482666 128.5
      vertex 31.414213180541992 12.835785865783691 128.5
    endloop
  endfacet
  facet normal -0.6593439861474872 0.751841411423408 0
    outer loop
      vertex 31.21752166748047 12.66329288482666 128.5
      vertex 31.414213180541992 12.835785865783691 125.5
      vertex 31.21752166748047 12.66329288482666 125.5
    endloop
  endfacet
  facet normal -0.9978587981570066 0.06540503757857268 0
    outer loop
      vertex 31.98288917541504 13.988946914672852 125.5
      vertex 32 14.25 128.5
      vertex 32 14.25 125.5
    endloop
  endfacet
  facet normal -0.9978587981570066 0.06540503757857268 0
    outer loop
      vertex 32 14.25 128.5
      vertex 31.98288917541504 13.988946914672852 125.5
      vertex 31.98288917541504 13.988946914672852 128.5
    endloop
  endfacet
  facet normal 0.1950890159974446 0.9807855401855946 0
    outer loop
      vertex 29.73894691467285 12.267109870910645 125.5
      vertex 29.48236083984375 12.318147659301758 128.5
      vertex 29.73894691467285 12.267109870910645 128.5
    endloop
  endfacet
  facet normal 0.1950890159974446 0.9807855401855946 0
    outer loop
      vertex 29.48236083984375 12.318147659301758 128.5
      vertex 29.73894691467285 12.267109870910645 125.5
      vertex 29.48236083984375 12.318147659301758 125.5
    endloop
  endfacet
  facet normal 0.8968735645677046 0.4422870212651728 0
    outer loop
      vertex 28.267948150634766 13.25 128.5
      vertex 28.152240753173828 13.48463249206543 125.5
      vertex 28.152240753173828 13.48463249206543 128.5
    endloop
  endfacet
  facet normal 0.8968735645677046 0.4422870212651728 0
    outer loop
      vertex 28.152240753173828 13.48463249206543 125.5
      vertex 28.267948150634766 13.25 128.5
      vertex 28.267948150634766 13.25 125.5
    endloop
  endfacet
  facet normal -0.9978587825627341 -0.06540527549378619 0
    outer loop
      vertex 32 14.25 125.5
      vertex 31.98288917541504 14.511052131652832 128.5
      vertex 31.98288917541504 14.511052131652832 125.5
    endloop
  endfacet
  facet normal -0.9978587825627341 -0.06540527549378619 0
    outer loop
      vertex 31.98288917541504 14.511052131652832 128.5
      vertex 32 14.25 125.5
      vertex 32 14.25 128.5
    endloop
  endfacet
  facet normal -0.9469319676599184 -0.3214340501933723 0
    outer loop
      vertex 31.93185043334961 14.767637252807617 125.5
      vertex 31.847759246826172 15.015366554260254 128.5
      vertex 31.847759246826172 15.015366554260254 125.5
    endloop
  endfacet
  facet normal -0.9469319676599184 -0.3214340501933723 0
    outer loop
      vertex 31.847759246826172 15.015366554260254 128.5
      vertex 31.93185043334961 14.767637252807617 125.5
      vertex 31.93185043334961 14.767637252807617 128.5
    endloop
  endfacet
  facet normal 0.5555680517333541 0.8314710697872808 0
    outer loop
      vertex 29 12.517949104309082 125.5
      vertex 28.7824764251709 12.66329288482666 128.5
      vertex 29 12.517949104309082 128.5
    endloop
  endfacet
  facet normal 0.5555680517333541 0.8314710697872808 0
    outer loop
      vertex 28.7824764251709 12.66329288482666 128.5
      vertex 29 12.517949104309082 125.5
      vertex 28.7824764251709 12.66329288482666 125.5
    endloop
  endfacet
  facet normal -0.8968706724893841 0.44229288579903664 0
    outer loop
      vertex 31.7320499420166 13.25 125.5
      vertex 31.847759246826172 13.48463249206543 128.5
      vertex 31.847759246826172 13.48463249206543 125.5
    endloop
  endfacet
  facet normal -0.8968706724893841 0.44229288579903664 0
    outer loop
      vertex 31.847759246826172 13.48463249206543 128.5
      vertex 31.7320499420166 13.25 125.5
      vertex 31.7320499420166 13.25 128.5
    endloop
  endfacet
  facet normal -0.980784703926618 -0.19509322013739036 0
    outer loop
      vertex 31.98288917541504 14.511052131652832 125.5
      vertex 31.93185043334961 14.767637252807617 128.5
      vertex 31.93185043334961 14.767637252807617 125.5
    endloop
  endfacet
  facet normal -0.980784703926618 -0.19509322013739036 0
    outer loop
      vertex 31.93185043334961 14.767637252807617 128.5
      vertex 31.98288917541504 14.511052131652832 125.5
      vertex 31.98288917541504 14.511052131652832 128.5
    endloop
  endfacet
  facet normal 0.4422899535391963 0.8968721185310063 0
    outer loop
      vertex 29.23463249206543 12.402240753173828 125.5
      vertex 29 12.517949104309082 128.5
      vertex 29.23463249206543 12.402240753173828 128.5
    endloop
  endfacet
  facet normal 0.4422899535391963 0.8968721185310063 0
    outer loop
      vertex 29 12.517949104309082 128.5
      vertex 29.23463249206543 12.402240753173828 125.5
      vertex 29 12.517949104309082 125.5
    endloop
  endfacet
  facet normal -0.980784703926618 0.19509322013739036 0
    outer loop
      vertex 31.93185043334961 13.732361793518066 125.5
      vertex 31.98288917541504 13.988946914672852 128.5
      vertex 31.98288917541504 13.988946914672852 125.5
    endloop
  endfacet
  facet normal -0.980784703926618 0.19509322013739036 0
    outer loop
      vertex 31.98288917541504 13.988946914672852 128.5
      vertex 31.93185043334961 13.732361793518066 125.5
      vertex 31.93185043334961 13.732361793518066 128.5
    endloop
  endfacet
  facet normal -0.9469319676599184 0.3214340501933723 0
    outer loop
      vertex 31.847759246826172 13.48463249206543 125.5
      vertex 31.93185043334961 13.732361793518066 128.5
      vertex 31.93185043334961 13.732361793518066 125.5
    endloop
  endfacet
  facet normal -0.9469319676599184 0.3214340501933723 0
    outer loop
      vertex 31.93185043334961 13.732361793518066 128.5
      vertex 31.847759246826172 13.48463249206543 125.5
      vertex 31.847759246826172 13.48463249206543 128.5
    endloop
  endfacet
  facet normal 0.8314699446192111 -0.555569735672243 0
    outer loop
      vertex 28.267948150634766 15.25 128.5
      vertex 28.413291931152344 15.467522621154785 125.5
      vertex 28.413291931152344 15.467522621154785 128.5
    endloop
  endfacet
  facet normal 0.8314699446192111 -0.555569735672243 0
    outer loop
      vertex 28.413291931152344 15.467522621154785 125.5
      vertex 28.267948150634766 15.25 128.5
      vertex 28.267948150634766 15.25 125.5
    endloop
  endfacet
  facet normal -0.06540188361807907 0.9978590048795507 0
    outer loop
      vertex 30.261051177978516 12.267109870910645 125.5
      vertex 30 12.25 128.5
      vertex 30.261051177978516 12.267109870910645 128.5
    endloop
  endfacet
  facet normal -0.06540188361807907 0.9978590048795507 0
    outer loop
      vertex 30 12.25 128.5
      vertex 30.261051177978516 12.267109870910645 125.5
      vertex 30 12.25 125.5
    endloop
  endfacet
  facet normal 0.19509252261742832 -0.9807848426738498 0
    outer loop
      vertex 29.48236083984375 16.18185043334961 125.5
      vertex 29.73894691467285 16.23288917541504 128.5
      vertex 29.48236083984375 16.18185043334961 128.5
    endloop
  endfacet
  facet normal 0.19509252261742832 -0.9807848426738498 0
    outer loop
      vertex 29.73894691467285 16.23288917541504 128.5
      vertex 29.48236083984375 16.18185043334961 125.5
      vertex 29.73894691467285 16.23288917541504 125.5
    endloop
  endfacet
  facet normal 0.06540140781210511 0.9978590360648115 0
    outer loop
      vertex 30 12.25 125.5
      vertex 29.73894691467285 12.267109870910645 128.5
      vertex 30 12.25 128.5
    endloop
  endfacet
  facet normal 0.06540140781210511 0.9978590360648115 0
    outer loop
      vertex 29.73894691467285 12.267109870910645 128.5
      vertex 30 12.25 125.5
      vertex 29.73894691467285 12.267109870910645 125.5
    endloop
  endfacet
  facet normal -0.8968713856043227 -0.44229143975910545 0
    outer loop
      vertex 31.847759246826172 15.015366554260254 125.5
      vertex 31.7320499420166 15.25 128.5
      vertex 31.7320499420166 15.25 125.5
    endloop
  endfacet
  facet normal -0.8968713856043227 -0.44229143975910545 0
    outer loop
      vertex 31.7320499420166 15.25 128.5
      vertex 31.847759246826172 15.015366554260254 125.5
      vertex 31.847759246826172 15.015366554260254 128.5
    endloop
  endfacet
  facet normal -0.19509252261742832 -0.9807848426738498 0
    outer loop
      vertex 30.261051177978516 16.23288917541504 125.5
      vertex 30.517637252807617 16.18185043334961 128.5
      vertex 30.261051177978516 16.23288917541504 128.5
    endloop
  endfacet
  facet normal -0.19509252261742832 -0.9807848426738498 0
    outer loop
      vertex 30.517637252807617 16.18185043334961 128.5
      vertex 30.261051177978516 16.23288917541504 125.5
      vertex 30.517637252807617 16.18185043334961 125.5
    endloop
  endfacet
  facet normal -0.8314710697872808 0.5555680517333541 0
    outer loop
      vertex 31.586706161499023 13.032476425170898 125.5
      vertex 31.7320499420166 13.25 128.5
      vertex 31.7320499420166 13.25 125.5
    endloop
  endfacet
  facet normal -0.8314710697872808 0.5555680517333541 0
    outer loop
      vertex 31.7320499420166 13.25 128.5
      vertex 31.586706161499023 13.032476425170898 125.5
      vertex 31.586706161499023 13.032476425170898 128.5
    endloop
  endfacet
  facet normal 0.9978592739595264 0.06539777804304144 0
    outer loop
      vertex 28.017108917236328 13.988946914672852 128.5
      vertex 28 14.25 125.5
      vertex 28 14.25 128.5
    endloop
  endfacet
  facet normal 0.9978592739595264 0.06539777804304144 0
    outer loop
      vertex 28 14.25 125.5
      vertex 28.017108917236328 13.988946914672852 128.5
      vertex 28.017108917236328 13.988946914672852 125.5
    endloop
  endfacet
  facet normal 0.980784703926618 -0.19509322013739036 0
    outer loop
      vertex 28.017108917236328 14.511052131652832 128.5
      vertex 28.068147659301758 14.767637252807617 125.5
      vertex 28.068147659301758 14.767637252807617 128.5
    endloop
  endfacet
  facet normal 0.980784703926618 -0.19509322013739036 0
    outer loop
      vertex 28.068147659301758 14.767637252807617 125.5
      vertex 28.017108917236328 14.511052131652832 128.5
      vertex 28.017108917236328 14.511052131652832 125.5
    endloop
  endfacet
  facet normal 0.6593439861474872 0.751841411423408 0
    outer loop
      vertex 28.7824764251709 12.66329288482666 125.5
      vertex 28.585784912109375 12.835785865783691 128.5
      vertex 28.7824764251709 12.66329288482666 128.5
    endloop
  endfacet
  facet normal 0.6593439861474872 0.751841411423408 0
    outer loop
      vertex 28.585784912109375 12.835785865783691 128.5
      vertex 28.7824764251709 12.66329288482666 125.5
      vertex 28.585784912109375 12.835785865783691 125.5
    endloop
  endfacet
  facet normal 0.9469297485156343 -0.32144058763030764 0
    outer loop
      vertex 28.068147659301758 14.767637252807617 128.5
      vertex 28.152240753173828 15.015366554260254 125.5
      vertex 28.152240753173828 15.015366554260254 128.5
    endloop
  endfacet
  facet normal 0.9469297485156343 -0.32144058763030764 0
    outer loop
      vertex 28.152240753173828 15.015366554260254 125.5
      vertex 28.068147659301758 14.767637252807617 128.5
      vertex 28.068147659301758 14.767637252807617 125.5
    endloop
  endfacet
  facet normal -0.751839826652126 -0.6593457932372825 0
    outer loop
      vertex 31.586706161499023 15.467522621154785 125.5
      vertex 31.414213180541992 15.664213180541992 128.5
      vertex 31.414213180541992 15.664213180541992 125.5
    endloop
  endfacet
  facet normal -0.751839826652126 -0.6593457932372825 0
    outer loop
      vertex 31.414213180541992 15.664213180541992 128.5
      vertex 31.586706161499023 15.467522621154785 125.5
      vertex 31.586706161499023 15.467522621154785 128.5
    endloop
  endfacet
  facet normal -0.1950890159974446 0.9807855401855946 0
    outer loop
      vertex 30.517637252807617 12.318147659301758 125.5
      vertex 30.261051177978516 12.267109870910645 128.5
      vertex 30.517637252807617 12.318147659301758 128.5
    endloop
  endfacet
  facet normal -0.1950890159974446 0.9807855401855946 0
    outer loop
      vertex 30.261051177978516 12.267109870910645 128.5
      vertex 30.517637252807617 12.318147659301758 125.5
      vertex 30.261051177978516 12.267109870910645 125.5
    endloop
  endfacet
  facet normal 0.44229288579903664 -0.8968706724893841 0
    outer loop
      vertex 29 15.982049942016602 125.5
      vertex 29.23463249206543 16.097759246826172 128.5
      vertex 29 15.982049942016602 128.5
    endloop
  endfacet
  facet normal 0.44229288579903664 -0.8968706724893841 0
    outer loop
      vertex 29.23463249206543 16.097759246826172 128.5
      vertex 29 15.982049942016602 125.5
      vertex 29.23463249206543 16.097759246826172 125.5
    endloop
  endfacet
  facet normal -0.5555714196190613 0.8314688194409101 0
    outer loop
      vertex 31.21752166748047 12.66329288482666 125.5
      vertex 31 12.517949104309082 128.5
      vertex 31.21752166748047 12.66329288482666 128.5
    endloop
  endfacet
  facet normal -0.5555714196190613 0.8314688194409101 0
    outer loop
      vertex 31 12.517949104309082 128.5
      vertex 31.21752166748047 12.66329288482666 125.5
      vertex 31 12.517949104309082 125.5
    endloop
  endfacet
  facet normal -0.06540551341072687 -0.9978587669682916 0
    outer loop
      vertex 30 16.25 125.5
      vertex 30.261051177978516 16.23288917541504 128.5
      vertex 30 16.25 128.5
    endloop
  endfacet
  facet normal -0.06540551341072687 -0.9978587669682916 0
    outer loop
      vertex 30.261051177978516 16.23288917541504 128.5
      vertex 30 16.25 125.5
      vertex 30.261051177978516 16.23288917541504 125.5
    endloop
  endfacet
  facet normal -0.3214351597604407 -0.9469315910190028 0
    outer loop
      vertex 30.517637252807617 16.18185043334961 125.5
      vertex 30.765365600585938 16.097759246826172 128.5
      vertex 30.517637252807617 16.18185043334961 128.5
    endloop
  endfacet
  facet normal -0.3214351597604407 -0.9469315910190028 0
    outer loop
      vertex 30.765365600585938 16.097759246826172 128.5
      vertex 30.517637252807617 16.18185043334961 125.5
      vertex 30.765365600585938 16.097759246826172 125.5
    endloop
  endfacet
  facet normal -0.44228999372747985 -0.8968720987122667 0
    outer loop
      vertex 30.765365600585938 16.097759246826172 125.5
      vertex 31 15.982049942016602 128.5
      vertex 30.765365600585938 16.097759246826172 128.5
    endloop
  endfacet
  facet normal -0.44228999372747985 -0.8968720987122667 0
    outer loop
      vertex 31 15.982049942016602 128.5
      vertex 30.765365600585938 16.097759246826172 125.5
      vertex 31 15.982049942016602 125.5
    endloop
  endfacet
  facet normal -0.8314699446192111 -0.555569735672243 0
    outer loop
      vertex 31.7320499420166 15.25 125.5
      vertex 31.586706161499023 15.467522621154785 128.5
      vertex 31.586706161499023 15.467522621154785 125.5
    endloop
  endfacet
  facet normal -0.8314699446192111 -0.555569735672243 0
    outer loop
      vertex 31.586706161499023 15.467522621154785 128.5
      vertex 31.7320499420166 15.25 125.5
      vertex 31.7320499420166 15.25 128.5
    endloop
  endfacet
  facet normal 0.06540503757857268 -0.9978587981570066 0
    outer loop
      vertex 29.73894691467285 16.23288917541504 125.5
      vertex 30 16.25 128.5
      vertex 29.73894691467285 16.23288917541504 128.5
    endloop
  endfacet
  facet normal 0.06540503757857268 -0.9978587981570066 0
    outer loop
      vertex 30 16.25 128.5
      vertex 29.73894691467285 16.23288917541504 125.5
      vertex 30 16.25 125.5
    endloop
  endfacet
  facet normal 0.5555680517333541 -0.8314710697872808 0
    outer loop
      vertex 28.7824764251709 15.836706161499023 125.5
      vertex 29 15.982049942016602 128.5
      vertex 28.7824764251709 15.836706161499023 128.5
    endloop
  endfacet
  facet normal 0.5555680517333541 -0.8314710697872808 0
    outer loop
      vertex 29 15.982049942016602 128.5
      vertex 28.7824764251709 15.836706161499023 125.5
      vertex 29 15.982049942016602 125.5
    endloop
  endfacet
  facet normal -0.32144169721474214 0.9469293718602808 0
    outer loop
      vertex 30.765365600585938 12.402240753173828 125.5
      vertex 30.517637252807617 12.318147659301758 128.5
      vertex 30.765365600585938 12.402240753173828 128.5
    endloop
  endfacet
  facet normal -0.32144169721474214 0.9469293718602808 0
    outer loop
      vertex 30.517637252807617 12.318147659301758 128.5
      vertex 30.765365600585938 12.402240753173828 125.5
      vertex 30.517637252807617 12.318147659301758 125.5
    endloop
  endfacet
  facet normal -0.751839826652126 0.6593457932372825 0
    outer loop
      vertex 31.414213180541992 12.835785865783691 125.5
      vertex 31.586706161499023 13.032476425170898 128.5
      vertex 31.586706161499023 13.032476425170898 125.5
    endloop
  endfacet
  facet normal -0.751839826652126 0.6593457932372825 0
    outer loop
      vertex 31.586706161499023 13.032476425170898 128.5
      vertex 31.414213180541992 12.835785865783691 125.5
      vertex 31.414213180541992 12.835785865783691 128.5
    endloop
  endfacet
  facet normal -0.4422870614774873 0.8968735447372777 0
    outer loop
      vertex 31 12.517949104309082 125.5
      vertex 30.765365600585938 12.402240753173828 128.5
      vertex 31 12.517949104309082 128.5
    endloop
  endfacet
  facet normal -0.4422870614774873 0.8968735447372777 0
    outer loop
      vertex 30.765365600585938 12.402240753173828 128.5
      vertex 31 12.517949104309082 125.5
      vertex 30.765365600585938 12.402240753173828 125.5
    endloop
  endfacet
  facet normal 0.9469297485156343 0.32144058763030764 0
    outer loop
      vertex 28.152240753173828 13.48463249206543 128.5
      vertex 28.068147659301758 13.732361793518066 125.5
      vertex 28.068147659301758 13.732361793518066 128.5
    endloop
  endfacet
  facet normal 0.9469297485156343 0.32144058763030764 0
    outer loop
      vertex 28.068147659301758 13.732361793518066 125.5
      vertex 28.152240753173828 13.48463249206543 128.5
      vertex 28.152240753173828 13.48463249206543 125.5
    endloop
  endfacet
  facet normal 0.3214351597604407 -0.9469315910190028 0
    outer loop
      vertex 29.23463249206543 16.097759246826172 125.5
      vertex 29.48236083984375 16.18185043334961 128.5
      vertex 29.23463249206543 16.097759246826172 128.5
    endloop
  endfacet
  facet normal 0.3214351597604407 -0.9469315910190028 0
    outer loop
      vertex 29.48236083984375 16.18185043334961 128.5
      vertex 29.23463249206543 16.097759246826172 125.5
      vertex 29.48236083984375 16.18185043334961 125.5
    endloop
  endfacet
  facet normal 0.6593439861474872 -0.751841411423408 0
    outer loop
      vertex 28.585784912109375 15.664213180541992 125.5
      vertex 28.7824764251709 15.836706161499023 128.5
      vertex 28.585784912109375 15.664213180541992 128.5
    endloop
  endfacet
  facet normal 0.6593439861474872 -0.751841411423408 0
    outer loop
      vertex 28.7824764251709 15.836706161499023 128.5
      vertex 28.585784912109375 15.664213180541992 125.5
      vertex 28.7824764251709 15.836706161499023 125.5
    endloop
  endfacet
  facet normal -0.6593439861474872 -0.751841411423408 0
    outer loop
      vertex 31.21752166748047 15.836706161499023 125.5
      vertex 31.414213180541992 15.664213180541992 128.5
      vertex 31.21752166748047 15.836706161499023 128.5
    endloop
  endfacet
  facet normal -0.6593439861474872 -0.751841411423408 0
    outer loop
      vertex 31.414213180541992 15.664213180541992 128.5
      vertex 31.21752166748047 15.836706161499023 125.5
      vertex 31.414213180541992 15.664213180541992 125.5
    endloop
  endfacet
  facet normal -0.5555714196190613 -0.8314688194409101 0
    outer loop
      vertex 31 15.982049942016602 125.5
      vertex 31.21752166748047 15.836706161499023 128.5
      vertex 31 15.982049942016602 128.5
    endloop
  endfacet
  facet normal -0.5555714196190613 -0.8314688194409101 0
    outer loop
      vertex 31.21752166748047 15.836706161499023 128.5
      vertex 31 15.982049942016602 125.5
      vertex 31.21752166748047 15.836706161499023 125.5
    endloop
  endfacet
  facet normal 0.980784703926618 0.19509322013739036 0
    outer loop
      vertex 28.068147659301758 13.732361793518066 128.5
      vertex 28.017108917236328 13.988946914672852 125.5
      vertex 28.017108917236328 13.988946914672852 128.5
    endloop
  endfacet
  facet normal 0.980784703926618 0.19509322013739036 0
    outer loop
      vertex 28.017108917236328 13.988946914672852 125.5
      vertex 28.068147659301758 13.732361793518066 128.5
      vertex 28.068147659301758 13.732361793518066 125.5
    endloop
  endfacet
  facet normal 0.8968742776660317 -0.44228557523508943 0
    outer loop
      vertex 28.152240753173828 15.015366554260254 128.5
      vertex 28.267948150634766 15.25 125.5
      vertex 28.267948150634766 15.25 128.5
    endloop
  endfacet
  facet normal 0.8968742776660317 -0.44228557523508943 0
    outer loop
      vertex 28.267948150634766 15.25 125.5
      vertex 28.152240753173828 15.015366554260254 128.5
      vertex 28.152240753173828 15.015366554260254 125.5
    endloop
  endfacet
  facet normal 0.32144169721474214 0.9469293718602808 0
    outer loop
      vertex 29.48236083984375 12.318147659301758 125.5
      vertex 29.23463249206543 12.402240753173828 128.5
      vertex 29.48236083984375 12.318147659301758 128.5
    endloop
  endfacet
  facet normal 0.32144169721474214 0.9469293718602808 0
    outer loop
      vertex 29.23463249206543 12.402240753173828 128.5
      vertex 29.48236083984375 12.318147659301758 125.5
      vertex 29.23463249206543 12.402240753173828 125.5
    endloop
  endfacet
  facet normal 0.751839826652126 0.6593457932372825 0
    outer loop
      vertex 28.585784912109375 12.835785865783691 128.5
      vertex 28.413291931152344 13.032476425170898 125.5
      vertex 28.413291931152344 13.032476425170898 128.5
    endloop
  endfacet
  facet normal 0.751839826652126 0.6593457932372825 0
    outer loop
      vertex 28.413291931152344 13.032476425170898 125.5
      vertex 28.585784912109375 12.835785865783691 128.5
      vertex 28.585784912109375 12.835785865783691 125.5
    endloop
  endfacet
  facet normal 0.9978592583687081 -0.06539801593207477 0
    outer loop
      vertex 28 14.25 128.5
      vertex 28.017108917236328 14.511052131652832 125.5
      vertex 28.017108917236328 14.511052131652832 128.5
    endloop
  endfacet
  facet normal 0.9978592583687081 -0.06539801593207477 0
    outer loop
      vertex 28.017108917236328 14.511052131652832 125.5
      vertex 28 14.25 128.5
      vertex 28 14.25 125.5
    endloop
  endfacet
  facet normal 0.751839826652126 -0.6593457932372825 0
    outer loop
      vertex 28.413291931152344 15.467522621154785 128.5
      vertex 28.585784912109375 15.664213180541992 125.5
      vertex 28.585784912109375 15.664213180541992 128.5
    endloop
  endfacet
  facet normal 0.751839826652126 -0.6593457932372825 0
    outer loop
      vertex 28.585784912109375 15.664213180541992 125.5
      vertex 28.413291931152344 15.467522621154785 128.5
      vertex 28.413291931152344 15.467522621154785 125.5
    endloop
  endfacet
  facet normal 0.8314710697872808 0.5555680517333541 0
    outer loop
      vertex 28.413291931152344 13.032476425170898 128.5
      vertex 28.267948150634766 13.25 125.5
      vertex 28.267948150634766 13.25 128.5
    endloop
  endfacet
  facet normal 0.8314710697872808 0.5555680517333541 0
    outer loop
      vertex 28.267948150634766 13.25 125.5
      vertex 28.413291931152344 13.032476425170898 128.5
      vertex 28.413291931152344 13.032476425170898 125.5
    endloop
  endfacet
endsolid OpenSCAD_Model
