solid OpenSCAD_Model
  facet normal 0.9978582911065027 0.06541277298823332 0
    outer loop
      vertex 43.5 21 33.08000183105469
      vertex 43.482887268066406 21.261051177978516 0
      vertex 43.482887268066406 21.261051177978516 33.08000183105469
    endloop
  endfacet
  facet normal 0.9978582911065027 0.06541277298823332 0
    outer loop
      vertex 43.482887268066406 21.261051177978516 0
      vertex 43.5 21 33.08000183105469
      vertex 43.5 21 0
    endloop
  endfacet
  facet normal 0.9978582911065027 0.06541277298823332 0
    outer loop
      vertex 43.5 21 123.5
      vertex 43.482887268066406 21.261051177978516 87.94999694824219
      vertex 43.482887268066406 21.261051177978516 123.5
    endloop
  endfacet
  facet normal 0.9978582911065027 0.06541277298823332 0
    outer loop
      vertex 43.482887268066406 21.261051177978516 87.94999694824219
      vertex 43.5 21 123.5
      vertex 43.5 21 87.94999694824219
    endloop
  endfacet
  facet normal 0.9978582911065027 0.06541277298823332 0
    outer loop
      vertex 43.5 21 84.94999694824219
      vertex 43.482887268066406 21.261051177978516 36.08000183105469
      vertex 43.482887268066406 21.261051177978516 84.94999694824219
    endloop
  endfacet
  facet normal 0.9978582911065027 0.06541277298823332 0
    outer loop
      vertex 43.482887268066406 21.261051177978516 36.08000183105469
      vertex 43.5 21 84.94999694824219
      vertex 43.5 21 36.08000183105469
    endloop
  endfacet
  facet normal 0 1 0
    outer loop
      vertex 41.5 23 123.5
      vertex 40.5 23 120.5
      vertex 2 23 123.5
    endloop
  endfacet
  facet normal 0 1 0
    outer loop
      vertex 41.5 23 0
      vertex 40.5 23 120.5
      vertex 41.5 23 123.5
    endloop
  endfacet
  facet normal 0 1 0
    outer loop
      vertex 40.5 23 120.5
      vertex 41.5 23 0
      vertex 40.5 23 0
    endloop
  endfacet
  facet normal 0 1 0
    outer loop
      vertex 3 23 120.5
      vertex 2 23 123.5
      vertex 40.5 23 120.5
    endloop
  endfacet
  facet normal 0 1 0
    outer loop
      vertex 2 23 0
      vertex 3 23 120.5
      vertex 3 23 0
    endloop
  endfacet
  facet normal 0 1 0
    outer loop
      vertex 3 23 120.5
      vertex 2 23 0
      vertex 2 23 123.5
    endloop
  endfacet
  facet normal -0.06540503757857266 0.9978587981570065 0
    outer loop
      vertex 2 23 0
      vertex 1.7389469146728516 22.98288917541504 123.5
      vertex 2 23 123.5
    endloop
  endfacet
  facet normal -0.06540503757857266 0.9978587981570065 0
    outer loop
      vertex 1.7389469146728516 22.98288917541504 123.5
      vertex 2 23 0
      vertex 1.7389469146728516 22.98288917541504 0
    endloop
  endfacet
  facet normal -0.4422928857990367 0.8968706724893842 0
    outer loop
      vertex 1.2346324920654297 22.847759246826172 123.5
      vertex 1 22.7320499420166 87.94999694824219
      vertex 1 22.7320499420166 123.5
    endloop
  endfacet
  facet normal -0.44229288579903664 0.8968706724893841 0
    outer loop
      vertex 1.2346324920654297 22.847759246826172 123.5
      vertex 1 22.7320499420166 84.94999694824219
      vertex 1 22.7320499420166 87.94999694824219
    endloop
  endfacet
  facet normal -0.4422928857990367 0.8968706724893842 0
    outer loop
      vertex 1.2346324920654297 22.847759246826172 123.5
      vertex 1 22.7320499420166 36.08000183105469
      vertex 1 22.7320499420166 84.94999694824219
    endloop
  endfacet
  facet normal -0.44229288579903664 0.8968706724893841 0
    outer loop
      vertex 1.2346324920654297 22.847759246826172 123.5
      vertex 1 22.7320499420166 33.08000183105469
      vertex 1 22.7320499420166 36.08000183105469
    endloop
  endfacet
  facet normal -0.44229288579903664 0.8968706724893842 0
    outer loop
      vertex 1.2346324920654297 22.847759246826172 0
      vertex 1 22.7320499420166 33.08000183105469
      vertex 1.2346324920654297 22.847759246826172 123.5
    endloop
  endfacet
  facet normal -0.44229288579903664 0.8968706724893842 0
    outer loop
      vertex 1 22.7320499420166 33.08000183105469
      vertex 1.2346324920654297 22.847759246826172 0
      vertex 1 22.7320499420166 0
    endloop
  endfacet
  facet normal 0.831475555237498 0.5555613386859225 0
    outer loop
      vertex 43.23204803466797 22 123.5
      vertex 43.086708068847656 22.21752166748047 87.94999694824219
      vertex 43.086708068847656 22.21752166748047 123.5
    endloop
  endfacet
  facet normal 0.831475555237498 0.5555613386859225 0
    outer loop
      vertex 43.086708068847656 22.21752166748047 87.94999694824219
      vertex 43.23204803466797 22 123.5
      vertex 43.23204803466797 22 87.94999694824219
    endloop
  endfacet
  facet normal 0.8314755552374979 0.5555613386859225 0
    outer loop
      vertex 43.23204803466797 22 33.08000183105469
      vertex 43.086708068847656 22.21752166748047 0
      vertex 43.086708068847656 22.21752166748047 33.08000183105469
    endloop
  endfacet
  facet normal 0.8314755552374979 0.5555613386859225 0
    outer loop
      vertex 43.086708068847656 22.21752166748047 0
      vertex 43.23204803466797 22 33.08000183105469
      vertex 43.23204803466797 22 0
    endloop
  endfacet
  facet normal 0.831475555237498 0.5555613386859226 0
    outer loop
      vertex 43.23204803466797 22 84.94999694824219
      vertex 43.086708068847656 22.21752166748047 36.08000183105469
      vertex 43.086708068847656 22.21752166748047 84.94999694824219
    endloop
  endfacet
  facet normal 0.831475555237498 0.5555613386859226 0
    outer loop
      vertex 43.086708068847656 22.21752166748047 36.08000183105469
      vertex 43.23204803466797 22 84.94999694824219
      vertex 43.23204803466797 22 36.08000183105469
    endloop
  endfacet
  facet normal 0 -1 0
    outer loop
      vertex 0 0 4
      vertex 43.5 0 33.08000183105469
      vertex 0 0 33.08000183105469
    endloop
  endfacet
  facet normal 0 -1 0
    outer loop
      vertex 43.5 0 33.08000183105469
      vertex 0 0 4
      vertex 43.5 0 4
    endloop
  endfacet
  facet normal 0 -1 0
    outer loop
      vertex 0 0 87.94999694824219
      vertex 43.5 0 121.5
      vertex 0 0 121.5
    endloop
  endfacet
  facet normal 0 -1 0
    outer loop
      vertex 43.5 0 121.5
      vertex 0 0 87.94999694824219
      vertex 43.5 0 87.94999694824219
    endloop
  endfacet
  facet normal 0 -1 0
    outer loop
      vertex 0 0 36.08000183105469
      vertex 43.5 0 84.94999694824219
      vertex 0 0 84.94999694824219
    endloop
  endfacet
  facet normal 0 -1 0
    outer loop
      vertex 43.5 0 84.94999694824219
      vertex 0 0 36.08000183105469
      vertex 43.5 0 36.08000183105469
    endloop
  endfacet
  facet normal -0.1950932201373904 0.9807847039266181 0
    outer loop
      vertex 1.7389469146728516 22.98288917541504 0
      vertex 1.4823617935180664 22.93185043334961 123.5
      vertex 1.7389469146728516 22.98288917541504 123.5
    endloop
  endfacet
  facet normal -0.1950932201373904 0.9807847039266181 0
    outer loop
      vertex 1.4823617935180664 22.93185043334961 123.5
      vertex 1.7389469146728516 22.98288917541504 0
      vertex 1.4823617935180664 22.93185043334961 0
    endloop
  endfacet
  facet normal 0.659340371986186 0.7518445809268814 0
    outer loop
      vertex 42.914215087890625 22.414213180541992 87.94999694824219
      vertex 42.71752166748047 22.586706161499023 123.5
      vertex 42.914215087890625 22.414213180541992 123.5
    endloop
  endfacet
  facet normal 0.659340371986186 0.7518445809268814 0
    outer loop
      vertex 42.71752166748047 22.586706161499023 123.5
      vertex 42.914215087890625 22.414213180541992 87.94999694824219
      vertex 42.71752166748047 22.586706161499023 87.94999694824219
    endloop
  endfacet
  facet normal 0.659340371986186 0.7518445809268813 0
    outer loop
      vertex 42.914215087890625 22.414213180541992 0
      vertex 42.71752166748047 22.586706161499023 33.08000183105469
      vertex 42.914215087890625 22.414213180541992 33.08000183105469
    endloop
  endfacet
  facet normal 0.659340371986186 0.7518445809268813 0
    outer loop
      vertex 42.71752166748047 22.586706161499023 33.08000183105469
      vertex 42.914215087890625 22.414213180541992 0
      vertex 42.71752166748047 22.586706161499023 0
    endloop
  endfacet
  facet normal 0.659340371986186 0.7518445809268814 0
    outer loop
      vertex 42.914215087890625 22.414213180541992 36.08000183105469
      vertex 42.71752166748047 22.586706161499023 84.94999694824219
      vertex 42.914215087890625 22.414213180541992 84.94999694824219
    endloop
  endfacet
  facet normal 0.659340371986186 0.7518445809268814 0
    outer loop
      vertex 42.71752166748047 22.586706161499023 84.94999694824219
      vertex 42.914215087890625 22.414213180541992 36.08000183105469
      vertex 42.71752166748047 22.586706161499023 36.08000183105469
    endloop
  endfacet
  facet normal 0.9469315910190028 0.3214351597604407 0
    outer loop
      vertex 43.43185043334961 21.517637252807617 123.5
      vertex 43.34775924682617 21.765365600585938 87.94999694824219
      vertex 43.34775924682617 21.765365600585938 123.5
    endloop
  endfacet
  facet normal 0.9469315910190028 0.3214351597604407 0
    outer loop
      vertex 43.34775924682617 21.765365600585938 87.94999694824219
      vertex 43.43185043334961 21.517637252807617 123.5
      vertex 43.43185043334961 21.517637252807617 87.94999694824219
    endloop
  endfacet
  facet normal 0.9469315910190027 0.3214351597604407 0
    outer loop
      vertex 43.43185043334961 21.517637252807617 33.08000183105469
      vertex 43.34775924682617 21.765365600585938 0
      vertex 43.34775924682617 21.765365600585938 33.08000183105469
    endloop
  endfacet
  facet normal 0.9469315910190027 0.3214351597604407 0
    outer loop
      vertex 43.34775924682617 21.765365600585938 0
      vertex 43.43185043334961 21.517637252807617 33.08000183105469
      vertex 43.43185043334961 21.517637252807617 0
    endloop
  endfacet
  facet normal 0.9469315910190028 0.3214351597604407 0
    outer loop
      vertex 43.43185043334961 21.517637252807617 84.94999694824219
      vertex 43.34775924682617 21.765365600585938 36.08000183105469
      vertex 43.34775924682617 21.765365600585938 84.94999694824219
    endloop
  endfacet
  facet normal 0.9469315910190028 0.3214351597604407 0
    outer loop
      vertex 43.34775924682617 21.765365600585938 36.08000183105469
      vertex 43.43185043334961 21.517637252807617 84.94999694824219
      vertex 43.43185043334961 21.517637252807617 36.08000183105469
    endloop
  endfacet
  facet normal -0.8314688194409101 0.5555714196190613 0
    outer loop
      vertex 0.26794910430908203 22 87.94999694824219
      vertex 0.41329288482666016 22.21752166748047 123.5
      vertex 0.41329288482666016 22.21752166748047 87.94999694824219
    endloop
  endfacet
  facet normal -0.8314688194409101 0.5555714196190613 0
    outer loop
      vertex 0.41329288482666016 22.21752166748047 123.5
      vertex 0.26794910430908203 22 87.94999694824219
      vertex 0.26794910430908203 22 123.5
    endloop
  endfacet
  facet normal -0.8314688194409101 0.5555714196190613 0
    outer loop
      vertex 0.26794910430908203 22 0
      vertex 0.41329288482666016 22.21752166748047 33.08000183105469
      vertex 0.41329288482666016 22.21752166748047 0
    endloop
  endfacet
  facet normal -0.8314688194409101 0.5555714196190613 0
    outer loop
      vertex 0.41329288482666016 22.21752166748047 33.08000183105469
      vertex 0.26794910430908203 22 0
      vertex 0.26794910430908203 22 33.08000183105469
    endloop
  endfacet
  facet normal -0.8314688194409101 0.5555714196190613 0
    outer loop
      vertex 0.26794910430908203 22 36.08000183105469
      vertex 0.41329288482666016 22.21752166748047 84.94999694824219
      vertex 0.41329288482666016 22.21752166748047 36.08000183105469
    endloop
  endfacet
  facet normal -0.8314688194409101 0.5555714196190613 0
    outer loop
      vertex 0.41329288482666016 22.21752166748047 84.94999694824219
      vertex 0.26794910430908203 22 36.08000183105469
      vertex 0.26794910430908203 22 84.94999694824219
    endloop
  endfacet
  facet normal 0 0 -1
    outer loop
      vertex 14.75 -11 0
      vertex 20.25 -9 0
      vertex 18.91666603088379 -11 0
    endloop
  endfacet
  facet normal 0 0 -1
    outer loop
      vertex 40.5 3 0
      vertex 43.5 21 0
      vertex 43.5 0 0
    endloop
  endfacet
  facet normal 0 0 -1
    outer loop
      vertex 40.5 23 0
      vertex 43.5 21 0
      vertex 40.5 3 0
    endloop
  endfacet
  facet normal 0 0 -1
    outer loop
      vertex 41.5 23 0
      vertex 43.5 21 0
      vertex 40.5 23 0
    endloop
  endfacet
  facet normal 0 0 -1
    outer loop
      vertex 43.5 21 0
      vertex 41.5 23 0
      vertex 43.482887268066406 21.261051177978516 0
    endloop
  endfacet
  facet normal 0 0 -1
    outer loop
      vertex 43.482887268066406 21.261051177978516 0
      vertex 41.5 23 0
      vertex 43.43185043334961 21.517637252807617 0
    endloop
  endfacet
  facet normal 0 0 -1
    outer loop
      vertex 43.43185043334961 21.517637252807617 0
      vertex 41.5 23 0
      vertex 43.34775924682617 21.765365600585938 0
    endloop
  endfacet
  facet normal 0 0 -1
    outer loop
      vertex 43.34775924682617 21.765365600585938 0
      vertex 41.5 23 0
      vertex 43.23204803466797 22 0
    endloop
  endfacet
  facet normal 0 0 -1
    outer loop
      vertex 43.23204803466797 22 0
      vertex 41.5 23 0
      vertex 43.086708068847656 22.21752166748047 0
    endloop
  endfacet
  facet normal 0 0 -1
    outer loop
      vertex 43.086708068847656 22.21752166748047 0
      vertex 41.5 23 0
      vertex 42.914215087890625 22.414213180541992 0
    endloop
  endfacet
  facet normal 0 0 -1
    outer loop
      vertex 42.914215087890625 22.414213180541992 0
      vertex 41.5 23 0
      vertex 42.71752166748047 22.586706161499023 0
    endloop
  endfacet
  facet normal 0 0 -1
    outer loop
      vertex 42.71752166748047 22.586706161499023 0
      vertex 41.5 23 0
      vertex 42.5 22.7320499420166 0
    endloop
  endfacet
  facet normal 0 0 -1
    outer loop
      vertex 42.5 22.7320499420166 0
      vertex 41.5 23 0
      vertex 42.26536560058594 22.847759246826172 0
    endloop
  endfacet
  facet normal 0 0 -1
    outer loop
      vertex 42.01763916015625 22.93185043334961 0
      vertex 41.5 23 0
      vertex 41.761051177978516 22.98288917541504 0
    endloop
  endfacet
  facet normal 0 0 -1
    outer loop
      vertex 28.75 -11 0
      vertex 40.5 3 0
      vertex 43.5 0 0
    endloop
  endfacet
  facet normal 0 0 -1
    outer loop
      vertex 23.25 -9 0
      vertex 28.75 -11 0
      vertex 24.58333396911621 -11 0
    endloop
  endfacet
  facet normal 0 0 -1
    outer loop
      vertex 28.75 -11 0
      vertex 23.25 -9 0
      vertex 23.25 -6.5 0
    endloop
  endfacet
  facet normal 0 0 -1
    outer loop
      vertex 23.19888687133789 -6.1117706298828125 0
      vertex 28.75 -11 0
      vertex 23.25 -6.5 0
    endloop
  endfacet
  facet normal 0 0 -1
    outer loop
      vertex 23.04903793334961 -5.75 0
      vertex 28.75 -11 0
      vertex 23.19888687133789 -6.1117706298828125 0
    endloop
  endfacet
  facet normal 0 0 -1
    outer loop
      vertex 28.75 -11 0
      vertex 23.04903793334961 -5.75 0
      vertex 40.5 3 0
    endloop
  endfacet
  facet normal 0 0 -1
    outer loop
      vertex 22.810659408569336 -5.439339637756348 0
      vertex 40.5 3 0
      vertex 23.04903793334961 -5.75 0
    endloop
  endfacet
  facet normal 0 0 -1
    outer loop
      vertex 22.5 -5.200961112976074 0
      vertex 40.5 3 0
      vertex 22.810659408569336 -5.439339637756348 0
    endloop
  endfacet
  facet normal 0 0 -1
    outer loop
      vertex 22.138229370117188 -5.051111221313477 0
      vertex 40.5 3 0
      vertex 22.5 -5.200961112976074 0
    endloop
  endfacet
  facet normal 0 0 -1
    outer loop
      vertex 21.75 -5 0
      vertex 40.5 3 0
      vertex 22.138229370117188 -5.051111221313477 0
    endloop
  endfacet
  facet normal 0 0 -1
    outer loop
      vertex 3 3 0
      vertex 21.75 -5 0
      vertex 21.361770629882812 -5.051111221313477 0
    endloop
  endfacet
  facet normal 0 0 -1
    outer loop
      vertex 3 3 0
      vertex 21.361770629882812 -5.051111221313477 0
      vertex 21 -5.200961112976074 0
    endloop
  endfacet
  facet normal 0 0 -1
    outer loop
      vertex 20.25 -9 0
      vertex 14.75 -11 0
      vertex 20.25 -6.5 0
    endloop
  endfacet
  facet normal 0 0 -1
    outer loop
      vertex 20.25 -6.5 0
      vertex 14.75 -11 0
      vertex 20.301111221313477 -6.1117706298828125 0
    endloop
  endfacet
  facet normal 0 0 -1
    outer loop
      vertex 14.75 -11 0
      vertex 20.45096206665039 -5.75 0
      vertex 20.301111221313477 -6.1117706298828125 0
    endloop
  endfacet
  facet normal 0 0 -1
    outer loop
      vertex 3 3 0
      vertex 20.45096206665039 -5.75 0
      vertex 14.75 -11 0
    endloop
  endfacet
  facet normal 0 0 -1
    outer loop
      vertex 21.75 -5 0
      vertex 3 3 0
      vertex 40.5 3 0
    endloop
  endfacet
  facet normal 0 0 -1
    outer loop
      vertex 20.68933868408203 -5.439339637756348 0
      vertex 3 3 0
      vertex 21 -5.200961112976074 0
    endloop
  endfacet
  facet normal 0 0 -1
    outer loop
      vertex 20.45096206665039 -5.75 0
      vertex 3 3 0
      vertex 20.68933868408203 -5.439339637756348 0
    endloop
  endfacet
  facet normal 0 0 -1
    outer loop
      vertex 0 21 0
      vertex 3 23 0
      vertex 3 3 0
    endloop
  endfacet
  facet normal 0 0 -1
    outer loop
      vertex 3 23 0
      vertex 0 21 0
      vertex 2 23 0
    endloop
  endfacet
  facet normal 0 0 -1
    outer loop
      vertex 2 23 0
      vertex 0 21 0
      vertex 1.7389469146728516 22.98288917541504 0
    endloop
  endfacet
  facet normal 0 0 -1
    outer loop
      vertex 1.7389469146728516 22.98288917541504 0
      vertex 0 21 0
      vertex 1.4823617935180664 22.93185043334961 0
    endloop
  endfacet
  facet normal 0 0 -1
    outer loop
      vertex 1.4823617935180664 22.93185043334961 0
      vertex 0 21 0
      vertex 1.2346324920654297 22.847759246826172 0
    endloop
  endfacet
  facet normal 0 0 -1
    outer loop
      vertex 1.2346324920654297 22.847759246826172 0
      vertex 0 21 0
      vertex 1 22.7320499420166 0
    endloop
  endfacet
  facet normal 0 0 -1
    outer loop
      vertex 1 22.7320499420166 0
      vertex 0 21 0
      vertex 0.7824764251708984 22.586706161499023 0
    endloop
  endfacet
  facet normal 0 0 -1
    outer loop
      vertex 0.7824764251708984 22.586706161499023 0
      vertex 0 21 0
      vertex 0.5857858657836914 22.414213180541992 0
    endloop
  endfacet
  facet normal 0 0 -1
    outer loop
      vertex 0.5857858657836914 22.414213180541992 0
      vertex 0 21 0
      vertex 0.41329288482666016 22.21752166748047 0
    endloop
  endfacet
  facet normal 0 0 -1
    outer loop
      vertex 0.41329288482666016 22.21752166748047 0
      vertex 0 21 0
      vertex 0.26794910430908203 22 0
    endloop
  endfacet
  facet normal 0 0 -1
    outer loop
      vertex 0.26794910430908203 22 0
      vertex 0 21 0
      vertex 0.15224075317382812 21.765365600585938 0
    endloop
  endfacet
  facet normal 0 0 -1
    outer loop
      vertex 0.15224075317382812 21.765365600585938 0
      vertex 0 21 0
      vertex 0.06814765930175781 21.517637252807617 0
    endloop
  endfacet
  facet normal 0 0 -1
    outer loop
      vertex 0 0 0
      vertex 3 3 0
      vertex 14.75 -11 0
    endloop
  endfacet
  facet normal 0 0 -1
    outer loop
      vertex 0 21 0
      vertex 3 3 0
      vertex 0 0 0
    endloop
  endfacet
  facet normal 0 0 -1
    outer loop
      vertex 0.06814765930175781 21.517637252807617 0
      vertex 0 21 0
      vertex 0.01710987091064453 21.261051177978516 0
    endloop
  endfacet
  facet normal 0 0 -1
    outer loop
      vertex 42.26536560058594 22.847759246826172 0
      vertex 41.5 23 0
      vertex 42.01763916015625 22.93185043334961 0
    endloop
  endfacet
  facet normal -0.9807855401855947 0.1950890159974446 0
    outer loop
      vertex 0.01710987091064453 21.261051177978516 0
      vertex 0.06814765930175781 21.517637252807617 33.08000183105469
      vertex 0.06814765930175781 21.517637252807617 0
    endloop
  endfacet
  facet normal -0.9807855401855947 0.1950890159974446 0
    outer loop
      vertex 0.06814765930175781 21.517637252807617 33.08000183105469
      vertex 0.01710987091064453 21.261051177978516 0
      vertex 0.01710987091064453 21.261051177978516 33.08000183105469
    endloop
  endfacet
  facet normal -0.9807855401855947 0.1950890159974446 0
    outer loop
      vertex 0.01710987091064453 21.261051177978516 87.94999694824219
      vertex 0.06814765930175781 21.517637252807617 123.5
      vertex 0.06814765930175781 21.517637252807617 87.94999694824219
    endloop
  endfacet
  facet normal -0.9807855401855947 0.1950890159974446 0
    outer loop
      vertex 0.06814765930175781 21.517637252807617 123.5
      vertex 0.01710987091064453 21.261051177978516 87.94999694824219
      vertex 0.01710987091064453 21.261051177978516 123.5
    endloop
  endfacet
  facet normal -0.9807855401855947 0.1950890159974446 0
    outer loop
      vertex 0.01710987091064453 21.261051177978516 36.08000183105469
      vertex 0.06814765930175781 21.517637252807617 84.94999694824219
      vertex 0.06814765930175781 21.517637252807617 36.08000183105469
    endloop
  endfacet
  facet normal -0.9807855401855947 0.1950890159974446 0
    outer loop
      vertex 0.06814765930175781 21.517637252807617 84.94999694824219
      vertex 0.01710987091064453 21.261051177978516 36.08000183105469
      vertex 0.01710987091064453 21.261051177978516 84.94999694824219
    endloop
  endfacet
  facet normal 1 0 0
    outer loop
      vertex 43.5 0 4
      vertex 43.5 21 33.08000183105469
      vertex 43.5 0 33.08000183105469
    endloop
  endfacet
  facet normal 1 0 0
    outer loop
      vertex 43.5 21 33.08000183105469
      vertex 43.5 0 4
      vertex 43.5 21 0
    endloop
  endfacet
  facet normal 1 0 0
    outer loop
      vertex 43.5 21 0
      vertex 43.5 0 4
      vertex 43.5 0 0
    endloop
  endfacet
  facet normal 1 0 0
    outer loop
      vertex 43.5 0 121.5
      vertex 43.5 21 123.5
      vertex 43.5 2 123.5
    endloop
  endfacet
  facet normal 1 0 0
    outer loop
      vertex 43.5 0 121.5
      vertex 43.5 2 123.5
      vertex 43.5 1.7389469146728516 123.4828872680664
    endloop
  endfacet
  facet normal 1 0 0
    outer loop
      vertex 43.5 0 121.5
      vertex 43.5 1.7389469146728516 123.4828872680664
      vertex 43.5 1.4823617935180664 123.43185424804688
    endloop
  endfacet
  facet normal 1 0 0
    outer loop
      vertex 43.5 0 121.5
      vertex 43.5 1.4823617935180664 123.43185424804688
      vertex 43.5 1.2346324920654297 123.34776306152344
    endloop
  endfacet
  facet normal 1 0 0
    outer loop
      vertex 43.5 0 121.5
      vertex 43.5 1.2346324920654297 123.34776306152344
      vertex 43.5 1 123.23204803466797
    endloop
  endfacet
  facet normal 1 0 0
    outer loop
      vertex 43.5 0 121.5
      vertex 43.5 1 123.23204803466797
      vertex 43.5 0.7824764251708984 123.08670806884766
    endloop
  endfacet
  facet normal 1 0 0
    outer loop
      vertex 43.5 0 121.5
      vertex 43.5 0.7824764251708984 123.08670806884766
      vertex 43.5 0.5857858657836914 122.91421508789062
    endloop
  endfacet
  facet normal 1 0 0
    outer loop
      vertex 43.5 0 121.5
      vertex 43.5 0.5857858657836914 122.91421508789062
      vertex 43.5 0.41329288482666016 122.71752166748047
    endloop
  endfacet
  facet normal 1 0 0
    outer loop
      vertex 43.5 0 121.5
      vertex 43.5 0.41329288482666016 122.71752166748047
      vertex 43.5 0.26794910430908203 122.5
    endloop
  endfacet
  facet normal 1 0 0
    outer loop
      vertex 43.5 0 121.5
      vertex 43.5 0.26794910430908203 122.5
      vertex 43.5 0.15224075317382812 122.26536560058594
    endloop
  endfacet
  facet normal 1 0 0
    outer loop
      vertex 43.5 0 121.5
      vertex 43.5 0.15224075317382812 122.26536560058594
      vertex 43.5 0.06814765930175781 122.01763916015625
    endloop
  endfacet
  facet normal 1 0 0
    outer loop
      vertex 43.5 0 121.5
      vertex 43.5 0.06814765930175781 122.01763916015625
      vertex 43.5 0.01710987091064453 121.76105499267578
    endloop
  endfacet
  facet normal 1 0 0
    outer loop
      vertex 43.5 21 123.5
      vertex 43.5 0 121.5
      vertex 43.5 21 87.94999694824219
    endloop
  endfacet
  facet normal 1 0 0
    outer loop
      vertex 43.5 21 87.94999694824219
      vertex 43.5 0 121.5
      vertex 43.5 0 87.94999694824219
    endloop
  endfacet
  facet normal 1 0 0
    outer loop
      vertex 43.5 0 84.94999694824219
      vertex 43.5 21 36.08000183105469
      vertex 43.5 21 84.94999694824219
    endloop
  endfacet
  facet normal 1 0 0
    outer loop
      vertex 43.5 21 36.08000183105469
      vertex 43.5 0 84.94999694824219
      vertex 43.5 0 36.08000183105469
    endloop
  endfacet
  facet normal 0.06540551341072687 0.9978587669682916 0
    outer loop
      vertex 41.761051177978516 22.98288917541504 0
      vertex 41.5 23 123.5
      vertex 41.761051177978516 22.98288917541504 123.5
    endloop
  endfacet
  facet normal 0.06540551341072687 0.9978587669682916 0
    outer loop
      vertex 41.5 23 123.5
      vertex 41.761051177978516 22.98288917541504 0
      vertex 41.5 23 0
    endloop
  endfacet
  facet normal -0.5555680517333541 0.8314710697872808 0
    outer loop
      vertex 1 22.7320499420166 0
      vertex 0.7824764251708984 22.586706161499023 33.08000183105469
      vertex 1 22.7320499420166 33.08000183105469
    endloop
  endfacet
  facet normal -0.5555680517333541 0.8314710697872808 0
    outer loop
      vertex 0.7824764251708984 22.586706161499023 33.08000183105469
      vertex 1 22.7320499420166 0
      vertex 0.7824764251708984 22.586706161499023 0
    endloop
  endfacet
  facet normal -0.5555680517333541 0.8314710697872808 0
    outer loop
      vertex 1 22.7320499420166 87.94999694824219
      vertex 0.7824764251708984 22.586706161499023 123.5
      vertex 1 22.7320499420166 123.5
    endloop
  endfacet
  facet normal -0.5555680517333541 0.8314710697872808 0
    outer loop
      vertex 0.7824764251708984 22.586706161499023 123.5
      vertex 1 22.7320499420166 87.94999694824219
      vertex 0.7824764251708984 22.586706161499023 87.94999694824219
    endloop
  endfacet
  facet normal -0.5555680517333541 0.8314710697872808 0
    outer loop
      vertex 1 22.7320499420166 36.08000183105469
      vertex 0.7824764251708984 22.586706161499023 84.94999694824219
      vertex 1 22.7320499420166 84.94999694824219
    endloop
  endfacet
  facet normal -0.5555680517333541 0.8314710697872808 0
    outer loop
      vertex 0.7824764251708984 22.586706161499023 84.94999694824219
      vertex 1 22.7320499420166 36.08000183105469
      vertex 0.7824764251708984 22.586706161499023 36.08000183105469
    endloop
  endfacet
  facet normal -0.6593457932372825 0.751839826652126 0
    outer loop
      vertex 0.7824764251708984 22.586706161499023 87.94999694824219
      vertex 0.5857858657836914 22.414213180541992 123.5
      vertex 0.7824764251708984 22.586706161499023 123.5
    endloop
  endfacet
  facet normal -0.6593457932372825 0.751839826652126 0
    outer loop
      vertex 0.5857858657836914 22.414213180541992 123.5
      vertex 0.7824764251708984 22.586706161499023 87.94999694824219
      vertex 0.5857858657836914 22.414213180541992 87.94999694824219
    endloop
  endfacet
  facet normal -0.6593457932372824 0.7518398266521258 0
    outer loop
      vertex 0.7824764251708984 22.586706161499023 0
      vertex 0.5857858657836914 22.414213180541992 33.08000183105469
      vertex 0.7824764251708984 22.586706161499023 33.08000183105469
    endloop
  endfacet
  facet normal -0.6593457932372824 0.7518398266521258 0
    outer loop
      vertex 0.5857858657836914 22.414213180541992 33.08000183105469
      vertex 0.7824764251708984 22.586706161499023 0
      vertex 0.5857858657836914 22.414213180541992 0
    endloop
  endfacet
  facet normal -0.6593457932372825 0.751839826652126 0
    outer loop
      vertex 0.7824764251708984 22.586706161499023 36.08000183105469
      vertex 0.5857858657836914 22.414213180541992 84.94999694824219
      vertex 0.7824764251708984 22.586706161499023 84.94999694824219
    endloop
  endfacet
  facet normal -0.6593457932372825 0.751839826652126 0
    outer loop
      vertex 0.5857858657836914 22.414213180541992 84.94999694824219
      vertex 0.7824764251708984 22.586706161499023 36.08000183105469
      vertex 0.5857858657836914 22.414213180541992 36.08000183105469
    endloop
  endfacet
  facet normal 0.3214373789162345 0.9469308377254703 0
    outer loop
      vertex 42.26536560058594 22.847759246826172 0
      vertex 42.01763916015625 22.93185043334961 123.5
      vertex 42.26536560058594 22.847759246826172 123.5
    endloop
  endfacet
  facet normal 0.3214373789162345 0.9469308377254703 0
    outer loop
      vertex 42.01763916015625 22.93185043334961 123.5
      vertex 42.26536560058594 22.847759246826172 0
      vertex 42.01763916015625 22.93185043334961 0
    endloop
  endfacet
  facet normal -1 0 0
    outer loop
      vertex 0 0 4
      vertex 0 21 0
      vertex 0 0 0
    endloop
  endfacet
  facet normal -1 0 0
    outer loop
      vertex 0 21 0
      vertex 0 0 4
      vertex 0 21 33.08000183105469
    endloop
  endfacet
  facet normal -1 0 0
    outer loop
      vertex 0 21 33.08000183105469
      vertex 0 0 4
      vertex 0 0 33.08000183105469
    endloop
  endfacet
  facet normal -1 0 0
    outer loop
      vertex 0 0 121.5
      vertex 0 21 123.5
      vertex 0 21 87.94999694824219
    endloop
  endfacet
  facet normal -1 0 0
    outer loop
      vertex 0 21 123.5
      vertex 0 0 121.5
      vertex 0 2 123.5
    endloop
  endfacet
  facet normal -1 0 0
    outer loop
      vertex 0 2 123.5
      vertex 0 0 121.5
      vertex 0 1.7389469146728516 123.4828872680664
    endloop
  endfacet
  facet normal -1 0 0
    outer loop
      vertex 0 1.7389469146728516 123.4828872680664
      vertex 0 0 121.5
      vertex 0 1.4823617935180664 123.43185424804688
    endloop
  endfacet
  facet normal -1 0 0
    outer loop
      vertex 0 1.4823617935180664 123.43185424804688
      vertex 0 0 121.5
      vertex 0 1.2346324920654297 123.34776306152344
    endloop
  endfacet
  facet normal -1 0 0
    outer loop
      vertex 0 1.2346324920654297 123.34776306152344
      vertex 0 0 121.5
      vertex 0 1 123.23204803466797
    endloop
  endfacet
  facet normal -1 0 0
    outer loop
      vertex 0 1 123.23204803466797
      vertex 0 0 121.5
      vertex 0 0.7824764251708984 123.08670806884766
    endloop
  endfacet
  facet normal -1 0 0
    outer loop
      vertex 0 0.7824764251708984 123.08670806884766
      vertex 0 0 121.5
      vertex 0 0.5857858657836914 122.91421508789062
    endloop
  endfacet
  facet normal -1 0 0
    outer loop
      vertex 0 0.5857858657836914 122.91421508789062
      vertex 0 0 121.5
      vertex 0 0.41329288482666016 122.71752166748047
    endloop
  endfacet
  facet normal -1 0 0
    outer loop
      vertex 0 0.41329288482666016 122.71752166748047
      vertex 0 0 121.5
      vertex 0 0.26794910430908203 122.5
    endloop
  endfacet
  facet normal -1 0 0
    outer loop
      vertex 0 0.26794910430908203 122.5
      vertex 0 0 121.5
      vertex 0 0.15224075317382812 122.26536560058594
    endloop
  endfacet
  facet normal -1 0 0
    outer loop
      vertex 0 0.15224075317382812 122.26536560058594
      vertex 0 0 121.5
      vertex 0 0.06814765930175781 122.01763916015625
    endloop
  endfacet
  facet normal -1 0 0
    outer loop
      vertex 0 0 121.5
      vertex 0 21 87.94999694824219
      vertex 0 0 87.94999694824219
    endloop
  endfacet
  facet normal -1 0 0
    outer loop
      vertex 0 0.06814765930175781 122.01763916015625
      vertex 0 0 121.5
      vertex 0 0.01710987091064453 121.76105499267578
    endloop
  endfacet
  facet normal -1 0 0
    outer loop
      vertex 0 0 36.08000183105469
      vertex 0 21 84.94999694824219
      vertex 0 21 36.08000183105469
    endloop
  endfacet
  facet normal -1 0 0
    outer loop
      vertex 0 21 84.94999694824219
      vertex 0 0 36.08000183105469
      vertex 0 0 84.94999694824219
    endloop
  endfacet
  facet normal -0.9469293718602808 0.32144169721474214 0
    outer loop
      vertex 0.06814765930175781 21.517637252807617 87.94999694824219
      vertex 0.15224075317382812 21.765365600585938 123.5
      vertex 0.15224075317382812 21.765365600585938 87.94999694824219
    endloop
  endfacet
  facet normal -0.9469293718602808 0.32144169721474214 0
    outer loop
      vertex 0.15224075317382812 21.765365600585938 123.5
      vertex 0.06814765930175781 21.517637252807617 87.94999694824219
      vertex 0.06814765930175781 21.517637252807617 123.5
    endloop
  endfacet
  facet normal -0.9469293718602809 0.32144169721474214 0
    outer loop
      vertex 0.06814765930175781 21.517637252807617 0
      vertex 0.15224075317382812 21.765365600585938 33.08000183105469
      vertex 0.15224075317382812 21.765365600585938 0
    endloop
  endfacet
  facet normal -0.9469293718602809 0.32144169721474214 0
    outer loop
      vertex 0.15224075317382812 21.765365600585938 33.08000183105469
      vertex 0.06814765930175781 21.517637252807617 0
      vertex 0.06814765930175781 21.517637252807617 33.08000183105469
    endloop
  endfacet
  facet normal -0.9469293718602808 0.32144169721474214 0
    outer loop
      vertex 0.06814765930175781 21.517637252807617 36.08000183105469
      vertex 0.15224075317382812 21.765365600585938 84.94999694824219
      vertex 0.15224075317382812 21.765365600585938 36.08000183105469
    endloop
  endfacet
  facet normal -0.9469293718602808 0.32144169721474214 0
    outer loop
      vertex 0.15224075317382812 21.765365600585938 84.94999694824219
      vertex 0.06814765930175781 21.517637252807617 36.08000183105469
      vertex 0.06814765930175781 21.517637252807617 84.94999694824219
    endloop
  endfacet
  facet normal 0.9807862376857944 0.19508550936997948 0
    outer loop
      vertex 43.482887268066406 21.261051177978516 33.08000183105469
      vertex 43.43185043334961 21.517637252807617 0
      vertex 43.43185043334961 21.517637252807617 33.08000183105469
    endloop
  endfacet
  facet normal 0.9807862376857944 0.19508550936997948 0
    outer loop
      vertex 43.43185043334961 21.517637252807617 0
      vertex 43.482887268066406 21.261051177978516 33.08000183105469
      vertex 43.482887268066406 21.261051177978516 0
    endloop
  endfacet
  facet normal 0.9807862376857944 0.19508550936997945 0
    outer loop
      vertex 43.482887268066406 21.261051177978516 123.5
      vertex 43.43185043334961 21.517637252807617 87.94999694824219
      vertex 43.43185043334961 21.517637252807617 123.5
    endloop
  endfacet
  facet normal 0.9807862376857944 0.19508550936997945 0
    outer loop
      vertex 43.43185043334961 21.517637252807617 87.94999694824219
      vertex 43.482887268066406 21.261051177978516 123.5
      vertex 43.482887268066406 21.261051177978516 87.94999694824219
    endloop
  endfacet
  facet normal 0.9807862376857943 0.19508550936997945 0
    outer loop
      vertex 43.482887268066406 21.261051177978516 84.94999694824219
      vertex 43.43185043334961 21.517637252807617 36.08000183105469
      vertex 43.43185043334961 21.517637252807617 84.94999694824219
    endloop
  endfacet
  facet normal 0.9807862376857943 0.19508550936997945 0
    outer loop
      vertex 43.43185043334961 21.517637252807617 36.08000183105469
      vertex 43.482887268066406 21.261051177978516 84.94999694824219
      vertex 43.482887268066406 21.261051177978516 36.08000183105469
    endloop
  endfacet
  facet normal -0.32143405019337223 0.9469319676599183 0
    outer loop
      vertex 1.4823617935180664 22.93185043334961 0
      vertex 1.2346324920654297 22.847759246826172 123.5
      vertex 1.4823617935180664 22.93185043334961 123.5
    endloop
  endfacet
  facet normal -0.32143405019337223 0.9469319676599183 0
    outer loop
      vertex 1.2346324920654297 22.847759246826172 123.5
      vertex 1.4823617935180664 22.93185043334961 0
      vertex 1.2346324920654297 22.847759246826172 0
    endloop
  endfacet
  facet normal 0.751841411423408 0.6593439861474872 0
    outer loop
      vertex 43.086708068847656 22.21752166748047 123.5
      vertex 42.914215087890625 22.414213180541992 87.94999694824219
      vertex 42.914215087890625 22.414213180541992 123.5
    endloop
  endfacet
  facet normal 0.751841411423408 0.6593439861474872 0
    outer loop
      vertex 42.914215087890625 22.414213180541992 87.94999694824219
      vertex 43.086708068847656 22.21752166748047 123.5
      vertex 43.086708068847656 22.21752166748047 87.94999694824219
    endloop
  endfacet
  facet normal 0.751841411423408 0.6593439861474872 0
    outer loop
      vertex 43.086708068847656 22.21752166748047 33.08000183105469
      vertex 42.914215087890625 22.414213180541992 0
      vertex 42.914215087890625 22.414213180541992 33.08000183105469
    endloop
  endfacet
  facet normal 0.751841411423408 0.6593439861474872 0
    outer loop
      vertex 42.914215087890625 22.414213180541992 0
      vertex 43.086708068847656 22.21752166748047 33.08000183105469
      vertex 43.086708068847656 22.21752166748047 0
    endloop
  endfacet
  facet normal 0.7518414114234079 0.6593439861474871 0
    outer loop
      vertex 43.086708068847656 22.21752166748047 84.94999694824219
      vertex 42.914215087890625 22.414213180541992 36.08000183105469
      vertex 42.914215087890625 22.414213180541992 84.94999694824219
    endloop
  endfacet
  facet normal 0.7518414114234079 0.6593439861474871 0
    outer loop
      vertex 42.914215087890625 22.414213180541992 36.08000183105469
      vertex 43.086708068847656 22.21752166748047 84.94999694824219
      vertex 43.086708068847656 22.21752166748047 36.08000183105469
    endloop
  endfacet
  facet normal 0.44228999372747985 0.8968720987122667 0
    outer loop
      vertex 42.5 22.7320499420166 87.94999694824219
      vertex 42.26536560058594 22.847759246826172 123.5
      vertex 42.5 22.7320499420166 123.5
    endloop
  endfacet
  facet normal 0.44228999372747985 0.8968720987122667 0
    outer loop
      vertex 42.5 22.7320499420166 84.94999694824219
      vertex 42.26536560058594 22.847759246826172 123.5
      vertex 42.5 22.7320499420166 87.94999694824219
    endloop
  endfacet
  facet normal 0.4422899937274799 0.8968720987122668 0
    outer loop
      vertex 42.5 22.7320499420166 36.08000183105469
      vertex 42.26536560058594 22.847759246826172 123.5
      vertex 42.5 22.7320499420166 84.94999694824219
    endloop
  endfacet
  facet normal 0.44228999372747985 0.8968720987122667 0
    outer loop
      vertex 42.5 22.7320499420166 33.08000183105469
      vertex 42.26536560058594 22.847759246826172 123.5
      vertex 42.5 22.7320499420166 36.08000183105469
    endloop
  endfacet
  facet normal 0.44228999372747985 0.8968720987122667 0
    outer loop
      vertex 42.26536560058594 22.847759246826172 0
      vertex 42.5 22.7320499420166 33.08000183105469
      vertex 42.5 22.7320499420166 0
    endloop
  endfacet
  facet normal 0.4422899937274798 0.8968720987122667 0
    outer loop
      vertex 42.5 22.7320499420166 33.08000183105469
      vertex 42.26536560058594 22.847759246826172 0
      vertex 42.26536560058594 22.847759246826172 123.5
    endloop
  endfacet
  facet normal -0.751841411423408 0.6593439861474872 0
    outer loop
      vertex 0.41329288482666016 22.21752166748047 87.94999694824219
      vertex 0.5857858657836914 22.414213180541992 123.5
      vertex 0.5857858657836914 22.414213180541992 87.94999694824219
    endloop
  endfacet
  facet normal -0.751841411423408 0.6593439861474872 0
    outer loop
      vertex 0.5857858657836914 22.414213180541992 123.5
      vertex 0.41329288482666016 22.21752166748047 87.94999694824219
      vertex 0.41329288482666016 22.21752166748047 123.5
    endloop
  endfacet
  facet normal -0.751841411423408 0.6593439861474872 0
    outer loop
      vertex 0.41329288482666016 22.21752166748047 0
      vertex 0.5857858657836914 22.414213180541992 33.08000183105469
      vertex 0.5857858657836914 22.414213180541992 0
    endloop
  endfacet
  facet normal -0.751841411423408 0.6593439861474872 0
    outer loop
      vertex 0.5857858657836914 22.414213180541992 33.08000183105469
      vertex 0.41329288482666016 22.21752166748047 0
      vertex 0.41329288482666016 22.21752166748047 33.08000183105469
    endloop
  endfacet
  facet normal -0.7518414114234079 0.6593439861474871 0
    outer loop
      vertex 0.41329288482666016 22.21752166748047 36.08000183105469
      vertex 0.5857858657836914 22.414213180541992 84.94999694824219
      vertex 0.5857858657836914 22.414213180541992 36.08000183105469
    endloop
  endfacet
  facet normal -0.7518414114234079 0.6593439861474871 0
    outer loop
      vertex 0.5857858657836914 22.414213180541992 84.94999694824219
      vertex 0.41329288482666016 22.21752166748047 36.08000183105469
      vertex 0.41329288482666016 22.21752166748047 84.94999694824219
    endloop
  endfacet
  facet normal 0.19509112759217123 0.9807851201638487 0
    outer loop
      vertex 42.01763916015625 22.93185043334961 0
      vertex 41.761051177978516 22.98288917541504 123.5
      vertex 42.01763916015625 22.93185043334961 123.5
    endloop
  endfacet
  facet normal 0.19509112759217123 0.9807851201638487 0
    outer loop
      vertex 41.761051177978516 22.98288917541504 123.5
      vertex 42.01763916015625 22.93185043334961 0
      vertex 41.761051177978516 22.98288917541504 0
    endloop
  endfacet
  facet normal 0.5555714196190613 0.8314688194409101 0
    outer loop
      vertex 42.71752166748047 22.586706161499023 0
      vertex 42.5 22.7320499420166 33.08000183105469
      vertex 42.71752166748047 22.586706161499023 33.08000183105469
    endloop
  endfacet
  facet normal 0.5555714196190613 0.8314688194409101 0
    outer loop
      vertex 42.5 22.7320499420166 33.08000183105469
      vertex 42.71752166748047 22.586706161499023 0
      vertex 42.5 22.7320499420166 0
    endloop
  endfacet
  facet normal 0.5555714196190613 0.8314688194409101 0
    outer loop
      vertex 42.71752166748047 22.586706161499023 87.94999694824219
      vertex 42.5 22.7320499420166 123.5
      vertex 42.71752166748047 22.586706161499023 123.5
    endloop
  endfacet
  facet normal 0.5555714196190613 0.8314688194409101 0
    outer loop
      vertex 42.5 22.7320499420166 123.5
      vertex 42.71752166748047 22.586706161499023 87.94999694824219
      vertex 42.5 22.7320499420166 87.94999694824219
    endloop
  endfacet
  facet normal 0.5555714196190613 0.8314688194409101 0
    outer loop
      vertex 42.71752166748047 22.586706161499023 36.08000183105469
      vertex 42.5 22.7320499420166 84.94999694824219
      vertex 42.71752166748047 22.586706161499023 84.94999694824219
    endloop
  endfacet
  facet normal 0.5555714196190613 0.8314688194409101 0
    outer loop
      vertex 42.5 22.7320499420166 84.94999694824219
      vertex 42.71752166748047 22.586706161499023 36.08000183105469
      vertex 42.5 22.7320499420166 36.08000183105469
    endloop
  endfacet
  facet normal 0.8968692066474735 0.442295858184916 0
    outer loop
      vertex 43.34775924682617 21.765365600585938 123.5
      vertex 43.23204803466797 22 87.94999694824219
      vertex 43.23204803466797 22 123.5
    endloop
  endfacet
  facet normal 0.8968692066474735 0.442295858184916 0
    outer loop
      vertex 43.23204803466797 22 87.94999694824219
      vertex 43.34775924682617 21.765365600585938 123.5
      vertex 43.34775924682617 21.765365600585938 87.94999694824219
    endloop
  endfacet
  facet normal 0.8968692066474736 0.442295858184916 0
    outer loop
      vertex 43.34775924682617 21.765365600585938 33.08000183105469
      vertex 43.23204803466797 22 0
      vertex 43.23204803466797 22 33.08000183105469
    endloop
  endfacet
  facet normal 0.8968692066474736 0.442295858184916 0
    outer loop
      vertex 43.23204803466797 22 0
      vertex 43.34775924682617 21.765365600585938 33.08000183105469
      vertex 43.34775924682617 21.765365600585938 0
    endloop
  endfacet
  facet normal 0.8968692066474735 0.442295858184916 0
    outer loop
      vertex 43.34775924682617 21.765365600585938 84.94999694824219
      vertex 43.23204803466797 22 36.08000183105469
      vertex 43.23204803466797 22 84.94999694824219
    endloop
  endfacet
  facet normal 0.8968692066474735 0.442295858184916 0
    outer loop
      vertex 43.23204803466797 22 36.08000183105469
      vertex 43.34775924682617 21.765365600585938 84.94999694824219
      vertex 43.34775924682617 21.765365600585938 36.08000183105469
    endloop
  endfacet
  facet normal -0.8968735447372777 0.4422870614774873 0
    outer loop
      vertex 0.15224075317382812 21.765365600585938 87.94999694824219
      vertex 0.26794910430908203 22 123.5
      vertex 0.26794910430908203 22 87.94999694824219
    endloop
  endfacet
  facet normal -0.8968735447372777 0.4422870614774873 0
    outer loop
      vertex 0.26794910430908203 22 123.5
      vertex 0.15224075317382812 21.765365600585938 87.94999694824219
      vertex 0.15224075317382812 21.765365600585938 123.5
    endloop
  endfacet
  facet normal -0.8968735447372775 0.44228706147748725 0
    outer loop
      vertex 0.15224075317382812 21.765365600585938 0
      vertex 0.26794910430908203 22 33.08000183105469
      vertex 0.26794910430908203 22 0
    endloop
  endfacet
  facet normal -0.8968735447372775 0.44228706147748725 0
    outer loop
      vertex 0.26794910430908203 22 33.08000183105469
      vertex 0.15224075317382812 21.765365600585938 0
      vertex 0.15224075317382812 21.765365600585938 33.08000183105469
    endloop
  endfacet
  facet normal -0.8968735447372775 0.4422870614774873 0
    outer loop
      vertex 0.15224075317382812 21.765365600585938 36.08000183105469
      vertex 0.26794910430908203 22 84.94999694824219
      vertex 0.26794910430908203 22 36.08000183105469
    endloop
  endfacet
  facet normal -0.8968735447372775 0.4422870614774873 0
    outer loop
      vertex 0.26794910430908203 22 84.94999694824219
      vertex 0.15224075317382812 21.765365600585938 36.08000183105469
      vertex 0.15224075317382812 21.765365600585938 84.94999694824219
    endloop
  endfacet
  facet normal -0.9978590048795508 0.06540188361807907 0
    outer loop
      vertex 0 21 0
      vertex 0.01710987091064453 21.261051177978516 33.08000183105469
      vertex 0.01710987091064453 21.261051177978516 0
    endloop
  endfacet
  facet normal -0.9978590048795508 0.06540188361807907 0
    outer loop
      vertex 0.01710987091064453 21.261051177978516 33.08000183105469
      vertex 0 21 0
      vertex 0 21 33.08000183105469
    endloop
  endfacet
  facet normal -0.9978590048795507 0.06540188361807907 0
    outer loop
      vertex 0 21 87.94999694824219
      vertex 0.01710987091064453 21.261051177978516 123.5
      vertex 0.01710987091064453 21.261051177978516 87.94999694824219
    endloop
  endfacet
  facet normal -0.9978590048795507 0.06540188361807907 0
    outer loop
      vertex 0.01710987091064453 21.261051177978516 123.5
      vertex 0 21 87.94999694824219
      vertex 0 21 123.5
    endloop
  endfacet
  facet normal -0.9978590048795508 0.06540188361807907 0
    outer loop
      vertex 0 21 36.08000183105469
      vertex 0.01710987091064453 21.261051177978516 84.94999694824219
      vertex 0.01710987091064453 21.261051177978516 36.08000183105469
    endloop
  endfacet
  facet normal -0.9978590048795508 0.06540188361807907 0
    outer loop
      vertex 0.01710987091064453 21.261051177978516 84.94999694824219
      vertex 0 21 36.08000183105469
      vertex 0 21 84.94999694824219
    endloop
  endfacet
  facet normal 0 0 1
    outer loop
      vertex 43.5 21 123.5
      vertex 23.73288917541504 13.261052131652832 123.5
      vertex 23.75 13 123.5
    endloop
  endfacet
  facet normal 0 0 1
    outer loop
      vertex 41.5 23 123.5
      vertex 23.68185043334961 13.517637252807617 123.5
      vertex 23.73288917541504 13.261052131652832 123.5
    endloop
  endfacet
  facet normal 0 0 1
    outer loop
      vertex 41.5 23 123.5
      vertex 23.597759246826172 13.765366554260254 123.5
      vertex 23.68185043334961 13.517637252807617 123.5
    endloop
  endfacet
  facet normal 0 0 1
    outer loop
      vertex 41.5 23 123.5
      vertex 23.4820499420166 14 123.5
      vertex 23.597759246826172 13.765366554260254 123.5
    endloop
  endfacet
  facet normal 0 0 1
    outer loop
      vertex 41.5 23 123.5
      vertex 23.336706161499023 14.217522621154785 123.5
      vertex 23.4820499420166 14 123.5
    endloop
  endfacet
  facet normal 0 0 1
    outer loop
      vertex 41.5 23 123.5
      vertex 23.164213180541992 14.414213180541992 123.5
      vertex 23.336706161499023 14.217522621154785 123.5
    endloop
  endfacet
  facet normal 0 0 1
    outer loop
      vertex 41.5 23 123.5
      vertex 22.96752166748047 14.586706161499023 123.5
      vertex 23.164213180541992 14.414213180541992 123.5
    endloop
  endfacet
  facet normal 0 0 1
    outer loop
      vertex 41.5 23 123.5
      vertex 22.75 14.732049942016602 123.5
      vertex 22.96752166748047 14.586706161499023 123.5
    endloop
  endfacet
  facet normal 0 0 1
    outer loop
      vertex 41.5 23 123.5
      vertex 22.515365600585938 14.847758293151855 123.5
      vertex 22.75 14.732049942016602 123.5
    endloop
  endfacet
  facet normal 0 0 1
    outer loop
      vertex 41.5 23 123.5
      vertex 22.267637252807617 14.931851387023926 123.5
      vertex 22.515365600585938 14.847758293151855 123.5
    endloop
  endfacet
  facet normal 0 0 1
    outer loop
      vertex 41.5 23 123.5
      vertex 22.011051177978516 14.982889175415039 123.5
      vertex 22.267637252807617 14.931851387023926 123.5
    endloop
  endfacet
  facet normal 0 0 1
    outer loop
      vertex 41.5 23 123.5
      vertex 21.75 15 123.5
      vertex 22.011051177978516 14.982889175415039 123.5
    endloop
  endfacet
  facet normal 0 0 1
    outer loop
      vertex 2 23 123.5
      vertex 21.75 15 123.5
      vertex 41.5 23 123.5
    endloop
  endfacet
  facet normal 0 0 1
    outer loop
      vertex 21.75 15 123.5
      vertex 2 23 123.5
      vertex 21.48894691467285 14.982889175415039 123.5
    endloop
  endfacet
  facet normal 0 0 1
    outer loop
      vertex 21.48894691467285 14.982889175415039 123.5
      vertex 2 23 123.5
      vertex 21.23236083984375 14.931851387023926 123.5
    endloop
  endfacet
  facet normal 0 0 1
    outer loop
      vertex 0 21 123.5
      vertex 19.767108917236328 13.261052131652832 123.5
      vertex 2 23 123.5
    endloop
  endfacet
  facet normal 0 0 1
    outer loop
      vertex 19.818147659301758 13.517637252807617 123.5
      vertex 2 23 123.5
      vertex 19.767108917236328 13.261052131652832 123.5
    endloop
  endfacet
  facet normal 0 0 1
    outer loop
      vertex 19.902240753173828 13.765366554260254 123.5
      vertex 2 23 123.5
      vertex 19.818147659301758 13.517637252807617 123.5
    endloop
  endfacet
  facet normal 0 0 1
    outer loop
      vertex 20.017948150634766 14 123.5
      vertex 2 23 123.5
      vertex 19.902240753173828 13.765366554260254 123.5
    endloop
  endfacet
  facet normal 0 0 1
    outer loop
      vertex 20.163291931152344 14.217522621154785 123.5
      vertex 2 23 123.5
      vertex 20.017948150634766 14 123.5
    endloop
  endfacet
  facet normal 0 0 1
    outer loop
      vertex 20.335784912109375 14.414213180541992 123.5
      vertex 2 23 123.5
      vertex 20.163291931152344 14.217522621154785 123.5
    endloop
  endfacet
  facet normal 0 0 1
    outer loop
      vertex 20.5324764251709 14.586706161499023 123.5
      vertex 2 23 123.5
      vertex 20.335784912109375 14.414213180541992 123.5
    endloop
  endfacet
  facet normal 0 0 1
    outer loop
      vertex 20.75 14.732049942016602 123.5
      vertex 2 23 123.5
      vertex 20.5324764251709 14.586706161499023 123.5
    endloop
  endfacet
  facet normal 0 0 1
    outer loop
      vertex 20.98463249206543 14.847758293151855 123.5
      vertex 2 23 123.5
      vertex 20.75 14.732049942016602 123.5
    endloop
  endfacet
  facet normal 0 0 1
    outer loop
      vertex 21.23236083984375 14.931851387023926 123.5
      vertex 2 23 123.5
      vertex 20.98463249206543 14.847758293151855 123.5
    endloop
  endfacet
  facet normal 0 0 1
    outer loop
      vertex 41.5 23 123.5
      vertex 43.5 21 123.5
      vertex 43.482887268066406 21.261051177978516 123.5
    endloop
  endfacet
  facet normal 0 0 1
    outer loop
      vertex 41.5 23 123.5
      vertex 43.482887268066406 21.261051177978516 123.5
      vertex 43.43185043334961 21.517637252807617 123.5
    endloop
  endfacet
  facet normal 0 0 1
    outer loop
      vertex 41.5 23 123.5
      vertex 43.43185043334961 21.517637252807617 123.5
      vertex 43.34775924682617 21.765365600585938 123.5
    endloop
  endfacet
  facet normal 0 0 1
    outer loop
      vertex 41.5 23 123.5
      vertex 43.34775924682617 21.765365600585938 123.5
      vertex 43.23204803466797 22 123.5
    endloop
  endfacet
  facet normal 0 0 1
    outer loop
      vertex 41.5 23 123.5
      vertex 43.23204803466797 22 123.5
      vertex 43.086708068847656 22.21752166748047 123.5
    endloop
  endfacet
  facet normal 0 0 1
    outer loop
      vertex 41.5 23 123.5
      vertex 43.086708068847656 22.21752166748047 123.5
      vertex 42.914215087890625 22.414213180541992 123.5
    endloop
  endfacet
  facet normal 0 0 1
    outer loop
      vertex 41.5 23 123.5
      vertex 42.914215087890625 22.414213180541992 123.5
      vertex 42.71752166748047 22.586706161499023 123.5
    endloop
  endfacet
  facet normal 0 0 1
    outer loop
      vertex 41.5 23 123.5
      vertex 42.71752166748047 22.586706161499023 123.5
      vertex 42.5 22.7320499420166 123.5
    endloop
  endfacet
  facet normal 0 0 1
    outer loop
      vertex 41.5 23 123.5
      vertex 42.5 22.7320499420166 123.5
      vertex 42.26536560058594 22.847759246826172 123.5
    endloop
  endfacet
  facet normal 0 0 1
    outer loop
      vertex 41.5 23 123.5
      vertex 42.26536560058594 22.847759246826172 123.5
      vertex 42.01763916015625 22.93185043334961 123.5
    endloop
  endfacet
  facet normal 0 0 1
    outer loop
      vertex 41.5 23 123.5
      vertex 42.01763916015625 22.93185043334961 123.5
      vertex 41.761051177978516 22.98288917541504 123.5
    endloop
  endfacet
  facet normal 0 0 1
    outer loop
      vertex 23.73288917541504 13.261052131652832 123.5
      vertex 43.5 21 123.5
      vertex 41.5 23 123.5
    endloop
  endfacet
  facet normal 0 0 1
    outer loop
      vertex 43.5 21 123.5
      vertex 23.75 13 123.5
      vertex 23.73288917541504 12.738946914672852 123.5
    endloop
  endfacet
  facet normal 0 0 1
    outer loop
      vertex 43.5 21 123.5
      vertex 23.73288917541504 12.738946914672852 123.5
      vertex 43.5 2 123.5
    endloop
  endfacet
  facet normal 0 0 1
    outer loop
      vertex 23.68185043334961 12.482361793518066 123.5
      vertex 43.5 2 123.5
      vertex 23.73288917541504 12.738946914672852 123.5
    endloop
  endfacet
  facet normal 0 0 1
    outer loop
      vertex 23.597759246826172 12.23463249206543 123.5
      vertex 43.5 2 123.5
      vertex 23.68185043334961 12.482361793518066 123.5
    endloop
  endfacet
  facet normal 0 0 1
    outer loop
      vertex 23.4820499420166 12 123.5
      vertex 43.5 2 123.5
      vertex 23.597759246826172 12.23463249206543 123.5
    endloop
  endfacet
  facet normal 0 0 1
    outer loop
      vertex 23.336706161499023 11.782476425170898 123.5
      vertex 43.5 2 123.5
      vertex 23.4820499420166 12 123.5
    endloop
  endfacet
  facet normal 0 0 1
    outer loop
      vertex 23.164213180541992 11.585785865783691 123.5
      vertex 43.5 2 123.5
      vertex 23.336706161499023 11.782476425170898 123.5
    endloop
  endfacet
  facet normal 0 0 1
    outer loop
      vertex 22.96752166748047 11.41329288482666 123.5
      vertex 43.5 2 123.5
      vertex 23.164213180541992 11.585785865783691 123.5
    endloop
  endfacet
  facet normal 0 0 1
    outer loop
      vertex 22.75 11.267949104309082 123.5
      vertex 43.5 2 123.5
      vertex 22.96752166748047 11.41329288482666 123.5
    endloop
  endfacet
  facet normal 0 0 1
    outer loop
      vertex 22.515365600585938 11.152240753173828 123.5
      vertex 43.5 2 123.5
      vertex 22.75 11.267949104309082 123.5
    endloop
  endfacet
  facet normal 0 0 1
    outer loop
      vertex 22.267637252807617 11.068147659301758 123.5
      vertex 43.5 2 123.5
      vertex 22.515365600585938 11.152240753173828 123.5
    endloop
  endfacet
  facet normal 0 0 1
    outer loop
      vertex 22.011051177978516 11.017109870910645 123.5
      vertex 43.5 2 123.5
      vertex 22.267637252807617 11.068147659301758 123.5
    endloop
  endfacet
  facet normal 0 0 1
    outer loop
      vertex 21.75 11 123.5
      vertex 43.5 2 123.5
      vertex 22.011051177978516 11.017109870910645 123.5
    endloop
  endfacet
  facet normal 0 0 1
    outer loop
      vertex 0 2 123.5
      vertex 21.75 11 123.5
      vertex 21.48894691467285 11.017109870910645 123.5
    endloop
  endfacet
  facet normal 0 0 1
    outer loop
      vertex 0 2 123.5
      vertex 21.48894691467285 11.017109870910645 123.5
      vertex 21.23236083984375 11.068147659301758 123.5
    endloop
  endfacet
  facet normal 0 0 1
    outer loop
      vertex 0 2 123.5
      vertex 21.23236083984375 11.068147659301758 123.5
      vertex 20.98463249206543 11.152240753173828 123.5
    endloop
  endfacet
  facet normal 0 0 1
    outer loop
      vertex 19.767108917236328 13.261052131652832 123.5
      vertex 0 21 123.5
      vertex 19.75 13 123.5
    endloop
  endfacet
  facet normal 0 0 1
    outer loop
      vertex 19.75 13 123.5
      vertex 0 21 123.5
      vertex 19.767108917236328 12.738946914672852 123.5
    endloop
  endfacet
  facet normal 0 0 1
    outer loop
      vertex 0 2 123.5
      vertex 19.767108917236328 12.738946914672852 123.5
      vertex 0 21 123.5
    endloop
  endfacet
  facet normal 0 0 1
    outer loop
      vertex 19.767108917236328 12.738946914672852 123.5
      vertex 0 2 123.5
      vertex 19.818147659301758 12.482361793518066 123.5
    endloop
  endfacet
  facet normal 0 0 1
    outer loop
      vertex 19.818147659301758 12.482361793518066 123.5
      vertex 0 2 123.5
      vertex 19.902240753173828 12.23463249206543 123.5
    endloop
  endfacet
  facet normal 0 0 1
    outer loop
      vertex 19.902240753173828 12.23463249206543 123.5
      vertex 0 2 123.5
      vertex 20.017948150634766 12 123.5
    endloop
  endfacet
  facet normal 0 0 1
    outer loop
      vertex 20.017948150634766 12 123.5
      vertex 0 2 123.5
      vertex 20.163291931152344 11.782476425170898 123.5
    endloop
  endfacet
  facet normal 0 0 1
    outer loop
      vertex 20.163291931152344 11.782476425170898 123.5
      vertex 0 2 123.5
      vertex 20.335784912109375 11.585785865783691 123.5
    endloop
  endfacet
  facet normal 0 0 1
    outer loop
      vertex 0 21 123.5
      vertex 2 23 123.5
      vertex 1.7389469146728516 22.98288917541504 123.5
    endloop
  endfacet
  facet normal 0 0 1
    outer loop
      vertex 0 21 123.5
      vertex 1.7389469146728516 22.98288917541504 123.5
      vertex 1.4823617935180664 22.93185043334961 123.5
    endloop
  endfacet
  facet normal 0 0 1
    outer loop
      vertex 0 21 123.5
      vertex 1.4823617935180664 22.93185043334961 123.5
      vertex 1.2346324920654297 22.847759246826172 123.5
    endloop
  endfacet
  facet normal 0 0 1
    outer loop
      vertex 0 21 123.5
      vertex 1.2346324920654297 22.847759246826172 123.5
      vertex 1 22.7320499420166 123.5
    endloop
  endfacet
  facet normal 0 0 1
    outer loop
      vertex 0 21 123.5
      vertex 1 22.7320499420166 123.5
      vertex 0.7824764251708984 22.586706161499023 123.5
    endloop
  endfacet
  facet normal 0 0 1
    outer loop
      vertex 0 21 123.5
      vertex 0.7824764251708984 22.586706161499023 123.5
      vertex 0.5857858657836914 22.414213180541992 123.5
    endloop
  endfacet
  facet normal 0 0 1
    outer loop
      vertex 0 21 123.5
      vertex 0.5857858657836914 22.414213180541992 123.5
      vertex 0.41329288482666016 22.21752166748047 123.5
    endloop
  endfacet
  facet normal 0 0 1
    outer loop
      vertex 0 21 123.5
      vertex 0.41329288482666016 22.21752166748047 123.5
      vertex 0.26794910430908203 22 123.5
    endloop
  endfacet
  facet normal 0 0 1
    outer loop
      vertex 0 21 123.5
      vertex 0.26794910430908203 22 123.5
      vertex 0.15224075317382812 21.765365600585938 123.5
    endloop
  endfacet
  facet normal 0 0 1
    outer loop
      vertex 0 21 123.5
      vertex 0.15224075317382812 21.765365600585938 123.5
      vertex 0.06814765930175781 21.517637252807617 123.5
    endloop
  endfacet
  facet normal 0 0 1
    outer loop
      vertex 0 21 123.5
      vertex 0.06814765930175781 21.517637252807617 123.5
      vertex 0.01710987091064453 21.261051177978516 123.5
    endloop
  endfacet
  facet normal 0 0 1
    outer loop
      vertex 20.335784912109375 11.585785865783691 123.5
      vertex 0 2 123.5
      vertex 20.5324764251709 11.41329288482666 123.5
    endloop
  endfacet
  facet normal 0 0 1
    outer loop
      vertex 20.5324764251709 11.41329288482666 123.5
      vertex 0 2 123.5
      vertex 20.75 11.267949104309082 123.5
    endloop
  endfacet
  facet normal 0 0 1
    outer loop
      vertex 21.75 11 123.5
      vertex 0 2 123.5
      vertex 43.5 2 123.5
    endloop
  endfacet
  facet normal 0 0 1
    outer loop
      vertex 20.75 11.267949104309082 123.5
      vertex 0 2 123.5
      vertex 20.98463249206543 11.152240753173828 123.5
    endloop
  endfacet
  facet normal 0 -0.9978590672493916 0.06540093201303933
    outer loop
      vertex 0 0 121.5
      vertex 43.5 0.01710987091064453 121.76105499267578
      vertex 0 0.01710987091064453 121.76105499267578
    endloop
  endfacet
  facet normal 0 -0.9978590672493916 0.06540093201303933
    outer loop
      vertex 43.5 0.01710987091064453 121.76105499267578
      vertex 0 0 121.5
      vertex 43.5 0 121.5
    endloop
  endfacet
  facet normal 0 -0.6593457932372825 0.751839826652126
    outer loop
      vertex 0 0.7824764251708984 123.08670806884766
      vertex 43.5 0.5857858657836914 122.91421508789062
      vertex 43.5 0.7824764251708984 123.08670806884766
    endloop
  endfacet
  facet normal 0 -0.6593457932372825 0.751839826652126
    outer loop
      vertex 43.5 0.5857858657836914 122.91421508789062
      vertex 0 0.7824764251708984 123.08670806884766
      vertex 0 0.5857858657836914 122.91421508789062
    endloop
  endfacet
  facet normal 0 -0.5555579708067604 0.8314778055204328
    outer loop
      vertex 0 1 123.23204803466797
      vertex 43.5 0.7824764251708984 123.08670806884766
      vertex 43.5 1 123.23204803466797
    endloop
  endfacet
  facet normal 0 -0.5555579708067604 0.8314778055204328
    outer loop
      vertex 43.5 0.7824764251708984 123.08670806884766
      vertex 0 1 123.23204803466797
      vertex 0 0.7824764251708984 123.08670806884766
    endloop
  endfacet
  facet normal 0 -0.44231047906023124 0.8968619961362554
    outer loop
      vertex 0 1.2346324920654297 123.34776306152344
      vertex 43.5 1 123.23204803466797
      vertex 43.5 1.2346324920654297 123.34776306152344
    endloop
  endfacet
  facet normal 0 -0.44231047906023124 0.8968619961362554
    outer loop
      vertex 43.5 1 123.23204803466797
      vertex 0 1.2346324920654297 123.34776306152344
      vertex 0 1 123.23204803466797
    endloop
  endfacet
  facet normal 0 -0.1950721802359965 0.9807888888532409
    outer loop
      vertex 0 1.7389469146728516 123.4828872680664
      vertex 43.5 1.4823617935180664 123.43185424804688
      vertex 43.5 1.7389469146728516 123.4828872680664
    endloop
  endfacet
  facet normal 0 -0.1950721802359965 0.9807888888532409
    outer loop
      vertex 43.5 1.4823617935180664 123.43185424804688
      vertex 0 1.7389469146728516 123.4828872680664
      vertex 0 1.4823617935180664 123.43185424804688
    endloop
  endfacet
  facet normal 0 -0.7518445809268813 0.659340371986186
    outer loop
      vertex 0 0.41329288482666016 122.71752166748047
      vertex 43.5 0.5857858657836914 122.91421508789062
      vertex 0 0.5857858657836914 122.91421508789062
    endloop
  endfacet
  facet normal 0 -0.7518445809268813 0.659340371986186
    outer loop
      vertex 43.5 0.5857858657836914 122.91421508789062
      vertex 0 0.41329288482666016 122.71752166748047
      vertex 43.5 0.41329288482666016 122.71752166748047
    endloop
  endfacet
  facet normal 0 -0.8314688194409101 0.5555714196190614
    outer loop
      vertex 0 0.26794910430908203 122.5
      vertex 43.5 0.41329288482666016 122.71752166748047
      vertex 0 0.41329288482666016 122.71752166748047
    endloop
  endfacet
  facet normal 0 -0.8314688194409101 0.5555714196190614
    outer loop
      vertex 43.5 0.41329288482666016 122.71752166748047
      vertex 0 0.26794910430908203 122.5
      vertex 43.5 0.26794910430908203 122.5
    endloop
  endfacet
  facet normal 0 -0.8968735447372775 0.44228706147748725
    outer loop
      vertex 0 0.15224075317382812 122.26536560058594
      vertex 43.5 0.26794910430908203 122.5
      vertex 0 0.26794910430908203 122.5
    endloop
  endfacet
  facet normal 0 -0.8968735447372775 0.44228706147748725
    outer loop
      vertex 43.5 0.26794910430908203 122.5
      vertex 0 0.15224075317382812 122.26536560058594
      vertex 43.5 0.15224075317382812 122.26536560058594
    endloop
  endfacet
  facet normal 0 -0.06541229710371879 0.9978583223021267
    outer loop
      vertex 0 2 123.5
      vertex 43.5 1.7389469146728516 123.4828872680664
      vertex 43.5 2 123.5
    endloop
  endfacet
  facet normal 0 -0.06541229710371879 0.9978583223021267
    outer loop
      vertex 43.5 1.7389469146728516 123.4828872680664
      vertex 0 2 123.5
      vertex 0 1.7389469146728516 123.4828872680664
    endloop
  endfacet
  facet normal 0 -0.9469286185378721 0.3214439164052683
    outer loop
      vertex 0 0.06814765930175781 122.01763916015625
      vertex 43.5 0.15224075317382812 122.26536560058594
      vertex 0 0.15224075317382812 122.26536560058594
    endloop
  endfacet
  facet normal 0 -0.9469286185378721 0.3214439164052683
    outer loop
      vertex 43.5 0.15224075317382812 122.26536560058594
      vertex 0 0.06814765930175781 122.01763916015625
      vertex 43.5 0.06814765930175781 122.01763916015625
    endloop
  endfacet
  facet normal 0 -0.980785262699421 0.19509041101916727
    outer loop
      vertex 0 0.01710987091064453 121.76105499267578
      vertex 43.5 0.06814765930175781 122.01763916015625
      vertex 0 0.06814765930175781 122.01763916015625
    endloop
  endfacet
  facet normal 0 -0.980785262699421 0.19509041101916727
    outer loop
      vertex 43.5 0.06814765930175781 122.01763916015625
      vertex 0 0.01710987091064453 121.76105499267578
      vertex 43.5 0.01710987091064453 121.76105499267578
    endloop
  endfacet
  facet normal 0 -0.3214340501933723 0.9469319676599184
    outer loop
      vertex 0 1.4823617935180664 123.43185424804688
      vertex 43.5 1.2346324920654297 123.34776306152344
      vertex 43.5 1.4823617935180664 123.43185424804688
    endloop
  endfacet
  facet normal 0 -0.3214340501933723 0.9469319676599184
    outer loop
      vertex 43.5 1.2346324920654297 123.34776306152344
      vertex 0 1.4823617935180664 123.43185424804688
      vertex 0 1.2346324920654297 123.34776306152344
    endloop
  endfacet
  facet normal 0 0 1
    outer loop
      vertex 23.04903793334961 -5.75 4
      vertex 28.75 -11 4
      vertex 43.5 0 4
    endloop
  endfacet
  facet normal 0 0 1
    outer loop
      vertex 23.25 -9 4
      vertex 28.75 -11 4
      vertex 23.25 -6.5 4
    endloop
  endfacet
  facet normal 0 0 1
    outer loop
      vertex 28.75 -11 4
      vertex 23.19888687133789 -6.1117706298828125 4
      vertex 23.25 -6.5 4
    endloop
  endfacet
  facet normal 0 0 1
    outer loop
      vertex 28.75 -11 4
      vertex 23.04903793334961 -5.75 4
      vertex 23.19888687133789 -6.1117706298828125 4
    endloop
  endfacet
  facet normal 0 0 1
    outer loop
      vertex 43.5 0 4
      vertex 22.810659408569336 -5.439339637756348 4
      vertex 23.04903793334961 -5.75 4
    endloop
  endfacet
  facet normal 0 0 1
    outer loop
      vertex 43.5 0 4
      vertex 22.5 -5.200961112976074 4
      vertex 22.810659408569336 -5.439339637756348 4
    endloop
  endfacet
  facet normal 0 0 1
    outer loop
      vertex 43.5 0 4
      vertex 22.138229370117188 -5.051111221313477 4
      vertex 22.5 -5.200961112976074 4
    endloop
  endfacet
  facet normal 0 0 1
    outer loop
      vertex 43.5 0 4
      vertex 21.75 -5 4
      vertex 22.138229370117188 -5.051111221313477 4
    endloop
  endfacet
  facet normal 0 0 1
    outer loop
      vertex 0 0 4
      vertex 21.75 -5 4
      vertex 43.5 0 4
    endloop
  endfacet
  facet normal 0 0 1
    outer loop
      vertex 14.75 -11 4
      vertex 20.25 -9 4
      vertex 20.25 -6.5 4
    endloop
  endfacet
  facet normal 0 0 1
    outer loop
      vertex 14.75 -11 4
      vertex 20.25 -6.5 4
      vertex 20.301111221313477 -6.1117706298828125 4
    endloop
  endfacet
  facet normal 0 0 1
    outer loop
      vertex 20.25 -9 4
      vertex 14.75 -11 4
      vertex 18.91666603088379 -11 4
    endloop
  endfacet
  facet normal 0 0 1
    outer loop
      vertex 20.45096206665039 -5.75 4
      vertex 14.75 -11 4
      vertex 20.301111221313477 -6.1117706298828125 4
    endloop
  endfacet
  facet normal 0 0 1
    outer loop
      vertex 0 0 4
      vertex 20.45096206665039 -5.75 4
      vertex 20.68933868408203 -5.439339637756348 4
    endloop
  endfacet
  facet normal 0 0 1
    outer loop
      vertex 20.45096206665039 -5.75 4
      vertex 0 0 4
      vertex 14.75 -11 4
    endloop
  endfacet
  facet normal 0 0 1
    outer loop
      vertex 21 -5.200961112976074 4
      vertex 0 0 4
      vertex 20.68933868408203 -5.439339637756348 4
    endloop
  endfacet
  facet normal 0 0 1
    outer loop
      vertex 21.361770629882812 -5.051111221313477 4
      vertex 0 0 4
      vertex 21 -5.200961112976074 4
    endloop
  endfacet
  facet normal 0 0 1
    outer loop
      vertex 21.75 -5 4
      vertex 0 0 4
      vertex 21.361770629882812 -5.051111221313477 4
    endloop
  endfacet
  facet normal 0 0 1
    outer loop
      vertex 28.75 -11 4
      vertex 23.25 -9 4
      vertex 24.58333396911621 -11 4
    endloop
  endfacet
  facet normal 0 -1 0
    outer loop
      vertex 14.75 -11 0
      vertex 18.91666603088379 -11 4
      vertex 14.75 -11 4
    endloop
  endfacet
  facet normal 0 -1 0
    outer loop
      vertex 18.91666603088379 -11 4
      vertex 14.75 -11 0
      vertex 18.91666603088379 -11 0
    endloop
  endfacet
  facet normal 0 -1 0
    outer loop
      vertex 24.58333396911621 -11 0
      vertex 28.75 -11 4
      vertex 24.58333396911621 -11 4
    endloop
  endfacet
  facet normal 0 -1 0
    outer loop
      vertex 28.75 -11 4
      vertex 24.58333396911621 -11 0
      vertex 28.75 -11 0
    endloop
  endfacet
  facet normal -0.5978238797304166 -0.8016274750930587 0
    outer loop
      vertex 0 0 0
      vertex 14.75 -11 4
      vertex 0 0 4
    endloop
  endfacet
  facet normal -0.5978238797304166 -0.8016274750930587 0
    outer loop
      vertex 14.75 -11 4
      vertex 0 0 0
      vertex 14.75 -11 0
    endloop
  endfacet
  facet normal 0.5978238797304166 -0.8016274750930587 0
    outer loop
      vertex 28.75 -11 0
      vertex 43.5 0 4
      vertex 28.75 -11 4
    endloop
  endfacet
  facet normal 0.5978238797304166 -0.8016274750930587 0
    outer loop
      vertex 43.5 0 4
      vertex 28.75 -11 0
      vertex 43.5 0 0
    endloop
  endfacet
  facet normal -1 0 0
    outer loop
      vertex 23.25 -9 0
      vertex 23.25 -6.5 4
      vertex 23.25 -6.5 0
    endloop
  endfacet
  facet normal -1 0 0
    outer loop
      vertex 23.25 -6.5 4
      vertex 23.25 -9 0
      vertex 23.25 -9 4
    endloop
  endfacet
  facet normal -0.9914442789083516 -0.13053061640817715 0
    outer loop
      vertex 23.25 -6.5 0
      vertex 23.19888687133789 -6.1117706298828125 4
      vertex 23.19888687133789 -6.1117706298828125 0
    endloop
  endfacet
  facet normal -0.9914442789083516 -0.13053061640817715 0
    outer loop
      vertex 23.19888687133789 -6.1117706298828125 4
      vertex 23.25 -6.5 0
      vertex 23.25 -6.5 4
    endloop
  endfacet
  facet normal -0.9238807634942465 -0.3826804604958137 0
    outer loop
      vertex 23.19888687133789 -6.1117706298828125 0
      vertex 23.04903793334961 -5.75 4
      vertex 23.04903793334961 -5.75 0
    endloop
  endfacet
  facet normal -0.9238807634942465 -0.3826804604958137 0
    outer loop
      vertex 23.04903793334961 -5.75 4
      vertex 23.19888687133789 -6.1117706298828125 0
      vertex 23.19888687133789 -6.1117706298828125 4
    endloop
  endfacet
  facet normal -0.7933527917664623 -0.6087621438594553 0
    outer loop
      vertex 23.04903793334961 -5.75 0
      vertex 22.810659408569336 -5.439339637756348 4
      vertex 22.810659408569336 -5.439339637756348 0
    endloop
  endfacet
  facet normal -0.7933527917664623 -0.6087621438594553 0
    outer loop
      vertex 22.810659408569336 -5.439339637756348 4
      vertex 23.04903793334961 -5.75 0
      vertex 23.04903793334961 -5.75 4
    endloop
  endfacet
  facet normal -0.6087633200973881 -0.793351889204283 0
    outer loop
      vertex 22.5 -5.200961112976074 0
      vertex 22.810659408569336 -5.439339637756348 4
      vertex 22.5 -5.200961112976074 4
    endloop
  endfacet
  facet normal -0.6087633200973881 -0.793351889204283 0
    outer loop
      vertex 22.810659408569336 -5.439339637756348 4
      vertex 22.5 -5.200961112976074 0
      vertex 22.810659408569336 -5.439339637756348 0
    endloop
  endfacet
  facet normal -0.38268253930174495 -0.9238799024297306 0
    outer loop
      vertex 22.138229370117188 -5.051111221313477 0
      vertex 22.5 -5.200961112976074 4
      vertex 22.138229370117188 -5.051111221313477 4
    endloop
  endfacet
  facet normal -0.38268253930174495 -0.9238799024297306 0
    outer loop
      vertex 22.5 -5.200961112976074 4
      vertex 22.138229370117188 -5.051111221313477 0
      vertex 22.5 -5.200961112976074 0
    endloop
  endfacet
  facet normal -0.13052582848644545 -0.9914449092601803 0
    outer loop
      vertex 21.75 -5 0
      vertex 22.138229370117188 -5.051111221313477 4
      vertex 21.75 -5 4
    endloop
  endfacet
  facet normal -0.13052582848644545 -0.9914449092601803 0
    outer loop
      vertex 22.138229370117188 -5.051111221313477 4
      vertex 21.75 -5 0
      vertex 22.138229370117188 -5.051111221313477 0
    endloop
  endfacet
  facet normal 0.13052582848644545 -0.9914449092601803 0
    outer loop
      vertex 21.361770629882812 -5.051111221313477 0
      vertex 21.75 -5 4
      vertex 21.361770629882812 -5.051111221313477 4
    endloop
  endfacet
  facet normal 0.13052582848644545 -0.9914449092601803 0
    outer loop
      vertex 21.75 -5 4
      vertex 21.361770629882812 -5.051111221313477 0
      vertex 21.75 -5 0
    endloop
  endfacet
  facet normal 0.38268253930174495 -0.9238799024297306 0
    outer loop
      vertex 21 -5.200961112976074 0
      vertex 21.361770629882812 -5.051111221313477 4
      vertex 21 -5.200961112976074 4
    endloop
  endfacet
  facet normal 0.38268253930174495 -0.9238799024297306 0
    outer loop
      vertex 21.361770629882812 -5.051111221313477 4
      vertex 21 -5.200961112976074 0
      vertex 21.361770629882812 -5.051111221313477 0
    endloop
  endfacet
  facet normal 0.6087609676247296 -0.7933536943234101 0
    outer loop
      vertex 20.68933868408203 -5.439339637756348 0
      vertex 21 -5.200961112976074 4
      vertex 20.68933868408203 -5.439339637756348 4
    endloop
  endfacet
  facet normal 0.6087609676247296 -0.7933536943234101 0
    outer loop
      vertex 21 -5.200961112976074 4
      vertex 20.68933868408203 -5.439339637756348 0
      vertex 21 -5.200961112976074 0
    endloop
  endfacet
  facet normal 0.7933551442401728 -0.6087590780494815 0
    outer loop
      vertex 20.45096206665039 -5.75 4
      vertex 20.68933868408203 -5.439339637756348 0
      vertex 20.68933868408203 -5.439339637756348 4
    endloop
  endfacet
  facet normal 0.7933551442401728 -0.6087590780494815 0
    outer loop
      vertex 20.68933868408203 -5.439339637756348 0
      vertex 20.45096206665039 -5.75 4
      vertex 20.45096206665039 -5.75 0
    endloop
  endfacet
  facet normal 0.9238790413621422 -0.3826846181018637 0
    outer loop
      vertex 20.301111221313477 -6.1117706298828125 4
      vertex 20.45096206665039 -5.75 0
      vertex 20.45096206665039 -5.75 4
    endloop
  endfacet
  facet normal 0.9238790413621422 -0.3826846181018637 0
    outer loop
      vertex 20.45096206665039 -5.75 0
      vertex 20.301111221313477 -6.1117706298828125 4
      vertex 20.301111221313477 -6.1117706298828125 0
    endloop
  endfacet
  facet normal 0.9914449092601803 -0.13052582848644545 0
    outer loop
      vertex 20.25 -6.5 4
      vertex 20.301111221313477 -6.1117706298828125 0
      vertex 20.301111221313477 -6.1117706298828125 4
    endloop
  endfacet
  facet normal 0.9914449092601803 -0.13052582848644545 0
    outer loop
      vertex 20.301111221313477 -6.1117706298828125 0
      vertex 20.25 -6.5 4
      vertex 20.25 -6.5 0
    endloop
  endfacet
  facet normal 1 0 0
    outer loop
      vertex 20.25 -9 4
      vertex 20.25 -6.5 0
      vertex 20.25 -6.5 4
    endloop
  endfacet
  facet normal 1 0 0
    outer loop
      vertex 20.25 -6.5 0
      vertex 20.25 -9 4
      vertex 20.25 -9 0
    endloop
  endfacet
  facet normal 0.8320501722601498 -0.5547003793417262 0
    outer loop
      vertex 18.91666603088379 -11 4
      vertex 20.25 -9 0
      vertex 20.25 -9 4
    endloop
  endfacet
  facet normal 0.8320501722601498 -0.5547003793417262 0
    outer loop
      vertex 20.25 -9 0
      vertex 18.91666603088379 -11 4
      vertex 18.91666603088379 -11 0
    endloop
  endfacet
  facet normal -0.8320501722601498 -0.5547003793417262 0
    outer loop
      vertex 24.58333396911621 -11 0
      vertex 23.25 -9 4
      vertex 23.25 -9 0
    endloop
  endfacet
  facet normal -0.8320501722601498 -0.5547003793417262 0
    outer loop
      vertex 23.25 -9 4
      vertex 24.58333396911621 -11 0
      vertex 24.58333396911621 -11 4
    endloop
  endfacet
  facet normal 0 0 1
    outer loop
      vertex 0 21 84.94999694824219
      vertex 1 22.7320499420166 84.94999694824219
      vertex 0.7824764251708984 22.586706161499023 84.94999694824219
    endloop
  endfacet
  facet normal 0 0 1
    outer loop
      vertex 42.5 22.7320499420166 84.94999694824219
      vertex 43.5 21 84.94999694824219
      vertex 43.482887268066406 21.261051177978516 84.94999694824219
    endloop
  endfacet
  facet normal 0 0 1
    outer loop
      vertex 42.5 22.7320499420166 84.94999694824219
      vertex 43.482887268066406 21.261051177978516 84.94999694824219
      vertex 43.43185043334961 21.517637252807617 84.94999694824219
    endloop
  endfacet
  facet normal 0 0 1
    outer loop
      vertex 42.5 22.7320499420166 84.94999694824219
      vertex 43.43185043334961 21.517637252807617 84.94999694824219
      vertex 43.34775924682617 21.765365600585938 84.94999694824219
    endloop
  endfacet
  facet normal 0 0 1
    outer loop
      vertex 42.5 22.7320499420166 84.94999694824219
      vertex 43.34775924682617 21.765365600585938 84.94999694824219
      vertex 43.23204803466797 22 84.94999694824219
    endloop
  endfacet
  facet normal 0 0 1
    outer loop
      vertex 42.5 22.7320499420166 84.94999694824219
      vertex 43.23204803466797 22 84.94999694824219
      vertex 43.086708068847656 22.21752166748047 84.94999694824219
    endloop
  endfacet
  facet normal 0 0 1
    outer loop
      vertex 42.5 22.7320499420166 84.94999694824219
      vertex 43.086708068847656 22.21752166748047 84.94999694824219
      vertex 42.914215087890625 22.414213180541992 84.94999694824219
    endloop
  endfacet
  facet normal 0 0 1
    outer loop
      vertex 42.5 22.7320499420166 84.94999694824219
      vertex 42.914215087890625 22.414213180541992 84.94999694824219
      vertex 42.71752166748047 22.586706161499023 84.94999694824219
    endloop
  endfacet
  facet normal 0 0 1
    outer loop
      vertex 43.5 21 84.94999694824219
      vertex 42.5 22.7320499420166 84.94999694824219
      vertex 42.5 1 84.94999694824219
    endloop
  endfacet
  facet normal 0 0 1
    outer loop
      vertex 43.5 21 84.94999694824219
      vertex 42.5 1 84.94999694824219
      vertex 43.5 0 84.94999694824219
    endloop
  endfacet
  facet normal 0 0 1
    outer loop
      vertex 1 1 84.94999694824219
      vertex 43.5 0 84.94999694824219
      vertex 42.5 1 84.94999694824219
    endloop
  endfacet
  facet normal 0 0 1
    outer loop
      vertex 0 21 84.94999694824219
      vertex 0.7824764251708984 22.586706161499023 84.94999694824219
      vertex 0.5857858657836914 22.414213180541992 84.94999694824219
    endloop
  endfacet
  facet normal 0 0 1
    outer loop
      vertex 0 21 84.94999694824219
      vertex 0.5857858657836914 22.414213180541992 84.94999694824219
      vertex 0.41329288482666016 22.21752166748047 84.94999694824219
    endloop
  endfacet
  facet normal 0 0 1
    outer loop
      vertex 0 21 84.94999694824219
      vertex 0.41329288482666016 22.21752166748047 84.94999694824219
      vertex 0.26794910430908203 22 84.94999694824219
    endloop
  endfacet
  facet normal 0 0 1
    outer loop
      vertex 0 21 84.94999694824219
      vertex 0.26794910430908203 22 84.94999694824219
      vertex 0.15224075317382812 21.765365600585938 84.94999694824219
    endloop
  endfacet
  facet normal 0 0 1
    outer loop
      vertex 0 21 84.94999694824219
      vertex 0.15224075317382812 21.765365600585938 84.94999694824219
      vertex 0.06814765930175781 21.517637252807617 84.94999694824219
    endloop
  endfacet
  facet normal 0 0 1
    outer loop
      vertex 0 21 84.94999694824219
      vertex 0.06814765930175781 21.517637252807617 84.94999694824219
      vertex 0.01710987091064453 21.261051177978516 84.94999694824219
    endloop
  endfacet
  facet normal 0 0 1
    outer loop
      vertex 1 22.7320499420166 84.94999694824219
      vertex 0 21 84.94999694824219
      vertex 1 1 84.94999694824219
    endloop
  endfacet
  facet normal 0 0 1
    outer loop
      vertex 1 1 84.94999694824219
      vertex 0 0 84.94999694824219
      vertex 43.5 0 84.94999694824219
    endloop
  endfacet
  facet normal 0 0 1
    outer loop
      vertex 0 0 84.94999694824219
      vertex 1 1 84.94999694824219
      vertex 0 21 84.94999694824219
    endloop
  endfacet
  facet normal 0 0 -1
    outer loop
      vertex 42.5 1 87.94999694824219
      vertex 43.5 21 87.94999694824219
      vertex 43.5 0 87.94999694824219
    endloop
  endfacet
  facet normal 0 0 -1
    outer loop
      vertex 42.5 22.7320499420166 87.94999694824219
      vertex 43.5 21 87.94999694824219
      vertex 42.5 1 87.94999694824219
    endloop
  endfacet
  facet normal 0 0 -1
    outer loop
      vertex 43.5 21 87.94999694824219
      vertex 42.5 22.7320499420166 87.94999694824219
      vertex 43.482887268066406 21.261051177978516 87.94999694824219
    endloop
  endfacet
  facet normal 0 0 -1
    outer loop
      vertex 43.482887268066406 21.261051177978516 87.94999694824219
      vertex 42.5 22.7320499420166 87.94999694824219
      vertex 43.43185043334961 21.517637252807617 87.94999694824219
    endloop
  endfacet
  facet normal 0 0 -1
    outer loop
      vertex 43.43185043334961 21.517637252807617 87.94999694824219
      vertex 42.5 22.7320499420166 87.94999694824219
      vertex 43.34775924682617 21.765365600585938 87.94999694824219
    endloop
  endfacet
  facet normal 0 0 -1
    outer loop
      vertex 43.34775924682617 21.765365600585938 87.94999694824219
      vertex 42.5 22.7320499420166 87.94999694824219
      vertex 43.23204803466797 22 87.94999694824219
    endloop
  endfacet
  facet normal 0 0 -1
    outer loop
      vertex 43.23204803466797 22 87.94999694824219
      vertex 42.5 22.7320499420166 87.94999694824219
      vertex 43.086708068847656 22.21752166748047 87.94999694824219
    endloop
  endfacet
  facet normal 0 0 -1
    outer loop
      vertex 43.086708068847656 22.21752166748047 87.94999694824219
      vertex 42.5 22.7320499420166 87.94999694824219
      vertex 42.914215087890625 22.414213180541992 87.94999694824219
    endloop
  endfacet
  facet normal 0 0 -1
    outer loop
      vertex 43.5 0 87.94999694824219
      vertex 1 1 87.94999694824219
      vertex 42.5 1 87.94999694824219
    endloop
  endfacet
  facet normal 0 0 -1
    outer loop
      vertex 0 21 87.94999694824219
      vertex 1 22.7320499420166 87.94999694824219
      vertex 1 1 87.94999694824219
    endloop
  endfacet
  facet normal 0 0 -1
    outer loop
      vertex 1 22.7320499420166 87.94999694824219
      vertex 0 21 87.94999694824219
      vertex 0.7824764251708984 22.586706161499023 87.94999694824219
    endloop
  endfacet
  facet normal 0 0 -1
    outer loop
      vertex 0.7824764251708984 22.586706161499023 87.94999694824219
      vertex 0 21 87.94999694824219
      vertex 0.5857858657836914 22.414213180541992 87.94999694824219
    endloop
  endfacet
  facet normal 0 0 -1
    outer loop
      vertex 0.5857858657836914 22.414213180541992 87.94999694824219
      vertex 0 21 87.94999694824219
      vertex 0.41329288482666016 22.21752166748047 87.94999694824219
    endloop
  endfacet
  facet normal 0 0 -1
    outer loop
      vertex 0.41329288482666016 22.21752166748047 87.94999694824219
      vertex 0 21 87.94999694824219
      vertex 0.26794910430908203 22 87.94999694824219
    endloop
  endfacet
  facet normal 0 0 -1
    outer loop
      vertex 0.26794910430908203 22 87.94999694824219
      vertex 0 21 87.94999694824219
      vertex 0.15224075317382812 21.765365600585938 87.94999694824219
    endloop
  endfacet
  facet normal 0 0 -1
    outer loop
      vertex 0.15224075317382812 21.765365600585938 87.94999694824219
      vertex 0 21 87.94999694824219
      vertex 0.06814765930175781 21.517637252807617 87.94999694824219
    endloop
  endfacet
  facet normal 0 0 -1
    outer loop
      vertex 0 0 87.94999694824219
      vertex 1 1 87.94999694824219
      vertex 43.5 0 87.94999694824219
    endloop
  endfacet
  facet normal 0 0 -1
    outer loop
      vertex 0 21 87.94999694824219
      vertex 1 1 87.94999694824219
      vertex 0 0 87.94999694824219
    endloop
  endfacet
  facet normal 0 0 -1
    outer loop
      vertex 0.06814765930175781 21.517637252807617 87.94999694824219
      vertex 0 21 87.94999694824219
      vertex 0.01710987091064453 21.261051177978516 87.94999694824219
    endloop
  endfacet
  facet normal 0 0 -1
    outer loop
      vertex 42.914215087890625 22.414213180541992 87.94999694824219
      vertex 42.5 22.7320499420166 87.94999694824219
      vertex 42.71752166748047 22.586706161499023 87.94999694824219
    endloop
  endfacet
  facet normal 1 0 0
    outer loop
      vertex 42.5 1 87.94999694824219
      vertex 42.5 22.7320499420166 84.94999694824219
      vertex 42.5 22.7320499420166 87.94999694824219
    endloop
  endfacet
  facet normal 1 0 0
    outer loop
      vertex 42.5 22.7320499420166 84.94999694824219
      vertex 42.5 1 87.94999694824219
      vertex 42.5 1 84.94999694824219
    endloop
  endfacet
  facet normal 0 -1 0
    outer loop
      vertex 1 1 84.94999694824219
      vertex 42.5 1 87.94999694824219
      vertex 1 1 87.94999694824219
    endloop
  endfacet
  facet normal 0 -1 0
    outer loop
      vertex 42.5 1 87.94999694824219
      vertex 1 1 84.94999694824219
      vertex 42.5 1 84.94999694824219
    endloop
  endfacet
  facet normal -1 0 0
    outer loop
      vertex 1 1 84.94999694824219
      vertex 1 22.7320499420166 87.94999694824219
      vertex 1 22.7320499420166 84.94999694824219
    endloop
  endfacet
  facet normal -1 0 0
    outer loop
      vertex 1 22.7320499420166 87.94999694824219
      vertex 1 1 84.94999694824219
      vertex 1 1 87.94999694824219
    endloop
  endfacet
  facet normal 0 0 1
    outer loop
      vertex 0 21 33.08000183105469
      vertex 1 22.7320499420166 33.08000183105469
      vertex 0.7824764251708984 22.586706161499023 33.08000183105469
    endloop
  endfacet
  facet normal 0 0 1
    outer loop
      vertex 42.5 22.7320499420166 33.08000183105469
      vertex 43.5 21 33.08000183105469
      vertex 43.482887268066406 21.261051177978516 33.08000183105469
    endloop
  endfacet
  facet normal 0 0 1
    outer loop
      vertex 42.5 22.7320499420166 33.08000183105469
      vertex 43.482887268066406 21.261051177978516 33.08000183105469
      vertex 43.43185043334961 21.517637252807617 33.08000183105469
    endloop
  endfacet
  facet normal 0 0 1
    outer loop
      vertex 42.5 22.7320499420166 33.08000183105469
      vertex 43.43185043334961 21.517637252807617 33.08000183105469
      vertex 43.34775924682617 21.765365600585938 33.08000183105469
    endloop
  endfacet
  facet normal 0 0 1
    outer loop
      vertex 42.5 22.7320499420166 33.08000183105469
      vertex 43.34775924682617 21.765365600585938 33.08000183105469
      vertex 43.23204803466797 22 33.08000183105469
    endloop
  endfacet
  facet normal 0 0 1
    outer loop
      vertex 42.5 22.7320499420166 33.08000183105469
      vertex 43.23204803466797 22 33.08000183105469
      vertex 43.086708068847656 22.21752166748047 33.08000183105469
    endloop
  endfacet
  facet normal 0 0 1
    outer loop
      vertex 42.5 22.7320499420166 33.08000183105469
      vertex 43.086708068847656 22.21752166748047 33.08000183105469
      vertex 42.914215087890625 22.414213180541992 33.08000183105469
    endloop
  endfacet
  facet normal 0 0 1
    outer loop
      vertex 42.5 22.7320499420166 33.08000183105469
      vertex 42.914215087890625 22.414213180541992 33.08000183105469
      vertex 42.71752166748047 22.586706161499023 33.08000183105469
    endloop
  endfacet
  facet normal 0 0 1
    outer loop
      vertex 43.5 21 33.08000183105469
      vertex 42.5 22.7320499420166 33.08000183105469
      vertex 42.5 1 33.08000183105469
    endloop
  endfacet
  facet normal 0 0 1
    outer loop
      vertex 43.5 21 33.08000183105469
      vertex 42.5 1 33.08000183105469
      vertex 43.5 0 33.08000183105469
    endloop
  endfacet
  facet normal 0 0 1
    outer loop
      vertex 1 1 33.08000183105469
      vertex 43.5 0 33.08000183105469
      vertex 42.5 1 33.08000183105469
    endloop
  endfacet
  facet normal 0 0 1
    outer loop
      vertex 0 21 33.08000183105469
      vertex 0.7824764251708984 22.586706161499023 33.08000183105469
      vertex 0.5857858657836914 22.414213180541992 33.08000183105469
    endloop
  endfacet
  facet normal 0 0 1
    outer loop
      vertex 0 21 33.08000183105469
      vertex 0.5857858657836914 22.414213180541992 33.08000183105469
      vertex 0.41329288482666016 22.21752166748047 33.08000183105469
    endloop
  endfacet
  facet normal 0 0 1
    outer loop
      vertex 0 21 33.08000183105469
      vertex 0.41329288482666016 22.21752166748047 33.08000183105469
      vertex 0.26794910430908203 22 33.08000183105469
    endloop
  endfacet
  facet normal 0 0 1
    outer loop
      vertex 0 21 33.08000183105469
      vertex 0.26794910430908203 22 33.08000183105469
      vertex 0.15224075317382812 21.765365600585938 33.08000183105469
    endloop
  endfacet
  facet normal 0 0 1
    outer loop
      vertex 0 21 33.08000183105469
      vertex 0.15224075317382812 21.765365600585938 33.08000183105469
      vertex 0.06814765930175781 21.517637252807617 33.08000183105469
    endloop
  endfacet
  facet normal 0 0 1
    outer loop
      vertex 0 21 33.08000183105469
      vertex 0.06814765930175781 21.517637252807617 33.08000183105469
      vertex 0.01710987091064453 21.261051177978516 33.08000183105469
    endloop
  endfacet
  facet normal 0 0 1
    outer loop
      vertex 1 22.7320499420166 33.08000183105469
      vertex 0 21 33.08000183105469
      vertex 1 1 33.08000183105469
    endloop
  endfacet
  facet normal 0 0 1
    outer loop
      vertex 1 1 33.08000183105469
      vertex 0 0 33.08000183105469
      vertex 43.5 0 33.08000183105469
    endloop
  endfacet
  facet normal 0 0 1
    outer loop
      vertex 0 0 33.08000183105469
      vertex 1 1 33.08000183105469
      vertex 0 21 33.08000183105469
    endloop
  endfacet
  facet normal 0 0 -1
    outer loop
      vertex 42.5 1 36.08000183105469
      vertex 43.5 21 36.08000183105469
      vertex 43.5 0 36.08000183105469
    endloop
  endfacet
  facet normal 0 0 -1
    outer loop
      vertex 42.5 22.7320499420166 36.08000183105469
      vertex 43.5 21 36.08000183105469
      vertex 42.5 1 36.08000183105469
    endloop
  endfacet
  facet normal 0 0 -1
    outer loop
      vertex 43.5 21 36.08000183105469
      vertex 42.5 22.7320499420166 36.08000183105469
      vertex 43.482887268066406 21.261051177978516 36.08000183105469
    endloop
  endfacet
  facet normal 0 0 -1
    outer loop
      vertex 43.482887268066406 21.261051177978516 36.08000183105469
      vertex 42.5 22.7320499420166 36.08000183105469
      vertex 43.43185043334961 21.517637252807617 36.08000183105469
    endloop
  endfacet
  facet normal 0 0 -1
    outer loop
      vertex 43.43185043334961 21.517637252807617 36.08000183105469
      vertex 42.5 22.7320499420166 36.08000183105469
      vertex 43.34775924682617 21.765365600585938 36.08000183105469
    endloop
  endfacet
  facet normal 0 0 -1
    outer loop
      vertex 43.34775924682617 21.765365600585938 36.08000183105469
      vertex 42.5 22.7320499420166 36.08000183105469
      vertex 43.23204803466797 22 36.08000183105469
    endloop
  endfacet
  facet normal 0 0 -1
    outer loop
      vertex 43.23204803466797 22 36.08000183105469
      vertex 42.5 22.7320499420166 36.08000183105469
      vertex 43.086708068847656 22.21752166748047 36.08000183105469
    endloop
  endfacet
  facet normal 0 0 -1
    outer loop
      vertex 43.086708068847656 22.21752166748047 36.08000183105469
      vertex 42.5 22.7320499420166 36.08000183105469
      vertex 42.914215087890625 22.414213180541992 36.08000183105469
    endloop
  endfacet
  facet normal 0 0 -1
    outer loop
      vertex 43.5 0 36.08000183105469
      vertex 1 1 36.08000183105469
      vertex 42.5 1 36.08000183105469
    endloop
  endfacet
  facet normal 0 0 -1
    outer loop
      vertex 0 21 36.08000183105469
      vertex 1 22.7320499420166 36.08000183105469
      vertex 1 1 36.08000183105469
    endloop
  endfacet
  facet normal 0 0 -1
    outer loop
      vertex 1 22.7320499420166 36.08000183105469
      vertex 0 21 36.08000183105469
      vertex 0.7824764251708984 22.586706161499023 36.08000183105469
    endloop
  endfacet
  facet normal 0 0 -1
    outer loop
      vertex 0.7824764251708984 22.586706161499023 36.08000183105469
      vertex 0 21 36.08000183105469
      vertex 0.5857858657836914 22.414213180541992 36.08000183105469
    endloop
  endfacet
  facet normal 0 0 -1
    outer loop
      vertex 0.5857858657836914 22.414213180541992 36.08000183105469
      vertex 0 21 36.08000183105469
      vertex 0.41329288482666016 22.21752166748047 36.08000183105469
    endloop
  endfacet
  facet normal 0 0 -1
    outer loop
      vertex 0.41329288482666016 22.21752166748047 36.08000183105469
      vertex 0 21 36.08000183105469
      vertex 0.26794910430908203 22 36.08000183105469
    endloop
  endfacet
  facet normal 0 0 -1
    outer loop
      vertex 0.26794910430908203 22 36.08000183105469
      vertex 0 21 36.08000183105469
      vertex 0.15224075317382812 21.765365600585938 36.08000183105469
    endloop
  endfacet
  facet normal 0 0 -1
    outer loop
      vertex 0.15224075317382812 21.765365600585938 36.08000183105469
      vertex 0 21 36.08000183105469
      vertex 0.06814765930175781 21.517637252807617 36.08000183105469
    endloop
  endfacet
  facet normal 0 0 -1
    outer loop
      vertex 0 0 36.08000183105469
      vertex 1 1 36.08000183105469
      vertex 43.5 0 36.08000183105469
    endloop
  endfacet
  facet normal 0 0 -1
    outer loop
      vertex 0 21 36.08000183105469
      vertex 1 1 36.08000183105469
      vertex 0 0 36.08000183105469
    endloop
  endfacet
  facet normal 0 0 -1
    outer loop
      vertex 0.06814765930175781 21.517637252807617 36.08000183105469
      vertex 0 21 36.08000183105469
      vertex 0.01710987091064453 21.261051177978516 36.08000183105469
    endloop
  endfacet
  facet normal 0 0 -1
    outer loop
      vertex 42.914215087890625 22.414213180541992 36.08000183105469
      vertex 42.5 22.7320499420166 36.08000183105469
      vertex 42.71752166748047 22.586706161499023 36.08000183105469
    endloop
  endfacet
  facet normal 1 0 0
    outer loop
      vertex 42.5 1 36.08000183105469
      vertex 42.5 22.7320499420166 33.08000183105469
      vertex 42.5 22.7320499420166 36.08000183105469
    endloop
  endfacet
  facet normal 1 0 0
    outer loop
      vertex 42.5 22.7320499420166 33.08000183105469
      vertex 42.5 1 36.08000183105469
      vertex 42.5 1 33.08000183105469
    endloop
  endfacet
  facet normal 0 -1 0
    outer loop
      vertex 1 1 33.08000183105469
      vertex 42.5 1 36.08000183105469
      vertex 1 1 36.08000183105469
    endloop
  endfacet
  facet normal 0 -1 0
    outer loop
      vertex 42.5 1 36.08000183105469
      vertex 1 1 33.08000183105469
      vertex 42.5 1 33.08000183105469
    endloop
  endfacet
  facet normal -1 0 0
    outer loop
      vertex 1 1 33.08000183105469
      vertex 1 22.7320499420166 36.08000183105469
      vertex 1 22.7320499420166 33.08000183105469
    endloop
  endfacet
  facet normal -1 0 0
    outer loop
      vertex 1 22.7320499420166 36.08000183105469
      vertex 1 1 33.08000183105469
      vertex 1 1 36.08000183105469
    endloop
  endfacet
  facet normal -1 0 0
    outer loop
      vertex 40.5 3 0
      vertex 40.5 23 120.5
      vertex 40.5 23 0
    endloop
  endfacet
  facet normal -1 0 0
    outer loop
      vertex 40.5 23 120.5
      vertex 40.5 3 0
      vertex 40.5 3 120.5
    endloop
  endfacet
  facet normal 0 1 0
    outer loop
      vertex 40.5 3 0
      vertex 3 3 120.5
      vertex 40.5 3 120.5
    endloop
  endfacet
  facet normal 0 1 0
    outer loop
      vertex 3 3 120.5
      vertex 40.5 3 0
      vertex 3 3 0
    endloop
  endfacet
  facet normal 1 0 0
    outer loop
      vertex 3 3 120.5
      vertex 3 23 0
      vertex 3 23 120.5
    endloop
  endfacet
  facet normal 1 0 0
    outer loop
      vertex 3 23 0
      vertex 3 3 120.5
      vertex 3 3 0
    endloop
  endfacet
  facet normal 0 0 -1
    outer loop
      vertex 40.5 3 120.5
      vertex 23.75 13 120.5
      vertex 40.5 23 120.5
    endloop
  endfacet
  facet normal 0 0 -1
    outer loop
      vertex 40.5 3 120.5
      vertex 23.73288917541504 12.738946914672852 120.5
      vertex 23.75 13 120.5
    endloop
  endfacet
  facet normal 0 0 -1
    outer loop
      vertex 40.5 3 120.5
      vertex 23.68185043334961 12.482361793518066 120.5
      vertex 23.73288917541504 12.738946914672852 120.5
    endloop
  endfacet
  facet normal 0 0 -1
    outer loop
      vertex 40.5 3 120.5
      vertex 23.597759246826172 12.23463249206543 120.5
      vertex 23.68185043334961 12.482361793518066 120.5
    endloop
  endfacet
  facet normal 0 0 -1
    outer loop
      vertex 40.5 3 120.5
      vertex 23.4820499420166 12 120.5
      vertex 23.597759246826172 12.23463249206543 120.5
    endloop
  endfacet
  facet normal 0 0 -1
    outer loop
      vertex 40.5 3 120.5
      vertex 23.336706161499023 11.782476425170898 120.5
      vertex 23.4820499420166 12 120.5
    endloop
  endfacet
  facet normal 0 0 -1
    outer loop
      vertex 40.5 3 120.5
      vertex 23.164213180541992 11.585785865783691 120.5
      vertex 23.336706161499023 11.782476425170898 120.5
    endloop
  endfacet
  facet normal 0 0 -1
    outer loop
      vertex 40.5 3 120.5
      vertex 22.96752166748047 11.41329288482666 120.5
      vertex 23.164213180541992 11.585785865783691 120.5
    endloop
  endfacet
  facet normal 0 0 -1
    outer loop
      vertex 40.5 3 120.5
      vertex 22.75 11.267949104309082 120.5
      vertex 22.96752166748047 11.41329288482666 120.5
    endloop
  endfacet
  facet normal 0 0 -1
    outer loop
      vertex 40.5 3 120.5
      vertex 22.515365600585938 11.152240753173828 120.5
      vertex 22.75 11.267949104309082 120.5
    endloop
  endfacet
  facet normal 0 0 -1
    outer loop
      vertex 40.5 3 120.5
      vertex 22.267637252807617 11.068147659301758 120.5
      vertex 22.515365600585938 11.152240753173828 120.5
    endloop
  endfacet
  facet normal 0 0 -1
    outer loop
      vertex 40.5 3 120.5
      vertex 22.011051177978516 11.017109870910645 120.5
      vertex 22.267637252807617 11.068147659301758 120.5
    endloop
  endfacet
  facet normal 0 0 -1
    outer loop
      vertex 40.5 3 120.5
      vertex 21.75 11 120.5
      vertex 22.011051177978516 11.017109870910645 120.5
    endloop
  endfacet
  facet normal 0 0 -1
    outer loop
      vertex 3 3 120.5
      vertex 21.75 11 120.5
      vertex 40.5 3 120.5
    endloop
  endfacet
  facet normal 0 0 -1
    outer loop
      vertex 21.75 11 120.5
      vertex 3 3 120.5
      vertex 21.48894691467285 11.017109870910645 120.5
    endloop
  endfacet
  facet normal 0 0 -1
    outer loop
      vertex 21.48894691467285 11.017109870910645 120.5
      vertex 3 3 120.5
      vertex 21.23236083984375 11.068147659301758 120.5
    endloop
  endfacet
  facet normal 0 0 -1
    outer loop
      vertex 19.767108917236328 12.738946914672852 120.5
      vertex 3 3 120.5
      vertex 19.75 13 120.5
    endloop
  endfacet
  facet normal 0 0 -1
    outer loop
      vertex 19.818147659301758 12.482361793518066 120.5
      vertex 3 3 120.5
      vertex 19.767108917236328 12.738946914672852 120.5
    endloop
  endfacet
  facet normal 0 0 -1
    outer loop
      vertex 19.902240753173828 12.23463249206543 120.5
      vertex 3 3 120.5
      vertex 19.818147659301758 12.482361793518066 120.5
    endloop
  endfacet
  facet normal 0 0 -1
    outer loop
      vertex 20.017948150634766 12 120.5
      vertex 3 3 120.5
      vertex 19.902240753173828 12.23463249206543 120.5
    endloop
  endfacet
  facet normal 0 0 -1
    outer loop
      vertex 20.163291931152344 11.782476425170898 120.5
      vertex 3 3 120.5
      vertex 20.017948150634766 12 120.5
    endloop
  endfacet
  facet normal 0 0 -1
    outer loop
      vertex 20.335784912109375 11.585785865783691 120.5
      vertex 3 3 120.5
      vertex 20.163291931152344 11.782476425170898 120.5
    endloop
  endfacet
  facet normal 0 0 -1
    outer loop
      vertex 20.5324764251709 11.41329288482666 120.5
      vertex 3 3 120.5
      vertex 20.335784912109375 11.585785865783691 120.5
    endloop
  endfacet
  facet normal 0 0 -1
    outer loop
      vertex 20.75 11.267949104309082 120.5
      vertex 3 3 120.5
      vertex 20.5324764251709 11.41329288482666 120.5
    endloop
  endfacet
  facet normal 0 0 -1
    outer loop
      vertex 20.98463249206543 11.152240753173828 120.5
      vertex 3 3 120.5
      vertex 20.75 11.267949104309082 120.5
    endloop
  endfacet
  facet normal 0 0 -1
    outer loop
      vertex 21.23236083984375 11.068147659301758 120.5
      vertex 3 3 120.5
      vertex 20.98463249206543 11.152240753173828 120.5
    endloop
  endfacet
  facet normal 0 0 -1
    outer loop
      vertex 23.73288917541504 13.261052131652832 120.5
      vertex 40.5 23 120.5
      vertex 23.75 13 120.5
    endloop
  endfacet
  facet normal 0 0 -1
    outer loop
      vertex 23.68185043334961 13.517637252807617 120.5
      vertex 40.5 23 120.5
      vertex 23.73288917541504 13.261052131652832 120.5
    endloop
  endfacet
  facet normal 0 0 -1
    outer loop
      vertex 23.597759246826172 13.765366554260254 120.5
      vertex 40.5 23 120.5
      vertex 23.68185043334961 13.517637252807617 120.5
    endloop
  endfacet
  facet normal 0 0 -1
    outer loop
      vertex 23.4820499420166 14 120.5
      vertex 40.5 23 120.5
      vertex 23.597759246826172 13.765366554260254 120.5
    endloop
  endfacet
  facet normal 0 0 -1
    outer loop
      vertex 23.336706161499023 14.217522621154785 120.5
      vertex 40.5 23 120.5
      vertex 23.4820499420166 14 120.5
    endloop
  endfacet
  facet normal 0 0 -1
    outer loop
      vertex 23.164213180541992 14.414213180541992 120.5
      vertex 40.5 23 120.5
      vertex 23.336706161499023 14.217522621154785 120.5
    endloop
  endfacet
  facet normal 0 0 -1
    outer loop
      vertex 22.96752166748047 14.586706161499023 120.5
      vertex 40.5 23 120.5
      vertex 23.164213180541992 14.414213180541992 120.5
    endloop
  endfacet
  facet normal 0 0 -1
    outer loop
      vertex 22.75 14.732049942016602 120.5
      vertex 40.5 23 120.5
      vertex 22.96752166748047 14.586706161499023 120.5
    endloop
  endfacet
  facet normal 0 0 -1
    outer loop
      vertex 22.515365600585938 14.847758293151855 120.5
      vertex 40.5 23 120.5
      vertex 22.75 14.732049942016602 120.5
    endloop
  endfacet
  facet normal 0 0 -1
    outer loop
      vertex 22.267637252807617 14.931851387023926 120.5
      vertex 40.5 23 120.5
      vertex 22.515365600585938 14.847758293151855 120.5
    endloop
  endfacet
  facet normal 0 0 -1
    outer loop
      vertex 22.011051177978516 14.982889175415039 120.5
      vertex 40.5 23 120.5
      vertex 22.267637252807617 14.931851387023926 120.5
    endloop
  endfacet
  facet normal 0 0 -1
    outer loop
      vertex 21.75 15 120.5
      vertex 40.5 23 120.5
      vertex 22.011051177978516 14.982889175415039 120.5
    endloop
  endfacet
  facet normal 0 0 -1
    outer loop
      vertex 3 23 120.5
      vertex 21.75 15 120.5
      vertex 21.48894691467285 14.982889175415039 120.5
    endloop
  endfacet
  facet normal 0 0 -1
    outer loop
      vertex 3 23 120.5
      vertex 21.48894691467285 14.982889175415039 120.5
      vertex 21.23236083984375 14.931851387023926 120.5
    endloop
  endfacet
  facet normal 0 0 -1
    outer loop
      vertex 3 23 120.5
      vertex 21.23236083984375 14.931851387023926 120.5
      vertex 20.98463249206543 14.847758293151855 120.5
    endloop
  endfacet
  facet normal 0 0 -1
    outer loop
      vertex 3 23 120.5
      vertex 19.75 13 120.5
      vertex 3 3 120.5
    endloop
  endfacet
  facet normal 0 0 -1
    outer loop
      vertex 19.75 13 120.5
      vertex 3 23 120.5
      vertex 19.767108917236328 13.261052131652832 120.5
    endloop
  endfacet
  facet normal 0 0 -1
    outer loop
      vertex 19.767108917236328 13.261052131652832 120.5
      vertex 3 23 120.5
      vertex 19.818147659301758 13.517637252807617 120.5
    endloop
  endfacet
  facet normal 0 0 -1
    outer loop
      vertex 19.818147659301758 13.517637252807617 120.5
      vertex 3 23 120.5
      vertex 19.902240753173828 13.765366554260254 120.5
    endloop
  endfacet
  facet normal 0 0 -1
    outer loop
      vertex 19.902240753173828 13.765366554260254 120.5
      vertex 3 23 120.5
      vertex 20.017948150634766 14 120.5
    endloop
  endfacet
  facet normal 0 0 -1
    outer loop
      vertex 20.017948150634766 14 120.5
      vertex 3 23 120.5
      vertex 20.163291931152344 14.217522621154785 120.5
    endloop
  endfacet
  facet normal 0 0 -1
    outer loop
      vertex 20.163291931152344 14.217522621154785 120.5
      vertex 3 23 120.5
      vertex 20.335784912109375 14.414213180541992 120.5
    endloop
  endfacet
  facet normal 0 0 -1
    outer loop
      vertex 20.335784912109375 14.414213180541992 120.5
      vertex 3 23 120.5
      vertex 20.5324764251709 14.586706161499023 120.5
    endloop
  endfacet
  facet normal 0 0 -1
    outer loop
      vertex 21.75 15 120.5
      vertex 3 23 120.5
      vertex 40.5 23 120.5
    endloop
  endfacet
  facet normal 0 0 -1
    outer loop
      vertex 20.75 14.732049942016602 120.5
      vertex 3 23 120.5
      vertex 20.98463249206543 14.847758293151855 120.5
    endloop
  endfacet
  facet normal 0 0 -1
    outer loop
      vertex 20.5324764251709 14.586706161499023 120.5
      vertex 3 23 120.5
      vertex 20.75 14.732049942016602 120.5
    endloop
  endfacet
  facet normal -0.6593439861474872 0.751841411423408 0
    outer loop
      vertex 23.164213180541992 11.585785865783691 120.5
      vertex 22.96752166748047 11.41329288482666 123.5
      vertex 23.164213180541992 11.585785865783691 123.5
    endloop
  endfacet
  facet normal -0.6593439861474872 0.751841411423408 0
    outer loop
      vertex 22.96752166748047 11.41329288482666 123.5
      vertex 23.164213180541992 11.585785865783691 120.5
      vertex 22.96752166748047 11.41329288482666 120.5
    endloop
  endfacet
  facet normal -0.9978587981570066 0.06540503757857268 0
    outer loop
      vertex 23.73288917541504 12.738946914672852 120.5
      vertex 23.75 13 123.5
      vertex 23.75 13 120.5
    endloop
  endfacet
  facet normal -0.9978587981570066 0.06540503757857268 0
    outer loop
      vertex 23.75 13 123.5
      vertex 23.73288917541504 12.738946914672852 120.5
      vertex 23.73288917541504 12.738946914672852 123.5
    endloop
  endfacet
  facet normal 0.1950890159974446 0.9807855401855946 0
    outer loop
      vertex 21.48894691467285 11.017109870910645 120.5
      vertex 21.23236083984375 11.068147659301758 123.5
      vertex 21.48894691467285 11.017109870910645 123.5
    endloop
  endfacet
  facet normal 0.1950890159974446 0.9807855401855946 0
    outer loop
      vertex 21.23236083984375 11.068147659301758 123.5
      vertex 21.48894691467285 11.017109870910645 120.5
      vertex 21.23236083984375 11.068147659301758 120.5
    endloop
  endfacet
  facet normal 0.8968735645677046 0.4422870212651728 0
    outer loop
      vertex 20.017948150634766 12 123.5
      vertex 19.902240753173828 12.23463249206543 120.5
      vertex 19.902240753173828 12.23463249206543 123.5
    endloop
  endfacet
  facet normal 0.8968735645677046 0.4422870212651728 0
    outer loop
      vertex 19.902240753173828 12.23463249206543 120.5
      vertex 20.017948150634766 12 123.5
      vertex 20.017948150634766 12 120.5
    endloop
  endfacet
  facet normal -0.9978587825627341 -0.06540527549378619 0
    outer loop
      vertex 23.75 13 120.5
      vertex 23.73288917541504 13.261052131652832 123.5
      vertex 23.73288917541504 13.261052131652832 120.5
    endloop
  endfacet
  facet normal -0.9978587825627341 -0.06540527549378619 0
    outer loop
      vertex 23.73288917541504 13.261052131652832 123.5
      vertex 23.75 13 120.5
      vertex 23.75 13 123.5
    endloop
  endfacet
  facet normal -0.9469319676599184 -0.3214340501933723 0
    outer loop
      vertex 23.68185043334961 13.517637252807617 120.5
      vertex 23.597759246826172 13.765366554260254 123.5
      vertex 23.597759246826172 13.765366554260254 120.5
    endloop
  endfacet
  facet normal -0.9469319676599184 -0.3214340501933723 0
    outer loop
      vertex 23.597759246826172 13.765366554260254 123.5
      vertex 23.68185043334961 13.517637252807617 120.5
      vertex 23.68185043334961 13.517637252807617 123.5
    endloop
  endfacet
  facet normal 0.5555680517333541 0.8314710697872808 0
    outer loop
      vertex 20.75 11.267949104309082 120.5
      vertex 20.5324764251709 11.41329288482666 123.5
      vertex 20.75 11.267949104309082 123.5
    endloop
  endfacet
  facet normal 0.5555680517333541 0.8314710697872808 0
    outer loop
      vertex 20.5324764251709 11.41329288482666 123.5
      vertex 20.75 11.267949104309082 120.5
      vertex 20.5324764251709 11.41329288482666 120.5
    endloop
  endfacet
  facet normal -0.8968706724893841 0.44229288579903664 0
    outer loop
      vertex 23.4820499420166 12 120.5
      vertex 23.597759246826172 12.23463249206543 123.5
      vertex 23.597759246826172 12.23463249206543 120.5
    endloop
  endfacet
  facet normal -0.8968706724893841 0.44229288579903664 0
    outer loop
      vertex 23.597759246826172 12.23463249206543 123.5
      vertex 23.4820499420166 12 120.5
      vertex 23.4820499420166 12 123.5
    endloop
  endfacet
  facet normal -0.980784703926618 -0.19509322013739036 0
    outer loop
      vertex 23.73288917541504 13.261052131652832 120.5
      vertex 23.68185043334961 13.517637252807617 123.5
      vertex 23.68185043334961 13.517637252807617 120.5
    endloop
  endfacet
  facet normal -0.980784703926618 -0.19509322013739036 0
    outer loop
      vertex 23.68185043334961 13.517637252807617 123.5
      vertex 23.73288917541504 13.261052131652832 120.5
      vertex 23.73288917541504 13.261052131652832 123.5
    endloop
  endfacet
  facet normal 0.4422899535391963 0.8968721185310063 0
    outer loop
      vertex 20.98463249206543 11.152240753173828 120.5
      vertex 20.75 11.267949104309082 123.5
      vertex 20.98463249206543 11.152240753173828 123.5
    endloop
  endfacet
  facet normal 0.4422899535391963 0.8968721185310063 0
    outer loop
      vertex 20.75 11.267949104309082 123.5
      vertex 20.98463249206543 11.152240753173828 120.5
      vertex 20.75 11.267949104309082 120.5
    endloop
  endfacet
  facet normal -0.980784703926618 0.19509322013739036 0
    outer loop
      vertex 23.68185043334961 12.482361793518066 120.5
      vertex 23.73288917541504 12.738946914672852 123.5
      vertex 23.73288917541504 12.738946914672852 120.5
    endloop
  endfacet
  facet normal -0.980784703926618 0.19509322013739036 0
    outer loop
      vertex 23.73288917541504 12.738946914672852 123.5
      vertex 23.68185043334961 12.482361793518066 120.5
      vertex 23.68185043334961 12.482361793518066 123.5
    endloop
  endfacet
  facet normal -0.9469319676599184 0.3214340501933723 0
    outer loop
      vertex 23.597759246826172 12.23463249206543 120.5
      vertex 23.68185043334961 12.482361793518066 123.5
      vertex 23.68185043334961 12.482361793518066 120.5
    endloop
  endfacet
  facet normal -0.9469319676599184 0.3214340501933723 0
    outer loop
      vertex 23.68185043334961 12.482361793518066 123.5
      vertex 23.597759246826172 12.23463249206543 120.5
      vertex 23.597759246826172 12.23463249206543 123.5
    endloop
  endfacet
  facet normal 0.8314699446192111 -0.555569735672243 0
    outer loop
      vertex 20.017948150634766 14 123.5
      vertex 20.163291931152344 14.217522621154785 120.5
      vertex 20.163291931152344 14.217522621154785 123.5
    endloop
  endfacet
  facet normal 0.8314699446192111 -0.555569735672243 0
    outer loop
      vertex 20.163291931152344 14.217522621154785 120.5
      vertex 20.017948150634766 14 123.5
      vertex 20.017948150634766 14 120.5
    endloop
  endfacet
  facet normal -0.06540188361807907 0.9978590048795507 0
    outer loop
      vertex 22.011051177978516 11.017109870910645 120.5
      vertex 21.75 11 123.5
      vertex 22.011051177978516 11.017109870910645 123.5
    endloop
  endfacet
  facet normal -0.06540188361807907 0.9978590048795507 0
    outer loop
      vertex 21.75 11 123.5
      vertex 22.011051177978516 11.017109870910645 120.5
      vertex 21.75 11 120.5
    endloop
  endfacet
  facet normal 0.1950890159974446 -0.9807855401855946 0
    outer loop
      vertex 21.23236083984375 14.931851387023926 120.5
      vertex 21.48894691467285 14.982889175415039 123.5
      vertex 21.23236083984375 14.931851387023926 123.5
    endloop
  endfacet
  facet normal 0.1950890159974446 -0.9807855401855946 0
    outer loop
      vertex 21.48894691467285 14.982889175415039 123.5
      vertex 21.23236083984375 14.931851387023926 120.5
      vertex 21.48894691467285 14.982889175415039 120.5
    endloop
  endfacet
  facet normal 0.06540140781210511 0.9978590360648115 0
    outer loop
      vertex 21.75 11 120.5
      vertex 21.48894691467285 11.017109870910645 123.5
      vertex 21.75 11 123.5
    endloop
  endfacet
  facet normal 0.06540140781210511 0.9978590360648115 0
    outer loop
      vertex 21.48894691467285 11.017109870910645 123.5
      vertex 21.75 11 120.5
      vertex 21.48894691467285 11.017109870910645 120.5
    endloop
  endfacet
  facet normal -0.8968713856043227 -0.44229143975910545 0
    outer loop
      vertex 23.597759246826172 13.765366554260254 120.5
      vertex 23.4820499420166 14 123.5
      vertex 23.4820499420166 14 120.5
    endloop
  endfacet
  facet normal -0.8968713856043227 -0.44229143975910545 0
    outer loop
      vertex 23.4820499420166 14 123.5
      vertex 23.597759246826172 13.765366554260254 120.5
      vertex 23.597759246826172 13.765366554260254 123.5
    endloop
  endfacet
  facet normal -0.1950890159974446 -0.9807855401855946 0
    outer loop
      vertex 22.011051177978516 14.982889175415039 120.5
      vertex 22.267637252807617 14.931851387023926 123.5
      vertex 22.011051177978516 14.982889175415039 123.5
    endloop
  endfacet
  facet normal -0.1950890159974446 -0.9807855401855946 0
    outer loop
      vertex 22.267637252807617 14.931851387023926 123.5
      vertex 22.011051177978516 14.982889175415039 120.5
      vertex 22.267637252807617 14.931851387023926 120.5
    endloop
  endfacet
  facet normal -0.8314710697872808 0.5555680517333541 0
    outer loop
      vertex 23.336706161499023 11.782476425170898 120.5
      vertex 23.4820499420166 12 123.5
      vertex 23.4820499420166 12 120.5
    endloop
  endfacet
  facet normal -0.8314710697872808 0.5555680517333541 0
    outer loop
      vertex 23.4820499420166 12 123.5
      vertex 23.336706161499023 11.782476425170898 120.5
      vertex 23.336706161499023 11.782476425170898 123.5
    endloop
  endfacet
  facet normal 0.9978592739595264 0.06539777804304144 0
    outer loop
      vertex 19.767108917236328 12.738946914672852 123.5
      vertex 19.75 13 120.5
      vertex 19.75 13 123.5
    endloop
  endfacet
  facet normal 0.9978592739595264 0.06539777804304144 0
    outer loop
      vertex 19.75 13 120.5
      vertex 19.767108917236328 12.738946914672852 123.5
      vertex 19.767108917236328 12.738946914672852 120.5
    endloop
  endfacet
  facet normal 0.980784703926618 -0.19509322013739036 0
    outer loop
      vertex 19.767108917236328 13.261052131652832 123.5
      vertex 19.818147659301758 13.517637252807617 120.5
      vertex 19.818147659301758 13.517637252807617 123.5
    endloop
  endfacet
  facet normal 0.980784703926618 -0.19509322013739036 0
    outer loop
      vertex 19.818147659301758 13.517637252807617 120.5
      vertex 19.767108917236328 13.261052131652832 123.5
      vertex 19.767108917236328 13.261052131652832 120.5
    endloop
  endfacet
  facet normal 0.6593439861474872 0.751841411423408 0
    outer loop
      vertex 20.5324764251709 11.41329288482666 120.5
      vertex 20.335784912109375 11.585785865783691 123.5
      vertex 20.5324764251709 11.41329288482666 123.5
    endloop
  endfacet
  facet normal 0.6593439861474872 0.751841411423408 0
    outer loop
      vertex 20.335784912109375 11.585785865783691 123.5
      vertex 20.5324764251709 11.41329288482666 120.5
      vertex 20.335784912109375 11.585785865783691 120.5
    endloop
  endfacet
  facet normal 0.9469297485156343 -0.32144058763030764 0
    outer loop
      vertex 19.818147659301758 13.517637252807617 123.5
      vertex 19.902240753173828 13.765366554260254 120.5
      vertex 19.902240753173828 13.765366554260254 123.5
    endloop
  endfacet
  facet normal 0.9469297485156343 -0.32144058763030764 0
    outer loop
      vertex 19.902240753173828 13.765366554260254 120.5
      vertex 19.818147659301758 13.517637252807617 123.5
      vertex 19.818147659301758 13.517637252807617 120.5
    endloop
  endfacet
  facet normal -0.751839826652126 -0.6593457932372825 0
    outer loop
      vertex 23.336706161499023 14.217522621154785 120.5
      vertex 23.164213180541992 14.414213180541992 123.5
      vertex 23.164213180541992 14.414213180541992 120.5
    endloop
  endfacet
  facet normal -0.751839826652126 -0.6593457932372825 0
    outer loop
      vertex 23.164213180541992 14.414213180541992 123.5
      vertex 23.336706161499023 14.217522621154785 120.5
      vertex 23.336706161499023 14.217522621154785 123.5
    endloop
  endfacet
  facet normal -0.1950890159974446 0.9807855401855946 0
    outer loop
      vertex 22.267637252807617 11.068147659301758 120.5
      vertex 22.011051177978516 11.017109870910645 123.5
      vertex 22.267637252807617 11.068147659301758 123.5
    endloop
  endfacet
  facet normal -0.1950890159974446 0.9807855401855946 0
    outer loop
      vertex 22.011051177978516 11.017109870910645 123.5
      vertex 22.267637252807617 11.068147659301758 120.5
      vertex 22.011051177978516 11.017109870910645 120.5
    endloop
  endfacet
  facet normal 0.4422899535391963 -0.8968721185310063 0
    outer loop
      vertex 20.75 14.732049942016602 120.5
      vertex 20.98463249206543 14.847758293151855 123.5
      vertex 20.75 14.732049942016602 123.5
    endloop
  endfacet
  facet normal 0.4422899535391963 -0.8968721185310063 0
    outer loop
      vertex 20.98463249206543 14.847758293151855 123.5
      vertex 20.75 14.732049942016602 120.5
      vertex 20.98463249206543 14.847758293151855 120.5
    endloop
  endfacet
  facet normal -0.5555714196190613 0.8314688194409101 0
    outer loop
      vertex 22.96752166748047 11.41329288482666 120.5
      vertex 22.75 11.267949104309082 123.5
      vertex 22.96752166748047 11.41329288482666 123.5
    endloop
  endfacet
  facet normal -0.5555714196190613 0.8314688194409101 0
    outer loop
      vertex 22.75 11.267949104309082 123.5
      vertex 22.96752166748047 11.41329288482666 120.5
      vertex 22.75 11.267949104309082 120.5
    endloop
  endfacet
  facet normal -0.06540551341072687 -0.9978587669682916 0
    outer loop
      vertex 21.75 15 120.5
      vertex 22.011051177978516 14.982889175415039 123.5
      vertex 21.75 15 123.5
    endloop
  endfacet
  facet normal -0.06540551341072687 -0.9978587669682916 0
    outer loop
      vertex 22.011051177978516 14.982889175415039 123.5
      vertex 21.75 15 120.5
      vertex 22.011051177978516 14.982889175415039 120.5
    endloop
  endfacet
  facet normal -0.32144169721474214 -0.9469293718602808 0
    outer loop
      vertex 22.267637252807617 14.931851387023926 120.5
      vertex 22.515365600585938 14.847758293151855 123.5
      vertex 22.267637252807617 14.931851387023926 123.5
    endloop
  endfacet
  facet normal -0.32144169721474214 -0.9469293718602808 0
    outer loop
      vertex 22.515365600585938 14.847758293151855 123.5
      vertex 22.267637252807617 14.931851387023926 120.5
      vertex 22.515365600585938 14.847758293151855 120.5
    endloop
  endfacet
  facet normal -0.4422870614774873 -0.8968735447372777 0
    outer loop
      vertex 22.515365600585938 14.847758293151855 120.5
      vertex 22.75 14.732049942016602 123.5
      vertex 22.515365600585938 14.847758293151855 123.5
    endloop
  endfacet
  facet normal -0.4422870614774873 -0.8968735447372777 0
    outer loop
      vertex 22.75 14.732049942016602 123.5
      vertex 22.515365600585938 14.847758293151855 120.5
      vertex 22.75 14.732049942016602 120.5
    endloop
  endfacet
  facet normal -0.8314699446192111 -0.555569735672243 0
    outer loop
      vertex 23.4820499420166 14 120.5
      vertex 23.336706161499023 14.217522621154785 123.5
      vertex 23.336706161499023 14.217522621154785 120.5
    endloop
  endfacet
  facet normal -0.8314699446192111 -0.555569735672243 0
    outer loop
      vertex 23.336706161499023 14.217522621154785 123.5
      vertex 23.4820499420166 14 120.5
      vertex 23.4820499420166 14 123.5
    endloop
  endfacet
  facet normal 0.06540503757857268 -0.9978587981570066 0
    outer loop
      vertex 21.48894691467285 14.982889175415039 120.5
      vertex 21.75 15 123.5
      vertex 21.48894691467285 14.982889175415039 123.5
    endloop
  endfacet
  facet normal 0.06540503757857268 -0.9978587981570066 0
    outer loop
      vertex 21.75 15 123.5
      vertex 21.48894691467285 14.982889175415039 120.5
      vertex 21.75 15 120.5
    endloop
  endfacet
  facet normal 0.5555680517333541 -0.8314710697872808 0
    outer loop
      vertex 20.5324764251709 14.586706161499023 120.5
      vertex 20.75 14.732049942016602 123.5
      vertex 20.5324764251709 14.586706161499023 123.5
    endloop
  endfacet
  facet normal 0.5555680517333541 -0.8314710697872808 0
    outer loop
      vertex 20.75 14.732049942016602 123.5
      vertex 20.5324764251709 14.586706161499023 120.5
      vertex 20.75 14.732049942016602 120.5
    endloop
  endfacet
  facet normal -0.32144169721474214 0.9469293718602808 0
    outer loop
      vertex 22.515365600585938 11.152240753173828 120.5
      vertex 22.267637252807617 11.068147659301758 123.5
      vertex 22.515365600585938 11.152240753173828 123.5
    endloop
  endfacet
  facet normal -0.32144169721474214 0.9469293718602808 0
    outer loop
      vertex 22.267637252807617 11.068147659301758 123.5
      vertex 22.515365600585938 11.152240753173828 120.5
      vertex 22.267637252807617 11.068147659301758 120.5
    endloop
  endfacet
  facet normal -0.751839826652126 0.6593457932372825 0
    outer loop
      vertex 23.164213180541992 11.585785865783691 120.5
      vertex 23.336706161499023 11.782476425170898 123.5
      vertex 23.336706161499023 11.782476425170898 120.5
    endloop
  endfacet
  facet normal -0.751839826652126 0.6593457932372825 0
    outer loop
      vertex 23.336706161499023 11.782476425170898 123.5
      vertex 23.164213180541992 11.585785865783691 120.5
      vertex 23.164213180541992 11.585785865783691 123.5
    endloop
  endfacet
  facet normal -0.4422870614774873 0.8968735447372777 0
    outer loop
      vertex 22.75 11.267949104309082 120.5
      vertex 22.515365600585938 11.152240753173828 123.5
      vertex 22.75 11.267949104309082 123.5
    endloop
  endfacet
  facet normal -0.4422870614774873 0.8968735447372777 0
    outer loop
      vertex 22.515365600585938 11.152240753173828 123.5
      vertex 22.75 11.267949104309082 120.5
      vertex 22.515365600585938 11.152240753173828 120.5
    endloop
  endfacet
  facet normal 0.9469297485156343 0.32144058763030764 0
    outer loop
      vertex 19.902240753173828 12.23463249206543 123.5
      vertex 19.818147659301758 12.482361793518066 120.5
      vertex 19.818147659301758 12.482361793518066 123.5
    endloop
  endfacet
  facet normal 0.9469297485156343 0.32144058763030764 0
    outer loop
      vertex 19.818147659301758 12.482361793518066 120.5
      vertex 19.902240753173828 12.23463249206543 123.5
      vertex 19.902240753173828 12.23463249206543 120.5
    endloop
  endfacet
  facet normal 0.32144169721474214 -0.9469293718602808 0
    outer loop
      vertex 20.98463249206543 14.847758293151855 120.5
      vertex 21.23236083984375 14.931851387023926 123.5
      vertex 20.98463249206543 14.847758293151855 123.5
    endloop
  endfacet
  facet normal 0.32144169721474214 -0.9469293718602808 0
    outer loop
      vertex 21.23236083984375 14.931851387023926 123.5
      vertex 20.98463249206543 14.847758293151855 120.5
      vertex 21.23236083984375 14.931851387023926 120.5
    endloop
  endfacet
  facet normal 0.6593439861474872 -0.751841411423408 0
    outer loop
      vertex 20.335784912109375 14.414213180541992 120.5
      vertex 20.5324764251709 14.586706161499023 123.5
      vertex 20.335784912109375 14.414213180541992 123.5
    endloop
  endfacet
  facet normal 0.6593439861474872 -0.751841411423408 0
    outer loop
      vertex 20.5324764251709 14.586706161499023 123.5
      vertex 20.335784912109375 14.414213180541992 120.5
      vertex 20.5324764251709 14.586706161499023 120.5
    endloop
  endfacet
  facet normal -0.6593439861474872 -0.751841411423408 0
    outer loop
      vertex 22.96752166748047 14.586706161499023 120.5
      vertex 23.164213180541992 14.414213180541992 123.5
      vertex 22.96752166748047 14.586706161499023 123.5
    endloop
  endfacet
  facet normal -0.6593439861474872 -0.751841411423408 0
    outer loop
      vertex 23.164213180541992 14.414213180541992 123.5
      vertex 22.96752166748047 14.586706161499023 120.5
      vertex 23.164213180541992 14.414213180541992 120.5
    endloop
  endfacet
  facet normal -0.5555714196190613 -0.8314688194409101 0
    outer loop
      vertex 22.75 14.732049942016602 120.5
      vertex 22.96752166748047 14.586706161499023 123.5
      vertex 22.75 14.732049942016602 123.5
    endloop
  endfacet
  facet normal -0.5555714196190613 -0.8314688194409101 0
    outer loop
      vertex 22.96752166748047 14.586706161499023 123.5
      vertex 22.75 14.732049942016602 120.5
      vertex 22.96752166748047 14.586706161499023 120.5
    endloop
  endfacet
  facet normal 0.980784703926618 0.19509322013739036 0
    outer loop
      vertex 19.818147659301758 12.482361793518066 123.5
      vertex 19.767108917236328 12.738946914672852 120.5
      vertex 19.767108917236328 12.738946914672852 123.5
    endloop
  endfacet
  facet normal 0.980784703926618 0.19509322013739036 0
    outer loop
      vertex 19.767108917236328 12.738946914672852 120.5
      vertex 19.818147659301758 12.482361793518066 123.5
      vertex 19.818147659301758 12.482361793518066 120.5
    endloop
  endfacet
  facet normal 0.8968742776660317 -0.44228557523508943 0
    outer loop
      vertex 19.902240753173828 13.765366554260254 123.5
      vertex 20.017948150634766 14 120.5
      vertex 20.017948150634766 14 123.5
    endloop
  endfacet
  facet normal 0.8968742776660317 -0.44228557523508943 0
    outer loop
      vertex 20.017948150634766 14 120.5
      vertex 19.902240753173828 13.765366554260254 123.5
      vertex 19.902240753173828 13.765366554260254 120.5
    endloop
  endfacet
  facet normal 0.32144169721474214 0.9469293718602808 0
    outer loop
      vertex 21.23236083984375 11.068147659301758 120.5
      vertex 20.98463249206543 11.152240753173828 123.5
      vertex 21.23236083984375 11.068147659301758 123.5
    endloop
  endfacet
  facet normal 0.32144169721474214 0.9469293718602808 0
    outer loop
      vertex 20.98463249206543 11.152240753173828 123.5
      vertex 21.23236083984375 11.068147659301758 120.5
      vertex 20.98463249206543 11.152240753173828 120.5
    endloop
  endfacet
  facet normal 0.751839826652126 0.6593457932372825 0
    outer loop
      vertex 20.335784912109375 11.585785865783691 123.5
      vertex 20.163291931152344 11.782476425170898 120.5
      vertex 20.163291931152344 11.782476425170898 123.5
    endloop
  endfacet
  facet normal 0.751839826652126 0.6593457932372825 0
    outer loop
      vertex 20.163291931152344 11.782476425170898 120.5
      vertex 20.335784912109375 11.585785865783691 123.5
      vertex 20.335784912109375 11.585785865783691 120.5
    endloop
  endfacet
  facet normal 0.9978592583687081 -0.06539801593207477 0
    outer loop
      vertex 19.75 13 123.5
      vertex 19.767108917236328 13.261052131652832 120.5
      vertex 19.767108917236328 13.261052131652832 123.5
    endloop
  endfacet
  facet normal 0.9978592583687081 -0.06539801593207477 0
    outer loop
      vertex 19.767108917236328 13.261052131652832 120.5
      vertex 19.75 13 123.5
      vertex 19.75 13 120.5
    endloop
  endfacet
  facet normal 0.751839826652126 -0.6593457932372825 0
    outer loop
      vertex 20.163291931152344 14.217522621154785 123.5
      vertex 20.335784912109375 14.414213180541992 120.5
      vertex 20.335784912109375 14.414213180541992 123.5
    endloop
  endfacet
  facet normal 0.751839826652126 -0.6593457932372825 0
    outer loop
      vertex 20.335784912109375 14.414213180541992 120.5
      vertex 20.163291931152344 14.217522621154785 123.5
      vertex 20.163291931152344 14.217522621154785 120.5
    endloop
  endfacet
  facet normal 0.8314710697872808 0.5555680517333541 0
    outer loop
      vertex 20.163291931152344 11.782476425170898 123.5
      vertex 20.017948150634766 12 120.5
      vertex 20.017948150634766 12 123.5
    endloop
  endfacet
  facet normal 0.8314710697872808 0.5555680517333541 0
    outer loop
      vertex 20.017948150634766 12 120.5
      vertex 20.163291931152344 11.782476425170898 123.5
      vertex 20.163291931152344 11.782476425170898 120.5
    endloop
  endfacet
endsolid OpenSCAD_Model
