solid OpenSCAD_Model
  facet normal 0 1 0
    outer loop
      vertex 0.01710987091064453 0 1.738947868347168
      vertex 0 0 0
      vertex 0 0 2
    endloop
  endfacet
  facet normal 0 1 0
    outer loop
      vertex 0.06814765930175781 0 1.4823627471923828
      vertex 0 0 0
      vertex 0.01710987091064453 0 1.738947868347168
    endloop
  endfacet
  facet normal 0 1 0
    outer loop
      vertex 0.15224075317382812 0 1.234633445739746
      vertex 0 0 0
      vertex 0.06814765930175781 0 1.4823627471923828
    endloop
  endfacet
  facet normal 0 1 0
    outer loop
      vertex 0.26794910430908203 0 1
      vertex 0 0 0
      vertex 0.15224075317382812 0 1.234633445739746
    endloop
  endfacet
  facet normal 0 1 0
    outer loop
      vertex 0.41329288482666016 0 0.7824773788452148
      vertex 0 0 0
      vertex 0.26794910430908203 0 1
    endloop
  endfacet
  facet normal 0 1 0
    outer loop
      vertex 0.5857858657836914 0 0.5857868194580078
      vertex 0 0 0
      vertex 0.41329288482666016 0 0.7824773788452148
    endloop
  endfacet
  facet normal 0 1 0
    outer loop
      vertex 0.7824764251708984 0 0.41329383850097656
      vertex 0 0 0
      vertex 0.5857858657836914 0 0.5857868194580078
    endloop
  endfacet
  facet normal 0 1 0
    outer loop
      vertex 1 0 0.26795005798339844
      vertex 0 0 0
      vertex 0.7824764251708984 0 0.41329383850097656
    endloop
  endfacet
  facet normal 0 1 0
    outer loop
      vertex 1.2346324920654297 0 0.15224170684814453
      vertex 0 0 0
      vertex 1 0 0.26795005798339844
    endloop
  endfacet
  facet normal 0 1 0
    outer loop
      vertex 1.4823617935180664 0 0.06814861297607422
      vertex 0 0 0
      vertex 1.2346324920654297 0 0.15224170684814453
    endloop
  endfacet
  facet normal 0 1 0
    outer loop
      vertex 1.7389469146728516 0 0.017110824584960938
      vertex 0 0 0
      vertex 1.4823617935180664 0 0.06814861297607422
    endloop
  endfacet
  facet normal 0 1 0
    outer loop
      vertex 0 0 0
      vertex 1.7389469146728516 0 0.017110824584960938
      vertex 2 0 0
    endloop
  endfacet
  facet normal 0 1 0
    outer loop
      vertex 41 0 0
      vertex 40.982887268066406 0 1.738947868347168
      vertex 41 0 2
    endloop
  endfacet
  facet normal 0 1 0
    outer loop
      vertex 41 0 0
      vertex 40.93185043334961 0 1.4823627471923828
      vertex 40.982887268066406 0 1.738947868347168
    endloop
  endfacet
  facet normal 0 1 0
    outer loop
      vertex 41 0 0
      vertex 40.84775924682617 0 1.234633445739746
      vertex 40.93185043334961 0 1.4823627471923828
    endloop
  endfacet
  facet normal 0 1 0
    outer loop
      vertex 41 0 0
      vertex 40.73204803466797 0 1
      vertex 40.84775924682617 0 1.234633445739746
    endloop
  endfacet
  facet normal 0 1 0
    outer loop
      vertex 41 0 0
      vertex 40.586708068847656 0 0.7824773788452148
      vertex 40.73204803466797 0 1
    endloop
  endfacet
  facet normal 0 1 0
    outer loop
      vertex 41 0 0
      vertex 40.414215087890625 0 0.5857868194580078
      vertex 40.586708068847656 0 0.7824773788452148
    endloop
  endfacet
  facet normal 0 1 0
    outer loop
      vertex 41 0 0
      vertex 40.21752166748047 0 0.41329383850097656
      vertex 40.414215087890625 0 0.5857868194580078
    endloop
  endfacet
  facet normal 0 1 0
    outer loop
      vertex 41 0 0
      vertex 40 0 0.26795005798339844
      vertex 40.21752166748047 0 0.41329383850097656
    endloop
  endfacet
  facet normal 0 1 0
    outer loop
      vertex 41 0 0
      vertex 39.76536560058594 0 0.15224170684814453
      vertex 40 0 0.26795005798339844
    endloop
  endfacet
  facet normal 0 1 0
    outer loop
      vertex 41 0 0
      vertex 39.51763916015625 0 0.06814861297607422
      vertex 39.76536560058594 0 0.15224170684814453
    endloop
  endfacet
  facet normal 0 1 0
    outer loop
      vertex 41 0 0
      vertex 39.261051177978516 0 0.017110824584960938
      vertex 39.51763916015625 0 0.06814861297607422
    endloop
  endfacet
  facet normal 0 1 0
    outer loop
      vertex 39.261051177978516 0 0.017110824584960938
      vertex 41 0 0
      vertex 39 0 0
    endloop
  endfacet
  facet normal 0 -1 0
    outer loop
      vertex 0 0 9
      vertex 41 0 21.459999084472656
      vertex 0 0 21.459999084472656
    endloop
  endfacet
  facet normal 0 -1 0
    outer loop
      vertex 41 0 21.459999084472656
      vertex 0 0 9
      vertex 41 0 9
    endloop
  endfacet
  facet normal 0 -1 0
    outer loop
      vertex 0 0 80
      vertex 2 0 82
      vertex 1.7389469146728516 0 81.9828872680664
    endloop
  endfacet
  facet normal 0 -1 0
    outer loop
      vertex 2 0 82
      vertex 0 0 58.900001525878906
      vertex 39 0 82
    endloop
  endfacet
  facet normal 0 -1 0
    outer loop
      vertex 0 0 80
      vertex 1.7389469146728516 0 81.9828872680664
      vertex 1.4823617935180664 0 81.93185424804688
    endloop
  endfacet
  facet normal 0 -1 0
    outer loop
      vertex 41 0 58.900001525878906
      vertex 39 0 82
      vertex 0 0 58.900001525878906
    endloop
  endfacet
  facet normal 0 -1 0
    outer loop
      vertex 0 0 80
      vertex 1.4823617935180664 0 81.93185424804688
      vertex 1.2346324920654297 0 81.84776306152344
    endloop
  endfacet
  facet normal 0 -1 0
    outer loop
      vertex 41 0 80
      vertex 39 0 82
      vertex 41 0 58.900001525878906
    endloop
  endfacet
  facet normal 0 -1 0
    outer loop
      vertex 0 0 80
      vertex 1.2346324920654297 0 81.84776306152344
      vertex 1 0 81.73204803466797
    endloop
  endfacet
  facet normal 0 -1 0
    outer loop
      vertex 2 0 82
      vertex 0 0 80
      vertex 0 0 58.900001525878906
    endloop
  endfacet
  facet normal 0 -1 0
    outer loop
      vertex 0 0 80
      vertex 1 0 81.73204803466797
      vertex 0.7824764251708984 0 81.58670806884766
    endloop
  endfacet
  facet normal 0 -1 0
    outer loop
      vertex 39 0 82
      vertex 41 0 80
      vertex 39.261051177978516 0 81.9828872680664
    endloop
  endfacet
  facet normal 0 -1 0
    outer loop
      vertex 0 0 80
      vertex 0.7824764251708984 0 81.58670806884766
      vertex 0.5857858657836914 0 81.41421508789062
    endloop
  endfacet
  facet normal 0 -1 0
    outer loop
      vertex 39.76536560058594 0 81.84776306152344
      vertex 41 0 80
      vertex 40 0 81.73204803466797
    endloop
  endfacet
  facet normal 0 -1 0
    outer loop
      vertex 0 0 80
      vertex 0.5857858657836914 0 81.41421508789062
      vertex 0.41329288482666016 0 81.21752166748047
    endloop
  endfacet
  facet normal 0 -1 0
    outer loop
      vertex 40 0 81.73204803466797
      vertex 41 0 80
      vertex 40.21752166748047 0 81.58670806884766
    endloop
  endfacet
  facet normal 0 -1 0
    outer loop
      vertex 0 0 80
      vertex 0.41329288482666016 0 81.21752166748047
      vertex 0.26794910430908203 0 81
    endloop
  endfacet
  facet normal 0 -1 0
    outer loop
      vertex 40.21752166748047 0 81.58670806884766
      vertex 41 0 80
      vertex 40.414215087890625 0 81.41421508789062
    endloop
  endfacet
  facet normal 0 -1 0
    outer loop
      vertex 0 0 80
      vertex 0.26794910430908203 0 81
      vertex 0.15224075317382812 0 80.76536560058594
    endloop
  endfacet
  facet normal 0 -1 0
    outer loop
      vertex 40.414215087890625 0 81.41421508789062
      vertex 41 0 80
      vertex 40.586708068847656 0 81.21752166748047
    endloop
  endfacet
  facet normal 0 -1 0
    outer loop
      vertex 0 0 80
      vertex 0.15224075317382812 0 80.76536560058594
      vertex 0.06814765930175781 0 80.51763916015625
    endloop
  endfacet
  facet normal 0 -1 0
    outer loop
      vertex 40.586708068847656 0 81.21752166748047
      vertex 41 0 80
      vertex 40.73204803466797 0 81
    endloop
  endfacet
  facet normal 0 -1 0
    outer loop
      vertex 0 0 80
      vertex 0.06814765930175781 0 80.51763916015625
      vertex 0.01710987091064453 0 80.26105499267578
    endloop
  endfacet
  facet normal 0 -1 0
    outer loop
      vertex 40.73204803466797 0 81
      vertex 41 0 80
      vertex 40.84775924682617 0 80.76536560058594
    endloop
  endfacet
  facet normal 0 -1 0
    outer loop
      vertex 40.84775924682617 0 80.76536560058594
      vertex 41 0 80
      vertex 40.93185043334961 0 80.51763916015625
    endloop
  endfacet
  facet normal 0 -1 0
    outer loop
      vertex 40.93185043334961 0 80.51763916015625
      vertex 41 0 80
      vertex 40.982887268066406 0 80.26105499267578
    endloop
  endfacet
  facet normal 0 -1 0
    outer loop
      vertex 39.261051177978516 0 81.9828872680664
      vertex 41 0 80
      vertex 39.51763916015625 0 81.93185424804688
    endloop
  endfacet
  facet normal 0 -1 0
    outer loop
      vertex 39.51763916015625 0 81.93185424804688
      vertex 41 0 80
      vertex 39.76536560058594 0 81.84776306152344
    endloop
  endfacet
  facet normal 0 -1 0
    outer loop
      vertex 0 0 24.459999084472656
      vertex 41 0 55.900001525878906
      vertex 0 0 55.900001525878906
    endloop
  endfacet
  facet normal 0 -1 0
    outer loop
      vertex 41 0 55.900001525878906
      vertex 0 0 24.459999084472656
      vertex 41 0 24.459999084472656
    endloop
  endfacet
  facet normal -0.6316729511622358 -0.7752349855172893 0
    outer loop
      vertex 0 0 2
      vertex 13.5 -11 9
      vertex 0 0 9
    endloop
  endfacet
  facet normal -0.6316729511622358 -0.7752349855172893 0
    outer loop
      vertex 13.5 -11 0
      vertex 0 0 2
      vertex 0 0 0
    endloop
  endfacet
  facet normal -0.6316729511622358 -0.7752349855172893 0
    outer loop
      vertex 0 0 2
      vertex 13.5 -11 0
      vertex 13.5 -11 9
    endloop
  endfacet
  facet normal 0 -1 0
    outer loop
      vertex 13.5 -11 0
      vertex 17.66666603088379 -11 9
      vertex 13.5 -11 9
    endloop
  endfacet
  facet normal 0 -1 0
    outer loop
      vertex 17.66666603088379 -11 9
      vertex 13.5 -11 0
      vertex 17.66666603088379 -11 0
    endloop
  endfacet
  facet normal 0 -1 0
    outer loop
      vertex 23.33333396911621 -11 0
      vertex 27.5 -11 9
      vertex 23.33333396911621 -11 9
    endloop
  endfacet
  facet normal 0 -1 0
    outer loop
      vertex 27.5 -11 9
      vertex 23.33333396911621 -11 0
      vertex 27.5 -11 0
    endloop
  endfacet
  facet normal 0.6316729511622358 -0.7752349855172893 0
    outer loop
      vertex 27.5 -11 9
      vertex 41 0 2
      vertex 41 0 9
    endloop
  endfacet
  facet normal 0.6316729511622358 -0.7752349855172893 0
    outer loop
      vertex 27.5 -11 0
      vertex 41 0 2
      vertex 27.5 -11 9
    endloop
  endfacet
  facet normal 0.6316729511622358 -0.7752349855172893 0
    outer loop
      vertex 41 0 2
      vertex 27.5 -11 0
      vertex 41 0 0
    endloop
  endfacet
  facet normal 0.631672870708439 0.7752350510722279 0
    outer loop
      vertex 14.923299789428711 -7 5
      vertex 11.241480827331543 -4 9
      vertex 14.923299789428711 -7 9
    endloop
  endfacet
  facet normal 0.631672870708439 0.7752350510722279 0
    outer loop
      vertex 11.241480827331543 -4 9
      vertex 14.923299789428711 -7 5
      vertex 11.241480827331543 -4 5
    endloop
  endfacet
  facet normal 0 -1 0
    outer loop
      vertex 11.241480827331543 -4 5
      vertex 29.75851821899414 -4 9
      vertex 11.241480827331543 -4 9
    endloop
  endfacet
  facet normal 0 -1 0
    outer loop
      vertex 29.75851821899414 -4 9
      vertex 11.241480827331543 -4 5
      vertex 29.75851821899414 -4 5
    endloop
  endfacet
  facet normal -0.6316727723760394 0.7752351311948964 0
    outer loop
      vertex 29.75851821899414 -4 5
      vertex 26.076698303222656 -7 9
      vertex 29.75851821899414 -4 9
    endloop
  endfacet
  facet normal -0.6316727723760394 0.7752351311948964 0
    outer loop
      vertex 26.076698303222656 -7 9
      vertex 29.75851821899414 -4 5
      vertex 26.076698303222656 -7 5
    endloop
  endfacet
  facet normal 0 1 0
    outer loop
      vertex 19 -7 5
      vertex 14.923299789428711 -7 9
      vertex 19 -7 9
    endloop
  endfacet
  facet normal 0 1 0
    outer loop
      vertex 14.923299789428711 -7 9
      vertex 19 -7 5
      vertex 14.923299789428711 -7 5
    endloop
  endfacet
  facet normal 0 1 0
    outer loop
      vertex 26.076698303222656 -7 5
      vertex 22 -7 9
      vertex 26.076698303222656 -7 9
    endloop
  endfacet
  facet normal 0 1 0
    outer loop
      vertex 22 -7 9
      vertex 26.076698303222656 -7 5
      vertex 22 -7 5
    endloop
  endfacet
  facet normal 0 0 1
    outer loop
      vertex 21.560659408569336 -5.439339637756348 5
      vertex 26.076698303222656 -7 5
      vertex 29.75851821899414 -4 5
    endloop
  endfacet
  facet normal 0 0 1
    outer loop
      vertex 26.076698303222656 -7 5
      vertex 21.94888687133789 -6.1117706298828125 5
      vertex 22 -6.5 5
    endloop
  endfacet
  facet normal 0 0 1
    outer loop
      vertex 26.076698303222656 -7 5
      vertex 21.79903793334961 -5.75 5
      vertex 21.94888687133789 -6.1117706298828125 5
    endloop
  endfacet
  facet normal 0 0 1
    outer loop
      vertex 26.076698303222656 -7 5
      vertex 21.560659408569336 -5.439339637756348 5
      vertex 21.79903793334961 -5.75 5
    endloop
  endfacet
  facet normal 0 0 1
    outer loop
      vertex 29.75851821899414 -4 5
      vertex 21.25 -5.200961112976074 5
      vertex 21.560659408569336 -5.439339637756348 5
    endloop
  endfacet
  facet normal 0 0 1
    outer loop
      vertex 29.75851821899414 -4 5
      vertex 20.888229370117188 -5.051111221313477 5
      vertex 21.25 -5.200961112976074 5
    endloop
  endfacet
  facet normal 0 0 1
    outer loop
      vertex 29.75851821899414 -4 5
      vertex 20.5 -5 5
      vertex 20.888229370117188 -5.051111221313477 5
    endloop
  endfacet
  facet normal 0 0 1
    outer loop
      vertex 19 -6.5 5
      vertex 14.923299789428711 -7 5
      vertex 19 -7 5
    endloop
  endfacet
  facet normal 0 0 1
    outer loop
      vertex 19.051111221313477 -6.1117706298828125 5
      vertex 14.923299789428711 -7 5
      vertex 19 -6.5 5
    endloop
  endfacet
  facet normal 0 0 1
    outer loop
      vertex 19.20096206665039 -5.75 5
      vertex 14.923299789428711 -7 5
      vertex 19.051111221313477 -6.1117706298828125 5
    endloop
  endfacet
  facet normal 0 0 1
    outer loop
      vertex 19.43933868408203 -5.439339637756348 5
      vertex 14.923299789428711 -7 5
      vertex 19.20096206665039 -5.75 5
    endloop
  endfacet
  facet normal 0 0 1
    outer loop
      vertex 11.241480827331543 -4 5
      vertex 19.43933868408203 -5.439339637756348 5
      vertex 19.75 -5.200961112976074 5
    endloop
  endfacet
  facet normal 0 0 1
    outer loop
      vertex 11.241480827331543 -4 5
      vertex 19.75 -5.200961112976074 5
      vertex 20.111770629882812 -5.051111221313477 5
    endloop
  endfacet
  facet normal 0 0 1
    outer loop
      vertex 19.43933868408203 -5.439339637756348 5
      vertex 11.241480827331543 -4 5
      vertex 14.923299789428711 -7 5
    endloop
  endfacet
  facet normal 0 0 1
    outer loop
      vertex 20.5 -5 5
      vertex 11.241480827331543 -4 5
      vertex 20.111770629882812 -5.051111221313477 5
    endloop
  endfacet
  facet normal 0 0 1
    outer loop
      vertex 11.241480827331543 -4 5
      vertex 20.5 -5 5
      vertex 29.75851821899414 -4 5
    endloop
  endfacet
  facet normal 0 0 1
    outer loop
      vertex 26.076698303222656 -7 5
      vertex 22 -6.5 5
      vertex 22 -7 5
    endloop
  endfacet
  facet normal 0 0 1
    outer loop
      vertex 41 0 9
      vertex 11.241480827331543 -4 9
      vertex 29.75851821899414 -4 9
    endloop
  endfacet
  facet normal 0 0 1
    outer loop
      vertex 11.241480827331543 -4 9
      vertex 41 0 9
      vertex 0 0 9
    endloop
  endfacet
  facet normal 0 0 1
    outer loop
      vertex 29.75851821899414 -4 9
      vertex 27.5 -11 9
      vertex 41 0 9
    endloop
  endfacet
  facet normal 0 0 1
    outer loop
      vertex 26.076698303222656 -7 9
      vertex 27.5 -11 9
      vertex 29.75851821899414 -4 9
    endloop
  endfacet
  facet normal 0 0 1
    outer loop
      vertex 26.076698303222656 -7 9
      vertex 23.33333396911621 -11 9
      vertex 27.5 -11 9
    endloop
  endfacet
  facet normal 0 0 1
    outer loop
      vertex 22 -9 9
      vertex 26.076698303222656 -7 9
      vertex 22 -7 9
    endloop
  endfacet
  facet normal 0 0 1
    outer loop
      vertex 26.076698303222656 -7 9
      vertex 22 -9 9
      vertex 23.33333396911621 -11 9
    endloop
  endfacet
  facet normal 0 0 1
    outer loop
      vertex 14.923299789428711 -7 9
      vertex 19 -9 9
      vertex 19 -7 9
    endloop
  endfacet
  facet normal 0 0 1
    outer loop
      vertex 19 -9 9
      vertex 14.923299789428711 -7 9
      vertex 17.66666603088379 -11 9
    endloop
  endfacet
  facet normal 0 0 1
    outer loop
      vertex 14.923299789428711 -7 9
      vertex 13.5 -11 9
      vertex 17.66666603088379 -11 9
    endloop
  endfacet
  facet normal 0 0 1
    outer loop
      vertex 11.241480827331543 -4 9
      vertex 13.5 -11 9
      vertex 14.923299789428711 -7 9
    endloop
  endfacet
  facet normal 0 0 1
    outer loop
      vertex 13.5 -11 9
      vertex 11.241480827331543 -4 9
      vertex 0 0 9
    endloop
  endfacet
  facet normal 0 0 -1
    outer loop
      vertex 13.5 -11 0
      vertex 19 -9 0
      vertex 17.66666603088379 -11 0
    endloop
  endfacet
  facet normal 0 0 -1
    outer loop
      vertex 39 0 0
      vertex 38 3 0
      vertex 39 18 0
    endloop
  endfacet
  facet normal 0 0 -1
    outer loop
      vertex 27.5 -11 0
      vertex 39 0 0
      vertex 41 0 0
    endloop
  endfacet
  facet normal 0 0 -1
    outer loop
      vertex 21.79903793334961 -5.75 0
      vertex 39 0 0
      vertex 27.5 -11 0
    endloop
  endfacet
  facet normal 0 0 -1
    outer loop
      vertex 22 -9 0
      vertex 27.5 -11 0
      vertex 23.33333396911621 -11 0
    endloop
  endfacet
  facet normal 0 0 -1
    outer loop
      vertex 27.5 -11 0
      vertex 22 -9 0
      vertex 22 -6.5 0
    endloop
  endfacet
  facet normal 0 0 -1
    outer loop
      vertex 21.94888687133789 -6.1117706298828125 0
      vertex 27.5 -11 0
      vertex 22 -6.5 0
    endloop
  endfacet
  facet normal 0 0 -1
    outer loop
      vertex 21.79903793334961 -5.75 0
      vertex 27.5 -11 0
      vertex 21.94888687133789 -6.1117706298828125 0
    endloop
  endfacet
  facet normal 0 0 -1
    outer loop
      vertex 39 0 0
      vertex 21.79903793334961 -5.75 0
      vertex 38 3 0
    endloop
  endfacet
  facet normal 0 0 -1
    outer loop
      vertex 21.560659408569336 -5.439339637756348 0
      vertex 38 3 0
      vertex 21.79903793334961 -5.75 0
    endloop
  endfacet
  facet normal 0 0 -1
    outer loop
      vertex 21.25 -5.200961112976074 0
      vertex 38 3 0
      vertex 21.560659408569336 -5.439339637756348 0
    endloop
  endfacet
  facet normal 0 0 -1
    outer loop
      vertex 20.888229370117188 -5.051111221313477 0
      vertex 38 3 0
      vertex 21.25 -5.200961112976074 0
    endloop
  endfacet
  facet normal 0 0 -1
    outer loop
      vertex 20.5 -5 0
      vertex 38 3 0
      vertex 20.888229370117188 -5.051111221313477 0
    endloop
  endfacet
  facet normal 0 0 -1
    outer loop
      vertex 3 3 0
      vertex 20.5 -5 0
      vertex 20.111770629882812 -5.051111221313477 0
    endloop
  endfacet
  facet normal 0 0 -1
    outer loop
      vertex 3 3 0
      vertex 20.111770629882812 -5.051111221313477 0
      vertex 19.75 -5.200961112976074 0
    endloop
  endfacet
  facet normal 0 0 -1
    outer loop
      vertex 19 -9 0
      vertex 13.5 -11 0
      vertex 19 -6.5 0
    endloop
  endfacet
  facet normal 0 0 -1
    outer loop
      vertex 19 -6.5 0
      vertex 13.5 -11 0
      vertex 19.051111221313477 -6.1117706298828125 0
    endloop
  endfacet
  facet normal 0 0 -1
    outer loop
      vertex 13.5 -11 0
      vertex 19.20096206665039 -5.75 0
      vertex 19.051111221313477 -6.1117706298828125 0
    endloop
  endfacet
  facet normal 0 0 -1
    outer loop
      vertex 2 0 0
      vertex 19.20096206665039 -5.75 0
      vertex 13.5 -11 0
    endloop
  endfacet
  facet normal 0 0 -1
    outer loop
      vertex 20.5 -5 0
      vertex 3 3 0
      vertex 38 3 0
    endloop
  endfacet
  facet normal 0 0 -1
    outer loop
      vertex 19.43933868408203 -5.439339637756348 0
      vertex 3 3 0
      vertex 19.75 -5.200961112976074 0
    endloop
  endfacet
  facet normal 0 0 -1
    outer loop
      vertex 3 3 0
      vertex 19.20096206665039 -5.75 0
      vertex 2 0 0
    endloop
  endfacet
  facet normal 0 0 -1
    outer loop
      vertex 2 18 0
      vertex 3 3 0
      vertex 2 0 0
    endloop
  endfacet
  facet normal 0 0 -1
    outer loop
      vertex 19.20096206665039 -5.75 0
      vertex 3 3 0
      vertex 19.43933868408203 -5.439339637756348 0
    endloop
  endfacet
  facet normal 0 0 -1
    outer loop
      vertex 2 0 0
      vertex 13.5 -11 0
      vertex 0 0 0
    endloop
  endfacet
  facet normal 0 0 -1
    outer loop
      vertex 39 18 0
      vertex 38 3 0
      vertex 38 18 0
    endloop
  endfacet
  facet normal 0 0 -1
    outer loop
      vertex 3 3 0
      vertex 2 18 0
      vertex 3 18 0
    endloop
  endfacet
  facet normal -1 0 0
    outer loop
      vertex 22 -6.5 0
      vertex 22 -7 5
      vertex 22 -6.5 5
    endloop
  endfacet
  facet normal -1 0 0
    outer loop
      vertex 22 -9 0
      vertex 22 -7 5
      vertex 22 -6.5 0
    endloop
  endfacet
  facet normal -1 0 0
    outer loop
      vertex 22 -9 9
      vertex 22 -7 5
      vertex 22 -9 0
    endloop
  endfacet
  facet normal -1 0 0
    outer loop
      vertex 22 -7 5
      vertex 22 -9 9
      vertex 22 -7 9
    endloop
  endfacet
  facet normal -0.9914442789083515 -0.13053061640817712 0
    outer loop
      vertex 22 -6.5 0
      vertex 21.94888687133789 -6.1117706298828125 5
      vertex 21.94888687133789 -6.1117706298828125 0
    endloop
  endfacet
  facet normal -0.9914442789083515 -0.13053061640817712 0
    outer loop
      vertex 21.94888687133789 -6.1117706298828125 5
      vertex 22 -6.5 0
      vertex 22 -6.5 5
    endloop
  endfacet
  facet normal -0.9238807634942465 -0.3826804604958137 0
    outer loop
      vertex 21.94888687133789 -6.1117706298828125 0
      vertex 21.79903793334961 -5.75 5
      vertex 21.79903793334961 -5.75 0
    endloop
  endfacet
  facet normal -0.9238807634942465 -0.3826804604958137 0
    outer loop
      vertex 21.79903793334961 -5.75 5
      vertex 21.94888687133789 -6.1117706298828125 0
      vertex 21.94888687133789 -6.1117706298828125 5
    endloop
  endfacet
  facet normal -0.7933527917664625 -0.6087621438594553 0
    outer loop
      vertex 21.79903793334961 -5.75 0
      vertex 21.560659408569336 -5.439339637756348 5
      vertex 21.560659408569336 -5.439339637756348 0
    endloop
  endfacet
  facet normal -0.7933527917664625 -0.6087621438594553 0
    outer loop
      vertex 21.560659408569336 -5.439339637756348 5
      vertex 21.79903793334961 -5.75 0
      vertex 21.79903793334961 -5.75 5
    endloop
  endfacet
  facet normal -0.6087633200973881 -0.793351889204283 0
    outer loop
      vertex 21.25 -5.200961112976074 0
      vertex 21.560659408569336 -5.439339637756348 5
      vertex 21.25 -5.200961112976074 5
    endloop
  endfacet
  facet normal -0.6087633200973881 -0.793351889204283 0
    outer loop
      vertex 21.560659408569336 -5.439339637756348 5
      vertex 21.25 -5.200961112976074 0
      vertex 21.560659408569336 -5.439339637756348 0
    endloop
  endfacet
  facet normal -0.38268253930174495 -0.9238799024297305 0
    outer loop
      vertex 20.888229370117188 -5.051111221313477 0
      vertex 21.25 -5.200961112976074 5
      vertex 20.888229370117188 -5.051111221313477 5
    endloop
  endfacet
  facet normal -0.38268253930174495 -0.9238799024297305 0
    outer loop
      vertex 21.25 -5.200961112976074 5
      vertex 20.888229370117188 -5.051111221313477 0
      vertex 21.25 -5.200961112976074 0
    endloop
  endfacet
  facet normal -0.13052582848644545 -0.9914449092601803 0
    outer loop
      vertex 20.5 -5 0
      vertex 20.888229370117188 -5.051111221313477 5
      vertex 20.5 -5 5
    endloop
  endfacet
  facet normal -0.13052582848644545 -0.9914449092601803 0
    outer loop
      vertex 20.888229370117188 -5.051111221313477 5
      vertex 20.5 -5 0
      vertex 20.888229370117188 -5.051111221313477 0
    endloop
  endfacet
  facet normal 0.13052582848644545 -0.9914449092601803 0
    outer loop
      vertex 20.111770629882812 -5.051111221313477 0
      vertex 20.5 -5 5
      vertex 20.111770629882812 -5.051111221313477 5
    endloop
  endfacet
  facet normal 0.13052582848644545 -0.9914449092601803 0
    outer loop
      vertex 20.5 -5 5
      vertex 20.111770629882812 -5.051111221313477 0
      vertex 20.5 -5 0
    endloop
  endfacet
  facet normal 0.38268253930174495 -0.9238799024297305 0
    outer loop
      vertex 19.75 -5.200961112976074 0
      vertex 20.111770629882812 -5.051111221313477 5
      vertex 19.75 -5.200961112976074 5
    endloop
  endfacet
  facet normal 0.38268253930174495 -0.9238799024297305 0
    outer loop
      vertex 20.111770629882812 -5.051111221313477 5
      vertex 19.75 -5.200961112976074 0
      vertex 20.111770629882812 -5.051111221313477 0
    endloop
  endfacet
  facet normal 0.6087609676247296 -0.7933536943234101 0
    outer loop
      vertex 19.43933868408203 -5.439339637756348 0
      vertex 19.75 -5.200961112976074 5
      vertex 19.43933868408203 -5.439339637756348 5
    endloop
  endfacet
  facet normal 0.6087609676247296 -0.7933536943234101 0
    outer loop
      vertex 19.75 -5.200961112976074 5
      vertex 19.43933868408203 -5.439339637756348 0
      vertex 19.75 -5.200961112976074 0
    endloop
  endfacet
  facet normal 0.7933551442401728 -0.6087590780494815 0
    outer loop
      vertex 19.20096206665039 -5.75 5
      vertex 19.43933868408203 -5.439339637756348 0
      vertex 19.43933868408203 -5.439339637756348 5
    endloop
  endfacet
  facet normal 0.7933551442401728 -0.6087590780494815 0
    outer loop
      vertex 19.43933868408203 -5.439339637756348 0
      vertex 19.20096206665039 -5.75 5
      vertex 19.20096206665039 -5.75 0
    endloop
  endfacet
  facet normal 0.9238790413621422 -0.3826846181018637 0
    outer loop
      vertex 19.051111221313477 -6.1117706298828125 5
      vertex 19.20096206665039 -5.75 0
      vertex 19.20096206665039 -5.75 5
    endloop
  endfacet
  facet normal 0.9238790413621422 -0.3826846181018637 0
    outer loop
      vertex 19.20096206665039 -5.75 0
      vertex 19.051111221313477 -6.1117706298828125 5
      vertex 19.051111221313477 -6.1117706298828125 0
    endloop
  endfacet
  facet normal 0.9914449092601803 -0.13052582848644545 0
    outer loop
      vertex 19 -6.5 5
      vertex 19.051111221313477 -6.1117706298828125 0
      vertex 19.051111221313477 -6.1117706298828125 5
    endloop
  endfacet
  facet normal 0.9914449092601803 -0.13052582848644545 0
    outer loop
      vertex 19.051111221313477 -6.1117706298828125 0
      vertex 19 -6.5 5
      vertex 19 -6.5 0
    endloop
  endfacet
  facet normal 1 0 0
    outer loop
      vertex 19 -7 9
      vertex 19 -9 9
      vertex 19 -7 5
    endloop
  endfacet
  facet normal 1 0 0
    outer loop
      vertex 19 -7 5
      vertex 19 -6.5 0
      vertex 19 -6.5 5
    endloop
  endfacet
  facet normal 1 0 0
    outer loop
      vertex 19 -9 0
      vertex 19 -7 5
      vertex 19 -9 9
    endloop
  endfacet
  facet normal 1 0 0
    outer loop
      vertex 19 -7 5
      vertex 19 -9 0
      vertex 19 -6.5 0
    endloop
  endfacet
  facet normal 0.8320501722601498 -0.5547003793417262 0
    outer loop
      vertex 17.66666603088379 -11 9
      vertex 19 -9 0
      vertex 19 -9 9
    endloop
  endfacet
  facet normal 0.8320501722601498 -0.5547003793417262 0
    outer loop
      vertex 19 -9 0
      vertex 17.66666603088379 -11 9
      vertex 17.66666603088379 -11 0
    endloop
  endfacet
  facet normal -0.8320501722601498 -0.5547003793417262 0
    outer loop
      vertex 23.33333396911621 -11 0
      vertex 22 -9 9
      vertex 22 -9 0
    endloop
  endfacet
  facet normal -0.8320501722601498 -0.5547003793417262 0
    outer loop
      vertex 22 -9 9
      vertex 23.33333396911621 -11 0
      vertex 23.33333396911621 -11 9
    endloop
  endfacet
  facet normal 0.659340371986186 0 -0.7518445809268814
    outer loop
      vertex 40.21752166748047 0 0.41329383850097656
      vertex 40.414215087890625 18 0.5857868194580078
      vertex 40.414215087890625 0 0.5857868194580078
    endloop
  endfacet
  facet normal 0.659340371986186 0 -0.7518445809268814
    outer loop
      vertex 40.414215087890625 18 0.5857868194580078
      vertex 40.21752166748047 0 0.41329383850097656
      vertex 40.21752166748047 18 0.41329383850097656
    endloop
  endfacet
  facet normal -0.6593457932372825 0 -0.7518398266521259
    outer loop
      vertex 0.5857858657836914 0 0.5857868194580078
      vertex 0.7824764251708984 18 0.41329383850097656
      vertex 0.7824764251708984 0 0.41329383850097656
    endloop
  endfacet
  facet normal -0.6593457932372825 0 -0.7518398266521259
    outer loop
      vertex 0.7824764251708984 18 0.41329383850097656
      vertex 0.5857858657836914 0 0.5857868194580078
      vertex 0.5857858657836914 18 0.5857868194580078
    endloop
  endfacet
  facet normal 0.9469319676599183 0 -0.32143405019337223
    outer loop
      vertex 40.93185043334961 0 1.4823627471923828
      vertex 40.84775924682617 18 1.234633445739746
      vertex 40.93185043334961 18 1.4823627471923828
    endloop
  endfacet
  facet normal 0.9469319676599183 0 -0.32143405019337223
    outer loop
      vertex 40.84775924682617 18 1.234633445739746
      vertex 40.93185043334961 0 1.4823627471923828
      vertex 40.84775924682617 0 1.234633445739746
    endloop
  endfacet
  facet normal -0.8314699446192111 0 -0.5555697356722431
    outer loop
      vertex 0.41329288482666016 0 0.7824773788452148
      vertex 0.26794910430908203 18 1
      vertex 0.41329288482666016 18 0.7824773788452148
    endloop
  endfacet
  facet normal -0.8314699446192111 0 -0.5555697356722431
    outer loop
      vertex 0.26794910430908203 18 1
      vertex 0.41329288482666016 0 0.7824773788452148
      vertex 0.26794910430908203 0 1
    endloop
  endfacet
  facet normal 0 0 1
    outer loop
      vertex 22.48288917541504 10.238946914672852 82
      vertex 39 18 82
      vertex 22.5 10.5 82
    endloop
  endfacet
  facet normal 0 0 1
    outer loop
      vertex 39 18 82
      vertex 22.48288917541504 10.761052131652832 82
      vertex 22.5 10.5 82
    endloop
  endfacet
  facet normal 0 0 1
    outer loop
      vertex 39 18 82
      vertex 22.43185043334961 11.017637252807617 82
      vertex 22.48288917541504 10.761052131652832 82
    endloop
  endfacet
  facet normal 0 0 1
    outer loop
      vertex 39 18 82
      vertex 22.347759246826172 11.265366554260254 82
      vertex 22.43185043334961 11.017637252807617 82
    endloop
  endfacet
  facet normal 0 0 1
    outer loop
      vertex 39 18 82
      vertex 22.2320499420166 11.5 82
      vertex 22.347759246826172 11.265366554260254 82
    endloop
  endfacet
  facet normal 0 0 1
    outer loop
      vertex 39 18 82
      vertex 22.086706161499023 11.717522621154785 82
      vertex 22.2320499420166 11.5 82
    endloop
  endfacet
  facet normal 0 0 1
    outer loop
      vertex 39 18 82
      vertex 21.914213180541992 11.914213180541992 82
      vertex 22.086706161499023 11.717522621154785 82
    endloop
  endfacet
  facet normal 0 0 1
    outer loop
      vertex 39 18 82
      vertex 21.71752166748047 12.086706161499023 82
      vertex 21.914213180541992 11.914213180541992 82
    endloop
  endfacet
  facet normal 0 0 1
    outer loop
      vertex 39 18 82
      vertex 21.5 12.232049942016602 82
      vertex 21.71752166748047 12.086706161499023 82
    endloop
  endfacet
  facet normal 0 0 1
    outer loop
      vertex 39 18 82
      vertex 21.265365600585938 12.347758293151855 82
      vertex 21.5 12.232049942016602 82
    endloop
  endfacet
  facet normal 0 0 1
    outer loop
      vertex 39 18 82
      vertex 21.017637252807617 12.431851387023926 82
      vertex 21.265365600585938 12.347758293151855 82
    endloop
  endfacet
  facet normal 0 0 1
    outer loop
      vertex 39 18 82
      vertex 20.761051177978516 12.482889175415039 82
      vertex 21.017637252807617 12.431851387023926 82
    endloop
  endfacet
  facet normal 0 0 1
    outer loop
      vertex 39 18 82
      vertex 20.5 12.5 82
      vertex 20.761051177978516 12.482889175415039 82
    endloop
  endfacet
  facet normal 0 0 1
    outer loop
      vertex 2 18 82
      vertex 20.5 12.5 82
      vertex 39 18 82
    endloop
  endfacet
  facet normal 0 0 1
    outer loop
      vertex 20.5 12.5 82
      vertex 2 18 82
      vertex 20.23894691467285 12.482889175415039 82
    endloop
  endfacet
  facet normal 0 0 1
    outer loop
      vertex 18.517108917236328 10.761052131652832 82
      vertex 2 18 82
      vertex 18.5 10.5 82
    endloop
  endfacet
  facet normal 0 0 1
    outer loop
      vertex 18.568147659301758 11.017637252807617 82
      vertex 2 18 82
      vertex 18.517108917236328 10.761052131652832 82
    endloop
  endfacet
  facet normal 0 0 1
    outer loop
      vertex 18.652240753173828 11.265366554260254 82
      vertex 2 18 82
      vertex 18.568147659301758 11.017637252807617 82
    endloop
  endfacet
  facet normal 0 0 1
    outer loop
      vertex 18.767948150634766 11.5 82
      vertex 2 18 82
      vertex 18.652240753173828 11.265366554260254 82
    endloop
  endfacet
  facet normal 0 0 1
    outer loop
      vertex 18.913291931152344 11.717522621154785 82
      vertex 2 18 82
      vertex 18.767948150634766 11.5 82
    endloop
  endfacet
  facet normal 0 0 1
    outer loop
      vertex 19.085784912109375 11.914213180541992 82
      vertex 2 18 82
      vertex 18.913291931152344 11.717522621154785 82
    endloop
  endfacet
  facet normal 0 0 1
    outer loop
      vertex 19.2824764251709 12.086706161499023 82
      vertex 2 18 82
      vertex 19.085784912109375 11.914213180541992 82
    endloop
  endfacet
  facet normal 0 0 1
    outer loop
      vertex 19.5 12.232049942016602 82
      vertex 2 18 82
      vertex 19.2824764251709 12.086706161499023 82
    endloop
  endfacet
  facet normal 0 0 1
    outer loop
      vertex 19.73463249206543 12.347758293151855 82
      vertex 2 18 82
      vertex 19.5 12.232049942016602 82
    endloop
  endfacet
  facet normal 0 0 1
    outer loop
      vertex 19.98236083984375 12.431851387023926 82
      vertex 2 18 82
      vertex 19.73463249206543 12.347758293151855 82
    endloop
  endfacet
  facet normal 0 0 1
    outer loop
      vertex 20.23894691467285 12.482889175415039 82
      vertex 2 18 82
      vertex 19.98236083984375 12.431851387023926 82
    endloop
  endfacet
  facet normal 0 0 1
    outer loop
      vertex 39 18 82
      vertex 22.48288917541504 10.238946914672852 82
      vertex 39 0 82
    endloop
  endfacet
  facet normal 0 0 1
    outer loop
      vertex 22.43185043334961 9.982361793518066 82
      vertex 39 0 82
      vertex 22.48288917541504 10.238946914672852 82
    endloop
  endfacet
  facet normal 0 0 1
    outer loop
      vertex 22.347759246826172 9.73463249206543 82
      vertex 39 0 82
      vertex 22.43185043334961 9.982361793518066 82
    endloop
  endfacet
  facet normal 0 0 1
    outer loop
      vertex 22.2320499420166 9.5 82
      vertex 39 0 82
      vertex 22.347759246826172 9.73463249206543 82
    endloop
  endfacet
  facet normal 0 0 1
    outer loop
      vertex 22.086706161499023 9.282476425170898 82
      vertex 39 0 82
      vertex 22.2320499420166 9.5 82
    endloop
  endfacet
  facet normal 0 0 1
    outer loop
      vertex 21.914213180541992 9.085785865783691 82
      vertex 39 0 82
      vertex 22.086706161499023 9.282476425170898 82
    endloop
  endfacet
  facet normal 0 0 1
    outer loop
      vertex 21.71752166748047 8.91329288482666 82
      vertex 39 0 82
      vertex 21.914213180541992 9.085785865783691 82
    endloop
  endfacet
  facet normal 0 0 1
    outer loop
      vertex 21.5 8.767949104309082 82
      vertex 39 0 82
      vertex 21.71752166748047 8.91329288482666 82
    endloop
  endfacet
  facet normal 0 0 1
    outer loop
      vertex 21.265365600585938 8.652240753173828 82
      vertex 39 0 82
      vertex 21.5 8.767949104309082 82
    endloop
  endfacet
  facet normal 0 0 1
    outer loop
      vertex 21.017637252807617 8.568147659301758 82
      vertex 39 0 82
      vertex 21.265365600585938 8.652240753173828 82
    endloop
  endfacet
  facet normal 0 0 1
    outer loop
      vertex 20.761051177978516 8.517109870910645 82
      vertex 39 0 82
      vertex 21.017637252807617 8.568147659301758 82
    endloop
  endfacet
  facet normal 0 0 1
    outer loop
      vertex 20.5 8.5 82
      vertex 39 0 82
      vertex 20.761051177978516 8.517109870910645 82
    endloop
  endfacet
  facet normal 0 0 1
    outer loop
      vertex 2 0 82
      vertex 20.5 8.5 82
      vertex 20.23894691467285 8.517109870910645 82
    endloop
  endfacet
  facet normal 0 0 1
    outer loop
      vertex 2 0 82
      vertex 20.23894691467285 8.517109870910645 82
      vertex 19.98236083984375 8.568147659301758 82
    endloop
  endfacet
  facet normal 0 0 1
    outer loop
      vertex 2 0 82
      vertex 19.98236083984375 8.568147659301758 82
      vertex 19.73463249206543 8.652240753173828 82
    endloop
  endfacet
  facet normal 0 0 1
    outer loop
      vertex 2 18 82
      vertex 18.517108917236328 10.238946914672852 82
      vertex 18.5 10.5 82
    endloop
  endfacet
  facet normal 0 0 1
    outer loop
      vertex 2 0 82
      vertex 18.517108917236328 10.238946914672852 82
      vertex 2 18 82
    endloop
  endfacet
  facet normal 0 0 1
    outer loop
      vertex 18.517108917236328 10.238946914672852 82
      vertex 2 0 82
      vertex 18.568147659301758 9.982361793518066 82
    endloop
  endfacet
  facet normal 0 0 1
    outer loop
      vertex 18.568147659301758 9.982361793518066 82
      vertex 2 0 82
      vertex 18.652240753173828 9.73463249206543 82
    endloop
  endfacet
  facet normal 0 0 1
    outer loop
      vertex 18.652240753173828 9.73463249206543 82
      vertex 2 0 82
      vertex 18.767948150634766 9.5 82
    endloop
  endfacet
  facet normal 0 0 1
    outer loop
      vertex 18.767948150634766 9.5 82
      vertex 2 0 82
      vertex 18.913291931152344 9.282476425170898 82
    endloop
  endfacet
  facet normal 0 0 1
    outer loop
      vertex 18.913291931152344 9.282476425170898 82
      vertex 2 0 82
      vertex 19.085784912109375 9.085785865783691 82
    endloop
  endfacet
  facet normal 0 0 1
    outer loop
      vertex 19.085784912109375 9.085785865783691 82
      vertex 2 0 82
      vertex 19.2824764251709 8.91329288482666 82
    endloop
  endfacet
  facet normal 0 0 1
    outer loop
      vertex 20.5 8.5 82
      vertex 2 0 82
      vertex 39 0 82
    endloop
  endfacet
  facet normal 0 0 1
    outer loop
      vertex 19.5 8.767949104309082 82
      vertex 2 0 82
      vertex 19.73463249206543 8.652240753173828 82
    endloop
  endfacet
  facet normal 0 0 1
    outer loop
      vertex 19.2824764251709 8.91329288482666 82
      vertex 2 0 82
      vertex 19.5 8.767949104309082 82
    endloop
  endfacet
  facet normal -1 0 0
    outer loop
      vertex 0 0 9
      vertex 0 18 2
      vertex 0 0 2
    endloop
  endfacet
  facet normal -1 0 0
    outer loop
      vertex 0 18 2
      vertex 0 0 9
      vertex 0 18 21.459999084472656
    endloop
  endfacet
  facet normal -1 0 0
    outer loop
      vertex 0 18 21.459999084472656
      vertex 0 0 9
      vertex 0 0 21.459999084472656
    endloop
  endfacet
  facet normal -1 0 0
    outer loop
      vertex 0 0 58.900001525878906
      vertex 0 18 80
      vertex 0 18 58.900001525878906
    endloop
  endfacet
  facet normal -1 0 0
    outer loop
      vertex 0 18 80
      vertex 0 0 58.900001525878906
      vertex 0 0 80
    endloop
  endfacet
  facet normal -1 0 0
    outer loop
      vertex 0 0 24.459999084472656
      vertex 0 18 55.900001525878906
      vertex 0 18 24.459999084472656
    endloop
  endfacet
  facet normal -1 0 0
    outer loop
      vertex 0 18 55.900001525878906
      vertex 0 0 24.459999084472656
      vertex 0 0 55.900001525878906
    endloop
  endfacet
  facet normal 0.831476680384081 0 -0.5555596547423766
    outer loop
      vertex 40.73204803466797 0 1
      vertex 40.586708068847656 18 0.7824773788452148
      vertex 40.73204803466797 18 1
    endloop
  endfacet
  facet normal 0.831476680384081 0 -0.5555596547423766
    outer loop
      vertex 40.586708068847656 18 0.7824773788452148
      vertex 40.73204803466797 0 1
      vertex 40.586708068847656 0 0.7824773788452148
    endloop
  endfacet
  facet normal -0.1950721802359965 0 0.9807888888532409
    outer loop
      vertex 1.4823617935180664 18 81.93185424804688
      vertex 1.7389469146728516 0 81.9828872680664
      vertex 1.7389469146728516 18 81.9828872680664
    endloop
  endfacet
  facet normal -0.1950721802359965 0 0.9807888888532409
    outer loop
      vertex 1.7389469146728516 0 81.9828872680664
      vertex 1.4823617935180664 18 81.93185424804688
      vertex 1.4823617935180664 0 81.93185424804688
    endloop
  endfacet
  facet normal -0.8314688194409101 0 0.5555714196190613
    outer loop
      vertex 0.26794910430908203 0 81
      vertex 0.41329288482666016 18 81.21752166748047
      vertex 0.26794910430908203 18 81
    endloop
  endfacet
  facet normal -0.8314688194409101 0 0.5555714196190613
    outer loop
      vertex 0.41329288482666016 18 81.21752166748047
      vertex 0.26794910430908203 0 81
      vertex 0.41329288482666016 0 81.21752166748047
    endloop
  endfacet
  facet normal 0.8968692066474736 0 0.44229585818491607
    outer loop
      vertex 40.73204803466797 0 81
      vertex 40.84775924682617 18 80.76536560058594
      vertex 40.73204803466797 18 81
    endloop
  endfacet
  facet normal 0.8968692066474736 0 0.44229585818491607
    outer loop
      vertex 40.84775924682617 18 80.76536560058594
      vertex 40.73204803466797 0 81
      vertex 40.84775924682617 0 80.76536560058594
    endloop
  endfacet
  facet normal -0.06541229710371879 0 0.9978583223021267
    outer loop
      vertex 1.7389469146728516 18 81.9828872680664
      vertex 2 0 82
      vertex 2 18 82
    endloop
  endfacet
  facet normal -0.06541229710371879 0 0.9978583223021267
    outer loop
      vertex 2 0 82
      vertex 1.7389469146728516 18 81.9828872680664
      vertex 1.7389469146728516 0 81.9828872680664
    endloop
  endfacet
  facet normal -0.9469286185378721 0 0.32144391640526826
    outer loop
      vertex 0.06814765930175781 0 80.51763916015625
      vertex 0.15224075317382812 18 80.76536560058594
      vertex 0.06814765930175781 18 80.51763916015625
    endloop
  endfacet
  facet normal -0.9469286185378721 0 0.32144391640526826
    outer loop
      vertex 0.15224075317382812 18 80.76536560058594
      vertex 0.06814765930175781 0 80.51763916015625
      vertex 0.15224075317382812 0 80.76536560058594
    endloop
  endfacet
  facet normal -0.980785262699421 0 0.19509041101916727
    outer loop
      vertex 0.01710987091064453 0 80.26105499267578
      vertex 0.06814765930175781 18 80.51763916015625
      vertex 0.01710987091064453 18 80.26105499267578
    endloop
  endfacet
  facet normal -0.980785262699421 0 0.19509041101916727
    outer loop
      vertex 0.06814765930175781 18 80.51763916015625
      vertex 0.01710987091064453 0 80.26105499267578
      vertex 0.06814765930175781 0 80.51763916015625
    endloop
  endfacet
  facet normal 0.06541277298823332 0 0.9978582911065027
    outer loop
      vertex 39 18 82
      vertex 39.261051177978516 0 81.9828872680664
      vertex 39.261051177978516 18 81.9828872680664
    endloop
  endfacet
  facet normal 0.06541277298823332 0 0.9978582911065027
    outer loop
      vertex 39.261051177978516 0 81.9828872680664
      vertex 39 18 82
      vertex 39 0 82
    endloop
  endfacet
  facet normal 1 0 0
    outer loop
      vertex 41 0 9
      vertex 41 18 21.459999084472656
      vertex 41 0 21.459999084472656
    endloop
  endfacet
  facet normal 1 0 0
    outer loop
      vertex 41 18 21.459999084472656
      vertex 41 0 9
      vertex 41 18 2
    endloop
  endfacet
  facet normal 1 0 0
    outer loop
      vertex 41 18 2
      vertex 41 0 9
      vertex 41 0 2
    endloop
  endfacet
  facet normal 1 0 0
    outer loop
      vertex 41 0 80
      vertex 41 18 58.900001525878906
      vertex 41 18 80
    endloop
  endfacet
  facet normal 1 0 0
    outer loop
      vertex 41 18 58.900001525878906
      vertex 41 0 80
      vertex 41 0 58.900001525878906
    endloop
  endfacet
  facet normal 1 0 0
    outer loop
      vertex 41 0 55.900001525878906
      vertex 41 18 24.459999084472656
      vertex 41 18 55.900001525878906
    endloop
  endfacet
  facet normal 1 0 0
    outer loop
      vertex 41 18 24.459999084472656
      vertex 41 0 55.900001525878906
      vertex 41 0 24.459999084472656
    endloop
  endfacet
  facet normal 0.9807859602093987 0 0.19508690436861148
    outer loop
      vertex 40.93185043334961 0 80.51763916015625
      vertex 40.982887268066406 18 80.26105499267578
      vertex 40.93185043334961 18 80.51763916015625
    endloop
  endfacet
  facet normal 0.9807859602093987 0 0.19508690436861148
    outer loop
      vertex 40.982887268066406 18 80.26105499267578
      vertex 40.93185043334961 0 80.51763916015625
      vertex 40.982887268066406 0 80.26105499267578
    endloop
  endfacet
  facet normal 0.5555714196190613 0 -0.8314688194409101
    outer loop
      vertex 40 0 0.26795005798339844
      vertex 40.21752166748047 18 0.41329383850097656
      vertex 40.21752166748047 0 0.41329383850097656
    endloop
  endfacet
  facet normal 0.5555714196190613 0 -0.8314688194409101
    outer loop
      vertex 40.21752166748047 18 0.41329383850097656
      vertex 40 0 0.26795005798339844
      vertex 40 18 0.26795005798339844
    endloop
  endfacet
  facet normal -0.9978590672493916 0 0.06540093201303933
    outer loop
      vertex 0 0 80
      vertex 0.01710987091064453 18 80.26105499267578
      vertex 0 18 80
    endloop
  endfacet
  facet normal -0.9978590672493916 0 0.06540093201303933
    outer loop
      vertex 0.01710987091064453 18 80.26105499267578
      vertex 0 0 80
      vertex 0.01710987091064453 0 80.26105499267578
    endloop
  endfacet
  facet normal -0.06540503757857268 0 -0.9978587981570066
    outer loop
      vertex 1.7389469146728516 0 0.017110824584960938
      vertex 2 18 0
      vertex 2 0 0
    endloop
  endfacet
  facet normal -0.06540503757857268 0 -0.9978587981570066
    outer loop
      vertex 2 18 0
      vertex 1.7389469146728516 0 0.017110824584960938
      vertex 1.7389469146728516 18 0.017110824584960938
    endloop
  endfacet
  facet normal 0.32144391640526826 0 -0.9469286185378721
    outer loop
      vertex 39.51763916015625 0 0.06814861297607422
      vertex 39.76536560058594 18 0.15224170684814453
      vertex 39.76536560058594 0 0.15224170684814453
    endloop
  endfacet
  facet normal 0.32144391640526826 0 -0.9469286185378721
    outer loop
      vertex 39.76536560058594 18 0.15224170684814453
      vertex 39.51763916015625 0 0.06814861297607422
      vertex 39.51763916015625 18 0.06814861297607422
    endloop
  endfacet
  facet normal 0.9807860989483407 0 -0.19508620686685102
    outer loop
      vertex 40.982887268066406 0 1.738947868347168
      vertex 40.93185043334961 18 1.4823627471923828
      vertex 40.982887268066406 18 1.738947868347168
    endloop
  endfacet
  facet normal 0.9807860989483407 0 -0.19508620686685102
    outer loop
      vertex 40.93185043334961 18 1.4823627471923828
      vertex 40.982887268066406 0 1.738947868347168
      vertex 40.93185043334961 0 1.4823627471923828
    endloop
  endfacet
  facet normal 0.7518445809268814 0 0.659340371986186
    outer loop
      vertex 40.414215087890625 0 81.41421508789062
      vertex 40.586708068847656 18 81.21752166748047
      vertex 40.414215087890625 18 81.41421508789062
    endloop
  endfacet
  facet normal 0.7518445809268814 0 0.659340371986186
    outer loop
      vertex 40.586708068847656 18 81.21752166748047
      vertex 40.414215087890625 0 81.41421508789062
      vertex 40.586708068847656 0 81.21752166748047
    endloop
  endfacet
  facet normal 0.19507008789859345 0 0.9807893050024735
    outer loop
      vertex 39.261051177978516 18 81.9828872680664
      vertex 39.51763916015625 0 81.93185424804688
      vertex 39.51763916015625 18 81.93185424804688
    endloop
  endfacet
  facet normal 0.19507008789859345 0 0.9807893050024735
    outer loop
      vertex 39.51763916015625 0 81.93185424804688
      vertex 39.261051177978516 18 81.9828872680664
      vertex 39.261051177978516 0 81.9828872680664
    endloop
  endfacet
  facet normal -0.32143405019337223 0 0.9469319676599183
    outer loop
      vertex 1.2346324920654297 18 81.84776306152344
      vertex 1.4823617935180664 0 81.93185424804688
      vertex 1.4823617935180664 18 81.93185424804688
    endloop
  endfacet
  facet normal -0.32143405019337223 0 0.9469319676599183
    outer loop
      vertex 1.4823617935180664 0 81.93185424804688
      vertex 1.2346324920654297 18 81.84776306152344
      vertex 1.2346324920654297 0 81.84776306152344
    endloop
  endfacet
  facet normal -0.5555680517333541 0 -0.8314710697872808
    outer loop
      vertex 0.7824764251708984 0 0.41329383850097656
      vertex 1 18 0.26795005798339844
      vertex 1 0 0.26795005798339844
    endloop
  endfacet
  facet normal -0.5555680517333541 0 -0.8314710697872808
    outer loop
      vertex 1 18 0.26795005798339844
      vertex 0.7824764251708984 0 0.41329383850097656
      vertex 0.7824764251708984 18 0.41329383850097656
    endloop
  endfacet
  facet normal 0.5555613386859226 0 0.831475555237498
    outer loop
      vertex 40 18 81.73204803466797
      vertex 40.21752166748047 0 81.58670806884766
      vertex 40.21752166748047 18 81.58670806884766
    endloop
  endfacet
  facet normal 0.5555613386859226 0 0.831475555237498
    outer loop
      vertex 40.21752166748047 0 81.58670806884766
      vertex 40 18 81.73204803466797
      vertex 40 0 81.73204803466797
    endloop
  endfacet
  facet normal 0.8968684935229184 0 -0.44229730422638913
    outer loop
      vertex 40.84775924682617 0 1.234633445739746
      vertex 40.73204803466797 18 1
      vertex 40.84775924682617 18 1.234633445739746
    endloop
  endfacet
  facet normal 0.8968684935229184 0 -0.44229730422638913
    outer loop
      vertex 40.73204803466797 18 1
      vertex 40.84775924682617 0 1.234633445739746
      vertex 40.73204803466797 0 1
    endloop
  endfacet
  facet normal -0.7518445809268814 0 0.659340371986186
    outer loop
      vertex 0.41329288482666016 0 81.21752166748047
      vertex 0.5857858657836914 18 81.41421508789062
      vertex 0.41329288482666016 18 81.21752166748047
    endloop
  endfacet
  facet normal -0.7518445809268814 0 0.659340371986186
    outer loop
      vertex 0.5857858657836914 18 81.41421508789062
      vertex 0.41329288482666016 0 81.21752166748047
      vertex 0.5857858657836914 0 81.41421508789062
    endloop
  endfacet
  facet normal 0.9978583067043999 0 -0.0654125350451124
    outer loop
      vertex 41 0 2
      vertex 40.982887268066406 18 1.738947868347168
      vertex 41 18 2
    endloop
  endfacet
  facet normal 0.9978583067043999 0 -0.0654125350451124
    outer loop
      vertex 40.982887268066406 18 1.738947868347168
      vertex 41 0 2
      vertex 40.982887268066406 0 1.738947868347168
    endloop
  endfacet
  facet normal -0.44231047906023124 0 0.8968619961362555
    outer loop
      vertex 1 18 81.73204803466797
      vertex 1.2346324920654297 0 81.84776306152344
      vertex 1.2346324920654297 18 81.84776306152344
    endloop
  endfacet
  facet normal -0.44231047906023124 0 0.8968619961362555
    outer loop
      vertex 1.2346324920654297 0 81.84776306152344
      vertex 1 18 81.73204803466797
      vertex 1 0 81.73204803466797
    endloop
  endfacet
  facet normal -0.6593457932372825 0 0.7518398266521259
    outer loop
      vertex 0.5857858657836914 18 81.41421508789062
      vertex 0.7824764251708984 0 81.58670806884766
      vertex 0.7824764251708984 18 81.58670806884766
    endloop
  endfacet
  facet normal -0.6593457932372825 0 0.7518398266521259
    outer loop
      vertex 0.7824764251708984 0 81.58670806884766
      vertex 0.5857858657836914 18 81.41421508789062
      vertex 0.5857858657836914 0 81.41421508789062
    endloop
  endfacet
  facet normal -0.7518398266521259 0 -0.6593457932372825
    outer loop
      vertex 0.5857858657836914 0 0.5857868194580078
      vertex 0.41329288482666016 18 0.7824773788452148
      vertex 0.5857858657836914 18 0.5857868194580078
    endloop
  endfacet
  facet normal -0.7518398266521259 0 -0.6593457932372825
    outer loop
      vertex 0.41329288482666016 18 0.7824773788452148
      vertex 0.5857858657836914 0 0.5857868194580078
      vertex 0.41329288482666016 0 0.7824773788452148
    endloop
  endfacet
  facet normal 0.9978583534970697 0 0.06541182122611355
    outer loop
      vertex 40.982887268066406 0 80.26105499267578
      vertex 41 18 80
      vertex 40.982887268066406 18 80.26105499267578
    endloop
  endfacet
  facet normal 0.9978583534970697 0 0.06541182122611355
    outer loop
      vertex 41 18 80
      vertex 40.982887268066406 0 80.26105499267578
      vertex 41 0 80
    endloop
  endfacet
  facet normal 0.659340371986186 0 0.7518445809268814
    outer loop
      vertex 40.21752166748047 18 81.58670806884766
      vertex 40.414215087890625 0 81.41421508789062
      vertex 40.414215087890625 18 81.41421508789062
    endloop
  endfacet
  facet normal 0.659340371986186 0 0.7518445809268814
    outer loop
      vertex 40.414215087890625 0 81.41421508789062
      vertex 40.21752166748047 18 81.58670806884766
      vertex 40.21752166748047 0 81.58670806884766
    endloop
  endfacet
  facet normal -0.19508971350586146 0 -0.980785401443252
    outer loop
      vertex 1.4823617935180664 0 0.06814861297607422
      vertex 1.7389469146728516 18 0.017110824584960938
      vertex 1.7389469146728516 0 0.017110824584960938
    endloop
  endfacet
  facet normal -0.19508971350586146 0 -0.980785401443252
    outer loop
      vertex 1.7389469146728516 18 0.017110824584960938
      vertex 1.4823617935180664 0 0.06814861297607422
      vertex 1.4823617935180664 18 0.06814861297607422
    endloop
  endfacet
  facet normal 0 1 0
    outer loop
      vertex 41 18 21.459999084472656
      vertex 41 18 2
      vertex 40 18 21.459999084472656
    endloop
  endfacet
  facet normal 0 1 0
    outer loop
      vertex 41 18 55.900001525878906
      vertex 41 18 24.459999084472656
      vertex 40 18 55.900001525878906
    endloop
  endfacet
  facet normal 0 1 0
    outer loop
      vertex 3 18 79
      vertex 1 18 55.900001525878906
      vertex 1 18 58.900001525878906
    endloop
  endfacet
  facet normal 0 1 0
    outer loop
      vertex 1 18 55.900001525878906
      vertex 1 18 24.459999084472656
      vertex 0 18 55.900001525878906
    endloop
  endfacet
  facet normal 0 1 0
    outer loop
      vertex 3 18 79
      vertex 1 18 24.459999084472656
      vertex 1 18 55.900001525878906
    endloop
  endfacet
  facet normal 0 1 0
    outer loop
      vertex 3 18 0
      vertex 1 18 24.459999084472656
      vertex 3 18 79
    endloop
  endfacet
  facet normal 0 1 0
    outer loop
      vertex 1 18 21.459999084472656
      vertex 0 18 2
      vertex 0 18 21.459999084472656
    endloop
  endfacet
  facet normal 0 1 0
    outer loop
      vertex 3 18 0
      vertex 0 18 2
      vertex 1 18 21.459999084472656
    endloop
  endfacet
  facet normal 0 1 0
    outer loop
      vertex 2 18 0
      vertex 0 18 2
      vertex 3 18 0
    endloop
  endfacet
  facet normal 0 1 0
    outer loop
      vertex 0 18 2
      vertex 2 18 0
      vertex 0.01710987091064453 18 1.738947868347168
    endloop
  endfacet
  facet normal 0 1 0
    outer loop
      vertex 0.01710987091064453 18 1.738947868347168
      vertex 2 18 0
      vertex 0.06814765930175781 18 1.4823627471923828
    endloop
  endfacet
  facet normal 0 1 0
    outer loop
      vertex 0.06814765930175781 18 1.4823627471923828
      vertex 2 18 0
      vertex 0.15224075317382812 18 1.234633445739746
    endloop
  endfacet
  facet normal 0 1 0
    outer loop
      vertex 1 18 24.459999084472656
      vertex 3 18 0
      vertex 1 18 21.459999084472656
    endloop
  endfacet
  facet normal 0 1 0
    outer loop
      vertex 0.15224075317382812 18 1.234633445739746
      vertex 2 18 0
      vertex 0.26794910430908203 18 1
    endloop
  endfacet
  facet normal 0 1 0
    outer loop
      vertex 0.26794910430908203 18 1
      vertex 2 18 0
      vertex 0.41329288482666016 18 0.7824773788452148
    endloop
  endfacet
  facet normal 0 1 0
    outer loop
      vertex 0.41329288482666016 18 0.7824773788452148
      vertex 2 18 0
      vertex 0.5857858657836914 18 0.5857868194580078
    endloop
  endfacet
  facet normal 0 1 0
    outer loop
      vertex 0.5857858657836914 18 0.5857868194580078
      vertex 2 18 0
      vertex 0.7824764251708984 18 0.41329383850097656
    endloop
  endfacet
  facet normal 0 1 0
    outer loop
      vertex 0.7824764251708984 18 0.41329383850097656
      vertex 2 18 0
      vertex 1 18 0.26795005798339844
    endloop
  endfacet
  facet normal 0 1 0
    outer loop
      vertex 1 18 0.26795005798339844
      vertex 2 18 0
      vertex 1.2346324920654297 18 0.15224170684814453
    endloop
  endfacet
  facet normal 0 1 0
    outer loop
      vertex 1.2346324920654297 18 0.15224170684814453
      vertex 2 18 0
      vertex 1.4823617935180664 18 0.06814861297607422
    endloop
  endfacet
  facet normal 0 1 0
    outer loop
      vertex 1.4823617935180664 18 0.06814861297607422
      vertex 2 18 0
      vertex 1.7389469146728516 18 0.017110824584960938
    endloop
  endfacet
  facet normal 0 1 0
    outer loop
      vertex 38 18 79
      vertex 39 18 82
      vertex 39.261051177978516 18 81.9828872680664
    endloop
  endfacet
  facet normal 0 1 0
    outer loop
      vertex 39 18 82
      vertex 38 18 79
      vertex 2 18 82
    endloop
  endfacet
  facet normal 0 1 0
    outer loop
      vertex 38 18 79
      vertex 39.261051177978516 18 81.9828872680664
      vertex 39.51763916015625 18 81.93185424804688
    endloop
  endfacet
  facet normal 0 1 0
    outer loop
      vertex 3 18 79
      vertex 2 18 82
      vertex 38 18 79
    endloop
  endfacet
  facet normal 0 1 0
    outer loop
      vertex 38 18 79
      vertex 39.51763916015625 18 81.93185424804688
      vertex 39.76536560058594 18 81.84776306152344
    endloop
  endfacet
  facet normal 0 1 0
    outer loop
      vertex 2 18 82
      vertex 3 18 79
      vertex 1.7389469146728516 18 81.9828872680664
    endloop
  endfacet
  facet normal 0 1 0
    outer loop
      vertex 38 18 79
      vertex 39.76536560058594 18 81.84776306152344
      vertex 40 18 81.73204803466797
    endloop
  endfacet
  facet normal 0 1 0
    outer loop
      vertex 1.7389469146728516 18 81.9828872680664
      vertex 3 18 79
      vertex 1.4823617935180664 18 81.93185424804688
    endloop
  endfacet
  facet normal 0 1 0
    outer loop
      vertex 38 18 79
      vertex 40 18 81.73204803466797
      vertex 40.21752166748047 18 81.58670806884766
    endloop
  endfacet
  facet normal 0 1 0
    outer loop
      vertex 1.4823617935180664 18 81.93185424804688
      vertex 3 18 79
      vertex 1.2346324920654297 18 81.84776306152344
    endloop
  endfacet
  facet normal 0 1 0
    outer loop
      vertex 38 18 79
      vertex 40.21752166748047 18 81.58670806884766
      vertex 40.414215087890625 18 81.41421508789062
    endloop
  endfacet
  facet normal 0 1 0
    outer loop
      vertex 1.2346324920654297 18 81.84776306152344
      vertex 3 18 79
      vertex 1 18 81.73204803466797
    endloop
  endfacet
  facet normal 0 1 0
    outer loop
      vertex 38 18 79
      vertex 40.414215087890625 18 81.41421508789062
      vertex 40.586708068847656 18 81.21752166748047
    endloop
  endfacet
  facet normal 0 1 0
    outer loop
      vertex 1 18 81.73204803466797
      vertex 3 18 79
      vertex 0.7824764251708984 18 81.58670806884766
    endloop
  endfacet
  facet normal 0 1 0
    outer loop
      vertex 38 18 79
      vertex 40.586708068847656 18 81.21752166748047
      vertex 40.73204803466797 18 81
    endloop
  endfacet
  facet normal 0 1 0
    outer loop
      vertex 0.7824764251708984 18 81.58670806884766
      vertex 3 18 79
      vertex 0.5857858657836914 18 81.41421508789062
    endloop
  endfacet
  facet normal 0 1 0
    outer loop
      vertex 38 18 79
      vertex 40.73204803466797 18 81
      vertex 40.84775924682617 18 80.76536560058594
    endloop
  endfacet
  facet normal 0 1 0
    outer loop
      vertex 0.5857858657836914 18 81.41421508789062
      vertex 3 18 79
      vertex 0.41329288482666016 18 81.21752166748047
    endloop
  endfacet
  facet normal 0 1 0
    outer loop
      vertex 38 18 79
      vertex 40.84775924682617 18 80.76536560058594
      vertex 40.93185043334961 18 80.51763916015625
    endloop
  endfacet
  facet normal 0 1 0
    outer loop
      vertex 0.41329288482666016 18 81.21752166748047
      vertex 3 18 79
      vertex 0.26794910430908203 18 81
    endloop
  endfacet
  facet normal 0 1 0
    outer loop
      vertex 38 18 79
      vertex 40.93185043334961 18 80.51763916015625
      vertex 40.982887268066406 18 80.26105499267578
    endloop
  endfacet
  facet normal 0 1 0
    outer loop
      vertex 0.26794910430908203 18 81
      vertex 3 18 79
      vertex 0.15224075317382812 18 80.76536560058594
    endloop
  endfacet
  facet normal 0 1 0
    outer loop
      vertex 38 18 79
      vertex 40.982887268066406 18 80.26105499267578
      vertex 41 18 80
    endloop
  endfacet
  facet normal 0 1 0
    outer loop
      vertex 0.15224075317382812 18 80.76536560058594
      vertex 3 18 79
      vertex 0.06814765930175781 18 80.51763916015625
    endloop
  endfacet
  facet normal 0 1 0
    outer loop
      vertex 0.06814765930175781 18 80.51763916015625
      vertex 3 18 79
      vertex 0.01710987091064453 18 80.26105499267578
    endloop
  endfacet
  facet normal 0 1 0
    outer loop
      vertex 41 18 58.900001525878906
      vertex 38 18 79
      vertex 41 18 80
    endloop
  endfacet
  facet normal 0 1 0
    outer loop
      vertex 40 18 58.900001525878906
      vertex 38 18 79
      vertex 41 18 58.900001525878906
    endloop
  endfacet
  facet normal 0 1 0
    outer loop
      vertex 40 18 55.900001525878906
      vertex 38 18 79
      vertex 40 18 58.900001525878906
    endloop
  endfacet
  facet normal 0 1 0
    outer loop
      vertex 40 18 24.459999084472656
      vertex 40 18 55.900001525878906
      vertex 41 18 24.459999084472656
    endloop
  endfacet
  facet normal 0 1 0
    outer loop
      vertex 40 18 55.900001525878906
      vertex 40 18 24.459999084472656
      vertex 38 18 79
    endloop
  endfacet
  facet normal 0 1 0
    outer loop
      vertex 38 18 0
      vertex 40 18 24.459999084472656
      vertex 40 18 21.459999084472656
    endloop
  endfacet
  facet normal 0 1 0
    outer loop
      vertex 39 18 0
      vertex 41 18 2
      vertex 40.982887268066406 18 1.738947868347168
    endloop
  endfacet
  facet normal 0 1 0
    outer loop
      vertex 39 18 0
      vertex 40.982887268066406 18 1.738947868347168
      vertex 40.93185043334961 18 1.4823627471923828
    endloop
  endfacet
  facet normal 0 1 0
    outer loop
      vertex 39 18 0
      vertex 40.93185043334961 18 1.4823627471923828
      vertex 40.84775924682617 18 1.234633445739746
    endloop
  endfacet
  facet normal 0 1 0
    outer loop
      vertex 39 18 0
      vertex 40.84775924682617 18 1.234633445739746
      vertex 40.73204803466797 18 1
    endloop
  endfacet
  facet normal 0 1 0
    outer loop
      vertex 39 18 0
      vertex 40.73204803466797 18 1
      vertex 40.586708068847656 18 0.7824773788452148
    endloop
  endfacet
  facet normal 0 1 0
    outer loop
      vertex 41 18 2
      vertex 38 18 0
      vertex 40 18 21.459999084472656
    endloop
  endfacet
  facet normal 0 1 0
    outer loop
      vertex 39 18 0
      vertex 40.586708068847656 18 0.7824773788452148
      vertex 40.414215087890625 18 0.5857868194580078
    endloop
  endfacet
  facet normal 0 1 0
    outer loop
      vertex 39 18 0
      vertex 40.414215087890625 18 0.5857868194580078
      vertex 40.21752166748047 18 0.41329383850097656
    endloop
  endfacet
  facet normal 0 1 0
    outer loop
      vertex 39 18 0
      vertex 40.21752166748047 18 0.41329383850097656
      vertex 40 18 0.26795005798339844
    endloop
  endfacet
  facet normal 0 1 0
    outer loop
      vertex 39 18 0
      vertex 40 18 0.26795005798339844
      vertex 39.76536560058594 18 0.15224170684814453
    endloop
  endfacet
  facet normal 0 1 0
    outer loop
      vertex 39 18 0
      vertex 39.76536560058594 18 0.15224170684814453
      vertex 39.51763916015625 18 0.06814861297607422
    endloop
  endfacet
  facet normal 0 1 0
    outer loop
      vertex 39 18 0
      vertex 39.51763916015625 18 0.06814861297607422
      vertex 39.261051177978516 18 0.017110824584960938
    endloop
  endfacet
  facet normal 0 1 0
    outer loop
      vertex 41 18 2
      vertex 39 18 0
      vertex 38 18 0
    endloop
  endfacet
  facet normal 0 1 0
    outer loop
      vertex 40 18 24.459999084472656
      vertex 38 18 0
      vertex 38 18 79
    endloop
  endfacet
  facet normal 0 1 0
    outer loop
      vertex 0.01710987091064453 18 80.26105499267578
      vertex 3 18 79
      vertex 0 18 80
    endloop
  endfacet
  facet normal 0 1 0
    outer loop
      vertex 0 18 58.900001525878906
      vertex 3 18 79
      vertex 1 18 58.900001525878906
    endloop
  endfacet
  facet normal 0 1 0
    outer loop
      vertex 3 18 79
      vertex 0 18 58.900001525878906
      vertex 0 18 80
    endloop
  endfacet
  facet normal 0 1 0
    outer loop
      vertex 0 18 55.900001525878906
      vertex 1 18 24.459999084472656
      vertex 0 18 24.459999084472656
    endloop
  endfacet
  facet normal 0.9469308377254704 0 0.3214373789162345
    outer loop
      vertex 40.84775924682617 0 80.76536560058594
      vertex 40.93185043334961 18 80.51763916015625
      vertex 40.84775924682617 18 80.76536560058594
    endloop
  endfacet
  facet normal 0.9469308377254704 0 0.3214373789162345
    outer loop
      vertex 40.93185043334961 18 80.51763916015625
      vertex 40.84775924682617 0 80.76536560058594
      vertex 40.93185043334961 0 80.51763916015625
    endloop
  endfacet
  facet normal 0.3214373789162345 0 0.9469308377254704
    outer loop
      vertex 39.51763916015625 18 81.93185424804688
      vertex 39.76536560058594 0 81.84776306152344
      vertex 39.76536560058594 18 81.84776306152344
    endloop
  endfacet
  facet normal 0.3214373789162345 0 0.9469308377254704
    outer loop
      vertex 39.76536560058594 0 81.84776306152344
      vertex 39.51763916015625 18 81.93185424804688
      vertex 39.51763916015625 0 81.93185424804688
    endloop
  endfacet
  facet normal 0.4423075869295927 0 0.8968634224588049
    outer loop
      vertex 39.76536560058594 18 81.84776306152344
      vertex 40 0 81.73204803466797
      vertex 40 18 81.73204803466797
    endloop
  endfacet
  facet normal 0.4423075869295927 0 0.8968634224588049
    outer loop
      vertex 40 0 81.73204803466797
      vertex 39.76536560058594 18 81.84776306152344
      vertex 39.76536560058594 0 81.84776306152344
    endloop
  endfacet
  facet normal 0.4422870614774873 0 -0.8968735447372777
    outer loop
      vertex 39.76536560058594 0 0.15224170684814453
      vertex 40 18 0.26795005798339844
      vertex 40 0 0.26795005798339844
    endloop
  endfacet
  facet normal 0.4422870614774873 0 -0.8968735447372777
    outer loop
      vertex 40 18 0.26795005798339844
      vertex 39.76536560058594 0 0.15224170684814453
      vertex 39.76536560058594 18 0.15224170684814453
    endloop
  endfacet
  facet normal -0.44228995353919637 0 -0.8968721185310065
    outer loop
      vertex 1 0 0.26795005798339844
      vertex 1.2346324920654297 18 0.15224170684814453
      vertex 1.2346324920654297 0 0.15224170684814453
    endloop
  endfacet
  facet normal -0.44228995353919637 0 -0.8968721185310065
    outer loop
      vertex 1.2346324920654297 18 0.15224170684814453
      vertex 1 0 0.26795005798339844
      vertex 1 18 0.26795005798339844
    endloop
  endfacet
  facet normal 0.1950876209952777 0 -0.9807858176658157
    outer loop
      vertex 39.261051177978516 0 0.017110824584960938
      vertex 39.51763916015625 18 0.06814861297607422
      vertex 39.51763916015625 0 0.06814861297607422
    endloop
  endfacet
  facet normal 0.1950876209952777 0 -0.9807858176658157
    outer loop
      vertex 39.51763916015625 18 0.06814861297607422
      vertex 39.261051177978516 0 0.017110824584960938
      vertex 39.261051177978516 18 0.017110824584960938
    endloop
  endfacet
  facet normal 0.7518398266521259 0 -0.6593457932372825
    outer loop
      vertex 40.586708068847656 0 0.7824773788452148
      vertex 40.414215087890625 18 0.5857868194580078
      vertex 40.586708068847656 18 0.7824773788452148
    endloop
  endfacet
  facet normal 0.7518398266521259 0 -0.6593457932372825
    outer loop
      vertex 40.414215087890625 18 0.5857868194580078
      vertex 40.586708068847656 0 0.7824773788452148
      vertex 40.414215087890625 0 0.5857868194580078
    endloop
  endfacet
  facet normal -0.8968735447372777 0 0.4422870614774873
    outer loop
      vertex 0.15224075317382812 0 80.76536560058594
      vertex 0.26794910430908203 18 81
      vertex 0.15224075317382812 18 80.76536560058594
    endloop
  endfacet
  facet normal -0.8968735447372777 0 0.4422870614774873
    outer loop
      vertex 0.26794910430908203 18 81
      vertex 0.15224075317382812 0 80.76536560058594
      vertex 0.26794910430908203 0 81
    endloop
  endfacet
  facet normal -0.9469297485156343 0 -0.32144058763030764
    outer loop
      vertex 0.15224075317382812 0 1.234633445739746
      vertex 0.06814765930175781 18 1.4823627471923828
      vertex 0.15224075317382812 18 1.234633445739746
    endloop
  endfacet
  facet normal -0.9469297485156343 0 -0.32144058763030764
    outer loop
      vertex 0.06814765930175781 18 1.4823627471923828
      vertex 0.15224075317382812 0 1.234633445739746
      vertex 0.06814765930175781 0 1.4823627471923828
    endloop
  endfacet
  facet normal -0.32144058763030764 0 -0.9469297485156343
    outer loop
      vertex 1.2346324920654297 0 0.15224170684814453
      vertex 1.4823617935180664 18 0.06814861297607422
      vertex 1.4823617935180664 0 0.06814861297607422
    endloop
  endfacet
  facet normal -0.32144058763030764 0 -0.9469297485156343
    outer loop
      vertex 1.4823617935180664 18 0.06814861297607422
      vertex 1.2346324920654297 0 0.15224170684814453
      vertex 1.2346324920654297 18 0.15224170684814453
    endloop
  endfacet
  facet normal -0.5555579708067604 0 0.8314778055204328
    outer loop
      vertex 0.7824764251708984 18 81.58670806884766
      vertex 1 0 81.73204803466797
      vertex 1 18 81.73204803466797
    endloop
  endfacet
  facet normal -0.5555579708067604 0 0.8314778055204328
    outer loop
      vertex 1 0 81.73204803466797
      vertex 0.7824764251708984 18 81.58670806884766
      vertex 0.7824764251708984 0 81.58670806884766
    endloop
  endfacet
  facet normal -0.8968728316376391 0 -0.44228850750418897
    outer loop
      vertex 0.26794910430908203 0 1
      vertex 0.15224075317382812 18 1.234633445739746
      vertex 0.26794910430908203 18 1
    endloop
  endfacet
  facet normal -0.8968728316376391 0 -0.44228850750418897
    outer loop
      vertex 0.15224075317382812 18 1.234633445739746
      vertex 0.26794910430908203 0 1
      vertex 0.15224075317382812 0 1.234633445739746
    endloop
  endfacet
  facet normal -0.9978590204722662 0 -0.06540164571422856
    outer loop
      vertex 0.01710987091064453 0 1.738947868347168
      vertex 0 18 2
      vertex 0.01710987091064453 18 1.738947868347168
    endloop
  endfacet
  facet normal -0.9978590204722662 0 -0.06540164571422856
    outer loop
      vertex 0 18 2
      vertex 0.01710987091064453 0 1.738947868347168
      vertex 0 0 2
    endloop
  endfacet
  facet normal 0.06540551341072687 0 -0.9978587669682916
    outer loop
      vertex 39 0 0
      vertex 39.261051177978516 18 0.017110824584960938
      vertex 39.261051177978516 0 0.017110824584960938
    endloop
  endfacet
  facet normal 0.06540551341072687 0 -0.9978587669682916
    outer loop
      vertex 39.261051177978516 18 0.017110824584960938
      vertex 39 0 0
      vertex 39 18 0
    endloop
  endfacet
  facet normal 0.831475555237498 0 0.5555613386859226
    outer loop
      vertex 40.586708068847656 0 81.21752166748047
      vertex 40.73204803466797 18 81
      vertex 40.586708068847656 18 81.21752166748047
    endloop
  endfacet
  facet normal 0.831475555237498 0 0.5555613386859226
    outer loop
      vertex 40.73204803466797 18 81
      vertex 40.586708068847656 0 81.21752166748047
      vertex 40.73204803466797 0 81
    endloop
  endfacet
  facet normal -0.980785401443252 0 -0.19508971350586146
    outer loop
      vertex 0.06814765930175781 0 1.4823627471923828
      vertex 0.01710987091064453 18 1.738947868347168
      vertex 0.06814765930175781 18 1.4823627471923828
    endloop
  endfacet
  facet normal -0.980785401443252 0 -0.19508971350586146
    outer loop
      vertex 0.01710987091064453 18 1.738947868347168
      vertex 0.06814765930175781 0 1.4823627471923828
      vertex 0.01710987091064453 0 1.738947868347168
    endloop
  endfacet
  facet normal 0 0 1
    outer loop
      vertex 1 18 55.900001525878906
      vertex 0 18 55.900001525878906
      vertex 1 1 55.900001525878906
    endloop
  endfacet
  facet normal 0 0 1
    outer loop
      vertex 40 1 55.900001525878906
      vertex 41 18 55.900001525878906
      vertex 40 18 55.900001525878906
    endloop
  endfacet
  facet normal 0 0 1
    outer loop
      vertex 41 18 55.900001525878906
      vertex 40 1 55.900001525878906
      vertex 41 0 55.900001525878906
    endloop
  endfacet
  facet normal 0 0 1
    outer loop
      vertex 1 1 55.900001525878906
      vertex 41 0 55.900001525878906
      vertex 40 1 55.900001525878906
    endloop
  endfacet
  facet normal 0 0 1
    outer loop
      vertex 1 1 55.900001525878906
      vertex 0 0 55.900001525878906
      vertex 41 0 55.900001525878906
    endloop
  endfacet
  facet normal 0 0 1
    outer loop
      vertex 0 0 55.900001525878906
      vertex 1 1 55.900001525878906
      vertex 0 18 55.900001525878906
    endloop
  endfacet
  facet normal 0 0 -1
    outer loop
      vertex 41 0 58.900001525878906
      vertex 40 1 58.900001525878906
      vertex 41 18 58.900001525878906
    endloop
  endfacet
  facet normal 0 0 -1
    outer loop
      vertex 41 0 58.900001525878906
      vertex 1 1 58.900001525878906
      vertex 40 1 58.900001525878906
    endloop
  endfacet
  facet normal 0 0 -1
    outer loop
      vertex 0 0 58.900001525878906
      vertex 1 1 58.900001525878906
      vertex 41 0 58.900001525878906
    endloop
  endfacet
  facet normal 0 0 -1
    outer loop
      vertex 0 18 58.900001525878906
      vertex 1 1 58.900001525878906
      vertex 0 0 58.900001525878906
    endloop
  endfacet
  facet normal 0 0 -1
    outer loop
      vertex 1 1 58.900001525878906
      vertex 0 18 58.900001525878906
      vertex 1 18 58.900001525878906
    endloop
  endfacet
  facet normal 0 0 -1
    outer loop
      vertex 41 18 58.900001525878906
      vertex 40 1 58.900001525878906
      vertex 40 18 58.900001525878906
    endloop
  endfacet
  facet normal 1 0 0
    outer loop
      vertex 40 1 58.900001525878906
      vertex 40 18 55.900001525878906
      vertex 40 18 58.900001525878906
    endloop
  endfacet
  facet normal 1 0 0
    outer loop
      vertex 40 18 55.900001525878906
      vertex 40 1 58.900001525878906
      vertex 40 1 55.900001525878906
    endloop
  endfacet
  facet normal 0 -1 0
    outer loop
      vertex 1 1 55.900001525878906
      vertex 40 1 58.900001525878906
      vertex 1 1 58.900001525878906
    endloop
  endfacet
  facet normal 0 -1 0
    outer loop
      vertex 40 1 58.900001525878906
      vertex 1 1 55.900001525878906
      vertex 40 1 55.900001525878906
    endloop
  endfacet
  facet normal -1 0 0
    outer loop
      vertex 1 1 55.900001525878906
      vertex 1 18 58.900001525878906
      vertex 1 18 55.900001525878906
    endloop
  endfacet
  facet normal -1 0 0
    outer loop
      vertex 1 18 58.900001525878906
      vertex 1 1 55.900001525878906
      vertex 1 1 58.900001525878906
    endloop
  endfacet
  facet normal 0 0 1
    outer loop
      vertex 1 18 21.459999084472656
      vertex 0 18 21.459999084472656
      vertex 1 1 21.459999084472656
    endloop
  endfacet
  facet normal 0 0 1
    outer loop
      vertex 40 1 21.459999084472656
      vertex 41 18 21.459999084472656
      vertex 40 18 21.459999084472656
    endloop
  endfacet
  facet normal 0 0 1
    outer loop
      vertex 41 18 21.459999084472656
      vertex 40 1 21.459999084472656
      vertex 41 0 21.459999084472656
    endloop
  endfacet
  facet normal 0 0 1
    outer loop
      vertex 1 1 21.459999084472656
      vertex 41 0 21.459999084472656
      vertex 40 1 21.459999084472656
    endloop
  endfacet
  facet normal 0 0 1
    outer loop
      vertex 1 1 21.459999084472656
      vertex 0 0 21.459999084472656
      vertex 41 0 21.459999084472656
    endloop
  endfacet
  facet normal 0 0 1
    outer loop
      vertex 0 0 21.459999084472656
      vertex 1 1 21.459999084472656
      vertex 0 18 21.459999084472656
    endloop
  endfacet
  facet normal 0 0 -1
    outer loop
      vertex 41 0 24.459999084472656
      vertex 40 1 24.459999084472656
      vertex 41 18 24.459999084472656
    endloop
  endfacet
  facet normal 0 0 -1
    outer loop
      vertex 41 0 24.459999084472656
      vertex 1 1 24.459999084472656
      vertex 40 1 24.459999084472656
    endloop
  endfacet
  facet normal 0 0 -1
    outer loop
      vertex 0 0 24.459999084472656
      vertex 1 1 24.459999084472656
      vertex 41 0 24.459999084472656
    endloop
  endfacet
  facet normal 0 0 -1
    outer loop
      vertex 0 18 24.459999084472656
      vertex 1 1 24.459999084472656
      vertex 0 0 24.459999084472656
    endloop
  endfacet
  facet normal 0 0 -1
    outer loop
      vertex 1 1 24.459999084472656
      vertex 0 18 24.459999084472656
      vertex 1 18 24.459999084472656
    endloop
  endfacet
  facet normal 0 0 -1
    outer loop
      vertex 41 18 24.459999084472656
      vertex 40 1 24.459999084472656
      vertex 40 18 24.459999084472656
    endloop
  endfacet
  facet normal 1 0 0
    outer loop
      vertex 40 1 24.459999084472656
      vertex 40 18 21.459999084472656
      vertex 40 18 24.459999084472656
    endloop
  endfacet
  facet normal 1 0 0
    outer loop
      vertex 40 18 21.459999084472656
      vertex 40 1 24.459999084472656
      vertex 40 1 21.459999084472656
    endloop
  endfacet
  facet normal 0 -1 0
    outer loop
      vertex 1 1 21.459999084472656
      vertex 40 1 24.459999084472656
      vertex 1 1 24.459999084472656
    endloop
  endfacet
  facet normal 0 -1 0
    outer loop
      vertex 40 1 24.459999084472656
      vertex 1 1 21.459999084472656
      vertex 40 1 21.459999084472656
    endloop
  endfacet
  facet normal -1 0 0
    outer loop
      vertex 1 1 21.459999084472656
      vertex 1 18 24.459999084472656
      vertex 1 18 21.459999084472656
    endloop
  endfacet
  facet normal -1 0 0
    outer loop
      vertex 1 18 24.459999084472656
      vertex 1 1 21.459999084472656
      vertex 1 1 24.459999084472656
    endloop
  endfacet
  facet normal -1 0 0
    outer loop
      vertex 38 3 0
      vertex 38 18 79
      vertex 38 18 0
    endloop
  endfacet
  facet normal -1 0 0
    outer loop
      vertex 38 18 79
      vertex 38 3 0
      vertex 38 3 79
    endloop
  endfacet
  facet normal 0 1 0
    outer loop
      vertex 38 3 0
      vertex 3 3 79
      vertex 38 3 79
    endloop
  endfacet
  facet normal 0 1 0
    outer loop
      vertex 3 3 79
      vertex 38 3 0
      vertex 3 3 0
    endloop
  endfacet
  facet normal 1 0 0
    outer loop
      vertex 3 3 79
      vertex 3 18 0
      vertex 3 18 79
    endloop
  endfacet
  facet normal 1 0 0
    outer loop
      vertex 3 18 0
      vertex 3 3 79
      vertex 3 3 0
    endloop
  endfacet
  facet normal 0 0 -1
    outer loop
      vertex 38 3 79
      vertex 22.5 10.5 79
      vertex 38 18 79
    endloop
  endfacet
  facet normal 0 0 -1
    outer loop
      vertex 38 3 79
      vertex 22.48288917541504 10.238946914672852 79
      vertex 22.5 10.5 79
    endloop
  endfacet
  facet normal 0 0 -1
    outer loop
      vertex 38 3 79
      vertex 22.43185043334961 9.982361793518066 79
      vertex 22.48288917541504 10.238946914672852 79
    endloop
  endfacet
  facet normal 0 0 -1
    outer loop
      vertex 38 3 79
      vertex 22.347759246826172 9.73463249206543 79
      vertex 22.43185043334961 9.982361793518066 79
    endloop
  endfacet
  facet normal 0 0 -1
    outer loop
      vertex 38 3 79
      vertex 22.2320499420166 9.5 79
      vertex 22.347759246826172 9.73463249206543 79
    endloop
  endfacet
  facet normal 0 0 -1
    outer loop
      vertex 38 3 79
      vertex 22.086706161499023 9.282476425170898 79
      vertex 22.2320499420166 9.5 79
    endloop
  endfacet
  facet normal 0 0 -1
    outer loop
      vertex 38 3 79
      vertex 21.914213180541992 9.085785865783691 79
      vertex 22.086706161499023 9.282476425170898 79
    endloop
  endfacet
  facet normal 0 0 -1
    outer loop
      vertex 38 3 79
      vertex 21.71752166748047 8.91329288482666 79
      vertex 21.914213180541992 9.085785865783691 79
    endloop
  endfacet
  facet normal 0 0 -1
    outer loop
      vertex 38 3 79
      vertex 21.5 8.767949104309082 79
      vertex 21.71752166748047 8.91329288482666 79
    endloop
  endfacet
  facet normal 0 0 -1
    outer loop
      vertex 38 3 79
      vertex 21.265365600585938 8.652240753173828 79
      vertex 21.5 8.767949104309082 79
    endloop
  endfacet
  facet normal 0 0 -1
    outer loop
      vertex 38 3 79
      vertex 21.017637252807617 8.568147659301758 79
      vertex 21.265365600585938 8.652240753173828 79
    endloop
  endfacet
  facet normal 0 0 -1
    outer loop
      vertex 38 3 79
      vertex 20.761051177978516 8.517109870910645 79
      vertex 21.017637252807617 8.568147659301758 79
    endloop
  endfacet
  facet normal 0 0 -1
    outer loop
      vertex 38 3 79
      vertex 20.5 8.5 79
      vertex 20.761051177978516 8.517109870910645 79
    endloop
  endfacet
  facet normal 0 0 -1
    outer loop
      vertex 3 3 79
      vertex 20.5 8.5 79
      vertex 38 3 79
    endloop
  endfacet
  facet normal 0 0 -1
    outer loop
      vertex 20.5 8.5 79
      vertex 3 3 79
      vertex 20.23894691467285 8.517109870910645 79
    endloop
  endfacet
  facet normal 0 0 -1
    outer loop
      vertex 18.517108917236328 10.238946914672852 79
      vertex 3 3 79
      vertex 18.5 10.5 79
    endloop
  endfacet
  facet normal 0 0 -1
    outer loop
      vertex 18.568147659301758 9.982361793518066 79
      vertex 3 3 79
      vertex 18.517108917236328 10.238946914672852 79
    endloop
  endfacet
  facet normal 0 0 -1
    outer loop
      vertex 18.652240753173828 9.73463249206543 79
      vertex 3 3 79
      vertex 18.568147659301758 9.982361793518066 79
    endloop
  endfacet
  facet normal 0 0 -1
    outer loop
      vertex 18.767948150634766 9.5 79
      vertex 3 3 79
      vertex 18.652240753173828 9.73463249206543 79
    endloop
  endfacet
  facet normal 0 0 -1
    outer loop
      vertex 18.913291931152344 9.282476425170898 79
      vertex 3 3 79
      vertex 18.767948150634766 9.5 79
    endloop
  endfacet
  facet normal 0 0 -1
    outer loop
      vertex 19.085784912109375 9.085785865783691 79
      vertex 3 3 79
      vertex 18.913291931152344 9.282476425170898 79
    endloop
  endfacet
  facet normal 0 0 -1
    outer loop
      vertex 19.2824764251709 8.91329288482666 79
      vertex 3 3 79
      vertex 19.085784912109375 9.085785865783691 79
    endloop
  endfacet
  facet normal 0 0 -1
    outer loop
      vertex 19.5 8.767949104309082 79
      vertex 3 3 79
      vertex 19.2824764251709 8.91329288482666 79
    endloop
  endfacet
  facet normal 0 0 -1
    outer loop
      vertex 19.73463249206543 8.652240753173828 79
      vertex 3 3 79
      vertex 19.5 8.767949104309082 79
    endloop
  endfacet
  facet normal 0 0 -1
    outer loop
      vertex 19.98236083984375 8.568147659301758 79
      vertex 3 3 79
      vertex 19.73463249206543 8.652240753173828 79
    endloop
  endfacet
  facet normal 0 0 -1
    outer loop
      vertex 20.23894691467285 8.517109870910645 79
      vertex 3 3 79
      vertex 19.98236083984375 8.568147659301758 79
    endloop
  endfacet
  facet normal 0 0 -1
    outer loop
      vertex 22.48288917541504 10.761052131652832 79
      vertex 38 18 79
      vertex 22.5 10.5 79
    endloop
  endfacet
  facet normal 0 0 -1
    outer loop
      vertex 22.43185043334961 11.017637252807617 79
      vertex 38 18 79
      vertex 22.48288917541504 10.761052131652832 79
    endloop
  endfacet
  facet normal 0 0 -1
    outer loop
      vertex 22.347759246826172 11.265366554260254 79
      vertex 38 18 79
      vertex 22.43185043334961 11.017637252807617 79
    endloop
  endfacet
  facet normal 0 0 -1
    outer loop
      vertex 22.2320499420166 11.5 79
      vertex 38 18 79
      vertex 22.347759246826172 11.265366554260254 79
    endloop
  endfacet
  facet normal 0 0 -1
    outer loop
      vertex 22.086706161499023 11.717522621154785 79
      vertex 38 18 79
      vertex 22.2320499420166 11.5 79
    endloop
  endfacet
  facet normal 0 0 -1
    outer loop
      vertex 21.914213180541992 11.914213180541992 79
      vertex 38 18 79
      vertex 22.086706161499023 11.717522621154785 79
    endloop
  endfacet
  facet normal 0 0 -1
    outer loop
      vertex 21.71752166748047 12.086706161499023 79
      vertex 38 18 79
      vertex 21.914213180541992 11.914213180541992 79
    endloop
  endfacet
  facet normal 0 0 -1
    outer loop
      vertex 21.5 12.232049942016602 79
      vertex 38 18 79
      vertex 21.71752166748047 12.086706161499023 79
    endloop
  endfacet
  facet normal 0 0 -1
    outer loop
      vertex 21.265365600585938 12.347758293151855 79
      vertex 38 18 79
      vertex 21.5 12.232049942016602 79
    endloop
  endfacet
  facet normal 0 0 -1
    outer loop
      vertex 21.017637252807617 12.431851387023926 79
      vertex 38 18 79
      vertex 21.265365600585938 12.347758293151855 79
    endloop
  endfacet
  facet normal 0 0 -1
    outer loop
      vertex 20.761051177978516 12.482889175415039 79
      vertex 38 18 79
      vertex 21.017637252807617 12.431851387023926 79
    endloop
  endfacet
  facet normal 0 0 -1
    outer loop
      vertex 20.5 12.5 79
      vertex 38 18 79
      vertex 20.761051177978516 12.482889175415039 79
    endloop
  endfacet
  facet normal 0 0 -1
    outer loop
      vertex 3 18 79
      vertex 20.5 12.5 79
      vertex 20.23894691467285 12.482889175415039 79
    endloop
  endfacet
  facet normal 0 0 -1
    outer loop
      vertex 3 18 79
      vertex 20.23894691467285 12.482889175415039 79
      vertex 19.98236083984375 12.431851387023926 79
    endloop
  endfacet
  facet normal 0 0 -1
    outer loop
      vertex 3 18 79
      vertex 18.5 10.5 79
      vertex 3 3 79
    endloop
  endfacet
  facet normal 0 0 -1
    outer loop
      vertex 18.5 10.5 79
      vertex 3 18 79
      vertex 18.517108917236328 10.761052131652832 79
    endloop
  endfacet
  facet normal 0 0 -1
    outer loop
      vertex 18.517108917236328 10.761052131652832 79
      vertex 3 18 79
      vertex 18.568147659301758 11.017637252807617 79
    endloop
  endfacet
  facet normal 0 0 -1
    outer loop
      vertex 18.568147659301758 11.017637252807617 79
      vertex 3 18 79
      vertex 18.652240753173828 11.265366554260254 79
    endloop
  endfacet
  facet normal 0 0 -1
    outer loop
      vertex 18.652240753173828 11.265366554260254 79
      vertex 3 18 79
      vertex 18.767948150634766 11.5 79
    endloop
  endfacet
  facet normal 0 0 -1
    outer loop
      vertex 18.767948150634766 11.5 79
      vertex 3 18 79
      vertex 18.913291931152344 11.717522621154785 79
    endloop
  endfacet
  facet normal 0 0 -1
    outer loop
      vertex 18.913291931152344 11.717522621154785 79
      vertex 3 18 79
      vertex 19.085784912109375 11.914213180541992 79
    endloop
  endfacet
  facet normal 0 0 -1
    outer loop
      vertex 19.085784912109375 11.914213180541992 79
      vertex 3 18 79
      vertex 19.2824764251709 12.086706161499023 79
    endloop
  endfacet
  facet normal 0 0 -1
    outer loop
      vertex 20.5 12.5 79
      vertex 3 18 79
      vertex 38 18 79
    endloop
  endfacet
  facet normal 0 0 -1
    outer loop
      vertex 19.73463249206543 12.347758293151855 79
      vertex 3 18 79
      vertex 19.98236083984375 12.431851387023926 79
    endloop
  endfacet
  facet normal 0 0 -1
    outer loop
      vertex 19.5 12.232049942016602 79
      vertex 3 18 79
      vertex 19.73463249206543 12.347758293151855 79
    endloop
  endfacet
  facet normal 0 0 -1
    outer loop
      vertex 19.2824764251709 12.086706161499023 79
      vertex 3 18 79
      vertex 19.5 12.232049942016602 79
    endloop
  endfacet
  facet normal -0.32144169721474214 0.9469293718602808 0
    outer loop
      vertex 21.265365600585938 8.652240753173828 79
      vertex 21.017637252807617 8.568147659301758 82
      vertex 21.265365600585938 8.652240753173828 82
    endloop
  endfacet
  facet normal -0.32144169721474214 0.9469293718602808 0
    outer loop
      vertex 21.017637252807617 8.568147659301758 82
      vertex 21.265365600585938 8.652240753173828 79
      vertex 21.017637252807617 8.568147659301758 79
    endloop
  endfacet
  facet normal -0.9978587981570066 0.06540503757857268 0
    outer loop
      vertex 22.48288917541504 10.238946914672852 79
      vertex 22.5 10.5 82
      vertex 22.5 10.5 79
    endloop
  endfacet
  facet normal -0.9978587981570066 0.06540503757857268 0
    outer loop
      vertex 22.5 10.5 82
      vertex 22.48288917541504 10.238946914672852 79
      vertex 22.48288917541504 10.238946914672852 82
    endloop
  endfacet
  facet normal 0.32144169721474214 0.9469293718602808 0
    outer loop
      vertex 19.98236083984375 8.568147659301758 79
      vertex 19.73463249206543 8.652240753173828 82
      vertex 19.98236083984375 8.568147659301758 82
    endloop
  endfacet
  facet normal 0.32144169721474214 0.9469293718602808 0
    outer loop
      vertex 19.73463249206543 8.652240753173828 82
      vertex 19.98236083984375 8.568147659301758 79
      vertex 19.73463249206543 8.652240753173828 79
    endloop
  endfacet
  facet normal 0.8314699446192111 -0.555569735672243 0
    outer loop
      vertex 18.767948150634766 11.5 82
      vertex 18.913291931152344 11.717522621154785 79
      vertex 18.913291931152344 11.717522621154785 82
    endloop
  endfacet
  facet normal 0.8314699446192111 -0.555569735672243 0
    outer loop
      vertex 18.913291931152344 11.717522621154785 79
      vertex 18.767948150634766 11.5 82
      vertex 18.767948150634766 11.5 79
    endloop
  endfacet
  facet normal -0.32144169721474214 -0.9469293718602808 0
    outer loop
      vertex 21.017637252807617 12.431851387023926 79
      vertex 21.265365600585938 12.347758293151855 82
      vertex 21.017637252807617 12.431851387023926 82
    endloop
  endfacet
  facet normal -0.32144169721474214 -0.9469293718602808 0
    outer loop
      vertex 21.265365600585938 12.347758293151855 82
      vertex 21.017637252807617 12.431851387023926 79
      vertex 21.265365600585938 12.347758293151855 79
    endloop
  endfacet
  facet normal -0.6593439861474872 -0.751841411423408 0
    outer loop
      vertex 21.71752166748047 12.086706161499023 79
      vertex 21.914213180541992 11.914213180541992 82
      vertex 21.71752166748047 12.086706161499023 82
    endloop
  endfacet
  facet normal -0.6593439861474872 -0.751841411423408 0
    outer loop
      vertex 21.914213180541992 11.914213180541992 82
      vertex 21.71752166748047 12.086706161499023 79
      vertex 21.914213180541992 11.914213180541992 79
    endloop
  endfacet
  facet normal 0.4422899535391963 0.8968721185310063 0
    outer loop
      vertex 19.73463249206543 8.652240753173828 79
      vertex 19.5 8.767949104309082 82
      vertex 19.73463249206543 8.652240753173828 82
    endloop
  endfacet
  facet normal 0.4422899535391963 0.8968721185310063 0
    outer loop
      vertex 19.5 8.767949104309082 82
      vertex 19.73463249206543 8.652240753173828 79
      vertex 19.5 8.767949104309082 79
    endloop
  endfacet
  facet normal -0.9469319676599184 -0.3214340501933723 0
    outer loop
      vertex 22.43185043334961 11.017637252807617 79
      vertex 22.347759246826172 11.265366554260254 82
      vertex 22.347759246826172 11.265366554260254 79
    endloop
  endfacet
  facet normal -0.9469319676599184 -0.3214340501933723 0
    outer loop
      vertex 22.347759246826172 11.265366554260254 82
      vertex 22.43185043334961 11.017637252807617 79
      vertex 22.43185043334961 11.017637252807617 82
    endloop
  endfacet
  facet normal -0.06540188361807907 0.9978590048795507 0
    outer loop
      vertex 20.761051177978516 8.517109870910645 79
      vertex 20.5 8.5 82
      vertex 20.761051177978516 8.517109870910645 82
    endloop
  endfacet
  facet normal -0.06540188361807907 0.9978590048795507 0
    outer loop
      vertex 20.5 8.5 82
      vertex 20.761051177978516 8.517109870910645 79
      vertex 20.5 8.5 79
    endloop
  endfacet
  facet normal 0.32144169721474214 -0.9469293718602808 0
    outer loop
      vertex 19.73463249206543 12.347758293151855 79
      vertex 19.98236083984375 12.431851387023926 82
      vertex 19.73463249206543 12.347758293151855 82
    endloop
  endfacet
  facet normal 0.32144169721474214 -0.9469293718602808 0
    outer loop
      vertex 19.98236083984375 12.431851387023926 82
      vertex 19.73463249206543 12.347758293151855 79
      vertex 19.98236083984375 12.431851387023926 79
    endloop
  endfacet
  facet normal -0.9978587825627341 -0.06540527549378619 0
    outer loop
      vertex 22.5 10.5 79
      vertex 22.48288917541504 10.761052131652832 82
      vertex 22.48288917541504 10.761052131652832 79
    endloop
  endfacet
  facet normal -0.9978587825627341 -0.06540527549378619 0
    outer loop
      vertex 22.48288917541504 10.761052131652832 82
      vertex 22.5 10.5 79
      vertex 22.5 10.5 82
    endloop
  endfacet
  facet normal -0.1950890159974446 0.9807855401855946 0
    outer loop
      vertex 21.017637252807617 8.568147659301758 79
      vertex 20.761051177978516 8.517109870910645 82
      vertex 21.017637252807617 8.568147659301758 82
    endloop
  endfacet
  facet normal -0.1950890159974446 0.9807855401855946 0
    outer loop
      vertex 20.761051177978516 8.517109870910645 82
      vertex 21.017637252807617 8.568147659301758 79
      vertex 20.761051177978516 8.517109870910645 79
    endloop
  endfacet
  facet normal -0.1950890159974446 -0.9807855401855946 0
    outer loop
      vertex 20.761051177978516 12.482889175415039 79
      vertex 21.017637252807617 12.431851387023926 82
      vertex 20.761051177978516 12.482889175415039 82
    endloop
  endfacet
  facet normal -0.1950890159974446 -0.9807855401855946 0
    outer loop
      vertex 21.017637252807617 12.431851387023926 82
      vertex 20.761051177978516 12.482889175415039 79
      vertex 21.017637252807617 12.431851387023926 79
    endloop
  endfacet
  facet normal 0.6593439861474872 -0.751841411423408 0
    outer loop
      vertex 19.085784912109375 11.914213180541992 79
      vertex 19.2824764251709 12.086706161499023 82
      vertex 19.085784912109375 11.914213180541992 82
    endloop
  endfacet
  facet normal 0.6593439861474872 -0.751841411423408 0
    outer loop
      vertex 19.2824764251709 12.086706161499023 82
      vertex 19.085784912109375 11.914213180541992 79
      vertex 19.2824764251709 12.086706161499023 79
    endloop
  endfacet
  facet normal 0.06540503757857268 -0.9978587981570066 0
    outer loop
      vertex 20.23894691467285 12.482889175415039 79
      vertex 20.5 12.5 82
      vertex 20.23894691467285 12.482889175415039 82
    endloop
  endfacet
  facet normal 0.06540503757857268 -0.9978587981570066 0
    outer loop
      vertex 20.5 12.5 82
      vertex 20.23894691467285 12.482889175415039 79
      vertex 20.5 12.5 79
    endloop
  endfacet
  facet normal 0.751839826652126 0.6593457932372825 0
    outer loop
      vertex 19.085784912109375 9.085785865783691 82
      vertex 18.913291931152344 9.282476425170898 79
      vertex 18.913291931152344 9.282476425170898 82
    endloop
  endfacet
  facet normal 0.751839826652126 0.6593457932372825 0
    outer loop
      vertex 18.913291931152344 9.282476425170898 79
      vertex 19.085784912109375 9.085785865783691 82
      vertex 19.085784912109375 9.085785865783691 79
    endloop
  endfacet
  facet normal 0.4422899535391963 -0.8968721185310063 0
    outer loop
      vertex 19.5 12.232049942016602 79
      vertex 19.73463249206543 12.347758293151855 82
      vertex 19.5 12.232049942016602 82
    endloop
  endfacet
  facet normal 0.4422899535391963 -0.8968721185310063 0
    outer loop
      vertex 19.73463249206543 12.347758293151855 82
      vertex 19.5 12.232049942016602 79
      vertex 19.73463249206543 12.347758293151855 79
    endloop
  endfacet
  facet normal -0.980784703926618 -0.19509322013739036 0
    outer loop
      vertex 22.48288917541504 10.761052131652832 79
      vertex 22.43185043334961 11.017637252807617 82
      vertex 22.43185043334961 11.017637252807617 79
    endloop
  endfacet
  facet normal -0.980784703926618 -0.19509322013739036 0
    outer loop
      vertex 22.43185043334961 11.017637252807617 82
      vertex 22.48288917541504 10.761052131652832 79
      vertex 22.48288917541504 10.761052131652832 82
    endloop
  endfacet
  facet normal -0.9469319676599184 0.3214340501933723 0
    outer loop
      vertex 22.347759246826172 9.73463249206543 79
      vertex 22.43185043334961 9.982361793518066 82
      vertex 22.43185043334961 9.982361793518066 79
    endloop
  endfacet
  facet normal -0.9469319676599184 0.3214340501933723 0
    outer loop
      vertex 22.43185043334961 9.982361793518066 82
      vertex 22.347759246826172 9.73463249206543 79
      vertex 22.347759246826172 9.73463249206543 82
    endloop
  endfacet
  facet normal 0.6593439861474872 0.751841411423408 0
    outer loop
      vertex 19.2824764251709 8.91329288482666 79
      vertex 19.085784912109375 9.085785865783691 82
      vertex 19.2824764251709 8.91329288482666 82
    endloop
  endfacet
  facet normal 0.6593439861474872 0.751841411423408 0
    outer loop
      vertex 19.085784912109375 9.085785865783691 82
      vertex 19.2824764251709 8.91329288482666 79
      vertex 19.085784912109375 9.085785865783691 79
    endloop
  endfacet
  facet normal 0.9978592583687081 -0.06539801593207477 0
    outer loop
      vertex 18.5 10.5 82
      vertex 18.517108917236328 10.761052131652832 79
      vertex 18.517108917236328 10.761052131652832 82
    endloop
  endfacet
  facet normal 0.9978592583687081 -0.06539801593207477 0
    outer loop
      vertex 18.517108917236328 10.761052131652832 79
      vertex 18.5 10.5 82
      vertex 18.5 10.5 79
    endloop
  endfacet
  facet normal 0.980784703926618 -0.19509322013739036 0
    outer loop
      vertex 18.517108917236328 10.761052131652832 82
      vertex 18.568147659301758 11.017637252807617 79
      vertex 18.568147659301758 11.017637252807617 82
    endloop
  endfacet
  facet normal 0.980784703926618 -0.19509322013739036 0
    outer loop
      vertex 18.568147659301758 11.017637252807617 79
      vertex 18.517108917236328 10.761052131652832 82
      vertex 18.517108917236328 10.761052131652832 79
    endloop
  endfacet
  facet normal -0.5555714196190613 -0.8314688194409101 0
    outer loop
      vertex 21.5 12.232049942016602 79
      vertex 21.71752166748047 12.086706161499023 82
      vertex 21.5 12.232049942016602 82
    endloop
  endfacet
  facet normal -0.5555714196190613 -0.8314688194409101 0
    outer loop
      vertex 21.71752166748047 12.086706161499023 82
      vertex 21.5 12.232049942016602 79
      vertex 21.71752166748047 12.086706161499023 79
    endloop
  endfacet
  facet normal -0.8314699446192111 -0.555569735672243 0
    outer loop
      vertex 22.2320499420166 11.5 79
      vertex 22.086706161499023 11.717522621154785 82
      vertex 22.086706161499023 11.717522621154785 79
    endloop
  endfacet
  facet normal -0.8314699446192111 -0.555569735672243 0
    outer loop
      vertex 22.086706161499023 11.717522621154785 82
      vertex 22.2320499420166 11.5 79
      vertex 22.2320499420166 11.5 82
    endloop
  endfacet
  facet normal 0.9978592739595264 0.06539777804304144 0
    outer loop
      vertex 18.517108917236328 10.238946914672852 82
      vertex 18.5 10.5 79
      vertex 18.5 10.5 82
    endloop
  endfacet
  facet normal 0.9978592739595264 0.06539777804304144 0
    outer loop
      vertex 18.5 10.5 79
      vertex 18.517108917236328 10.238946914672852 82
      vertex 18.517108917236328 10.238946914672852 79
    endloop
  endfacet
  facet normal -0.8314710697872808 0.5555680517333541 0
    outer loop
      vertex 22.086706161499023 9.282476425170898 79
      vertex 22.2320499420166 9.5 82
      vertex 22.2320499420166 9.5 79
    endloop
  endfacet
  facet normal -0.8314710697872808 0.5555680517333541 0
    outer loop
      vertex 22.2320499420166 9.5 82
      vertex 22.086706161499023 9.282476425170898 79
      vertex 22.086706161499023 9.282476425170898 82
    endloop
  endfacet
  facet normal -0.6593439861474872 0.751841411423408 0
    outer loop
      vertex 21.914213180541992 9.085785865783691 79
      vertex 21.71752166748047 8.91329288482666 82
      vertex 21.914213180541992 9.085785865783691 82
    endloop
  endfacet
  facet normal -0.6593439861474872 0.751841411423408 0
    outer loop
      vertex 21.71752166748047 8.91329288482666 82
      vertex 21.914213180541992 9.085785865783691 79
      vertex 21.71752166748047 8.91329288482666 79
    endloop
  endfacet
  facet normal -0.8968706724893841 0.44229288579903664 0
    outer loop
      vertex 22.2320499420166 9.5 79
      vertex 22.347759246826172 9.73463249206543 82
      vertex 22.347759246826172 9.73463249206543 79
    endloop
  endfacet
  facet normal -0.8968706724893841 0.44229288579903664 0
    outer loop
      vertex 22.347759246826172 9.73463249206543 82
      vertex 22.2320499420166 9.5 79
      vertex 22.2320499420166 9.5 82
    endloop
  endfacet
  facet normal 0.751839826652126 -0.6593457932372825 0
    outer loop
      vertex 18.913291931152344 11.717522621154785 82
      vertex 19.085784912109375 11.914213180541992 79
      vertex 19.085784912109375 11.914213180541992 82
    endloop
  endfacet
  facet normal 0.751839826652126 -0.6593457932372825 0
    outer loop
      vertex 19.085784912109375 11.914213180541992 79
      vertex 18.913291931152344 11.717522621154785 82
      vertex 18.913291931152344 11.717522621154785 79
    endloop
  endfacet
  facet normal -0.751839826652126 -0.6593457932372825 0
    outer loop
      vertex 22.086706161499023 11.717522621154785 79
      vertex 21.914213180541992 11.914213180541992 82
      vertex 21.914213180541992 11.914213180541992 79
    endloop
  endfacet
  facet normal -0.751839826652126 -0.6593457932372825 0
    outer loop
      vertex 21.914213180541992 11.914213180541992 82
      vertex 22.086706161499023 11.717522621154785 79
      vertex 22.086706161499023 11.717522621154785 82
    endloop
  endfacet
  facet normal -0.8968713856043227 -0.44229143975910545 0
    outer loop
      vertex 22.347759246826172 11.265366554260254 79
      vertex 22.2320499420166 11.5 82
      vertex 22.2320499420166 11.5 79
    endloop
  endfacet
  facet normal -0.8968713856043227 -0.44229143975910545 0
    outer loop
      vertex 22.2320499420166 11.5 82
      vertex 22.347759246826172 11.265366554260254 79
      vertex 22.347759246826172 11.265366554260254 82
    endloop
  endfacet
  facet normal 0.8314710697872808 0.5555680517333541 0
    outer loop
      vertex 18.913291931152344 9.282476425170898 82
      vertex 18.767948150634766 9.5 79
      vertex 18.767948150634766 9.5 82
    endloop
  endfacet
  facet normal 0.8314710697872808 0.5555680517333541 0
    outer loop
      vertex 18.767948150634766 9.5 79
      vertex 18.913291931152344 9.282476425170898 82
      vertex 18.913291931152344 9.282476425170898 79
    endloop
  endfacet
  facet normal -0.980784703926618 0.19509322013739036 0
    outer loop
      vertex 22.43185043334961 9.982361793518066 79
      vertex 22.48288917541504 10.238946914672852 82
      vertex 22.48288917541504 10.238946914672852 79
    endloop
  endfacet
  facet normal -0.980784703926618 0.19509322013739036 0
    outer loop
      vertex 22.48288917541504 10.238946914672852 82
      vertex 22.43185043334961 9.982361793518066 79
      vertex 22.43185043334961 9.982361793518066 82
    endloop
  endfacet
  facet normal 0.06540140781210511 0.9978590360648115 0
    outer loop
      vertex 20.5 8.5 79
      vertex 20.23894691467285 8.517109870910645 82
      vertex 20.5 8.5 82
    endloop
  endfacet
  facet normal 0.06540140781210511 0.9978590360648115 0
    outer loop
      vertex 20.23894691467285 8.517109870910645 82
      vertex 20.5 8.5 79
      vertex 20.23894691467285 8.517109870910645 79
    endloop
  endfacet
  facet normal 0.1950890159974446 0.9807855401855946 0
    outer loop
      vertex 20.23894691467285 8.517109870910645 79
      vertex 19.98236083984375 8.568147659301758 82
      vertex 20.23894691467285 8.517109870910645 82
    endloop
  endfacet
  facet normal 0.1950890159974446 0.9807855401855946 0
    outer loop
      vertex 19.98236083984375 8.568147659301758 82
      vertex 20.23894691467285 8.517109870910645 79
      vertex 19.98236083984375 8.568147659301758 79
    endloop
  endfacet
  facet normal 0.9469297485156343 -0.32144058763030764 0
    outer loop
      vertex 18.568147659301758 11.017637252807617 82
      vertex 18.652240753173828 11.265366554260254 79
      vertex 18.652240753173828 11.265366554260254 82
    endloop
  endfacet
  facet normal 0.9469297485156343 -0.32144058763030764 0
    outer loop
      vertex 18.652240753173828 11.265366554260254 79
      vertex 18.568147659301758 11.017637252807617 82
      vertex 18.568147659301758 11.017637252807617 79
    endloop
  endfacet
  facet normal -0.06540551341072687 -0.9978587669682916 0
    outer loop
      vertex 20.5 12.5 79
      vertex 20.761051177978516 12.482889175415039 82
      vertex 20.5 12.5 82
    endloop
  endfacet
  facet normal -0.06540551341072687 -0.9978587669682916 0
    outer loop
      vertex 20.761051177978516 12.482889175415039 82
      vertex 20.5 12.5 79
      vertex 20.761051177978516 12.482889175415039 79
    endloop
  endfacet
  facet normal -0.4422870614774873 0.8968735447372777 0
    outer loop
      vertex 21.5 8.767949104309082 79
      vertex 21.265365600585938 8.652240753173828 82
      vertex 21.5 8.767949104309082 82
    endloop
  endfacet
  facet normal -0.4422870614774873 0.8968735447372777 0
    outer loop
      vertex 21.265365600585938 8.652240753173828 82
      vertex 21.5 8.767949104309082 79
      vertex 21.265365600585938 8.652240753173828 79
    endloop
  endfacet
  facet normal -0.5555714196190613 0.8314688194409101 0
    outer loop
      vertex 21.71752166748047 8.91329288482666 79
      vertex 21.5 8.767949104309082 82
      vertex 21.71752166748047 8.91329288482666 82
    endloop
  endfacet
  facet normal -0.5555714196190613 0.8314688194409101 0
    outer loop
      vertex 21.5 8.767949104309082 82
      vertex 21.71752166748047 8.91329288482666 79
      vertex 21.5 8.767949104309082 79
    endloop
  endfacet
  facet normal 0.980784703926618 0.19509322013739036 0
    outer loop
      vertex 18.568147659301758 9.982361793518066 82
      vertex 18.517108917236328 10.238946914672852 79
      vertex 18.517108917236328 10.238946914672852 82
    endloop
  endfacet
  facet normal 0.980784703926618 0.19509322013739036 0
    outer loop
      vertex 18.517108917236328 10.238946914672852 79
      vertex 18.568147659301758 9.982361793518066 82
      vertex 18.568147659301758 9.982361793518066 79
    endloop
  endfacet
  facet normal 0.9469297485156343 0.32144058763030764 0
    outer loop
      vertex 18.652240753173828 9.73463249206543 82
      vertex 18.568147659301758 9.982361793518066 79
      vertex 18.568147659301758 9.982361793518066 82
    endloop
  endfacet
  facet normal 0.9469297485156343 0.32144058763030764 0
    outer loop
      vertex 18.568147659301758 9.982361793518066 79
      vertex 18.652240753173828 9.73463249206543 82
      vertex 18.652240753173828 9.73463249206543 79
    endloop
  endfacet
  facet normal 0.8968735645677046 0.4422870212651728 0
    outer loop
      vertex 18.767948150634766 9.5 82
      vertex 18.652240753173828 9.73463249206543 79
      vertex 18.652240753173828 9.73463249206543 82
    endloop
  endfacet
  facet normal 0.8968735645677046 0.4422870212651728 0
    outer loop
      vertex 18.652240753173828 9.73463249206543 79
      vertex 18.767948150634766 9.5 82
      vertex 18.767948150634766 9.5 79
    endloop
  endfacet
  facet normal -0.751839826652126 0.6593457932372825 0
    outer loop
      vertex 21.914213180541992 9.085785865783691 79
      vertex 22.086706161499023 9.282476425170898 82
      vertex 22.086706161499023 9.282476425170898 79
    endloop
  endfacet
  facet normal -0.751839826652126 0.6593457932372825 0
    outer loop
      vertex 22.086706161499023 9.282476425170898 82
      vertex 21.914213180541992 9.085785865783691 79
      vertex 21.914213180541992 9.085785865783691 82
    endloop
  endfacet
  facet normal 0.1950890159974446 -0.9807855401855946 0
    outer loop
      vertex 19.98236083984375 12.431851387023926 79
      vertex 20.23894691467285 12.482889175415039 82
      vertex 19.98236083984375 12.431851387023926 82
    endloop
  endfacet
  facet normal 0.1950890159974446 -0.9807855401855946 0
    outer loop
      vertex 20.23894691467285 12.482889175415039 82
      vertex 19.98236083984375 12.431851387023926 79
      vertex 20.23894691467285 12.482889175415039 79
    endloop
  endfacet
  facet normal -0.4422870614774873 -0.8968735447372777 0
    outer loop
      vertex 21.265365600585938 12.347758293151855 79
      vertex 21.5 12.232049942016602 82
      vertex 21.265365600585938 12.347758293151855 82
    endloop
  endfacet
  facet normal -0.4422870614774873 -0.8968735447372777 0
    outer loop
      vertex 21.5 12.232049942016602 82
      vertex 21.265365600585938 12.347758293151855 79
      vertex 21.5 12.232049942016602 79
    endloop
  endfacet
  facet normal 0.5555680517333541 0.8314710697872808 0
    outer loop
      vertex 19.5 8.767949104309082 79
      vertex 19.2824764251709 8.91329288482666 82
      vertex 19.5 8.767949104309082 82
    endloop
  endfacet
  facet normal 0.5555680517333541 0.8314710697872808 0
    outer loop
      vertex 19.2824764251709 8.91329288482666 82
      vertex 19.5 8.767949104309082 79
      vertex 19.2824764251709 8.91329288482666 79
    endloop
  endfacet
  facet normal 0.5555680517333541 -0.8314710697872808 0
    outer loop
      vertex 19.2824764251709 12.086706161499023 79
      vertex 19.5 12.232049942016602 82
      vertex 19.2824764251709 12.086706161499023 82
    endloop
  endfacet
  facet normal 0.5555680517333541 -0.8314710697872808 0
    outer loop
      vertex 19.5 12.232049942016602 82
      vertex 19.2824764251709 12.086706161499023 79
      vertex 19.5 12.232049942016602 79
    endloop
  endfacet
  facet normal 0.8968742776660317 -0.44228557523508943 0
    outer loop
      vertex 18.652240753173828 11.265366554260254 82
      vertex 18.767948150634766 11.5 79
      vertex 18.767948150634766 11.5 82
    endloop
  endfacet
  facet normal 0.8968742776660317 -0.44228557523508943 0
    outer loop
      vertex 18.767948150634766 11.5 79
      vertex 18.652240753173828 11.265366554260254 82
      vertex 18.652240753173828 11.265366554260254 79
    endloop
  endfacet
endsolid OpenSCAD_Model
