solid OpenSCAD_Model
  facet normal 0 0 1
    outer loop
      vertex 31.04903793334961 -5.75 4
      vertex 36.75 -11 4
      vertex 59.5 0 4
    endloop
  endfacet
  facet normal 0 0 1
    outer loop
      vertex 31.25 -9 4
      vertex 36.75 -11 4
      vertex 31.25 -6.5 4
    endloop
  endfacet
  facet normal 0 0 1
    outer loop
      vertex 36.75 -11 4
      vertex 31.19888687133789 -6.1117706298828125 4
      vertex 31.25 -6.5 4
    endloop
  endfacet
  facet normal 0 0 1
    outer loop
      vertex 36.75 -11 4
      vertex 31.04903793334961 -5.75 4
      vertex 31.19888687133789 -6.1117706298828125 4
    endloop
  endfacet
  facet normal 0 0 1
    outer loop
      vertex 59.5 0 4
      vertex 30.810659408569336 -5.439339637756348 4
      vertex 31.04903793334961 -5.75 4
    endloop
  endfacet
  facet normal 0 0 1
    outer loop
      vertex 59.5 0 4
      vertex 30.5 -5.200961112976074 4
      vertex 30.810659408569336 -5.439339637756348 4
    endloop
  endfacet
  facet normal 0 0 1
    outer loop
      vertex 59.5 0 4
      vertex 30.138229370117188 -5.051111221313477 4
      vertex 30.5 -5.200961112976074 4
    endloop
  endfacet
  facet normal 0 0 1
    outer loop
      vertex 59.5 0 4
      vertex 29.75 -5 4
      vertex 30.138229370117188 -5.051111221313477 4
    endloop
  endfacet
  facet normal 0 0 1
    outer loop
      vertex 0 0 4
      vertex 29.75 -5 4
      vertex 59.5 0 4
    endloop
  endfacet
  facet normal 0 0 1
    outer loop
      vertex 22.75 -11 4
      vertex 28.25 -9 4
      vertex 28.25 -6.5 4
    endloop
  endfacet
  facet normal 0 0 1
    outer loop
      vertex 22.75 -11 4
      vertex 28.25 -6.5 4
      vertex 28.301111221313477 -6.1117706298828125 4
    endloop
  endfacet
  facet normal 0 0 1
    outer loop
      vertex 28.25 -9 4
      vertex 22.75 -11 4
      vertex 26.91666603088379 -11 4
    endloop
  endfacet
  facet normal 0 0 1
    outer loop
      vertex 28.45096206665039 -5.75 4
      vertex 22.75 -11 4
      vertex 28.301111221313477 -6.1117706298828125 4
    endloop
  endfacet
  facet normal 0 0 1
    outer loop
      vertex 0 0 4
      vertex 28.45096206665039 -5.75 4
      vertex 28.68933868408203 -5.439339637756348 4
    endloop
  endfacet
  facet normal 0 0 1
    outer loop
      vertex 28.45096206665039 -5.75 4
      vertex 0 0 4
      vertex 22.75 -11 4
    endloop
  endfacet
  facet normal 0 0 1
    outer loop
      vertex 29 -5.200961112976074 4
      vertex 0 0 4
      vertex 28.68933868408203 -5.439339637756348 4
    endloop
  endfacet
  facet normal 0 0 1
    outer loop
      vertex 29.361770629882812 -5.051111221313477 4
      vertex 0 0 4
      vertex 29 -5.200961112976074 4
    endloop
  endfacet
  facet normal 0 0 1
    outer loop
      vertex 29.75 -5 4
      vertex 0 0 4
      vertex 29.361770629882812 -5.051111221313477 4
    endloop
  endfacet
  facet normal 0 0 1
    outer loop
      vertex 36.75 -11 4
      vertex 31.25 -9 4
      vertex 32.58333206176758 -11 4
    endloop
  endfacet
  facet normal 0 -1 0
    outer loop
      vertex 0 0 4
      vertex 59.5 0 32.79999923706055
      vertex 0 0 32.79999923706055
    endloop
  endfacet
  facet normal 0 -1 0
    outer loop
      vertex 59.5 0 32.79999923706055
      vertex 0 0 4
      vertex 59.5 0 4
    endloop
  endfacet
  facet normal 0 1 0
    outer loop
      vertex 0.01710987091064453 0 1.738947868347168
      vertex 0 0 0
      vertex 0 0 2
    endloop
  endfacet
  facet normal 0 1 0
    outer loop
      vertex 0.06814765930175781 0 1.4823627471923828
      vertex 0 0 0
      vertex 0.01710987091064453 0 1.738947868347168
    endloop
  endfacet
  facet normal 0 1 0
    outer loop
      vertex 0.15224075317382812 0 1.234633445739746
      vertex 0 0 0
      vertex 0.06814765930175781 0 1.4823627471923828
    endloop
  endfacet
  facet normal 0 1 0
    outer loop
      vertex 0.26794910430908203 0 1
      vertex 0 0 0
      vertex 0.15224075317382812 0 1.234633445739746
    endloop
  endfacet
  facet normal 0 1 0
    outer loop
      vertex 0.41329288482666016 0 0.7824773788452148
      vertex 0 0 0
      vertex 0.26794910430908203 0 1
    endloop
  endfacet
  facet normal 0 1 0
    outer loop
      vertex 0.5857858657836914 0 0.5857868194580078
      vertex 0 0 0
      vertex 0.41329288482666016 0 0.7824773788452148
    endloop
  endfacet
  facet normal 0 1 0
    outer loop
      vertex 0.7824764251708984 0 0.41329383850097656
      vertex 0 0 0
      vertex 0.5857858657836914 0 0.5857868194580078
    endloop
  endfacet
  facet normal 0 1 0
    outer loop
      vertex 1 0 0.26795005798339844
      vertex 0 0 0
      vertex 0.7824764251708984 0 0.41329383850097656
    endloop
  endfacet
  facet normal 0 1 0
    outer loop
      vertex 1.2346324920654297 0 0.15224170684814453
      vertex 0 0 0
      vertex 1 0 0.26795005798339844
    endloop
  endfacet
  facet normal 0 1 0
    outer loop
      vertex 1.4823617935180664 0 0.06814861297607422
      vertex 0 0 0
      vertex 1.2346324920654297 0 0.15224170684814453
    endloop
  endfacet
  facet normal 0 1 0
    outer loop
      vertex 1.7389469146728516 0 0.017110824584960938
      vertex 0 0 0
      vertex 1.4823617935180664 0 0.06814861297607422
    endloop
  endfacet
  facet normal 0 1 0
    outer loop
      vertex 0 0 0
      vertex 1.7389469146728516 0 0.017110824584960938
      vertex 2 0 0
    endloop
  endfacet
  facet normal 0 1 0
    outer loop
      vertex 59.5 0 0
      vertex 59.482887268066406 0 1.738947868347168
      vertex 59.5 0 2
    endloop
  endfacet
  facet normal 0 1 0
    outer loop
      vertex 59.5 0 0
      vertex 59.43185043334961 0 1.4823627471923828
      vertex 59.482887268066406 0 1.738947868347168
    endloop
  endfacet
  facet normal 0 1 0
    outer loop
      vertex 59.5 0 0
      vertex 59.34775924682617 0 1.234633445739746
      vertex 59.43185043334961 0 1.4823627471923828
    endloop
  endfacet
  facet normal 0 1 0
    outer loop
      vertex 59.5 0 0
      vertex 59.23204803466797 0 1
      vertex 59.34775924682617 0 1.234633445739746
    endloop
  endfacet
  facet normal 0 1 0
    outer loop
      vertex 59.5 0 0
      vertex 59.086708068847656 0 0.7824773788452148
      vertex 59.23204803466797 0 1
    endloop
  endfacet
  facet normal 0 1 0
    outer loop
      vertex 59.5 0 0
      vertex 58.914215087890625 0 0.5857868194580078
      vertex 59.086708068847656 0 0.7824773788452148
    endloop
  endfacet
  facet normal 0 1 0
    outer loop
      vertex 59.5 0 0
      vertex 58.71752166748047 0 0.41329383850097656
      vertex 58.914215087890625 0 0.5857868194580078
    endloop
  endfacet
  facet normal 0 1 0
    outer loop
      vertex 59.5 0 0
      vertex 58.5 0 0.26795005798339844
      vertex 58.71752166748047 0 0.41329383850097656
    endloop
  endfacet
  facet normal 0 1 0
    outer loop
      vertex 59.5 0 0
      vertex 58.26536560058594 0 0.15224170684814453
      vertex 58.5 0 0.26795005798339844
    endloop
  endfacet
  facet normal 0 1 0
    outer loop
      vertex 59.5 0 0
      vertex 58.01763916015625 0 0.06814861297607422
      vertex 58.26536560058594 0 0.15224170684814453
    endloop
  endfacet
  facet normal 0 1 0
    outer loop
      vertex 59.5 0 0
      vertex 57.761051177978516 0 0.017110824584960938
      vertex 58.01763916015625 0 0.06814861297607422
    endloop
  endfacet
  facet normal 0 1 0
    outer loop
      vertex 57.761051177978516 0 0.017110824584960938
      vertex 59.5 0 0
      vertex 57.5 0 0
    endloop
  endfacet
  facet normal 0 -1 0
    outer loop
      vertex 0 0 120.5
      vertex 2 0 122.5
      vertex 1.7389469146728516 0 122.4828872680664
    endloop
  endfacet
  facet normal 0 -1 0
    outer loop
      vertex 2 0 122.5
      vertex 0 0 87.25
      vertex 57.5 0 122.5
    endloop
  endfacet
  facet normal 0 -1 0
    outer loop
      vertex 0 0 120.5
      vertex 1.7389469146728516 0 122.4828872680664
      vertex 1.4823617935180664 0 122.43185424804688
    endloop
  endfacet
  facet normal 0 -1 0
    outer loop
      vertex 59.5 0 87.25
      vertex 57.5 0 122.5
      vertex 0 0 87.25
    endloop
  endfacet
  facet normal 0 -1 0
    outer loop
      vertex 0 0 120.5
      vertex 1.4823617935180664 0 122.43185424804688
      vertex 1.2346324920654297 0 122.34776306152344
    endloop
  endfacet
  facet normal 0 -1 0
    outer loop
      vertex 59.5 0 120.5
      vertex 57.5 0 122.5
      vertex 59.5 0 87.25
    endloop
  endfacet
  facet normal 0 -1 0
    outer loop
      vertex 0 0 120.5
      vertex 1.2346324920654297 0 122.34776306152344
      vertex 1 0 122.23204803466797
    endloop
  endfacet
  facet normal 0 -1 0
    outer loop
      vertex 2 0 122.5
      vertex 0 0 120.5
      vertex 0 0 87.25
    endloop
  endfacet
  facet normal 0 -1 0
    outer loop
      vertex 0 0 120.5
      vertex 1 0 122.23204803466797
      vertex 0.7824764251708984 0 122.08670806884766
    endloop
  endfacet
  facet normal 0 -1 0
    outer loop
      vertex 57.5 0 122.5
      vertex 59.5 0 120.5
      vertex 57.761051177978516 0 122.4828872680664
    endloop
  endfacet
  facet normal 0 -1 0
    outer loop
      vertex 0 0 120.5
      vertex 0.7824764251708984 0 122.08670806884766
      vertex 0.5857858657836914 0 121.91421508789062
    endloop
  endfacet
  facet normal 0 -1 0
    outer loop
      vertex 58.26536560058594 0 122.34776306152344
      vertex 59.5 0 120.5
      vertex 58.5 0 122.23204803466797
    endloop
  endfacet
  facet normal 0 -1 0
    outer loop
      vertex 0 0 120.5
      vertex 0.5857858657836914 0 121.91421508789062
      vertex 0.41329288482666016 0 121.71752166748047
    endloop
  endfacet
  facet normal 0 -1 0
    outer loop
      vertex 58.5 0 122.23204803466797
      vertex 59.5 0 120.5
      vertex 58.71752166748047 0 122.08670806884766
    endloop
  endfacet
  facet normal 0 -1 0
    outer loop
      vertex 0 0 120.5
      vertex 0.41329288482666016 0 121.71752166748047
      vertex 0.26794910430908203 0 121.5
    endloop
  endfacet
  facet normal 0 -1 0
    outer loop
      vertex 58.71752166748047 0 122.08670806884766
      vertex 59.5 0 120.5
      vertex 58.914215087890625 0 121.91421508789062
    endloop
  endfacet
  facet normal 0 -1 0
    outer loop
      vertex 0 0 120.5
      vertex 0.26794910430908203 0 121.5
      vertex 0.15224075317382812 0 121.26536560058594
    endloop
  endfacet
  facet normal 0 -1 0
    outer loop
      vertex 58.914215087890625 0 121.91421508789062
      vertex 59.5 0 120.5
      vertex 59.086708068847656 0 121.71752166748047
    endloop
  endfacet
  facet normal 0 -1 0
    outer loop
      vertex 0 0 120.5
      vertex 0.15224075317382812 0 121.26536560058594
      vertex 0.06814765930175781 0 121.01763916015625
    endloop
  endfacet
  facet normal 0 -1 0
    outer loop
      vertex 59.086708068847656 0 121.71752166748047
      vertex 59.5 0 120.5
      vertex 59.23204803466797 0 121.5
    endloop
  endfacet
  facet normal 0 -1 0
    outer loop
      vertex 0 0 120.5
      vertex 0.06814765930175781 0 121.01763916015625
      vertex 0.01710987091064453 0 120.76105499267578
    endloop
  endfacet
  facet normal 0 -1 0
    outer loop
      vertex 59.23204803466797 0 121.5
      vertex 59.5 0 120.5
      vertex 59.34775924682617 0 121.26536560058594
    endloop
  endfacet
  facet normal 0 -1 0
    outer loop
      vertex 59.34775924682617 0 121.26536560058594
      vertex 59.5 0 120.5
      vertex 59.43185043334961 0 121.01763916015625
    endloop
  endfacet
  facet normal 0 -1 0
    outer loop
      vertex 59.43185043334961 0 121.01763916015625
      vertex 59.5 0 120.5
      vertex 59.482887268066406 0 120.76105499267578
    endloop
  endfacet
  facet normal 0 -1 0
    outer loop
      vertex 57.761051177978516 0 122.4828872680664
      vertex 59.5 0 120.5
      vertex 58.01763916015625 0 122.43185424804688
    endloop
  endfacet
  facet normal 0 -1 0
    outer loop
      vertex 58.01763916015625 0 122.43185424804688
      vertex 59.5 0 120.5
      vertex 58.26536560058594 0 122.34776306152344
    endloop
  endfacet
  facet normal 0 -1 0
    outer loop
      vertex 0 0 35.79999923706055
      vertex 59.5 0 84.25
      vertex 0 0 84.25
    endloop
  endfacet
  facet normal 0 -1 0
    outer loop
      vertex 59.5 0 84.25
      vertex 0 0 35.79999923706055
      vertex 59.5 0 35.79999923706055
    endloop
  endfacet
  facet normal 0 -1 0
    outer loop
      vertex 22.75 -11 0
      vertex 26.91666603088379 -11 4
      vertex 22.75 -11 4
    endloop
  endfacet
  facet normal 0 -1 0
    outer loop
      vertex 26.91666603088379 -11 4
      vertex 22.75 -11 0
      vertex 26.91666603088379 -11 0
    endloop
  endfacet
  facet normal 0 -1 0
    outer loop
      vertex 32.58333206176758 -11 0
      vertex 36.75 -11 4
      vertex 32.58333206176758 -11 4
    endloop
  endfacet
  facet normal 0 -1 0
    outer loop
      vertex 36.75 -11 4
      vertex 32.58333206176758 -11 0
      vertex 36.75 -11 0
    endloop
  endfacet
  facet normal 0 0 -1
    outer loop
      vertex 22.75 -11 0
      vertex 28.25 -9 0
      vertex 26.91666603088379 -11 0
    endloop
  endfacet
  facet normal 0 0 -1
    outer loop
      vertex 57.5 0 0
      vertex 56.5 3 0
      vertex 57.5 29 0
    endloop
  endfacet
  facet normal 0 0 -1
    outer loop
      vertex 36.75 -11 0
      vertex 57.5 0 0
      vertex 59.5 0 0
    endloop
  endfacet
  facet normal 0 0 -1
    outer loop
      vertex 36.75 -11 0
      vertex 56.5 3 0
      vertex 57.5 0 0
    endloop
  endfacet
  facet normal 0 0 -1
    outer loop
      vertex 31.25 -9 0
      vertex 36.75 -11 0
      vertex 32.58333206176758 -11 0
    endloop
  endfacet
  facet normal 0 0 -1
    outer loop
      vertex 36.75 -11 0
      vertex 31.25 -9 0
      vertex 31.25 -6.5 0
    endloop
  endfacet
  facet normal 0 0 -1
    outer loop
      vertex 31.19888687133789 -6.1117706298828125 0
      vertex 36.75 -11 0
      vertex 31.25 -6.5 0
    endloop
  endfacet
  facet normal 0 0 -1
    outer loop
      vertex 31.04903793334961 -5.75 0
      vertex 36.75 -11 0
      vertex 31.19888687133789 -6.1117706298828125 0
    endloop
  endfacet
  facet normal 0 0 -1
    outer loop
      vertex 36.75 -11 0
      vertex 31.04903793334961 -5.75 0
      vertex 56.5 3 0
    endloop
  endfacet
  facet normal 0 0 -1
    outer loop
      vertex 30.810659408569336 -5.439339637756348 0
      vertex 56.5 3 0
      vertex 31.04903793334961 -5.75 0
    endloop
  endfacet
  facet normal 0 0 -1
    outer loop
      vertex 30.5 -5.200961112976074 0
      vertex 56.5 3 0
      vertex 30.810659408569336 -5.439339637756348 0
    endloop
  endfacet
  facet normal 0 0 -1
    outer loop
      vertex 30.138229370117188 -5.051111221313477 0
      vertex 56.5 3 0
      vertex 30.5 -5.200961112976074 0
    endloop
  endfacet
  facet normal 0 0 -1
    outer loop
      vertex 29.75 -5 0
      vertex 56.5 3 0
      vertex 30.138229370117188 -5.051111221313477 0
    endloop
  endfacet
  facet normal 0 0 -1
    outer loop
      vertex 3 3 0
      vertex 29.75 -5 0
      vertex 29.361770629882812 -5.051111221313477 0
    endloop
  endfacet
  facet normal 0 0 -1
    outer loop
      vertex 28.25 -9 0
      vertex 22.75 -11 0
      vertex 28.25 -6.5 0
    endloop
  endfacet
  facet normal 0 0 -1
    outer loop
      vertex 28.25 -6.5 0
      vertex 22.75 -11 0
      vertex 28.301111221313477 -6.1117706298828125 0
    endloop
  endfacet
  facet normal 0 0 -1
    outer loop
      vertex 22.75 -11 0
      vertex 28.45096206665039 -5.75 0
      vertex 28.301111221313477 -6.1117706298828125 0
    endloop
  endfacet
  facet normal 0 0 -1
    outer loop
      vertex 3 3 0
      vertex 28.45096206665039 -5.75 0
      vertex 22.75 -11 0
    endloop
  endfacet
  facet normal 0 0 -1
    outer loop
      vertex 29.75 -5 0
      vertex 3 3 0
      vertex 56.5 3 0
    endloop
  endfacet
  facet normal 0 0 -1
    outer loop
      vertex 29 -5.200961112976074 0
      vertex 3 3 0
      vertex 29.361770629882812 -5.051111221313477 0
    endloop
  endfacet
  facet normal 0 0 -1
    outer loop
      vertex 28.68933868408203 -5.439339637756348 0
      vertex 3 3 0
      vertex 29 -5.200961112976074 0
    endloop
  endfacet
  facet normal 0 0 -1
    outer loop
      vertex 28.45096206665039 -5.75 0
      vertex 3 3 0
      vertex 28.68933868408203 -5.439339637756348 0
    endloop
  endfacet
  facet normal 0 0 -1
    outer loop
      vertex 2 29 0
      vertex 3 3 0
      vertex 2 0 0
    endloop
  endfacet
  facet normal 0 0 -1
    outer loop
      vertex 22.75 -11 0
      vertex 2 0 0
      vertex 3 3 0
    endloop
  endfacet
  facet normal 0 0 -1
    outer loop
      vertex 2 0 0
      vertex 22.75 -11 0
      vertex 0 0 0
    endloop
  endfacet
  facet normal 0 0 -1
    outer loop
      vertex 57.5 29 0
      vertex 56.5 3 0
      vertex 56.5 29 0
    endloop
  endfacet
  facet normal 0 0 -1
    outer loop
      vertex 3 3 0
      vertex 2 29 0
      vertex 3 29 0
    endloop
  endfacet
  facet normal -0.4353023179988847 -0.9002843394976933 0
    outer loop
      vertex 0 0 2
      vertex 22.75 -11 4
      vertex 0 0 4
    endloop
  endfacet
  facet normal -0.4353023179988847 -0.9002843394976933 0
    outer loop
      vertex 22.75 -11 0
      vertex 0 0 2
      vertex 0 0 0
    endloop
  endfacet
  facet normal -0.4353023179988847 -0.9002843394976933 0
    outer loop
      vertex 0 0 2
      vertex 22.75 -11 0
      vertex 22.75 -11 4
    endloop
  endfacet
  facet normal 0.4353023179988847 -0.9002843394976933 0
    outer loop
      vertex 36.75 -11 4
      vertex 59.5 0 2
      vertex 59.5 0 4
    endloop
  endfacet
  facet normal 0.4353023179988847 -0.9002843394976933 0
    outer loop
      vertex 36.75 -11 0
      vertex 59.5 0 2
      vertex 36.75 -11 4
    endloop
  endfacet
  facet normal 0.4353023179988847 -0.9002843394976933 0
    outer loop
      vertex 59.5 0 2
      vertex 36.75 -11 0
      vertex 59.5 0 0
    endloop
  endfacet
  facet normal -1 0 0
    outer loop
      vertex 31.25 -9 0
      vertex 31.25 -6.5 4
      vertex 31.25 -6.5 0
    endloop
  endfacet
  facet normal -1 0 0
    outer loop
      vertex 31.25 -6.5 4
      vertex 31.25 -9 0
      vertex 31.25 -9 4
    endloop
  endfacet
  facet normal -0.9914442789083516 -0.13053061640817715 0
    outer loop
      vertex 31.25 -6.5 0
      vertex 31.19888687133789 -6.1117706298828125 4
      vertex 31.19888687133789 -6.1117706298828125 0
    endloop
  endfacet
  facet normal -0.9914442789083516 -0.13053061640817715 0
    outer loop
      vertex 31.19888687133789 -6.1117706298828125 4
      vertex 31.25 -6.5 0
      vertex 31.25 -6.5 4
    endloop
  endfacet
  facet normal -0.9238807634942465 -0.3826804604958137 0
    outer loop
      vertex 31.19888687133789 -6.1117706298828125 0
      vertex 31.04903793334961 -5.75 4
      vertex 31.04903793334961 -5.75 0
    endloop
  endfacet
  facet normal -0.9238807634942465 -0.3826804604958137 0
    outer loop
      vertex 31.04903793334961 -5.75 4
      vertex 31.19888687133789 -6.1117706298828125 0
      vertex 31.19888687133789 -6.1117706298828125 4
    endloop
  endfacet
  facet normal -0.7933527917664623 -0.6087621438594553 0
    outer loop
      vertex 31.04903793334961 -5.75 0
      vertex 30.810659408569336 -5.439339637756348 4
      vertex 30.810659408569336 -5.439339637756348 0
    endloop
  endfacet
  facet normal -0.7933527917664623 -0.6087621438594553 0
    outer loop
      vertex 30.810659408569336 -5.439339637756348 4
      vertex 31.04903793334961 -5.75 0
      vertex 31.04903793334961 -5.75 4
    endloop
  endfacet
  facet normal -0.6087633200973881 -0.793351889204283 0
    outer loop
      vertex 30.5 -5.200961112976074 0
      vertex 30.810659408569336 -5.439339637756348 4
      vertex 30.5 -5.200961112976074 4
    endloop
  endfacet
  facet normal -0.6087633200973881 -0.793351889204283 0
    outer loop
      vertex 30.810659408569336 -5.439339637756348 4
      vertex 30.5 -5.200961112976074 0
      vertex 30.810659408569336 -5.439339637756348 0
    endloop
  endfacet
  facet normal -0.38268253930174495 -0.9238799024297306 0
    outer loop
      vertex 30.138229370117188 -5.051111221313477 0
      vertex 30.5 -5.200961112976074 4
      vertex 30.138229370117188 -5.051111221313477 4
    endloop
  endfacet
  facet normal -0.38268253930174495 -0.9238799024297306 0
    outer loop
      vertex 30.5 -5.200961112976074 4
      vertex 30.138229370117188 -5.051111221313477 0
      vertex 30.5 -5.200961112976074 0
    endloop
  endfacet
  facet normal -0.13052582848644545 -0.9914449092601803 0
    outer loop
      vertex 29.75 -5 0
      vertex 30.138229370117188 -5.051111221313477 4
      vertex 29.75 -5 4
    endloop
  endfacet
  facet normal -0.13052582848644545 -0.9914449092601803 0
    outer loop
      vertex 30.138229370117188 -5.051111221313477 4
      vertex 29.75 -5 0
      vertex 30.138229370117188 -5.051111221313477 0
    endloop
  endfacet
  facet normal 0.13052582848644545 -0.9914449092601803 0
    outer loop
      vertex 29.361770629882812 -5.051111221313477 0
      vertex 29.75 -5 4
      vertex 29.361770629882812 -5.051111221313477 4
    endloop
  endfacet
  facet normal 0.13052582848644545 -0.9914449092601803 0
    outer loop
      vertex 29.75 -5 4
      vertex 29.361770629882812 -5.051111221313477 0
      vertex 29.75 -5 0
    endloop
  endfacet
  facet normal 0.38268253930174495 -0.9238799024297306 0
    outer loop
      vertex 29 -5.200961112976074 0
      vertex 29.361770629882812 -5.051111221313477 4
      vertex 29 -5.200961112976074 4
    endloop
  endfacet
  facet normal 0.38268253930174495 -0.9238799024297306 0
    outer loop
      vertex 29.361770629882812 -5.051111221313477 4
      vertex 29 -5.200961112976074 0
      vertex 29.361770629882812 -5.051111221313477 0
    endloop
  endfacet
  facet normal 0.6087609676247296 -0.7933536943234101 0
    outer loop
      vertex 28.68933868408203 -5.439339637756348 0
      vertex 29 -5.200961112976074 4
      vertex 28.68933868408203 -5.439339637756348 4
    endloop
  endfacet
  facet normal 0.6087609676247296 -0.7933536943234101 0
    outer loop
      vertex 29 -5.200961112976074 4
      vertex 28.68933868408203 -5.439339637756348 0
      vertex 29 -5.200961112976074 0
    endloop
  endfacet
  facet normal 0.7933551442401728 -0.6087590780494815 0
    outer loop
      vertex 28.45096206665039 -5.75 4
      vertex 28.68933868408203 -5.439339637756348 0
      vertex 28.68933868408203 -5.439339637756348 4
    endloop
  endfacet
  facet normal 0.7933551442401728 -0.6087590780494815 0
    outer loop
      vertex 28.68933868408203 -5.439339637756348 0
      vertex 28.45096206665039 -5.75 4
      vertex 28.45096206665039 -5.75 0
    endloop
  endfacet
  facet normal 0.9238790413621422 -0.3826846181018637 0
    outer loop
      vertex 28.301111221313477 -6.1117706298828125 4
      vertex 28.45096206665039 -5.75 0
      vertex 28.45096206665039 -5.75 4
    endloop
  endfacet
  facet normal 0.9238790413621422 -0.3826846181018637 0
    outer loop
      vertex 28.45096206665039 -5.75 0
      vertex 28.301111221313477 -6.1117706298828125 4
      vertex 28.301111221313477 -6.1117706298828125 0
    endloop
  endfacet
  facet normal 0.9914449092601803 -0.13052582848644545 0
    outer loop
      vertex 28.25 -6.5 4
      vertex 28.301111221313477 -6.1117706298828125 0
      vertex 28.301111221313477 -6.1117706298828125 4
    endloop
  endfacet
  facet normal 0.9914449092601803 -0.13052582848644545 0
    outer loop
      vertex 28.301111221313477 -6.1117706298828125 0
      vertex 28.25 -6.5 4
      vertex 28.25 -6.5 0
    endloop
  endfacet
  facet normal 1 0 0
    outer loop
      vertex 28.25 -9 4
      vertex 28.25 -6.5 0
      vertex 28.25 -6.5 4
    endloop
  endfacet
  facet normal 1 0 0
    outer loop
      vertex 28.25 -6.5 0
      vertex 28.25 -9 4
      vertex 28.25 -9 0
    endloop
  endfacet
  facet normal 0.8320501722601498 -0.5547003793417262 0
    outer loop
      vertex 26.91666603088379 -11 4
      vertex 28.25 -9 0
      vertex 28.25 -9 4
    endloop
  endfacet
  facet normal 0.8320501722601498 -0.5547003793417262 0
    outer loop
      vertex 28.25 -9 0
      vertex 26.91666603088379 -11 4
      vertex 26.91666603088379 -11 0
    endloop
  endfacet
  facet normal -0.8320505384932181 -0.5546998299919931 0
    outer loop
      vertex 32.58333206176758 -11 0
      vertex 31.25 -9 4
      vertex 31.25 -9 0
    endloop
  endfacet
  facet normal -0.8320505384932181 -0.5546998299919931 0
    outer loop
      vertex 31.25 -9 4
      vertex 32.58333206176758 -11 0
      vertex 32.58333206176758 -11 4
    endloop
  endfacet
  facet normal 0.5555714196190613 0 -0.8314688194409101
    outer loop
      vertex 58.5 0 0.26795005798339844
      vertex 58.71752166748047 29 0.41329383850097656
      vertex 58.71752166748047 0 0.41329383850097656
    endloop
  endfacet
  facet normal 0.5555714196190613 0 -0.8314688194409101
    outer loop
      vertex 58.71752166748047 29 0.41329383850097656
      vertex 58.5 0 0.26795005798339844
      vertex 58.5 29 0.26795005798339844
    endloop
  endfacet
  facet normal -0.9978590204722662 0 -0.06540164571422856
    outer loop
      vertex 0.01710987091064453 0 1.738947868347168
      vertex 0 29 2
      vertex 0.01710987091064453 29 1.738947868347168
    endloop
  endfacet
  facet normal -0.9978590204722662 0 -0.06540164571422856
    outer loop
      vertex 0 29 2
      vertex 0.01710987091064453 0 1.738947868347168
      vertex 0 0 2
    endloop
  endfacet
  facet normal 0.9469319676599184 0 -0.3214340501933723
    outer loop
      vertex 59.43185043334961 0 1.4823627471923828
      vertex 59.34775924682617 29 1.234633445739746
      vertex 59.43185043334961 29 1.4823627471923828
    endloop
  endfacet
  facet normal 0.9469319676599184 0 -0.3214340501933723
    outer loop
      vertex 59.34775924682617 29 1.234633445739746
      vertex 59.43185043334961 0 1.4823627471923828
      vertex 59.34775924682617 0 1.234633445739746
    endloop
  endfacet
  facet normal 0 0 1
    outer loop
      vertex 31.73288917541504 15.738946914672852 122.5
      vertex 57.5 29 122.5
      vertex 31.75 16 122.5
    endloop
  endfacet
  facet normal 0 0 1
    outer loop
      vertex 57.5 29 122.5
      vertex 31.73288917541504 16.261051177978516 122.5
      vertex 31.75 16 122.5
    endloop
  endfacet
  facet normal 0 0 1
    outer loop
      vertex 57.5 29 122.5
      vertex 31.68185043334961 16.517637252807617 122.5
      vertex 31.73288917541504 16.261051177978516 122.5
    endloop
  endfacet
  facet normal 0 0 1
    outer loop
      vertex 57.5 29 122.5
      vertex 31.597759246826172 16.765365600585938 122.5
      vertex 31.68185043334961 16.517637252807617 122.5
    endloop
  endfacet
  facet normal 0 0 1
    outer loop
      vertex 57.5 29 122.5
      vertex 31.4820499420166 17 122.5
      vertex 31.597759246826172 16.765365600585938 122.5
    endloop
  endfacet
  facet normal 0 0 1
    outer loop
      vertex 57.5 29 122.5
      vertex 31.336706161499023 17.21752166748047 122.5
      vertex 31.4820499420166 17 122.5
    endloop
  endfacet
  facet normal 0 0 1
    outer loop
      vertex 57.5 29 122.5
      vertex 31.164213180541992 17.414213180541992 122.5
      vertex 31.336706161499023 17.21752166748047 122.5
    endloop
  endfacet
  facet normal 0 0 1
    outer loop
      vertex 57.5 29 122.5
      vertex 30.96752166748047 17.586706161499023 122.5
      vertex 31.164213180541992 17.414213180541992 122.5
    endloop
  endfacet
  facet normal 0 0 1
    outer loop
      vertex 57.5 29 122.5
      vertex 30.75 17.7320499420166 122.5
      vertex 30.96752166748047 17.586706161499023 122.5
    endloop
  endfacet
  facet normal 0 0 1
    outer loop
      vertex 57.5 29 122.5
      vertex 30.515365600585938 17.847759246826172 122.5
      vertex 30.75 17.7320499420166 122.5
    endloop
  endfacet
  facet normal 0 0 1
    outer loop
      vertex 57.5 29 122.5
      vertex 30.267637252807617 17.93185043334961 122.5
      vertex 30.515365600585938 17.847759246826172 122.5
    endloop
  endfacet
  facet normal 0 0 1
    outer loop
      vertex 57.5 29 122.5
      vertex 30.011051177978516 17.98288917541504 122.5
      vertex 30.267637252807617 17.93185043334961 122.5
    endloop
  endfacet
  facet normal 0 0 1
    outer loop
      vertex 57.5 29 122.5
      vertex 29.75 18 122.5
      vertex 30.011051177978516 17.98288917541504 122.5
    endloop
  endfacet
  facet normal 0 0 1
    outer loop
      vertex 2 29 122.5
      vertex 29.75 18 122.5
      vertex 57.5 29 122.5
    endloop
  endfacet
  facet normal 0 0 1
    outer loop
      vertex 29.75 18 122.5
      vertex 2 29 122.5
      vertex 29.48894691467285 17.98288917541504 122.5
    endloop
  endfacet
  facet normal 0 0 1
    outer loop
      vertex 29.48894691467285 17.98288917541504 122.5
      vertex 2 29 122.5
      vertex 29.23236083984375 17.93185043334961 122.5
    endloop
  endfacet
  facet normal 0 0 1
    outer loop
      vertex 27.767108917236328 16.261051177978516 122.5
      vertex 2 29 122.5
      vertex 27.75 16 122.5
    endloop
  endfacet
  facet normal 0 0 1
    outer loop
      vertex 27.818147659301758 16.517637252807617 122.5
      vertex 2 29 122.5
      vertex 27.767108917236328 16.261051177978516 122.5
    endloop
  endfacet
  facet normal 0 0 1
    outer loop
      vertex 27.902240753173828 16.765365600585938 122.5
      vertex 2 29 122.5
      vertex 27.818147659301758 16.517637252807617 122.5
    endloop
  endfacet
  facet normal 0 0 1
    outer loop
      vertex 28.017948150634766 17 122.5
      vertex 2 29 122.5
      vertex 27.902240753173828 16.765365600585938 122.5
    endloop
  endfacet
  facet normal 0 0 1
    outer loop
      vertex 28.163291931152344 17.21752166748047 122.5
      vertex 2 29 122.5
      vertex 28.017948150634766 17 122.5
    endloop
  endfacet
  facet normal 0 0 1
    outer loop
      vertex 28.335784912109375 17.414213180541992 122.5
      vertex 2 29 122.5
      vertex 28.163291931152344 17.21752166748047 122.5
    endloop
  endfacet
  facet normal 0 0 1
    outer loop
      vertex 28.5324764251709 17.586706161499023 122.5
      vertex 2 29 122.5
      vertex 28.335784912109375 17.414213180541992 122.5
    endloop
  endfacet
  facet normal 0 0 1
    outer loop
      vertex 28.75 17.7320499420166 122.5
      vertex 2 29 122.5
      vertex 28.5324764251709 17.586706161499023 122.5
    endloop
  endfacet
  facet normal 0 0 1
    outer loop
      vertex 28.98463249206543 17.847759246826172 122.5
      vertex 2 29 122.5
      vertex 28.75 17.7320499420166 122.5
    endloop
  endfacet
  facet normal 0 0 1
    outer loop
      vertex 29.23236083984375 17.93185043334961 122.5
      vertex 2 29 122.5
      vertex 28.98463249206543 17.847759246826172 122.5
    endloop
  endfacet
  facet normal 0 0 1
    outer loop
      vertex 57.5 29 122.5
      vertex 31.73288917541504 15.738946914672852 122.5
      vertex 57.5 0 122.5
    endloop
  endfacet
  facet normal 0 0 1
    outer loop
      vertex 31.68185043334961 15.482361793518066 122.5
      vertex 57.5 0 122.5
      vertex 31.73288917541504 15.738946914672852 122.5
    endloop
  endfacet
  facet normal 0 0 1
    outer loop
      vertex 31.597759246826172 15.23463249206543 122.5
      vertex 57.5 0 122.5
      vertex 31.68185043334961 15.482361793518066 122.5
    endloop
  endfacet
  facet normal 0 0 1
    outer loop
      vertex 31.4820499420166 15 122.5
      vertex 57.5 0 122.5
      vertex 31.597759246826172 15.23463249206543 122.5
    endloop
  endfacet
  facet normal 0 0 1
    outer loop
      vertex 31.336706161499023 14.782476425170898 122.5
      vertex 57.5 0 122.5
      vertex 31.4820499420166 15 122.5
    endloop
  endfacet
  facet normal 0 0 1
    outer loop
      vertex 31.164213180541992 14.585785865783691 122.5
      vertex 57.5 0 122.5
      vertex 31.336706161499023 14.782476425170898 122.5
    endloop
  endfacet
  facet normal 0 0 1
    outer loop
      vertex 30.96752166748047 14.41329288482666 122.5
      vertex 57.5 0 122.5
      vertex 31.164213180541992 14.585785865783691 122.5
    endloop
  endfacet
  facet normal 0 0 1
    outer loop
      vertex 30.75 14.267949104309082 122.5
      vertex 57.5 0 122.5
      vertex 30.96752166748047 14.41329288482666 122.5
    endloop
  endfacet
  facet normal 0 0 1
    outer loop
      vertex 30.515365600585938 14.152240753173828 122.5
      vertex 57.5 0 122.5
      vertex 30.75 14.267949104309082 122.5
    endloop
  endfacet
  facet normal 0 0 1
    outer loop
      vertex 30.267637252807617 14.068147659301758 122.5
      vertex 57.5 0 122.5
      vertex 30.515365600585938 14.152240753173828 122.5
    endloop
  endfacet
  facet normal 0 0 1
    outer loop
      vertex 30.011051177978516 14.017109870910645 122.5
      vertex 57.5 0 122.5
      vertex 30.267637252807617 14.068147659301758 122.5
    endloop
  endfacet
  facet normal 0 0 1
    outer loop
      vertex 29.75 14 122.5
      vertex 57.5 0 122.5
      vertex 30.011051177978516 14.017109870910645 122.5
    endloop
  endfacet
  facet normal 0 0 1
    outer loop
      vertex 2 0 122.5
      vertex 29.75 14 122.5
      vertex 29.48894691467285 14.017109870910645 122.5
    endloop
  endfacet
  facet normal 0 0 1
    outer loop
      vertex 2 0 122.5
      vertex 29.48894691467285 14.017109870910645 122.5
      vertex 29.23236083984375 14.068147659301758 122.5
    endloop
  endfacet
  facet normal 0 0 1
    outer loop
      vertex 2 0 122.5
      vertex 29.23236083984375 14.068147659301758 122.5
      vertex 28.98463249206543 14.152240753173828 122.5
    endloop
  endfacet
  facet normal 0 0 1
    outer loop
      vertex 2 0 122.5
      vertex 28.98463249206543 14.152240753173828 122.5
      vertex 28.75 14.267949104309082 122.5
    endloop
  endfacet
  facet normal 0 0 1
    outer loop
      vertex 2 29 122.5
      vertex 27.767108917236328 15.738946914672852 122.5
      vertex 27.75 16 122.5
    endloop
  endfacet
  facet normal 0 0 1
    outer loop
      vertex 2 0 122.5
      vertex 27.767108917236328 15.738946914672852 122.5
      vertex 2 29 122.5
    endloop
  endfacet
  facet normal 0 0 1
    outer loop
      vertex 27.767108917236328 15.738946914672852 122.5
      vertex 2 0 122.5
      vertex 27.818147659301758 15.482361793518066 122.5
    endloop
  endfacet
  facet normal 0 0 1
    outer loop
      vertex 27.818147659301758 15.482361793518066 122.5
      vertex 2 0 122.5
      vertex 27.902240753173828 15.23463249206543 122.5
    endloop
  endfacet
  facet normal 0 0 1
    outer loop
      vertex 27.902240753173828 15.23463249206543 122.5
      vertex 2 0 122.5
      vertex 28.017948150634766 15 122.5
    endloop
  endfacet
  facet normal 0 0 1
    outer loop
      vertex 28.017948150634766 15 122.5
      vertex 2 0 122.5
      vertex 28.163291931152344 14.782476425170898 122.5
    endloop
  endfacet
  facet normal 0 0 1
    outer loop
      vertex 28.163291931152344 14.782476425170898 122.5
      vertex 2 0 122.5
      vertex 28.335784912109375 14.585785865783691 122.5
    endloop
  endfacet
  facet normal 0 0 1
    outer loop
      vertex 28.335784912109375 14.585785865783691 122.5
      vertex 2 0 122.5
      vertex 28.5324764251709 14.41329288482666 122.5
    endloop
  endfacet
  facet normal 0 0 1
    outer loop
      vertex 29.75 14 122.5
      vertex 2 0 122.5
      vertex 57.5 0 122.5
    endloop
  endfacet
  facet normal 0 0 1
    outer loop
      vertex 28.5324764251709 14.41329288482666 122.5
      vertex 2 0 122.5
      vertex 28.75 14.267949104309082 122.5
    endloop
  endfacet
  facet normal -0.8314688194409101 0 0.5555714196190613
    outer loop
      vertex 0.26794910430908203 0 121.5
      vertex 0.41329288482666016 29 121.71752166748047
      vertex 0.26794910430908203 29 121.5
    endloop
  endfacet
  facet normal -0.8314688194409101 0 0.5555714196190613
    outer loop
      vertex 0.41329288482666016 29 121.71752166748047
      vertex 0.26794910430908203 0 121.5
      vertex 0.41329288482666016 0 121.71752166748047
    endloop
  endfacet
  facet normal -1 0 0
    outer loop
      vertex 0 0 4
      vertex 0 29 2
      vertex 0 0 2
    endloop
  endfacet
  facet normal -1 0 0
    outer loop
      vertex 0 29 2
      vertex 0 0 4
      vertex 0 29 32.79999923706055
    endloop
  endfacet
  facet normal -1 0 0
    outer loop
      vertex 0 29 32.79999923706055
      vertex 0 0 4
      vertex 0 0 32.79999923706055
    endloop
  endfacet
  facet normal -1 0 0
    outer loop
      vertex 0 0 87.25
      vertex 0 29 120.5
      vertex 0 29 87.25
    endloop
  endfacet
  facet normal -1 0 0
    outer loop
      vertex 0 29 120.5
      vertex 0 0 87.25
      vertex 0 0 120.5
    endloop
  endfacet
  facet normal -1 0 0
    outer loop
      vertex 0 0 35.79999923706055
      vertex 0 29 84.25
      vertex 0 29 35.79999923706055
    endloop
  endfacet
  facet normal -1 0 0
    outer loop
      vertex 0 29 84.25
      vertex 0 0 35.79999923706055
      vertex 0 0 84.25
    endloop
  endfacet
  facet normal 0.9978583534970696 0 0.06541182122611355
    outer loop
      vertex 59.482887268066406 0 120.76105499267578
      vertex 59.5 29 120.5
      vertex 59.482887268066406 29 120.76105499267578
    endloop
  endfacet
  facet normal 0.9978583534970696 0 0.06541182122611355
    outer loop
      vertex 59.5 29 120.5
      vertex 59.482887268066406 0 120.76105499267578
      vertex 59.5 0 120.5
    endloop
  endfacet
  facet normal -0.32144058763030764 0 -0.9469297485156343
    outer loop
      vertex 1.2346324920654297 0 0.15224170684814453
      vertex 1.4823617935180664 29 0.06814861297607422
      vertex 1.4823617935180664 0 0.06814861297607422
    endloop
  endfacet
  facet normal -0.32144058763030764 0 -0.9469297485156343
    outer loop
      vertex 1.4823617935180664 29 0.06814861297607422
      vertex 1.2346324920654297 0 0.15224170684814453
      vertex 1.2346324920654297 29 0.15224170684814453
    endloop
  endfacet
  facet normal 0.659340371986186 0 0.7518445809268813
    outer loop
      vertex 58.71752166748047 29 122.08670806884766
      vertex 58.914215087890625 0 121.91421508789062
      vertex 58.914215087890625 29 121.91421508789062
    endloop
  endfacet
  facet normal 0.659340371986186 0 0.7518445809268813
    outer loop
      vertex 58.914215087890625 0 121.91421508789062
      vertex 58.71752166748047 29 122.08670806884766
      vertex 58.71752166748047 0 122.08670806884766
    endloop
  endfacet
  facet normal 0.9807860989483407 0 -0.19508620686685102
    outer loop
      vertex 59.482887268066406 0 1.738947868347168
      vertex 59.43185043334961 29 1.4823627471923828
      vertex 59.482887268066406 29 1.738947868347168
    endloop
  endfacet
  facet normal 0.9807860989483407 0 -0.19508620686685102
    outer loop
      vertex 59.43185043334961 29 1.4823627471923828
      vertex 59.482887268066406 0 1.738947868347168
      vertex 59.43185043334961 0 1.4823627471923828
    endloop
  endfacet
  facet normal 0.9978583067043998 0 -0.0654125350451124
    outer loop
      vertex 59.5 0 2
      vertex 59.482887268066406 29 1.738947868347168
      vertex 59.5 29 2
    endloop
  endfacet
  facet normal 0.9978583067043998 0 -0.0654125350451124
    outer loop
      vertex 59.482887268066406 29 1.738947868347168
      vertex 59.5 0 2
      vertex 59.482887268066406 0 1.738947868347168
    endloop
  endfacet
  facet normal -0.6593457932372825 0 -0.7518398266521259
    outer loop
      vertex 0.5857858657836914 0 0.5857868194580078
      vertex 0.7824764251708984 29 0.41329383850097656
      vertex 0.7824764251708984 0 0.41329383850097656
    endloop
  endfacet
  facet normal -0.6593457932372825 0 -0.7518398266521259
    outer loop
      vertex 0.7824764251708984 29 0.41329383850097656
      vertex 0.5857858657836914 0 0.5857868194580078
      vertex 0.5857858657836914 29 0.5857868194580078
    endloop
  endfacet
  facet normal 0.06541277298823332 0 0.9978582911065027
    outer loop
      vertex 57.5 29 122.5
      vertex 57.761051177978516 0 122.4828872680664
      vertex 57.761051177978516 29 122.4828872680664
    endloop
  endfacet
  facet normal 0.06541277298823332 0 0.9978582911065027
    outer loop
      vertex 57.761051177978516 0 122.4828872680664
      vertex 57.5 29 122.5
      vertex 57.5 0 122.5
    endloop
  endfacet
  facet normal 1 0 0
    outer loop
      vertex 59.5 0 4
      vertex 59.5 29 32.79999923706055
      vertex 59.5 0 32.79999923706055
    endloop
  endfacet
  facet normal 1 0 0
    outer loop
      vertex 59.5 29 32.79999923706055
      vertex 59.5 0 4
      vertex 59.5 29 2
    endloop
  endfacet
  facet normal 1 0 0
    outer loop
      vertex 59.5 29 2
      vertex 59.5 0 4
      vertex 59.5 0 2
    endloop
  endfacet
  facet normal 1 0 0
    outer loop
      vertex 59.5 0 120.5
      vertex 59.5 29 87.25
      vertex 59.5 29 120.5
    endloop
  endfacet
  facet normal 1 0 0
    outer loop
      vertex 59.5 29 87.25
      vertex 59.5 0 120.5
      vertex 59.5 0 87.25
    endloop
  endfacet
  facet normal 1 0 0
    outer loop
      vertex 59.5 0 84.25
      vertex 59.5 29 35.79999923706055
      vertex 59.5 29 84.25
    endloop
  endfacet
  facet normal 1 0 0
    outer loop
      vertex 59.5 29 35.79999923706055
      vertex 59.5 0 84.25
      vertex 59.5 0 35.79999923706055
    endloop
  endfacet
  facet normal -0.06540503757857268 0 -0.9978587981570066
    outer loop
      vertex 1.7389469146728516 0 0.017110824584960938
      vertex 2 29 0
      vertex 2 0 0
    endloop
  endfacet
  facet normal -0.06540503757857268 0 -0.9978587981570066
    outer loop
      vertex 2 29 0
      vertex 1.7389469146728516 0 0.017110824584960938
      vertex 1.7389469146728516 29 0.017110824584960938
    endloop
  endfacet
  facet normal 0.8968684935229184 0 -0.4422973042263891
    outer loop
      vertex 59.34775924682617 0 1.234633445739746
      vertex 59.23204803466797 29 1
      vertex 59.34775924682617 29 1.234633445739746
    endloop
  endfacet
  facet normal 0.8968684935229184 0 -0.4422973042263891
    outer loop
      vertex 59.23204803466797 29 1
      vertex 59.34775924682617 0 1.234633445739746
      vertex 59.23204803466797 0 1
    endloop
  endfacet
  facet normal 0.7518445809268813 0 0.659340371986186
    outer loop
      vertex 58.914215087890625 0 121.91421508789062
      vertex 59.086708068847656 29 121.71752166748047
      vertex 58.914215087890625 29 121.91421508789062
    endloop
  endfacet
  facet normal 0.7518445809268813 0 0.659340371986186
    outer loop
      vertex 59.086708068847656 29 121.71752166748047
      vertex 58.914215087890625 0 121.91421508789062
      vertex 59.086708068847656 0 121.71752166748047
    endloop
  endfacet
  facet normal 0.06540551341072687 0 -0.9978587669682916
    outer loop
      vertex 57.5 0 0
      vertex 57.761051177978516 29 0.017110824584960938
      vertex 57.761051177978516 0 0.017110824584960938
    endloop
  endfacet
  facet normal 0.06540551341072687 0 -0.9978587669682916
    outer loop
      vertex 57.761051177978516 29 0.017110824584960938
      vertex 57.5 0 0
      vertex 57.5 29 0
    endloop
  endfacet
  facet normal 0.19507008789859345 0 0.9807893050024735
    outer loop
      vertex 57.761051177978516 29 122.4828872680664
      vertex 58.01763916015625 0 122.43185424804688
      vertex 58.01763916015625 29 122.43185424804688
    endloop
  endfacet
  facet normal 0.19507008789859345 0 0.9807893050024735
    outer loop
      vertex 58.01763916015625 0 122.43185424804688
      vertex 57.761051177978516 29 122.4828872680664
      vertex 57.761051177978516 0 122.4828872680664
    endloop
  endfacet
  facet normal 0.5555613386859225 0 0.831475555237498
    outer loop
      vertex 58.5 29 122.23204803466797
      vertex 58.71752166748047 0 122.08670806884766
      vertex 58.71752166748047 29 122.08670806884766
    endloop
  endfacet
  facet normal 0.5555613386859225 0 0.831475555237498
    outer loop
      vertex 58.71752166748047 0 122.08670806884766
      vertex 58.5 29 122.23204803466797
      vertex 58.5 0 122.23204803466797
    endloop
  endfacet
  facet normal -0.3214340501933723 0 0.9469319676599184
    outer loop
      vertex 1.2346324920654297 29 122.34776306152344
      vertex 1.4823617935180664 0 122.43185424804688
      vertex 1.4823617935180664 29 122.43185424804688
    endloop
  endfacet
  facet normal -0.3214340501933723 0 0.9469319676599184
    outer loop
      vertex 1.4823617935180664 0 122.43185424804688
      vertex 1.2346324920654297 29 122.34776306152344
      vertex 1.2346324920654297 0 122.34776306152344
    endloop
  endfacet
  facet normal 0.831475555237498 0 0.5555613386859225
    outer loop
      vertex 59.086708068847656 0 121.71752166748047
      vertex 59.23204803466797 29 121.5
      vertex 59.086708068847656 29 121.71752166748047
    endloop
  endfacet
  facet normal 0.831475555237498 0 0.5555613386859225
    outer loop
      vertex 59.23204803466797 29 121.5
      vertex 59.086708068847656 0 121.71752166748047
      vertex 59.23204803466797 0 121.5
    endloop
  endfacet
  facet normal -0.9469286185378721 0 0.32144391640526826
    outer loop
      vertex 0.06814765930175781 0 121.01763916015625
      vertex 0.15224075317382812 29 121.26536560058594
      vertex 0.06814765930175781 29 121.01763916015625
    endloop
  endfacet
  facet normal -0.9469286185378721 0 0.32144391640526826
    outer loop
      vertex 0.15224075317382812 29 121.26536560058594
      vertex 0.06814765930175781 0 121.01763916015625
      vertex 0.15224075317382812 0 121.26536560058594
    endloop
  endfacet
  facet normal -0.9978590672493916 0 0.06540093201303933
    outer loop
      vertex 0 0 120.5
      vertex 0.01710987091064453 29 120.76105499267578
      vertex 0 29 120.5
    endloop
  endfacet
  facet normal -0.9978590672493916 0 0.06540093201303933
    outer loop
      vertex 0.01710987091064453 29 120.76105499267578
      vertex 0 0 120.5
      vertex 0.01710987091064453 0 120.76105499267578
    endloop
  endfacet
  facet normal -0.7518398266521259 0 -0.6593457932372825
    outer loop
      vertex 0.5857858657836914 0 0.5857868194580078
      vertex 0.41329288482666016 29 0.7824773788452148
      vertex 0.5857858657836914 29 0.5857868194580078
    endloop
  endfacet
  facet normal -0.7518398266521259 0 -0.6593457932372825
    outer loop
      vertex 0.41329288482666016 29 0.7824773788452148
      vertex 0.5857858657836914 0 0.5857868194580078
      vertex 0.41329288482666016 0 0.7824773788452148
    endloop
  endfacet
  facet normal 0.9469308377254703 0 0.3214373789162345
    outer loop
      vertex 59.34775924682617 0 121.26536560058594
      vertex 59.43185043334961 29 121.01763916015625
      vertex 59.34775924682617 29 121.26536560058594
    endloop
  endfacet
  facet normal 0.9469308377254703 0 0.3214373789162345
    outer loop
      vertex 59.43185043334961 29 121.01763916015625
      vertex 59.34775924682617 0 121.26536560058594
      vertex 59.43185043334961 0 121.01763916015625
    endloop
  endfacet
  facet normal -0.44231047906023124 0 0.8968619961362555
    outer loop
      vertex 1 29 122.23204803466797
      vertex 1.2346324920654297 0 122.34776306152344
      vertex 1.2346324920654297 29 122.34776306152344
    endloop
  endfacet
  facet normal -0.44231047906023124 0 0.8968619961362555
    outer loop
      vertex 1.2346324920654297 0 122.34776306152344
      vertex 1 29 122.23204803466797
      vertex 1 0 122.23204803466797
    endloop
  endfacet
  facet normal -0.4422899535391963 0 -0.8968721185310063
    outer loop
      vertex 1 0 0.26795005798339844
      vertex 1.2346324920654297 29 0.15224170684814453
      vertex 1.2346324920654297 0 0.15224170684814453
    endloop
  endfacet
  facet normal -0.4422899535391963 0 -0.8968721185310063
    outer loop
      vertex 1.2346324920654297 29 0.15224170684814453
      vertex 1 0 0.26795005798339844
      vertex 1 29 0.26795005798339844
    endloop
  endfacet
  facet normal -0.9807852626994211 0 0.19509041101916727
    outer loop
      vertex 0.01710987091064453 0 120.76105499267578
      vertex 0.06814765930175781 29 121.01763916015625
      vertex 0.01710987091064453 29 120.76105499267578
    endloop
  endfacet
  facet normal -0.9807852626994211 0 0.19509041101916727
    outer loop
      vertex 0.06814765930175781 29 121.01763916015625
      vertex 0.01710987091064453 0 120.76105499267578
      vertex 0.06814765930175781 0 121.01763916015625
    endloop
  endfacet
  facet normal 0.7518398266521259 0 -0.6593457932372825
    outer loop
      vertex 59.086708068847656 0 0.7824773788452148
      vertex 58.914215087890625 29 0.5857868194580078
      vertex 59.086708068847656 29 0.7824773788452148
    endloop
  endfacet
  facet normal 0.7518398266521259 0 -0.6593457932372825
    outer loop
      vertex 58.914215087890625 29 0.5857868194580078
      vertex 59.086708068847656 0 0.7824773788452148
      vertex 58.914215087890625 0 0.5857868194580078
    endloop
  endfacet
  facet normal 0.9807859602093987 0 0.19508690436861148
    outer loop
      vertex 59.43185043334961 0 121.01763916015625
      vertex 59.482887268066406 29 120.76105499267578
      vertex 59.43185043334961 29 121.01763916015625
    endloop
  endfacet
  facet normal 0.9807859602093987 0 0.19508690436861148
    outer loop
      vertex 59.482887268066406 29 120.76105499267578
      vertex 59.43185043334961 0 121.01763916015625
      vertex 59.482887268066406 0 120.76105499267578
    endloop
  endfacet
  facet normal -0.8314699446192111 0 -0.555569735672243
    outer loop
      vertex 0.41329288482666016 0 0.7824773788452148
      vertex 0.26794910430908203 29 1
      vertex 0.41329288482666016 29 0.7824773788452148
    endloop
  endfacet
  facet normal -0.8314699446192111 0 -0.555569735672243
    outer loop
      vertex 0.26794910430908203 29 1
      vertex 0.41329288482666016 0 0.7824773788452148
      vertex 0.26794910430908203 0 1
    endloop
  endfacet
  facet normal -0.8968728316376391 0 -0.44228850750418897
    outer loop
      vertex 0.26794910430908203 0 1
      vertex 0.15224075317382812 29 1.234633445739746
      vertex 0.26794910430908203 29 1
    endloop
  endfacet
  facet normal -0.8968728316376391 0 -0.44228850750418897
    outer loop
      vertex 0.15224075317382812 29 1.234633445739746
      vertex 0.26794910430908203 0 1
      vertex 0.15224075317382812 0 1.234633445739746
    endloop
  endfacet
  facet normal 0.19508762099527774 0 -0.9807858176658159
    outer loop
      vertex 57.761051177978516 0 0.017110824584960938
      vertex 58.01763916015625 29 0.06814861297607422
      vertex 58.01763916015625 0 0.06814861297607422
    endloop
  endfacet
  facet normal 0.19508762099527774 0 -0.9807858176658159
    outer loop
      vertex 58.01763916015625 29 0.06814861297607422
      vertex 57.761051177978516 0 0.017110824584960938
      vertex 57.761051177978516 29 0.017110824584960938
    endloop
  endfacet
  facet normal 0.4423075869295927 0 0.8968634224588049
    outer loop
      vertex 58.26536560058594 29 122.34776306152344
      vertex 58.5 0 122.23204803466797
      vertex 58.5 29 122.23204803466797
    endloop
  endfacet
  facet normal 0.4423075869295927 0 0.8968634224588049
    outer loop
      vertex 58.5 0 122.23204803466797
      vertex 58.26536560058594 29 122.34776306152344
      vertex 58.26536560058594 0 122.34776306152344
    endloop
  endfacet
  facet normal 0.32144391640526826 0 -0.9469286185378721
    outer loop
      vertex 58.01763916015625 0 0.06814861297607422
      vertex 58.26536560058594 29 0.15224170684814453
      vertex 58.26536560058594 0 0.15224170684814453
    endloop
  endfacet
  facet normal 0.32144391640526826 0 -0.9469286185378721
    outer loop
      vertex 58.26536560058594 29 0.15224170684814453
      vertex 58.01763916015625 0 0.06814861297607422
      vertex 58.01763916015625 29 0.06814861297607422
    endloop
  endfacet
  facet normal 0.44228706147748725 0 -0.8968735447372775
    outer loop
      vertex 58.26536560058594 0 0.15224170684814453
      vertex 58.5 29 0.26795005798339844
      vertex 58.5 0 0.26795005798339844
    endloop
  endfacet
  facet normal 0.44228706147748725 0 -0.8968735447372775
    outer loop
      vertex 58.5 29 0.26795005798339844
      vertex 58.26536560058594 0 0.15224170684814453
      vertex 58.26536560058594 29 0.15224170684814453
    endloop
  endfacet
  facet normal 0.8314766803840811 0 -0.5555596547423767
    outer loop
      vertex 59.23204803466797 0 1
      vertex 59.086708068847656 29 0.7824773788452148
      vertex 59.23204803466797 29 1
    endloop
  endfacet
  facet normal 0.8314766803840811 0 -0.5555596547423767
    outer loop
      vertex 59.086708068847656 29 0.7824773788452148
      vertex 59.23204803466797 0 1
      vertex 59.086708068847656 0 0.7824773788452148
    endloop
  endfacet
  facet normal -0.7518445809268813 0 0.659340371986186
    outer loop
      vertex 0.41329288482666016 0 121.71752166748047
      vertex 0.5857858657836914 29 121.91421508789062
      vertex 0.41329288482666016 29 121.71752166748047
    endloop
  endfacet
  facet normal -0.7518445809268813 0 0.659340371986186
    outer loop
      vertex 0.5857858657836914 29 121.91421508789062
      vertex 0.41329288482666016 0 121.71752166748047
      vertex 0.5857858657836914 0 121.91421508789062
    endloop
  endfacet
  facet normal -0.19508971350586146 0 -0.980785401443252
    outer loop
      vertex 1.4823617935180664 0 0.06814861297607422
      vertex 1.7389469146728516 29 0.017110824584960938
      vertex 1.7389469146728516 0 0.017110824584960938
    endloop
  endfacet
  facet normal -0.19508971350586146 0 -0.980785401443252
    outer loop
      vertex 1.7389469146728516 29 0.017110824584960938
      vertex 1.4823617935180664 0 0.06814861297607422
      vertex 1.4823617935180664 29 0.06814861297607422
    endloop
  endfacet
  facet normal -0.5555579708067604 0 0.8314778055204329
    outer loop
      vertex 0.7824764251708984 29 122.08670806884766
      vertex 1 0 122.23204803466797
      vertex 1 29 122.23204803466797
    endloop
  endfacet
  facet normal -0.5555579708067604 0 0.8314778055204329
    outer loop
      vertex 1 0 122.23204803466797
      vertex 0.7824764251708984 29 122.08670806884766
      vertex 0.7824764251708984 0 122.08670806884766
    endloop
  endfacet
  facet normal -0.06541229710371879 0 0.9978583223021267
    outer loop
      vertex 1.7389469146728516 29 122.4828872680664
      vertex 2 0 122.5
      vertex 2 29 122.5
    endloop
  endfacet
  facet normal -0.06541229710371879 0 0.9978583223021267
    outer loop
      vertex 2 0 122.5
      vertex 1.7389469146728516 29 122.4828872680664
      vertex 1.7389469146728516 0 122.4828872680664
    endloop
  endfacet
  facet normal -0.1950721802359965 0 0.9807888888532409
    outer loop
      vertex 1.4823617935180664 29 122.43185424804688
      vertex 1.7389469146728516 0 122.4828872680664
      vertex 1.7389469146728516 29 122.4828872680664
    endloop
  endfacet
  facet normal -0.1950721802359965 0 0.9807888888532409
    outer loop
      vertex 1.7389469146728516 0 122.4828872680664
      vertex 1.4823617935180664 29 122.43185424804688
      vertex 1.4823617935180664 0 122.43185424804688
    endloop
  endfacet
  facet normal 0.659340371986186 0 -0.7518445809268813
    outer loop
      vertex 58.71752166748047 0 0.41329383850097656
      vertex 58.914215087890625 29 0.5857868194580078
      vertex 58.914215087890625 0 0.5857868194580078
    endloop
  endfacet
  facet normal 0.659340371986186 0 -0.7518445809268813
    outer loop
      vertex 58.914215087890625 29 0.5857868194580078
      vertex 58.71752166748047 0 0.41329383850097656
      vertex 58.71752166748047 29 0.41329383850097656
    endloop
  endfacet
  facet normal 0.3214373789162345 0 0.9469308377254703
    outer loop
      vertex 58.01763916015625 29 122.43185424804688
      vertex 58.26536560058594 0 122.34776306152344
      vertex 58.26536560058594 29 122.34776306152344
    endloop
  endfacet
  facet normal 0.3214373789162345 0 0.9469308377254703
    outer loop
      vertex 58.26536560058594 0 122.34776306152344
      vertex 58.01763916015625 29 122.43185424804688
      vertex 58.01763916015625 0 122.43185424804688
    endloop
  endfacet
  facet normal -0.8968735447372775 0 0.44228706147748725
    outer loop
      vertex 0.15224075317382812 0 121.26536560058594
      vertex 0.26794910430908203 29 121.5
      vertex 0.15224075317382812 29 121.26536560058594
    endloop
  endfacet
  facet normal -0.8968735447372775 0 0.44228706147748725
    outer loop
      vertex 0.26794910430908203 29 121.5
      vertex 0.15224075317382812 0 121.26536560058594
      vertex 0.26794910430908203 0 121.5
    endloop
  endfacet
  facet normal 0.8968692066474736 0 0.442295858184916
    outer loop
      vertex 59.23204803466797 0 121.5
      vertex 59.34775924682617 29 121.26536560058594
      vertex 59.23204803466797 29 121.5
    endloop
  endfacet
  facet normal 0.8968692066474736 0 0.442295858184916
    outer loop
      vertex 59.34775924682617 29 121.26536560058594
      vertex 59.23204803466797 0 121.5
      vertex 59.34775924682617 0 121.26536560058594
    endloop
  endfacet
  facet normal -0.9469297485156343 0 -0.32144058763030764
    outer loop
      vertex 0.15224075317382812 0 1.234633445739746
      vertex 0.06814765930175781 29 1.4823627471923828
      vertex 0.15224075317382812 29 1.234633445739746
    endloop
  endfacet
  facet normal -0.9469297485156343 0 -0.32144058763030764
    outer loop
      vertex 0.06814765930175781 29 1.4823627471923828
      vertex 0.15224075317382812 0 1.234633445739746
      vertex 0.06814765930175781 0 1.4823627471923828
    endloop
  endfacet
  facet normal -0.5555680517333541 0 -0.8314710697872808
    outer loop
      vertex 0.7824764251708984 0 0.41329383850097656
      vertex 1 29 0.26795005798339844
      vertex 1 0 0.26795005798339844
    endloop
  endfacet
  facet normal -0.5555680517333541 0 -0.8314710697872808
    outer loop
      vertex 1 29 0.26795005798339844
      vertex 0.7824764251708984 0 0.41329383850097656
      vertex 0.7824764251708984 29 0.41329383850097656
    endloop
  endfacet
  facet normal -0.980785401443252 0 -0.19508971350586146
    outer loop
      vertex 0.06814765930175781 0 1.4823627471923828
      vertex 0.01710987091064453 29 1.738947868347168
      vertex 0.06814765930175781 29 1.4823627471923828
    endloop
  endfacet
  facet normal -0.980785401443252 0 -0.19508971350586146
    outer loop
      vertex 0.01710987091064453 29 1.738947868347168
      vertex 0.06814765930175781 0 1.4823627471923828
      vertex 0.01710987091064453 0 1.738947868347168
    endloop
  endfacet
  facet normal 0 1 0
    outer loop
      vertex 59.5 29 32.79999923706055
      vertex 59.5 29 2
      vertex 58.5 29 32.79999923706055
    endloop
  endfacet
  facet normal 0 1 0
    outer loop
      vertex 59.5 29 84.25
      vertex 59.5 29 35.79999923706055
      vertex 58.5 29 84.25
    endloop
  endfacet
  facet normal 0 1 0
    outer loop
      vertex 3 29 119.5
      vertex 1 29 84.25
      vertex 1 29 87.25
    endloop
  endfacet
  facet normal 0 1 0
    outer loop
      vertex 1 29 84.25
      vertex 1 29 35.79999923706055
      vertex 0 29 84.25
    endloop
  endfacet
  facet normal 0 1 0
    outer loop
      vertex 3 29 119.5
      vertex 1 29 35.79999923706055
      vertex 1 29 84.25
    endloop
  endfacet
  facet normal 0 1 0
    outer loop
      vertex 3 29 0
      vertex 1 29 35.79999923706055
      vertex 3 29 119.5
    endloop
  endfacet
  facet normal 0 1 0
    outer loop
      vertex 1 29 32.79999923706055
      vertex 0 29 2
      vertex 0 29 32.79999923706055
    endloop
  endfacet
  facet normal 0 1 0
    outer loop
      vertex 3 29 0
      vertex 0 29 2
      vertex 1 29 32.79999923706055
    endloop
  endfacet
  facet normal 0 1 0
    outer loop
      vertex 2 29 0
      vertex 0 29 2
      vertex 3 29 0
    endloop
  endfacet
  facet normal 0 1 0
    outer loop
      vertex 0 29 2
      vertex 2 29 0
      vertex 0.01710987091064453 29 1.738947868347168
    endloop
  endfacet
  facet normal 0 1 0
    outer loop
      vertex 0.01710987091064453 29 1.738947868347168
      vertex 2 29 0
      vertex 0.06814765930175781 29 1.4823627471923828
    endloop
  endfacet
  facet normal 0 1 0
    outer loop
      vertex 1 29 35.79999923706055
      vertex 3 29 0
      vertex 1 29 32.79999923706055
    endloop
  endfacet
  facet normal 0 1 0
    outer loop
      vertex 0.06814765930175781 29 1.4823627471923828
      vertex 2 29 0
      vertex 0.15224075317382812 29 1.234633445739746
    endloop
  endfacet
  facet normal 0 1 0
    outer loop
      vertex 0.15224075317382812 29 1.234633445739746
      vertex 2 29 0
      vertex 0.26794910430908203 29 1
    endloop
  endfacet
  facet normal 0 1 0
    outer loop
      vertex 0.26794910430908203 29 1
      vertex 2 29 0
      vertex 0.41329288482666016 29 0.7824773788452148
    endloop
  endfacet
  facet normal 0 1 0
    outer loop
      vertex 0.41329288482666016 29 0.7824773788452148
      vertex 2 29 0
      vertex 0.5857858657836914 29 0.5857868194580078
    endloop
  endfacet
  facet normal 0 1 0
    outer loop
      vertex 0.5857858657836914 29 0.5857868194580078
      vertex 2 29 0
      vertex 0.7824764251708984 29 0.41329383850097656
    endloop
  endfacet
  facet normal 0 1 0
    outer loop
      vertex 0.7824764251708984 29 0.41329383850097656
      vertex 2 29 0
      vertex 1 29 0.26795005798339844
    endloop
  endfacet
  facet normal 0 1 0
    outer loop
      vertex 1 29 0.26795005798339844
      vertex 2 29 0
      vertex 1.2346324920654297 29 0.15224170684814453
    endloop
  endfacet
  facet normal 0 1 0
    outer loop
      vertex 1.2346324920654297 29 0.15224170684814453
      vertex 2 29 0
      vertex 1.4823617935180664 29 0.06814861297607422
    endloop
  endfacet
  facet normal 0 1 0
    outer loop
      vertex 1.4823617935180664 29 0.06814861297607422
      vertex 2 29 0
      vertex 1.7389469146728516 29 0.017110824584960938
    endloop
  endfacet
  facet normal 0 1 0
    outer loop
      vertex 56.5 29 119.5
      vertex 57.5 29 122.5
      vertex 57.761051177978516 29 122.4828872680664
    endloop
  endfacet
  facet normal 0 1 0
    outer loop
      vertex 57.5 29 122.5
      vertex 56.5 29 119.5
      vertex 2 29 122.5
    endloop
  endfacet
  facet normal 0 1 0
    outer loop
      vertex 56.5 29 119.5
      vertex 57.761051177978516 29 122.4828872680664
      vertex 58.01763916015625 29 122.43185424804688
    endloop
  endfacet
  facet normal 0 1 0
    outer loop
      vertex 3 29 119.5
      vertex 2 29 122.5
      vertex 56.5 29 119.5
    endloop
  endfacet
  facet normal 0 1 0
    outer loop
      vertex 56.5 29 119.5
      vertex 58.01763916015625 29 122.43185424804688
      vertex 58.26536560058594 29 122.34776306152344
    endloop
  endfacet
  facet normal 0 1 0
    outer loop
      vertex 2 29 122.5
      vertex 3 29 119.5
      vertex 1.7389469146728516 29 122.4828872680664
    endloop
  endfacet
  facet normal 0 1 0
    outer loop
      vertex 56.5 29 119.5
      vertex 58.26536560058594 29 122.34776306152344
      vertex 58.5 29 122.23204803466797
    endloop
  endfacet
  facet normal 0 1 0
    outer loop
      vertex 1.7389469146728516 29 122.4828872680664
      vertex 3 29 119.5
      vertex 1.4823617935180664 29 122.43185424804688
    endloop
  endfacet
  facet normal 0 1 0
    outer loop
      vertex 56.5 29 119.5
      vertex 58.5 29 122.23204803466797
      vertex 58.71752166748047 29 122.08670806884766
    endloop
  endfacet
  facet normal 0 1 0
    outer loop
      vertex 1.4823617935180664 29 122.43185424804688
      vertex 3 29 119.5
      vertex 1.2346324920654297 29 122.34776306152344
    endloop
  endfacet
  facet normal 0 1 0
    outer loop
      vertex 56.5 29 119.5
      vertex 58.71752166748047 29 122.08670806884766
      vertex 58.914215087890625 29 121.91421508789062
    endloop
  endfacet
  facet normal 0 1 0
    outer loop
      vertex 1.2346324920654297 29 122.34776306152344
      vertex 3 29 119.5
      vertex 1 29 122.23204803466797
    endloop
  endfacet
  facet normal 0 1 0
    outer loop
      vertex 56.5 29 119.5
      vertex 58.914215087890625 29 121.91421508789062
      vertex 59.086708068847656 29 121.71752166748047
    endloop
  endfacet
  facet normal 0 1 0
    outer loop
      vertex 1 29 122.23204803466797
      vertex 3 29 119.5
      vertex 0.7824764251708984 29 122.08670806884766
    endloop
  endfacet
  facet normal 0 1 0
    outer loop
      vertex 56.5 29 119.5
      vertex 59.086708068847656 29 121.71752166748047
      vertex 59.23204803466797 29 121.5
    endloop
  endfacet
  facet normal 0 1 0
    outer loop
      vertex 0.7824764251708984 29 122.08670806884766
      vertex 3 29 119.5
      vertex 0.5857858657836914 29 121.91421508789062
    endloop
  endfacet
  facet normal 0 1 0
    outer loop
      vertex 56.5 29 119.5
      vertex 59.23204803466797 29 121.5
      vertex 59.34775924682617 29 121.26536560058594
    endloop
  endfacet
  facet normal 0 1 0
    outer loop
      vertex 0.5857858657836914 29 121.91421508789062
      vertex 3 29 119.5
      vertex 0.41329288482666016 29 121.71752166748047
    endloop
  endfacet
  facet normal 0 1 0
    outer loop
      vertex 56.5 29 119.5
      vertex 59.34775924682617 29 121.26536560058594
      vertex 59.43185043334961 29 121.01763916015625
    endloop
  endfacet
  facet normal 0 1 0
    outer loop
      vertex 0.41329288482666016 29 121.71752166748047
      vertex 3 29 119.5
      vertex 0.26794910430908203 29 121.5
    endloop
  endfacet
  facet normal 0 1 0
    outer loop
      vertex 56.5 29 119.5
      vertex 59.43185043334961 29 121.01763916015625
      vertex 59.482887268066406 29 120.76105499267578
    endloop
  endfacet
  facet normal 0 1 0
    outer loop
      vertex 0.26794910430908203 29 121.5
      vertex 3 29 119.5
      vertex 0.15224075317382812 29 121.26536560058594
    endloop
  endfacet
  facet normal 0 1 0
    outer loop
      vertex 56.5 29 119.5
      vertex 59.482887268066406 29 120.76105499267578
      vertex 59.5 29 120.5
    endloop
  endfacet
  facet normal 0 1 0
    outer loop
      vertex 0.15224075317382812 29 121.26536560058594
      vertex 3 29 119.5
      vertex 0.06814765930175781 29 121.01763916015625
    endloop
  endfacet
  facet normal 0 1 0
    outer loop
      vertex 0.06814765930175781 29 121.01763916015625
      vertex 3 29 119.5
      vertex 0.01710987091064453 29 120.76105499267578
    endloop
  endfacet
  facet normal 0 1 0
    outer loop
      vertex 59.5 29 87.25
      vertex 56.5 29 119.5
      vertex 59.5 29 120.5
    endloop
  endfacet
  facet normal 0 1 0
    outer loop
      vertex 58.5 29 87.25
      vertex 56.5 29 119.5
      vertex 59.5 29 87.25
    endloop
  endfacet
  facet normal 0 1 0
    outer loop
      vertex 58.5 29 84.25
      vertex 56.5 29 119.5
      vertex 58.5 29 87.25
    endloop
  endfacet
  facet normal 0 1 0
    outer loop
      vertex 58.5 29 35.79999923706055
      vertex 58.5 29 84.25
      vertex 59.5 29 35.79999923706055
    endloop
  endfacet
  facet normal 0 1 0
    outer loop
      vertex 58.5 29 84.25
      vertex 58.5 29 35.79999923706055
      vertex 56.5 29 119.5
    endloop
  endfacet
  facet normal 0 1 0
    outer loop
      vertex 56.5 29 0
      vertex 58.5 29 35.79999923706055
      vertex 58.5 29 32.79999923706055
    endloop
  endfacet
  facet normal 0 1 0
    outer loop
      vertex 57.5 29 0
      vertex 59.5 29 2
      vertex 59.482887268066406 29 1.738947868347168
    endloop
  endfacet
  facet normal 0 1 0
    outer loop
      vertex 57.5 29 0
      vertex 59.482887268066406 29 1.738947868347168
      vertex 59.43185043334961 29 1.4823627471923828
    endloop
  endfacet
  facet normal 0 1 0
    outer loop
      vertex 57.5 29 0
      vertex 59.43185043334961 29 1.4823627471923828
      vertex 59.34775924682617 29 1.234633445739746
    endloop
  endfacet
  facet normal 0 1 0
    outer loop
      vertex 57.5 29 0
      vertex 59.34775924682617 29 1.234633445739746
      vertex 59.23204803466797 29 1
    endloop
  endfacet
  facet normal 0 1 0
    outer loop
      vertex 59.5 29 2
      vertex 56.5 29 0
      vertex 58.5 29 32.79999923706055
    endloop
  endfacet
  facet normal 0 1 0
    outer loop
      vertex 57.5 29 0
      vertex 59.23204803466797 29 1
      vertex 59.086708068847656 29 0.7824773788452148
    endloop
  endfacet
  facet normal 0 1 0
    outer loop
      vertex 57.5 29 0
      vertex 59.086708068847656 29 0.7824773788452148
      vertex 58.914215087890625 29 0.5857868194580078
    endloop
  endfacet
  facet normal 0 1 0
    outer loop
      vertex 57.5 29 0
      vertex 58.914215087890625 29 0.5857868194580078
      vertex 58.71752166748047 29 0.41329383850097656
    endloop
  endfacet
  facet normal 0 1 0
    outer loop
      vertex 57.5 29 0
      vertex 58.71752166748047 29 0.41329383850097656
      vertex 58.5 29 0.26795005798339844
    endloop
  endfacet
  facet normal 0 1 0
    outer loop
      vertex 57.5 29 0
      vertex 58.5 29 0.26795005798339844
      vertex 58.26536560058594 29 0.15224170684814453
    endloop
  endfacet
  facet normal 0 1 0
    outer loop
      vertex 57.5 29 0
      vertex 58.26536560058594 29 0.15224170684814453
      vertex 58.01763916015625 29 0.06814861297607422
    endloop
  endfacet
  facet normal 0 1 0
    outer loop
      vertex 57.5 29 0
      vertex 58.01763916015625 29 0.06814861297607422
      vertex 57.761051177978516 29 0.017110824584960938
    endloop
  endfacet
  facet normal 0 1 0
    outer loop
      vertex 59.5 29 2
      vertex 57.5 29 0
      vertex 56.5 29 0
    endloop
  endfacet
  facet normal 0 1 0
    outer loop
      vertex 58.5 29 35.79999923706055
      vertex 56.5 29 0
      vertex 56.5 29 119.5
    endloop
  endfacet
  facet normal 0 1 0
    outer loop
      vertex 0.01710987091064453 29 120.76105499267578
      vertex 3 29 119.5
      vertex 0 29 120.5
    endloop
  endfacet
  facet normal 0 1 0
    outer loop
      vertex 0 29 87.25
      vertex 3 29 119.5
      vertex 1 29 87.25
    endloop
  endfacet
  facet normal 0 1 0
    outer loop
      vertex 3 29 119.5
      vertex 0 29 87.25
      vertex 0 29 120.5
    endloop
  endfacet
  facet normal 0 1 0
    outer loop
      vertex 0 29 84.25
      vertex 1 29 35.79999923706055
      vertex 0 29 35.79999923706055
    endloop
  endfacet
  facet normal -0.6593457932372825 0 0.7518398266521259
    outer loop
      vertex 0.5857858657836914 29 121.91421508789062
      vertex 0.7824764251708984 0 122.08670806884766
      vertex 0.7824764251708984 29 122.08670806884766
    endloop
  endfacet
  facet normal -0.6593457932372825 0 0.7518398266521259
    outer loop
      vertex 0.7824764251708984 0 122.08670806884766
      vertex 0.5857858657836914 29 121.91421508789062
      vertex 0.5857858657836914 0 121.91421508789062
    endloop
  endfacet
  facet normal 0 0 1
    outer loop
      vertex 1 29 84.25
      vertex 0 29 84.25
      vertex 1 1 84.25
    endloop
  endfacet
  facet normal 0 0 1
    outer loop
      vertex 58.5 1 84.25
      vertex 59.5 29 84.25
      vertex 58.5 29 84.25
    endloop
  endfacet
  facet normal 0 0 1
    outer loop
      vertex 59.5 29 84.25
      vertex 58.5 1 84.25
      vertex 59.5 0 84.25
    endloop
  endfacet
  facet normal 0 0 1
    outer loop
      vertex 1 1 84.25
      vertex 59.5 0 84.25
      vertex 58.5 1 84.25
    endloop
  endfacet
  facet normal 0 0 1
    outer loop
      vertex 1 1 84.25
      vertex 0 0 84.25
      vertex 59.5 0 84.25
    endloop
  endfacet
  facet normal 0 0 1
    outer loop
      vertex 0 0 84.25
      vertex 1 1 84.25
      vertex 0 29 84.25
    endloop
  endfacet
  facet normal 0 0 -1
    outer loop
      vertex 59.5 0 87.25
      vertex 58.5 1 87.25
      vertex 59.5 29 87.25
    endloop
  endfacet
  facet normal 0 0 -1
    outer loop
      vertex 59.5 0 87.25
      vertex 1 1 87.25
      vertex 58.5 1 87.25
    endloop
  endfacet
  facet normal 0 0 -1
    outer loop
      vertex 0 0 87.25
      vertex 1 1 87.25
      vertex 59.5 0 87.25
    endloop
  endfacet
  facet normal 0 0 -1
    outer loop
      vertex 0 29 87.25
      vertex 1 1 87.25
      vertex 0 0 87.25
    endloop
  endfacet
  facet normal 0 0 -1
    outer loop
      vertex 1 1 87.25
      vertex 0 29 87.25
      vertex 1 29 87.25
    endloop
  endfacet
  facet normal 0 0 -1
    outer loop
      vertex 59.5 29 87.25
      vertex 58.5 1 87.25
      vertex 58.5 29 87.25
    endloop
  endfacet
  facet normal 1 0 0
    outer loop
      vertex 58.5 1 87.25
      vertex 58.5 29 84.25
      vertex 58.5 29 87.25
    endloop
  endfacet
  facet normal 1 0 0
    outer loop
      vertex 58.5 29 84.25
      vertex 58.5 1 87.25
      vertex 58.5 1 84.25
    endloop
  endfacet
  facet normal 0 -1 0
    outer loop
      vertex 1 1 84.25
      vertex 58.5 1 87.25
      vertex 1 1 87.25
    endloop
  endfacet
  facet normal 0 -1 0
    outer loop
      vertex 58.5 1 87.25
      vertex 1 1 84.25
      vertex 58.5 1 84.25
    endloop
  endfacet
  facet normal -1 0 0
    outer loop
      vertex 1 1 84.25
      vertex 1 29 87.25
      vertex 1 29 84.25
    endloop
  endfacet
  facet normal -1 0 0
    outer loop
      vertex 1 29 87.25
      vertex 1 1 84.25
      vertex 1 1 87.25
    endloop
  endfacet
  facet normal 0 0 1
    outer loop
      vertex 1 29 32.79999923706055
      vertex 0 29 32.79999923706055
      vertex 1 1 32.79999923706055
    endloop
  endfacet
  facet normal 0 0 1
    outer loop
      vertex 58.5 1 32.79999923706055
      vertex 59.5 29 32.79999923706055
      vertex 58.5 29 32.79999923706055
    endloop
  endfacet
  facet normal 0 0 1
    outer loop
      vertex 59.5 29 32.79999923706055
      vertex 58.5 1 32.79999923706055
      vertex 59.5 0 32.79999923706055
    endloop
  endfacet
  facet normal 0 0 1
    outer loop
      vertex 1 1 32.79999923706055
      vertex 59.5 0 32.79999923706055
      vertex 58.5 1 32.79999923706055
    endloop
  endfacet
  facet normal 0 0 1
    outer loop
      vertex 1 1 32.79999923706055
      vertex 0 0 32.79999923706055
      vertex 59.5 0 32.79999923706055
    endloop
  endfacet
  facet normal 0 0 1
    outer loop
      vertex 0 0 32.79999923706055
      vertex 1 1 32.79999923706055
      vertex 0 29 32.79999923706055
    endloop
  endfacet
  facet normal 0 0 -1
    outer loop
      vertex 59.5 0 35.79999923706055
      vertex 58.5 1 35.79999923706055
      vertex 59.5 29 35.79999923706055
    endloop
  endfacet
  facet normal 0 0 -1
    outer loop
      vertex 59.5 0 35.79999923706055
      vertex 1 1 35.79999923706055
      vertex 58.5 1 35.79999923706055
    endloop
  endfacet
  facet normal 0 0 -1
    outer loop
      vertex 0 0 35.79999923706055
      vertex 1 1 35.79999923706055
      vertex 59.5 0 35.79999923706055
    endloop
  endfacet
  facet normal 0 0 -1
    outer loop
      vertex 0 29 35.79999923706055
      vertex 1 1 35.79999923706055
      vertex 0 0 35.79999923706055
    endloop
  endfacet
  facet normal 0 0 -1
    outer loop
      vertex 1 1 35.79999923706055
      vertex 0 29 35.79999923706055
      vertex 1 29 35.79999923706055
    endloop
  endfacet
  facet normal 0 0 -1
    outer loop
      vertex 59.5 29 35.79999923706055
      vertex 58.5 1 35.79999923706055
      vertex 58.5 29 35.79999923706055
    endloop
  endfacet
  facet normal 1 0 0
    outer loop
      vertex 58.5 1 35.79999923706055
      vertex 58.5 29 32.79999923706055
      vertex 58.5 29 35.79999923706055
    endloop
  endfacet
  facet normal 1 0 0
    outer loop
      vertex 58.5 29 32.79999923706055
      vertex 58.5 1 35.79999923706055
      vertex 58.5 1 32.79999923706055
    endloop
  endfacet
  facet normal 0 -1 0
    outer loop
      vertex 1 1 32.79999923706055
      vertex 58.5 1 35.79999923706055
      vertex 1 1 35.79999923706055
    endloop
  endfacet
  facet normal 0 -1 0
    outer loop
      vertex 58.5 1 35.79999923706055
      vertex 1 1 32.79999923706055
      vertex 58.5 1 32.79999923706055
    endloop
  endfacet
  facet normal -1 0 0
    outer loop
      vertex 1 1 32.79999923706055
      vertex 1 29 35.79999923706055
      vertex 1 29 32.79999923706055
    endloop
  endfacet
  facet normal -1 0 0
    outer loop
      vertex 1 29 35.79999923706055
      vertex 1 1 32.79999923706055
      vertex 1 1 35.79999923706055
    endloop
  endfacet
  facet normal -1 0 0
    outer loop
      vertex 56.5 3 0
      vertex 56.5 29 119.5
      vertex 56.5 29 0
    endloop
  endfacet
  facet normal -1 0 0
    outer loop
      vertex 56.5 29 119.5
      vertex 56.5 3 0
      vertex 56.5 3 119.5
    endloop
  endfacet
  facet normal 0 1 0
    outer loop
      vertex 56.5 3 0
      vertex 3 3 119.5
      vertex 56.5 3 119.5
    endloop
  endfacet
  facet normal 0 1 0
    outer loop
      vertex 3 3 119.5
      vertex 56.5 3 0
      vertex 3 3 0
    endloop
  endfacet
  facet normal 1 0 0
    outer loop
      vertex 3 3 119.5
      vertex 3 29 0
      vertex 3 29 119.5
    endloop
  endfacet
  facet normal 1 0 0
    outer loop
      vertex 3 29 0
      vertex 3 3 119.5
      vertex 3 3 0
    endloop
  endfacet
  facet normal 0 0 -1
    outer loop
      vertex 56.5 3 119.5
      vertex 31.75 16 119.5
      vertex 56.5 29 119.5
    endloop
  endfacet
  facet normal 0 0 -1
    outer loop
      vertex 56.5 3 119.5
      vertex 31.73288917541504 15.738946914672852 119.5
      vertex 31.75 16 119.5
    endloop
  endfacet
  facet normal 0 0 -1
    outer loop
      vertex 56.5 3 119.5
      vertex 31.68185043334961 15.482361793518066 119.5
      vertex 31.73288917541504 15.738946914672852 119.5
    endloop
  endfacet
  facet normal 0 0 -1
    outer loop
      vertex 56.5 3 119.5
      vertex 31.597759246826172 15.23463249206543 119.5
      vertex 31.68185043334961 15.482361793518066 119.5
    endloop
  endfacet
  facet normal 0 0 -1
    outer loop
      vertex 56.5 3 119.5
      vertex 31.4820499420166 15 119.5
      vertex 31.597759246826172 15.23463249206543 119.5
    endloop
  endfacet
  facet normal 0 0 -1
    outer loop
      vertex 56.5 3 119.5
      vertex 31.336706161499023 14.782476425170898 119.5
      vertex 31.4820499420166 15 119.5
    endloop
  endfacet
  facet normal 0 0 -1
    outer loop
      vertex 56.5 3 119.5
      vertex 31.164213180541992 14.585785865783691 119.5
      vertex 31.336706161499023 14.782476425170898 119.5
    endloop
  endfacet
  facet normal 0 0 -1
    outer loop
      vertex 56.5 3 119.5
      vertex 30.96752166748047 14.41329288482666 119.5
      vertex 31.164213180541992 14.585785865783691 119.5
    endloop
  endfacet
  facet normal 0 0 -1
    outer loop
      vertex 56.5 3 119.5
      vertex 30.75 14.267949104309082 119.5
      vertex 30.96752166748047 14.41329288482666 119.5
    endloop
  endfacet
  facet normal 0 0 -1
    outer loop
      vertex 56.5 3 119.5
      vertex 30.515365600585938 14.152240753173828 119.5
      vertex 30.75 14.267949104309082 119.5
    endloop
  endfacet
  facet normal 0 0 -1
    outer loop
      vertex 56.5 3 119.5
      vertex 30.267637252807617 14.068147659301758 119.5
      vertex 30.515365600585938 14.152240753173828 119.5
    endloop
  endfacet
  facet normal 0 0 -1
    outer loop
      vertex 56.5 3 119.5
      vertex 30.011051177978516 14.017109870910645 119.5
      vertex 30.267637252807617 14.068147659301758 119.5
    endloop
  endfacet
  facet normal 0 0 -1
    outer loop
      vertex 56.5 3 119.5
      vertex 29.75 14 119.5
      vertex 30.011051177978516 14.017109870910645 119.5
    endloop
  endfacet
  facet normal 0 0 -1
    outer loop
      vertex 3 3 119.5
      vertex 29.75 14 119.5
      vertex 56.5 3 119.5
    endloop
  endfacet
  facet normal 0 0 -1
    outer loop
      vertex 29.75 14 119.5
      vertex 3 3 119.5
      vertex 29.48894691467285 14.017109870910645 119.5
    endloop
  endfacet
  facet normal 0 0 -1
    outer loop
      vertex 29.48894691467285 14.017109870910645 119.5
      vertex 3 3 119.5
      vertex 29.23236083984375 14.068147659301758 119.5
    endloop
  endfacet
  facet normal 0 0 -1
    outer loop
      vertex 27.767108917236328 15.738946914672852 119.5
      vertex 3 3 119.5
      vertex 27.75 16 119.5
    endloop
  endfacet
  facet normal 0 0 -1
    outer loop
      vertex 27.818147659301758 15.482361793518066 119.5
      vertex 3 3 119.5
      vertex 27.767108917236328 15.738946914672852 119.5
    endloop
  endfacet
  facet normal 0 0 -1
    outer loop
      vertex 27.902240753173828 15.23463249206543 119.5
      vertex 3 3 119.5
      vertex 27.818147659301758 15.482361793518066 119.5
    endloop
  endfacet
  facet normal 0 0 -1
    outer loop
      vertex 28.017948150634766 15 119.5
      vertex 3 3 119.5
      vertex 27.902240753173828 15.23463249206543 119.5
    endloop
  endfacet
  facet normal 0 0 -1
    outer loop
      vertex 28.163291931152344 14.782476425170898 119.5
      vertex 3 3 119.5
      vertex 28.017948150634766 15 119.5
    endloop
  endfacet
  facet normal 0 0 -1
    outer loop
      vertex 28.335784912109375 14.585785865783691 119.5
      vertex 3 3 119.5
      vertex 28.163291931152344 14.782476425170898 119.5
    endloop
  endfacet
  facet normal 0 0 -1
    outer loop
      vertex 28.5324764251709 14.41329288482666 119.5
      vertex 3 3 119.5
      vertex 28.335784912109375 14.585785865783691 119.5
    endloop
  endfacet
  facet normal 0 0 -1
    outer loop
      vertex 28.75 14.267949104309082 119.5
      vertex 3 3 119.5
      vertex 28.5324764251709 14.41329288482666 119.5
    endloop
  endfacet
  facet normal 0 0 -1
    outer loop
      vertex 28.98463249206543 14.152240753173828 119.5
      vertex 3 3 119.5
      vertex 28.75 14.267949104309082 119.5
    endloop
  endfacet
  facet normal 0 0 -1
    outer loop
      vertex 29.23236083984375 14.068147659301758 119.5
      vertex 3 3 119.5
      vertex 28.98463249206543 14.152240753173828 119.5
    endloop
  endfacet
  facet normal 0 0 -1
    outer loop
      vertex 31.73288917541504 16.261051177978516 119.5
      vertex 56.5 29 119.5
      vertex 31.75 16 119.5
    endloop
  endfacet
  facet normal 0 0 -1
    outer loop
      vertex 31.68185043334961 16.517637252807617 119.5
      vertex 56.5 29 119.5
      vertex 31.73288917541504 16.261051177978516 119.5
    endloop
  endfacet
  facet normal 0 0 -1
    outer loop
      vertex 31.597759246826172 16.765365600585938 119.5
      vertex 56.5 29 119.5
      vertex 31.68185043334961 16.517637252807617 119.5
    endloop
  endfacet
  facet normal 0 0 -1
    outer loop
      vertex 31.4820499420166 17 119.5
      vertex 56.5 29 119.5
      vertex 31.597759246826172 16.765365600585938 119.5
    endloop
  endfacet
  facet normal 0 0 -1
    outer loop
      vertex 31.336706161499023 17.21752166748047 119.5
      vertex 56.5 29 119.5
      vertex 31.4820499420166 17 119.5
    endloop
  endfacet
  facet normal 0 0 -1
    outer loop
      vertex 31.164213180541992 17.414213180541992 119.5
      vertex 56.5 29 119.5
      vertex 31.336706161499023 17.21752166748047 119.5
    endloop
  endfacet
  facet normal 0 0 -1
    outer loop
      vertex 30.96752166748047 17.586706161499023 119.5
      vertex 56.5 29 119.5
      vertex 31.164213180541992 17.414213180541992 119.5
    endloop
  endfacet
  facet normal 0 0 -1
    outer loop
      vertex 30.75 17.7320499420166 119.5
      vertex 56.5 29 119.5
      vertex 30.96752166748047 17.586706161499023 119.5
    endloop
  endfacet
  facet normal 0 0 -1
    outer loop
      vertex 30.515365600585938 17.847759246826172 119.5
      vertex 56.5 29 119.5
      vertex 30.75 17.7320499420166 119.5
    endloop
  endfacet
  facet normal 0 0 -1
    outer loop
      vertex 30.267637252807617 17.93185043334961 119.5
      vertex 56.5 29 119.5
      vertex 30.515365600585938 17.847759246826172 119.5
    endloop
  endfacet
  facet normal 0 0 -1
    outer loop
      vertex 30.011051177978516 17.98288917541504 119.5
      vertex 56.5 29 119.5
      vertex 30.267637252807617 17.93185043334961 119.5
    endloop
  endfacet
  facet normal 0 0 -1
    outer loop
      vertex 29.75 18 119.5
      vertex 56.5 29 119.5
      vertex 30.011051177978516 17.98288917541504 119.5
    endloop
  endfacet
  facet normal 0 0 -1
    outer loop
      vertex 3 29 119.5
      vertex 29.75 18 119.5
      vertex 29.48894691467285 17.98288917541504 119.5
    endloop
  endfacet
  facet normal 0 0 -1
    outer loop
      vertex 3 29 119.5
      vertex 29.48894691467285 17.98288917541504 119.5
      vertex 29.23236083984375 17.93185043334961 119.5
    endloop
  endfacet
  facet normal 0 0 -1
    outer loop
      vertex 3 29 119.5
      vertex 29.23236083984375 17.93185043334961 119.5
      vertex 28.98463249206543 17.847759246826172 119.5
    endloop
  endfacet
  facet normal 0 0 -1
    outer loop
      vertex 3 29 119.5
      vertex 27.75 16 119.5
      vertex 3 3 119.5
    endloop
  endfacet
  facet normal 0 0 -1
    outer loop
      vertex 27.75 16 119.5
      vertex 3 29 119.5
      vertex 27.767108917236328 16.261051177978516 119.5
    endloop
  endfacet
  facet normal 0 0 -1
    outer loop
      vertex 27.767108917236328 16.261051177978516 119.5
      vertex 3 29 119.5
      vertex 27.818147659301758 16.517637252807617 119.5
    endloop
  endfacet
  facet normal 0 0 -1
    outer loop
      vertex 27.818147659301758 16.517637252807617 119.5
      vertex 3 29 119.5
      vertex 27.902240753173828 16.765365600585938 119.5
    endloop
  endfacet
  facet normal 0 0 -1
    outer loop
      vertex 27.902240753173828 16.765365600585938 119.5
      vertex 3 29 119.5
      vertex 28.017948150634766 17 119.5
    endloop
  endfacet
  facet normal 0 0 -1
    outer loop
      vertex 28.017948150634766 17 119.5
      vertex 3 29 119.5
      vertex 28.163291931152344 17.21752166748047 119.5
    endloop
  endfacet
  facet normal 0 0 -1
    outer loop
      vertex 28.163291931152344 17.21752166748047 119.5
      vertex 3 29 119.5
      vertex 28.335784912109375 17.414213180541992 119.5
    endloop
  endfacet
  facet normal 0 0 -1
    outer loop
      vertex 28.335784912109375 17.414213180541992 119.5
      vertex 3 29 119.5
      vertex 28.5324764251709 17.586706161499023 119.5
    endloop
  endfacet
  facet normal 0 0 -1
    outer loop
      vertex 29.75 18 119.5
      vertex 3 29 119.5
      vertex 56.5 29 119.5
    endloop
  endfacet
  facet normal 0 0 -1
    outer loop
      vertex 28.75 17.7320499420166 119.5
      vertex 3 29 119.5
      vertex 28.98463249206543 17.847759246826172 119.5
    endloop
  endfacet
  facet normal 0 0 -1
    outer loop
      vertex 28.5324764251709 17.586706161499023 119.5
      vertex 3 29 119.5
      vertex 28.75 17.7320499420166 119.5
    endloop
  endfacet
  facet normal -0.6593439861474872 0.751841411423408 0
    outer loop
      vertex 31.164213180541992 14.585785865783691 119.5
      vertex 30.96752166748047 14.41329288482666 122.5
      vertex 31.164213180541992 14.585785865783691 122.5
    endloop
  endfacet
  facet normal -0.6593439861474872 0.751841411423408 0
    outer loop
      vertex 30.96752166748047 14.41329288482666 122.5
      vertex 31.164213180541992 14.585785865783691 119.5
      vertex 30.96752166748047 14.41329288482666 119.5
    endloop
  endfacet
  facet normal -0.9978587981570066 0.06540503757857268 0
    outer loop
      vertex 31.73288917541504 15.738946914672852 119.5
      vertex 31.75 16 122.5
      vertex 31.75 16 119.5
    endloop
  endfacet
  facet normal -0.9978587981570066 0.06540503757857268 0
    outer loop
      vertex 31.75 16 122.5
      vertex 31.73288917541504 15.738946914672852 119.5
      vertex 31.73288917541504 15.738946914672852 122.5
    endloop
  endfacet
  facet normal 0.1950890159974446 0.9807855401855946 0
    outer loop
      vertex 29.48894691467285 14.017109870910645 119.5
      vertex 29.23236083984375 14.068147659301758 122.5
      vertex 29.48894691467285 14.017109870910645 122.5
    endloop
  endfacet
  facet normal 0.1950890159974446 0.9807855401855946 0
    outer loop
      vertex 29.23236083984375 14.068147659301758 122.5
      vertex 29.48894691467285 14.017109870910645 119.5
      vertex 29.23236083984375 14.068147659301758 119.5
    endloop
  endfacet
  facet normal 0.8968735645677046 0.4422870212651728 0
    outer loop
      vertex 28.017948150634766 15 122.5
      vertex 27.902240753173828 15.23463249206543 119.5
      vertex 27.902240753173828 15.23463249206543 122.5
    endloop
  endfacet
  facet normal 0.8968735645677046 0.4422870212651728 0
    outer loop
      vertex 27.902240753173828 15.23463249206543 119.5
      vertex 28.017948150634766 15 122.5
      vertex 28.017948150634766 15 119.5
    endloop
  endfacet
  facet normal -0.9978587669682916 -0.06540551341072687 0
    outer loop
      vertex 31.75 16 119.5
      vertex 31.73288917541504 16.261051177978516 122.5
      vertex 31.73288917541504 16.261051177978516 119.5
    endloop
  endfacet
  facet normal -0.9978587669682916 -0.06540551341072687 0
    outer loop
      vertex 31.73288917541504 16.261051177978516 122.5
      vertex 31.75 16 119.5
      vertex 31.75 16 122.5
    endloop
  endfacet
  facet normal -0.9469315910190028 -0.3214351597604407 0
    outer loop
      vertex 31.68185043334961 16.517637252807617 119.5
      vertex 31.597759246826172 16.765365600585938 122.5
      vertex 31.597759246826172 16.765365600585938 119.5
    endloop
  endfacet
  facet normal -0.9469315910190028 -0.3214351597604407 0
    outer loop
      vertex 31.597759246826172 16.765365600585938 122.5
      vertex 31.68185043334961 16.517637252807617 119.5
      vertex 31.68185043334961 16.517637252807617 122.5
    endloop
  endfacet
  facet normal 0.5555680517333541 0.8314710697872808 0
    outer loop
      vertex 28.75 14.267949104309082 119.5
      vertex 28.5324764251709 14.41329288482666 122.5
      vertex 28.75 14.267949104309082 122.5
    endloop
  endfacet
  facet normal 0.5555680517333541 0.8314710697872808 0
    outer loop
      vertex 28.5324764251709 14.41329288482666 122.5
      vertex 28.75 14.267949104309082 119.5
      vertex 28.5324764251709 14.41329288482666 119.5
    endloop
  endfacet
  facet normal -0.8968706724893841 0.44229288579903664 0
    outer loop
      vertex 31.4820499420166 15 119.5
      vertex 31.597759246826172 15.23463249206543 122.5
      vertex 31.597759246826172 15.23463249206543 119.5
    endloop
  endfacet
  facet normal -0.8968706724893841 0.44229288579903664 0
    outer loop
      vertex 31.597759246826172 15.23463249206543 122.5
      vertex 31.4820499420166 15 119.5
      vertex 31.4820499420166 15 122.5
    endloop
  endfacet
  facet normal -0.9807848426738498 -0.19509252261742832 0
    outer loop
      vertex 31.73288917541504 16.261051177978516 119.5
      vertex 31.68185043334961 16.517637252807617 122.5
      vertex 31.68185043334961 16.517637252807617 119.5
    endloop
  endfacet
  facet normal -0.9807848426738498 -0.19509252261742832 0
    outer loop
      vertex 31.68185043334961 16.517637252807617 122.5
      vertex 31.73288917541504 16.261051177978516 119.5
      vertex 31.73288917541504 16.261051177978516 122.5
    endloop
  endfacet
  facet normal 0.4422899535391963 0.8968721185310063 0
    outer loop
      vertex 28.98463249206543 14.152240753173828 119.5
      vertex 28.75 14.267949104309082 122.5
      vertex 28.98463249206543 14.152240753173828 122.5
    endloop
  endfacet
  facet normal 0.4422899535391963 0.8968721185310063 0
    outer loop
      vertex 28.75 14.267949104309082 122.5
      vertex 28.98463249206543 14.152240753173828 119.5
      vertex 28.75 14.267949104309082 119.5
    endloop
  endfacet
  facet normal -0.980784703926618 0.19509322013739036 0
    outer loop
      vertex 31.68185043334961 15.482361793518066 119.5
      vertex 31.73288917541504 15.738946914672852 122.5
      vertex 31.73288917541504 15.738946914672852 119.5
    endloop
  endfacet
  facet normal -0.980784703926618 0.19509322013739036 0
    outer loop
      vertex 31.73288917541504 15.738946914672852 122.5
      vertex 31.68185043334961 15.482361793518066 119.5
      vertex 31.68185043334961 15.482361793518066 122.5
    endloop
  endfacet
  facet normal -0.9469319676599184 0.3214340501933723 0
    outer loop
      vertex 31.597759246826172 15.23463249206543 119.5
      vertex 31.68185043334961 15.482361793518066 122.5
      vertex 31.68185043334961 15.482361793518066 119.5
    endloop
  endfacet
  facet normal -0.9469319676599184 0.3214340501933723 0
    outer loop
      vertex 31.68185043334961 15.482361793518066 122.5
      vertex 31.597759246826172 15.23463249206543 119.5
      vertex 31.597759246826172 15.23463249206543 122.5
    endloop
  endfacet
  facet normal 0.8314688194409101 -0.5555714196190613 0
    outer loop
      vertex 28.017948150634766 17 122.5
      vertex 28.163291931152344 17.21752166748047 119.5
      vertex 28.163291931152344 17.21752166748047 122.5
    endloop
  endfacet
  facet normal 0.8314688194409101 -0.5555714196190613 0
    outer loop
      vertex 28.163291931152344 17.21752166748047 119.5
      vertex 28.017948150634766 17 122.5
      vertex 28.017948150634766 17 119.5
    endloop
  endfacet
  facet normal -0.06540188361807907 0.9978590048795507 0
    outer loop
      vertex 30.011051177978516 14.017109870910645 119.5
      vertex 29.75 14 122.5
      vertex 30.011051177978516 14.017109870910645 122.5
    endloop
  endfacet
  facet normal -0.06540188361807907 0.9978590048795507 0
    outer loop
      vertex 29.75 14 122.5
      vertex 30.011051177978516 14.017109870910645 119.5
      vertex 29.75 14 119.5
    endloop
  endfacet
  facet normal 0.19509252261742832 -0.9807848426738498 0
    outer loop
      vertex 29.23236083984375 17.93185043334961 119.5
      vertex 29.48894691467285 17.98288917541504 122.5
      vertex 29.23236083984375 17.93185043334961 122.5
    endloop
  endfacet
  facet normal 0.19509252261742832 -0.9807848426738498 0
    outer loop
      vertex 29.48894691467285 17.98288917541504 122.5
      vertex 29.23236083984375 17.93185043334961 119.5
      vertex 29.48894691467285 17.98288917541504 119.5
    endloop
  endfacet
  facet normal 0.06540140781210511 0.9978590360648115 0
    outer loop
      vertex 29.75 14 119.5
      vertex 29.48894691467285 14.017109870910645 122.5
      vertex 29.75 14 122.5
    endloop
  endfacet
  facet normal 0.06540140781210511 0.9978590360648115 0
    outer loop
      vertex 29.48894691467285 14.017109870910645 122.5
      vertex 29.75 14 119.5
      vertex 29.48894691467285 14.017109870910645 119.5
    endloop
  endfacet
  facet normal -0.8968720987122667 -0.44228999372747985 0
    outer loop
      vertex 31.597759246826172 16.765365600585938 119.5
      vertex 31.4820499420166 17 122.5
      vertex 31.4820499420166 17 119.5
    endloop
  endfacet
  facet normal -0.8968720987122667 -0.44228999372747985 0
    outer loop
      vertex 31.4820499420166 17 122.5
      vertex 31.597759246826172 16.765365600585938 119.5
      vertex 31.597759246826172 16.765365600585938 122.5
    endloop
  endfacet
  facet normal -0.19509252261742832 -0.9807848426738498 0
    outer loop
      vertex 30.011051177978516 17.98288917541504 119.5
      vertex 30.267637252807617 17.93185043334961 122.5
      vertex 30.011051177978516 17.98288917541504 122.5
    endloop
  endfacet
  facet normal -0.19509252261742832 -0.9807848426738498 0
    outer loop
      vertex 30.267637252807617 17.93185043334961 122.5
      vertex 30.011051177978516 17.98288917541504 119.5
      vertex 30.267637252807617 17.93185043334961 119.5
    endloop
  endfacet
  facet normal -0.8314710697872808 0.5555680517333541 0
    outer loop
      vertex 31.336706161499023 14.782476425170898 119.5
      vertex 31.4820499420166 15 122.5
      vertex 31.4820499420166 15 119.5
    endloop
  endfacet
  facet normal -0.8314710697872808 0.5555680517333541 0
    outer loop
      vertex 31.4820499420166 15 122.5
      vertex 31.336706161499023 14.782476425170898 119.5
      vertex 31.336706161499023 14.782476425170898 122.5
    endloop
  endfacet
  facet normal 0.9978592739595264 0.06539777804304144 0
    outer loop
      vertex 27.767108917236328 15.738946914672852 122.5
      vertex 27.75 16 119.5
      vertex 27.75 16 122.5
    endloop
  endfacet
  facet normal 0.9978592739595264 0.06539777804304144 0
    outer loop
      vertex 27.75 16 119.5
      vertex 27.767108917236328 15.738946914672852 122.5
      vertex 27.767108917236328 15.738946914672852 119.5
    endloop
  endfacet
  facet normal 0.9807848426738498 -0.19509252261742832 0
    outer loop
      vertex 27.767108917236328 16.261051177978516 122.5
      vertex 27.818147659301758 16.517637252807617 119.5
      vertex 27.818147659301758 16.517637252807617 122.5
    endloop
  endfacet
  facet normal 0.9807848426738498 -0.19509252261742832 0
    outer loop
      vertex 27.818147659301758 16.517637252807617 119.5
      vertex 27.767108917236328 16.261051177978516 122.5
      vertex 27.767108917236328 16.261051177978516 119.5
    endloop
  endfacet
  facet normal 0.6593439861474872 0.751841411423408 0
    outer loop
      vertex 28.5324764251709 14.41329288482666 119.5
      vertex 28.335784912109375 14.585785865783691 122.5
      vertex 28.5324764251709 14.41329288482666 122.5
    endloop
  endfacet
  facet normal 0.6593439861474872 0.751841411423408 0
    outer loop
      vertex 28.335784912109375 14.585785865783691 122.5
      vertex 28.5324764251709 14.41329288482666 119.5
      vertex 28.335784912109375 14.585785865783691 119.5
    endloop
  endfacet
  facet normal 0.9469293718602808 -0.32144169721474214 0
    outer loop
      vertex 27.818147659301758 16.517637252807617 122.5
      vertex 27.902240753173828 16.765365600585938 119.5
      vertex 27.902240753173828 16.765365600585938 122.5
    endloop
  endfacet
  facet normal 0.9469293718602808 -0.32144169721474214 0
    outer loop
      vertex 27.902240753173828 16.765365600585938 119.5
      vertex 27.818147659301758 16.517637252807617 122.5
      vertex 27.818147659301758 16.517637252807617 119.5
    endloop
  endfacet
  facet normal -0.751841411423408 -0.6593439861474872 0
    outer loop
      vertex 31.336706161499023 17.21752166748047 119.5
      vertex 31.164213180541992 17.414213180541992 122.5
      vertex 31.164213180541992 17.414213180541992 119.5
    endloop
  endfacet
  facet normal -0.751841411423408 -0.6593439861474872 0
    outer loop
      vertex 31.164213180541992 17.414213180541992 122.5
      vertex 31.336706161499023 17.21752166748047 119.5
      vertex 31.336706161499023 17.21752166748047 122.5
    endloop
  endfacet
  facet normal -0.1950890159974446 0.9807855401855946 0
    outer loop
      vertex 30.267637252807617 14.068147659301758 119.5
      vertex 30.011051177978516 14.017109870910645 122.5
      vertex 30.267637252807617 14.068147659301758 122.5
    endloop
  endfacet
  facet normal -0.1950890159974446 0.9807855401855946 0
    outer loop
      vertex 30.011051177978516 14.017109870910645 122.5
      vertex 30.267637252807617 14.068147659301758 119.5
      vertex 30.011051177978516 14.017109870910645 119.5
    endloop
  endfacet
  facet normal 0.44229288579903664 -0.8968706724893841 0
    outer loop
      vertex 28.75 17.7320499420166 119.5
      vertex 28.98463249206543 17.847759246826172 122.5
      vertex 28.75 17.7320499420166 122.5
    endloop
  endfacet
  facet normal 0.44229288579903664 -0.8968706724893841 0
    outer loop
      vertex 28.98463249206543 17.847759246826172 122.5
      vertex 28.75 17.7320499420166 119.5
      vertex 28.98463249206543 17.847759246826172 119.5
    endloop
  endfacet
  facet normal -0.5555714196190613 0.8314688194409101 0
    outer loop
      vertex 30.96752166748047 14.41329288482666 119.5
      vertex 30.75 14.267949104309082 122.5
      vertex 30.96752166748047 14.41329288482666 122.5
    endloop
  endfacet
  facet normal -0.5555714196190613 0.8314688194409101 0
    outer loop
      vertex 30.75 14.267949104309082 122.5
      vertex 30.96752166748047 14.41329288482666 119.5
      vertex 30.75 14.267949104309082 119.5
    endloop
  endfacet
  facet normal -0.06540551341072687 -0.9978587669682916 0
    outer loop
      vertex 29.75 18 119.5
      vertex 30.011051177978516 17.98288917541504 122.5
      vertex 29.75 18 122.5
    endloop
  endfacet
  facet normal -0.06540551341072687 -0.9978587669682916 0
    outer loop
      vertex 30.011051177978516 17.98288917541504 122.5
      vertex 29.75 18 119.5
      vertex 30.011051177978516 17.98288917541504 119.5
    endloop
  endfacet
  facet normal -0.3214351597604407 -0.9469315910190028 0
    outer loop
      vertex 30.267637252807617 17.93185043334961 119.5
      vertex 30.515365600585938 17.847759246826172 122.5
      vertex 30.267637252807617 17.93185043334961 122.5
    endloop
  endfacet
  facet normal -0.3214351597604407 -0.9469315910190028 0
    outer loop
      vertex 30.515365600585938 17.847759246826172 122.5
      vertex 30.267637252807617 17.93185043334961 119.5
      vertex 30.515365600585938 17.847759246826172 119.5
    endloop
  endfacet
  facet normal -0.44228999372747985 -0.8968720987122667 0
    outer loop
      vertex 30.515365600585938 17.847759246826172 119.5
      vertex 30.75 17.7320499420166 122.5
      vertex 30.515365600585938 17.847759246826172 122.5
    endloop
  endfacet
  facet normal -0.44228999372747985 -0.8968720987122667 0
    outer loop
      vertex 30.75 17.7320499420166 122.5
      vertex 30.515365600585938 17.847759246826172 119.5
      vertex 30.75 17.7320499420166 119.5
    endloop
  endfacet
  facet normal -0.8314688194409101 -0.5555714196190613 0
    outer loop
      vertex 31.4820499420166 17 119.5
      vertex 31.336706161499023 17.21752166748047 122.5
      vertex 31.336706161499023 17.21752166748047 119.5
    endloop
  endfacet
  facet normal -0.8314688194409101 -0.5555714196190613 0
    outer loop
      vertex 31.336706161499023 17.21752166748047 122.5
      vertex 31.4820499420166 17 119.5
      vertex 31.4820499420166 17 122.5
    endloop
  endfacet
  facet normal 0.8314710697872808 0.5555680517333541 0
    outer loop
      vertex 28.163291931152344 14.782476425170898 122.5
      vertex 28.017948150634766 15 119.5
      vertex 28.017948150634766 15 122.5
    endloop
  endfacet
  facet normal 0.8314710697872808 0.5555680517333541 0
    outer loop
      vertex 28.017948150634766 15 119.5
      vertex 28.163291931152344 14.782476425170898 122.5
      vertex 28.163291931152344 14.782476425170898 119.5
    endloop
  endfacet
  facet normal 0.06540503757857268 -0.9978587981570066 0
    outer loop
      vertex 29.48894691467285 17.98288917541504 119.5
      vertex 29.75 18 122.5
      vertex 29.48894691467285 17.98288917541504 122.5
    endloop
  endfacet
  facet normal 0.06540503757857268 -0.9978587981570066 0
    outer loop
      vertex 29.75 18 122.5
      vertex 29.48894691467285 17.98288917541504 119.5
      vertex 29.75 18 119.5
    endloop
  endfacet
  facet normal 0.5555680517333541 -0.8314710697872808 0
    outer loop
      vertex 28.5324764251709 17.586706161499023 119.5
      vertex 28.75 17.7320499420166 122.5
      vertex 28.5324764251709 17.586706161499023 122.5
    endloop
  endfacet
  facet normal 0.5555680517333541 -0.8314710697872808 0
    outer loop
      vertex 28.75 17.7320499420166 122.5
      vertex 28.5324764251709 17.586706161499023 119.5
      vertex 28.75 17.7320499420166 119.5
    endloop
  endfacet
  facet normal -0.32144169721474214 0.9469293718602808 0
    outer loop
      vertex 30.515365600585938 14.152240753173828 119.5
      vertex 30.267637252807617 14.068147659301758 122.5
      vertex 30.515365600585938 14.152240753173828 122.5
    endloop
  endfacet
  facet normal -0.32144169721474214 0.9469293718602808 0
    outer loop
      vertex 30.267637252807617 14.068147659301758 122.5
      vertex 30.515365600585938 14.152240753173828 119.5
      vertex 30.267637252807617 14.068147659301758 119.5
    endloop
  endfacet
  facet normal -0.751839826652126 0.6593457932372825 0
    outer loop
      vertex 31.164213180541992 14.585785865783691 119.5
      vertex 31.336706161499023 14.782476425170898 122.5
      vertex 31.336706161499023 14.782476425170898 119.5
    endloop
  endfacet
  facet normal -0.751839826652126 0.6593457932372825 0
    outer loop
      vertex 31.336706161499023 14.782476425170898 122.5
      vertex 31.164213180541992 14.585785865783691 119.5
      vertex 31.164213180541992 14.585785865783691 122.5
    endloop
  endfacet
  facet normal -0.4422870614774873 0.8968735447372777 0
    outer loop
      vertex 30.75 14.267949104309082 119.5
      vertex 30.515365600585938 14.152240753173828 122.5
      vertex 30.75 14.267949104309082 122.5
    endloop
  endfacet
  facet normal -0.4422870614774873 0.8968735447372777 0
    outer loop
      vertex 30.515365600585938 14.152240753173828 122.5
      vertex 30.75 14.267949104309082 119.5
      vertex 30.515365600585938 14.152240753173828 119.5
    endloop
  endfacet
  facet normal 0.751841411423408 -0.6593439861474872 0
    outer loop
      vertex 28.163291931152344 17.21752166748047 122.5
      vertex 28.335784912109375 17.414213180541992 119.5
      vertex 28.335784912109375 17.414213180541992 122.5
    endloop
  endfacet
  facet normal 0.751841411423408 -0.6593439861474872 0
    outer loop
      vertex 28.335784912109375 17.414213180541992 119.5
      vertex 28.163291931152344 17.21752166748047 122.5
      vertex 28.163291931152344 17.21752166748047 119.5
    endloop
  endfacet
  facet normal 0.9469297485156343 0.32144058763030764 0
    outer loop
      vertex 27.902240753173828 15.23463249206543 122.5
      vertex 27.818147659301758 15.482361793518066 119.5
      vertex 27.818147659301758 15.482361793518066 122.5
    endloop
  endfacet
  facet normal 0.9469297485156343 0.32144058763030764 0
    outer loop
      vertex 27.818147659301758 15.482361793518066 119.5
      vertex 27.902240753173828 15.23463249206543 122.5
      vertex 27.902240753173828 15.23463249206543 119.5
    endloop
  endfacet
  facet normal 0.3214351597604407 -0.9469315910190028 0
    outer loop
      vertex 28.98463249206543 17.847759246826172 119.5
      vertex 29.23236083984375 17.93185043334961 122.5
      vertex 28.98463249206543 17.847759246826172 122.5
    endloop
  endfacet
  facet normal 0.3214351597604407 -0.9469315910190028 0
    outer loop
      vertex 29.23236083984375 17.93185043334961 122.5
      vertex 28.98463249206543 17.847759246826172 119.5
      vertex 29.23236083984375 17.93185043334961 119.5
    endloop
  endfacet
  facet normal 0.6593439861474872 -0.751841411423408 0
    outer loop
      vertex 28.335784912109375 17.414213180541992 119.5
      vertex 28.5324764251709 17.586706161499023 122.5
      vertex 28.335784912109375 17.414213180541992 122.5
    endloop
  endfacet
  facet normal 0.6593439861474872 -0.751841411423408 0
    outer loop
      vertex 28.5324764251709 17.586706161499023 122.5
      vertex 28.335784912109375 17.414213180541992 119.5
      vertex 28.5324764251709 17.586706161499023 119.5
    endloop
  endfacet
  facet normal -0.6593439861474872 -0.751841411423408 0
    outer loop
      vertex 30.96752166748047 17.586706161499023 119.5
      vertex 31.164213180541992 17.414213180541992 122.5
      vertex 30.96752166748047 17.586706161499023 122.5
    endloop
  endfacet
  facet normal -0.6593439861474872 -0.751841411423408 0
    outer loop
      vertex 31.164213180541992 17.414213180541992 122.5
      vertex 30.96752166748047 17.586706161499023 119.5
      vertex 31.164213180541992 17.414213180541992 119.5
    endloop
  endfacet
  facet normal -0.5555714196190613 -0.8314688194409101 0
    outer loop
      vertex 30.75 17.7320499420166 119.5
      vertex 30.96752166748047 17.586706161499023 122.5
      vertex 30.75 17.7320499420166 122.5
    endloop
  endfacet
  facet normal -0.5555714196190613 -0.8314688194409101 0
    outer loop
      vertex 30.96752166748047 17.586706161499023 122.5
      vertex 30.75 17.7320499420166 119.5
      vertex 30.96752166748047 17.586706161499023 119.5
    endloop
  endfacet
  facet normal 0.980784703926618 0.19509322013739036 0
    outer loop
      vertex 27.818147659301758 15.482361793518066 122.5
      vertex 27.767108917236328 15.738946914672852 119.5
      vertex 27.767108917236328 15.738946914672852 122.5
    endloop
  endfacet
  facet normal 0.980784703926618 0.19509322013739036 0
    outer loop
      vertex 27.767108917236328 15.738946914672852 119.5
      vertex 27.818147659301758 15.482361793518066 122.5
      vertex 27.818147659301758 15.482361793518066 119.5
    endloop
  endfacet
  facet normal 0.8968749907573645 -0.4422841292133118 0
    outer loop
      vertex 27.902240753173828 16.765365600585938 122.5
      vertex 28.017948150634766 17 119.5
      vertex 28.017948150634766 17 122.5
    endloop
  endfacet
  facet normal 0.8968749907573645 -0.4422841292133118 0
    outer loop
      vertex 28.017948150634766 17 119.5
      vertex 27.902240753173828 16.765365600585938 122.5
      vertex 27.902240753173828 16.765365600585938 119.5
    endloop
  endfacet
  facet normal 0.32144169721474214 0.9469293718602808 0
    outer loop
      vertex 29.23236083984375 14.068147659301758 119.5
      vertex 28.98463249206543 14.152240753173828 122.5
      vertex 29.23236083984375 14.068147659301758 122.5
    endloop
  endfacet
  facet normal 0.32144169721474214 0.9469293718602808 0
    outer loop
      vertex 28.98463249206543 14.152240753173828 122.5
      vertex 29.23236083984375 14.068147659301758 119.5
      vertex 28.98463249206543 14.152240753173828 119.5
    endloop
  endfacet
  facet normal 0.751839826652126 0.6593457932372825 0
    outer loop
      vertex 28.335784912109375 14.585785865783691 122.5
      vertex 28.163291931152344 14.782476425170898 119.5
      vertex 28.163291931152344 14.782476425170898 122.5
    endloop
  endfacet
  facet normal 0.751839826652126 0.6593457932372825 0
    outer loop
      vertex 28.163291931152344 14.782476425170898 119.5
      vertex 28.335784912109375 14.585785865783691 122.5
      vertex 28.335784912109375 14.585785865783691 119.5
    endloop
  endfacet
  facet normal 0.9978592427777196 -0.06539825382283507 0
    outer loop
      vertex 27.75 16 122.5
      vertex 27.767108917236328 16.261051177978516 119.5
      vertex 27.767108917236328 16.261051177978516 122.5
    endloop
  endfacet
  facet normal 0.9978592427777196 -0.06539825382283507 0
    outer loop
      vertex 27.767108917236328 16.261051177978516 119.5
      vertex 27.75 16 122.5
      vertex 27.75 16 119.5
    endloop
  endfacet
endsolid OpenSCAD_Model
