solid OpenSCAD_Model
  facet normal 0.7518414114234079 0.6593439861474871 0
    outer loop
      vertex 56.586708068847656 23.71752166748047 35.040000915527344
      vertex 56.414215087890625 23.914213180541992 0
      vertex 56.414215087890625 23.914213180541992 35.040000915527344
    endloop
  endfacet
  facet normal 0.7518414114234079 0.6593439861474871 0
    outer loop
      vertex 56.414215087890625 23.914213180541992 0
      vertex 56.586708068847656 23.71752166748047 35.040000915527344
      vertex 56.586708068847656 23.71752166748047 0
    endloop
  endfacet
  facet normal 0.751841411423408 0.6593439861474872 0
    outer loop
      vertex 56.586708068847656 23.71752166748047 130.5
      vertex 56.414215087890625 23.914213180541992 92.8499984741211
      vertex 56.414215087890625 23.914213180541992 130.5
    endloop
  endfacet
  facet normal 0.751841411423408 0.6593439861474872 0
    outer loop
      vertex 56.414215087890625 23.914213180541992 92.8499984741211
      vertex 56.586708068847656 23.71752166748047 130.5
      vertex 56.586708068847656 23.71752166748047 92.8499984741211
    endloop
  endfacet
  facet normal 0.751841411423408 0.6593439861474872 0
    outer loop
      vertex 56.586708068847656 23.71752166748047 89.8499984741211
      vertex 56.414215087890625 23.914213180541992 38.040000915527344
      vertex 56.414215087890625 23.914213180541992 89.8499984741211
    endloop
  endfacet
  facet normal 0.751841411423408 0.6593439861474872 0
    outer loop
      vertex 56.414215087890625 23.914213180541992 38.040000915527344
      vertex 56.586708068847656 23.71752166748047 89.8499984741211
      vertex 56.586708068847656 23.71752166748047 38.040000915527344
    endloop
  endfacet
  facet normal 0.32143737891623453 0.9469308377254704 0
    outer loop
      vertex 55.76536560058594 24.347759246826172 0
      vertex 55.51763916015625 24.43185043334961 130.5
      vertex 55.76536560058594 24.347759246826172 130.5
    endloop
  endfacet
  facet normal 0.32143737891623453 0.9469308377254704 0
    outer loop
      vertex 55.51763916015625 24.43185043334961 130.5
      vertex 55.76536560058594 24.347759246826172 0
      vertex 55.51763916015625 24.43185043334961 0
    endloop
  endfacet
  facet normal 0 1 0
    outer loop
      vertex 55 24.5 130.5
      vertex 54 24.5 127.5
      vertex 2 24.5 130.5
    endloop
  endfacet
  facet normal 0 1 0
    outer loop
      vertex 55 24.5 0
      vertex 54 24.5 127.5
      vertex 55 24.5 130.5
    endloop
  endfacet
  facet normal 0 1 0
    outer loop
      vertex 54 24.5 127.5
      vertex 55 24.5 0
      vertex 54 24.5 0
    endloop
  endfacet
  facet normal 0 1 0
    outer loop
      vertex 3 24.5 127.5
      vertex 2 24.5 130.5
      vertex 54 24.5 127.5
    endloop
  endfacet
  facet normal 0 1 0
    outer loop
      vertex 2 24.5 0
      vertex 3 24.5 127.5
      vertex 3 24.5 0
    endloop
  endfacet
  facet normal 0 1 0
    outer loop
      vertex 3 24.5 127.5
      vertex 2 24.5 0
      vertex 2 24.5 130.5
    endloop
  endfacet
  facet normal 0 -1 0
    outer loop
      vertex 0 0 4
      vertex 57 0 35.040000915527344
      vertex 0 0 35.040000915527344
    endloop
  endfacet
  facet normal 0 -1 0
    outer loop
      vertex 57 0 35.040000915527344
      vertex 0 0 4
      vertex 57 0 4
    endloop
  endfacet
  facet normal 0 -1 0
    outer loop
      vertex 0 0 92.8499984741211
      vertex 57 0 128.5
      vertex 0 0 128.5
    endloop
  endfacet
  facet normal 0 -1 0
    outer loop
      vertex 57 0 128.5
      vertex 0 0 92.8499984741211
      vertex 57 0 92.8499984741211
    endloop
  endfacet
  facet normal 0 -1 0
    outer loop
      vertex 0 0 38.040000915527344
      vertex 57 0 89.8499984741211
      vertex 0 0 89.8499984741211
    endloop
  endfacet
  facet normal 0 -1 0
    outer loop
      vertex 57 0 89.8499984741211
      vertex 0 0 38.040000915527344
      vertex 57 0 38.040000915527344
    endloop
  endfacet
  facet normal 0.659340371986186 0.7518445809268814 0
    outer loop
      vertex 56.414215087890625 23.914213180541992 0
      vertex 56.21752166748047 24.086706161499023 35.040000915527344
      vertex 56.414215087890625 23.914213180541992 35.040000915527344
    endloop
  endfacet
  facet normal 0.659340371986186 0.7518445809268814 0
    outer loop
      vertex 56.21752166748047 24.086706161499023 35.040000915527344
      vertex 56.414215087890625 23.914213180541992 0
      vertex 56.21752166748047 24.086706161499023 0
    endloop
  endfacet
  facet normal 0.6593403719861861 0.7518445809268814 0
    outer loop
      vertex 56.414215087890625 23.914213180541992 92.8499984741211
      vertex 56.21752166748047 24.086706161499023 130.5
      vertex 56.414215087890625 23.914213180541992 130.5
    endloop
  endfacet
  facet normal 0.6593403719861861 0.7518445809268814 0
    outer loop
      vertex 56.21752166748047 24.086706161499023 130.5
      vertex 56.414215087890625 23.914213180541992 92.8499984741211
      vertex 56.21752166748047 24.086706161499023 92.8499984741211
    endloop
  endfacet
  facet normal 0.659340371986186 0.7518445809268813 0
    outer loop
      vertex 56.414215087890625 23.914213180541992 38.040000915527344
      vertex 56.21752166748047 24.086706161499023 89.8499984741211
      vertex 56.414215087890625 23.914213180541992 89.8499984741211
    endloop
  endfacet
  facet normal 0.659340371986186 0.7518445809268813 0
    outer loop
      vertex 56.21752166748047 24.086706161499023 89.8499984741211
      vertex 56.414215087890625 23.914213180541992 38.040000915527344
      vertex 56.21752166748047 24.086706161499023 38.040000915527344
    endloop
  endfacet
  facet normal 0.9978582911065028 0.06541277298823334 0
    outer loop
      vertex 57 22.5 130.5
      vertex 56.982887268066406 22.761051177978516 92.8499984741211
      vertex 56.982887268066406 22.761051177978516 130.5
    endloop
  endfacet
  facet normal 0.9978582911065028 0.06541277298823334 0
    outer loop
      vertex 56.982887268066406 22.761051177978516 92.8499984741211
      vertex 57 22.5 130.5
      vertex 57 22.5 92.8499984741211
    endloop
  endfacet
  facet normal 0.9978582911065026 0.06541277298823332 0
    outer loop
      vertex 57 22.5 35.040000915527344
      vertex 56.982887268066406 22.761051177978516 0
      vertex 56.982887268066406 22.761051177978516 35.040000915527344
    endloop
  endfacet
  facet normal 0.9978582911065026 0.06541277298823332 0
    outer loop
      vertex 56.982887268066406 22.761051177978516 0
      vertex 57 22.5 35.040000915527344
      vertex 57 22.5 0
    endloop
  endfacet
  facet normal 0.9978582911065026 0.06541277298823332 0
    outer loop
      vertex 57 22.5 89.8499984741211
      vertex 56.982887268066406 22.761051177978516 38.040000915527344
      vertex 56.982887268066406 22.761051177978516 89.8499984741211
    endloop
  endfacet
  facet normal 0.9978582911065026 0.06541277298823332 0
    outer loop
      vertex 56.982887268066406 22.761051177978516 38.040000915527344
      vertex 57 22.5 89.8499984741211
      vertex 57 22.5 38.040000915527344
    endloop
  endfacet
  facet normal 0.9807862376857944 0.19508550936997945 0
    outer loop
      vertex 56.982887268066406 22.761051177978516 35.040000915527344
      vertex 56.93185043334961 23.017637252807617 0
      vertex 56.93185043334961 23.017637252807617 35.040000915527344
    endloop
  endfacet
  facet normal 0.9807862376857944 0.19508550936997945 0
    outer loop
      vertex 56.93185043334961 23.017637252807617 0
      vertex 56.982887268066406 22.761051177978516 35.040000915527344
      vertex 56.982887268066406 22.761051177978516 0
    endloop
  endfacet
  facet normal 0.9807862376857945 0.19508550936997948 0
    outer loop
      vertex 56.982887268066406 22.761051177978516 130.5
      vertex 56.93185043334961 23.017637252807617 92.8499984741211
      vertex 56.93185043334961 23.017637252807617 130.5
    endloop
  endfacet
  facet normal 0.9807862376857945 0.19508550936997948 0
    outer loop
      vertex 56.93185043334961 23.017637252807617 92.8499984741211
      vertex 56.982887268066406 22.761051177978516 130.5
      vertex 56.982887268066406 22.761051177978516 92.8499984741211
    endloop
  endfacet
  facet normal 0.9807862376857944 0.19508550936997948 0
    outer loop
      vertex 56.982887268066406 22.761051177978516 89.8499984741211
      vertex 56.93185043334961 23.017637252807617 38.040000915527344
      vertex 56.93185043334961 23.017637252807617 89.8499984741211
    endloop
  endfacet
  facet normal 0.9807862376857944 0.19508550936997948 0
    outer loop
      vertex 56.93185043334961 23.017637252807617 38.040000915527344
      vertex 56.982887268066406 22.761051177978516 89.8499984741211
      vertex 56.982887268066406 22.761051177978516 38.040000915527344
    endloop
  endfacet
  facet normal 0.19509112759217123 0.9807851201638487 0
    outer loop
      vertex 55.51763916015625 24.43185043334961 0
      vertex 55.261051177978516 24.48288917541504 130.5
      vertex 55.51763916015625 24.43185043334961 130.5
    endloop
  endfacet
  facet normal 0.19509112759217123 0.9807851201638487 0
    outer loop
      vertex 55.261051177978516 24.48288917541504 130.5
      vertex 55.51763916015625 24.43185043334961 0
      vertex 55.261051177978516 24.48288917541504 0
    endloop
  endfacet
  facet normal -0.8314688194409101 0.5555714196190613 0
    outer loop
      vertex 0.26794910430908203 23.5 92.8499984741211
      vertex 0.41329288482666016 23.71752166748047 130.5
      vertex 0.41329288482666016 23.71752166748047 92.8499984741211
    endloop
  endfacet
  facet normal -0.8314688194409101 0.5555714196190613 0
    outer loop
      vertex 0.41329288482666016 23.71752166748047 130.5
      vertex 0.26794910430908203 23.5 92.8499984741211
      vertex 0.26794910430908203 23.5 130.5
    endloop
  endfacet
  facet normal -0.8314688194409102 0.5555714196190614 0
    outer loop
      vertex 0.26794910430908203 23.5 0
      vertex 0.41329288482666016 23.71752166748047 35.040000915527344
      vertex 0.41329288482666016 23.71752166748047 0
    endloop
  endfacet
  facet normal -0.8314688194409102 0.5555714196190614 0
    outer loop
      vertex 0.41329288482666016 23.71752166748047 35.040000915527344
      vertex 0.26794910430908203 23.5 0
      vertex 0.26794910430908203 23.5 35.040000915527344
    endloop
  endfacet
  facet normal -0.8314688194409101 0.5555714196190613 0
    outer loop
      vertex 0.26794910430908203 23.5 38.040000915527344
      vertex 0.41329288482666016 23.71752166748047 89.8499984741211
      vertex 0.41329288482666016 23.71752166748047 38.040000915527344
    endloop
  endfacet
  facet normal -0.8314688194409101 0.5555714196190613 0
    outer loop
      vertex 0.41329288482666016 23.71752166748047 89.8499984741211
      vertex 0.26794910430908203 23.5 38.040000915527344
      vertex 0.26794910430908203 23.5 89.8499984741211
    endloop
  endfacet
  facet normal -1 0 0
    outer loop
      vertex 0 0 4
      vertex 0 22.5 0
      vertex 0 0 0
    endloop
  endfacet
  facet normal -1 0 0
    outer loop
      vertex 0 22.5 0
      vertex 0 0 4
      vertex 0 22.5 35.040000915527344
    endloop
  endfacet
  facet normal -1 0 0
    outer loop
      vertex 0 22.5 35.040000915527344
      vertex 0 0 4
      vertex 0 0 35.040000915527344
    endloop
  endfacet
  facet normal -1 0 0
    outer loop
      vertex 0 0 128.5
      vertex 0 22.5 130.5
      vertex 0 22.5 92.8499984741211
    endloop
  endfacet
  facet normal -1 0 0
    outer loop
      vertex 0 22.5 130.5
      vertex 0 0 128.5
      vertex 0 2 130.5
    endloop
  endfacet
  facet normal -1 0 0
    outer loop
      vertex 0 2 130.5
      vertex 0 0 128.5
      vertex 0 1.7389469146728516 130.48289489746094
    endloop
  endfacet
  facet normal -1 0 0
    outer loop
      vertex 0 1.7389469146728516 130.48289489746094
      vertex 0 0 128.5
      vertex 0 1.4823617935180664 130.43185424804688
    endloop
  endfacet
  facet normal -1 0 0
    outer loop
      vertex 0 1.4823617935180664 130.43185424804688
      vertex 0 0 128.5
      vertex 0 1.2346324920654297 130.34776306152344
    endloop
  endfacet
  facet normal -1 0 0
    outer loop
      vertex 0 1.2346324920654297 130.34776306152344
      vertex 0 0 128.5
      vertex 0 1 130.2320556640625
    endloop
  endfacet
  facet normal -1 0 0
    outer loop
      vertex 0 1 130.2320556640625
      vertex 0 0 128.5
      vertex 0 0.7824764251708984 130.08670043945312
    endloop
  endfacet
  facet normal -1 0 0
    outer loop
      vertex 0 0.7824764251708984 130.08670043945312
      vertex 0 0 128.5
      vertex 0 0.5857858657836914 129.91421508789062
    endloop
  endfacet
  facet normal -1 0 0
    outer loop
      vertex 0 0.5857858657836914 129.91421508789062
      vertex 0 0 128.5
      vertex 0 0.41329288482666016 129.717529296875
    endloop
  endfacet
  facet normal -1 0 0
    outer loop
      vertex 0 0.41329288482666016 129.717529296875
      vertex 0 0 128.5
      vertex 0 0.26794910430908203 129.5
    endloop
  endfacet
  facet normal -1 0 0
    outer loop
      vertex 0 0.26794910430908203 129.5
      vertex 0 0 128.5
      vertex 0 0.15224075317382812 129.26536560058594
    endloop
  endfacet
  facet normal -1 0 0
    outer loop
      vertex 0 0.15224075317382812 129.26536560058594
      vertex 0 0 128.5
      vertex 0 0.06814765930175781 129.01763916015625
    endloop
  endfacet
  facet normal -1 0 0
    outer loop
      vertex 0 0 128.5
      vertex 0 22.5 92.8499984741211
      vertex 0 0 92.8499984741211
    endloop
  endfacet
  facet normal -1 0 0
    outer loop
      vertex 0 0.06814765930175781 129.01763916015625
      vertex 0 0 128.5
      vertex 0 0.01710987091064453 128.76104736328125
    endloop
  endfacet
  facet normal -1 0 0
    outer loop
      vertex 0 0 38.040000915527344
      vertex 0 22.5 89.8499984741211
      vertex 0 22.5 38.040000915527344
    endloop
  endfacet
  facet normal -1 0 0
    outer loop
      vertex 0 22.5 89.8499984741211
      vertex 0 0 38.040000915527344
      vertex 0 0 89.8499984741211
    endloop
  endfacet
  facet normal -0.9469293718602807 0.3214416972147421 0
    outer loop
      vertex 0.06814765930175781 23.017637252807617 0
      vertex 0.15224075317382812 23.265365600585938 35.040000915527344
      vertex 0.15224075317382812 23.265365600585938 0
    endloop
  endfacet
  facet normal -0.9469293718602807 0.3214416972147421 0
    outer loop
      vertex 0.15224075317382812 23.265365600585938 35.040000915527344
      vertex 0.06814765930175781 23.017637252807617 0
      vertex 0.06814765930175781 23.017637252807617 35.040000915527344
    endloop
  endfacet
  facet normal -0.9469293718602808 0.32144169721474214 0
    outer loop
      vertex 0.06814765930175781 23.017637252807617 92.8499984741211
      vertex 0.15224075317382812 23.265365600585938 130.5
      vertex 0.15224075317382812 23.265365600585938 92.8499984741211
    endloop
  endfacet
  facet normal -0.9469293718602808 0.32144169721474214 0
    outer loop
      vertex 0.15224075317382812 23.265365600585938 130.5
      vertex 0.06814765930175781 23.017637252807617 92.8499984741211
      vertex 0.06814765930175781 23.017637252807617 130.5
    endloop
  endfacet
  facet normal -0.9469293718602809 0.32144169721474214 0
    outer loop
      vertex 0.06814765930175781 23.017637252807617 38.040000915527344
      vertex 0.15224075317382812 23.265365600585938 89.8499984741211
      vertex 0.15224075317382812 23.265365600585938 38.040000915527344
    endloop
  endfacet
  facet normal -0.9469293718602809 0.32144169721474214 0
    outer loop
      vertex 0.15224075317382812 23.265365600585938 89.8499984741211
      vertex 0.06814765930175781 23.017637252807617 38.040000915527344
      vertex 0.06814765930175781 23.017637252807617 89.8499984741211
    endloop
  endfacet
  facet normal 1 0 0
    outer loop
      vertex 57 0 4
      vertex 57 22.5 35.040000915527344
      vertex 57 0 35.040000915527344
    endloop
  endfacet
  facet normal 1 0 0
    outer loop
      vertex 57 22.5 35.040000915527344
      vertex 57 0 4
      vertex 57 22.5 0
    endloop
  endfacet
  facet normal 1 0 0
    outer loop
      vertex 57 22.5 0
      vertex 57 0 4
      vertex 57 0 0
    endloop
  endfacet
  facet normal 1 0 0
    outer loop
      vertex 57 0 128.5
      vertex 57 22.5 130.5
      vertex 57 2 130.5
    endloop
  endfacet
  facet normal 1 0 0
    outer loop
      vertex 57 0 128.5
      vertex 57 2 130.5
      vertex 57 1.7389469146728516 130.48289489746094
    endloop
  endfacet
  facet normal 1 0 0
    outer loop
      vertex 57 0 128.5
      vertex 57 1.7389469146728516 130.48289489746094
      vertex 57 1.4823617935180664 130.43185424804688
    endloop
  endfacet
  facet normal 1 0 0
    outer loop
      vertex 57 0 128.5
      vertex 57 1.4823617935180664 130.43185424804688
      vertex 57 1.2346324920654297 130.34776306152344
    endloop
  endfacet
  facet normal 1 0 0
    outer loop
      vertex 57 0 128.5
      vertex 57 1.2346324920654297 130.34776306152344
      vertex 57 1 130.2320556640625
    endloop
  endfacet
  facet normal 1 0 0
    outer loop
      vertex 57 0 128.5
      vertex 57 1 130.2320556640625
      vertex 57 0.7824764251708984 130.08670043945312
    endloop
  endfacet
  facet normal 1 0 0
    outer loop
      vertex 57 0 128.5
      vertex 57 0.7824764251708984 130.08670043945312
      vertex 57 0.5857858657836914 129.91421508789062
    endloop
  endfacet
  facet normal 1 0 0
    outer loop
      vertex 57 0 128.5
      vertex 57 0.5857858657836914 129.91421508789062
      vertex 57 0.41329288482666016 129.717529296875
    endloop
  endfacet
  facet normal 1 0 0
    outer loop
      vertex 57 0 128.5
      vertex 57 0.41329288482666016 129.717529296875
      vertex 57 0.26794910430908203 129.5
    endloop
  endfacet
  facet normal 1 0 0
    outer loop
      vertex 57 0 128.5
      vertex 57 0.26794910430908203 129.5
      vertex 57 0.15224075317382812 129.26536560058594
    endloop
  endfacet
  facet normal 1 0 0
    outer loop
      vertex 57 0 128.5
      vertex 57 0.15224075317382812 129.26536560058594
      vertex 57 0.06814765930175781 129.01763916015625
    endloop
  endfacet
  facet normal 1 0 0
    outer loop
      vertex 57 0 128.5
      vertex 57 0.06814765930175781 129.01763916015625
      vertex 57 0.01710987091064453 128.76104736328125
    endloop
  endfacet
  facet normal 1 0 0
    outer loop
      vertex 57 22.5 130.5
      vertex 57 0 128.5
      vertex 57 22.5 92.8499984741211
    endloop
  endfacet
  facet normal 1 0 0
    outer loop
      vertex 57 22.5 92.8499984741211
      vertex 57 0 128.5
      vertex 57 0 92.8499984741211
    endloop
  endfacet
  facet normal 1 0 0
    outer loop
      vertex 57 0 89.8499984741211
      vertex 57 22.5 38.040000915527344
      vertex 57 22.5 89.8499984741211
    endloop
  endfacet
  facet normal 1 0 0
    outer loop
      vertex 57 22.5 38.040000915527344
      vertex 57 0 89.8499984741211
      vertex 57 0 38.040000915527344
    endloop
  endfacet
  facet normal -0.44229288579903664 0.8968706724893842 0
    outer loop
      vertex 1.2346324920654297 24.347759246826172 130.5
      vertex 1 24.2320499420166 92.8499984741211
      vertex 1 24.2320499420166 130.5
    endloop
  endfacet
  facet normal -0.44229288579903664 0.8968706724893841 0
    outer loop
      vertex 1.2346324920654297 24.347759246826172 130.5
      vertex 1 24.2320499420166 89.8499984741211
      vertex 1 24.2320499420166 92.8499984741211
    endloop
  endfacet
  facet normal -0.4422928857990367 0.8968706724893842 0
    outer loop
      vertex 1.2346324920654297 24.347759246826172 130.5
      vertex 1 24.2320499420166 38.040000915527344
      vertex 1 24.2320499420166 89.8499984741211
    endloop
  endfacet
  facet normal -0.44229288579903664 0.8968706724893841 0
    outer loop
      vertex 1.2346324920654297 24.347759246826172 130.5
      vertex 1 24.2320499420166 35.040000915527344
      vertex 1 24.2320499420166 38.040000915527344
    endloop
  endfacet
  facet normal -0.4422928857990367 0.8968706724893843 0
    outer loop
      vertex 1.2346324920654297 24.347759246826172 0
      vertex 1 24.2320499420166 35.040000915527344
      vertex 1.2346324920654297 24.347759246826172 130.5
    endloop
  endfacet
  facet normal -0.44229288579903664 0.8968706724893842 0
    outer loop
      vertex 1 24.2320499420166 35.040000915527344
      vertex 1.2346324920654297 24.347759246826172 0
      vertex 1 24.2320499420166 0
    endloop
  endfacet
  facet normal -0.6593457932372825 0.7518398266521259 0
    outer loop
      vertex 0.7824764251708984 24.086706161499023 0
      vertex 0.5857858657836914 23.914213180541992 35.040000915527344
      vertex 0.7824764251708984 24.086706161499023 35.040000915527344
    endloop
  endfacet
  facet normal -0.6593457932372825 0.7518398266521259 0
    outer loop
      vertex 0.5857858657836914 23.914213180541992 35.040000915527344
      vertex 0.7824764251708984 24.086706161499023 0
      vertex 0.5857858657836914 23.914213180541992 0
    endloop
  endfacet
  facet normal -0.6593457932372825 0.7518398266521259 0
    outer loop
      vertex 0.7824764251708984 24.086706161499023 92.8499984741211
      vertex 0.5857858657836914 23.914213180541992 130.5
      vertex 0.7824764251708984 24.086706161499023 130.5
    endloop
  endfacet
  facet normal -0.6593457932372825 0.7518398266521259 0
    outer loop
      vertex 0.5857858657836914 23.914213180541992 130.5
      vertex 0.7824764251708984 24.086706161499023 92.8499984741211
      vertex 0.5857858657836914 23.914213180541992 92.8499984741211
    endloop
  endfacet
  facet normal -0.6593457932372825 0.7518398266521259 0
    outer loop
      vertex 0.7824764251708984 24.086706161499023 38.040000915527344
      vertex 0.5857858657836914 23.914213180541992 89.8499984741211
      vertex 0.7824764251708984 24.086706161499023 89.8499984741211
    endloop
  endfacet
  facet normal -0.6593457932372825 0.7518398266521259 0
    outer loop
      vertex 0.5857858657836914 23.914213180541992 89.8499984741211
      vertex 0.7824764251708984 24.086706161499023 38.040000915527344
      vertex 0.5857858657836914 23.914213180541992 38.040000915527344
    endloop
  endfacet
  facet normal 0.9469315910190028 0.3214351597604407 0
    outer loop
      vertex 56.93185043334961 23.017637252807617 35.040000915527344
      vertex 56.84775924682617 23.265365600585938 0
      vertex 56.84775924682617 23.265365600585938 35.040000915527344
    endloop
  endfacet
  facet normal 0.9469315910190028 0.3214351597604407 0
    outer loop
      vertex 56.84775924682617 23.265365600585938 0
      vertex 56.93185043334961 23.017637252807617 35.040000915527344
      vertex 56.93185043334961 23.017637252807617 0
    endloop
  endfacet
  facet normal 0.9469315910190028 0.3214351597604407 0
    outer loop
      vertex 56.93185043334961 23.017637252807617 130.5
      vertex 56.84775924682617 23.265365600585938 92.8499984741211
      vertex 56.84775924682617 23.265365600585938 130.5
    endloop
  endfacet
  facet normal 0.9469315910190028 0.3214351597604407 0
    outer loop
      vertex 56.84775924682617 23.265365600585938 92.8499984741211
      vertex 56.93185043334961 23.017637252807617 130.5
      vertex 56.93185043334961 23.017637252807617 92.8499984741211
    endloop
  endfacet
  facet normal 0.9469315910190027 0.3214351597604407 0
    outer loop
      vertex 56.93185043334961 23.017637252807617 89.8499984741211
      vertex 56.84775924682617 23.265365600585938 38.040000915527344
      vertex 56.84775924682617 23.265365600585938 89.8499984741211
    endloop
  endfacet
  facet normal 0.9469315910190027 0.3214351597604407 0
    outer loop
      vertex 56.84775924682617 23.265365600585938 38.040000915527344
      vertex 56.93185043334961 23.017637252807617 89.8499984741211
      vertex 56.93185043334961 23.017637252807617 38.040000915527344
    endloop
  endfacet
  facet normal 0.831475555237498 0.5555613386859225 0
    outer loop
      vertex 56.73204803466797 23.5 35.040000915527344
      vertex 56.586708068847656 23.71752166748047 0
      vertex 56.586708068847656 23.71752166748047 35.040000915527344
    endloop
  endfacet
  facet normal 0.831475555237498 0.5555613386859225 0
    outer loop
      vertex 56.586708068847656 23.71752166748047 0
      vertex 56.73204803466797 23.5 35.040000915527344
      vertex 56.73204803466797 23.5 0
    endloop
  endfacet
  facet normal 0.8314755552374982 0.5555613386859226 0
    outer loop
      vertex 56.73204803466797 23.5 130.5
      vertex 56.586708068847656 23.71752166748047 92.8499984741211
      vertex 56.586708068847656 23.71752166748047 130.5
    endloop
  endfacet
  facet normal 0.8314755552374982 0.5555613386859226 0
    outer loop
      vertex 56.586708068847656 23.71752166748047 92.8499984741211
      vertex 56.73204803466797 23.5 130.5
      vertex 56.73204803466797 23.5 92.8499984741211
    endloop
  endfacet
  facet normal 0.831475555237498 0.5555613386859226 0
    outer loop
      vertex 56.73204803466797 23.5 89.8499984741211
      vertex 56.586708068847656 23.71752166748047 38.040000915527344
      vertex 56.586708068847656 23.71752166748047 89.8499984741211
    endloop
  endfacet
  facet normal 0.831475555237498 0.5555613386859226 0
    outer loop
      vertex 56.586708068847656 23.71752166748047 38.040000915527344
      vertex 56.73204803466797 23.5 89.8499984741211
      vertex 56.73204803466797 23.5 38.040000915527344
    endloop
  endfacet
  facet normal 0.5555714196190614 0.8314688194409102 0
    outer loop
      vertex 56.21752166748047 24.086706161499023 0
      vertex 56 24.2320499420166 35.040000915527344
      vertex 56.21752166748047 24.086706161499023 35.040000915527344
    endloop
  endfacet
  facet normal 0.5555714196190614 0.8314688194409102 0
    outer loop
      vertex 56 24.2320499420166 35.040000915527344
      vertex 56.21752166748047 24.086706161499023 0
      vertex 56 24.2320499420166 0
    endloop
  endfacet
  facet normal 0.5555714196190613 0.8314688194409101 0
    outer loop
      vertex 56.21752166748047 24.086706161499023 92.8499984741211
      vertex 56 24.2320499420166 130.5
      vertex 56.21752166748047 24.086706161499023 130.5
    endloop
  endfacet
  facet normal 0.5555714196190613 0.8314688194409101 0
    outer loop
      vertex 56 24.2320499420166 130.5
      vertex 56.21752166748047 24.086706161499023 92.8499984741211
      vertex 56 24.2320499420166 92.8499984741211
    endloop
  endfacet
  facet normal 0.5555714196190613 0.8314688194409101 0
    outer loop
      vertex 56.21752166748047 24.086706161499023 38.040000915527344
      vertex 56 24.2320499420166 89.8499984741211
      vertex 56.21752166748047 24.086706161499023 89.8499984741211
    endloop
  endfacet
  facet normal 0.5555714196190613 0.8314688194409101 0
    outer loop
      vertex 56 24.2320499420166 89.8499984741211
      vertex 56.21752166748047 24.086706161499023 38.040000915527344
      vertex 56 24.2320499420166 38.040000915527344
    endloop
  endfacet
  facet normal -0.5555680517333541 0.8314710697872808 0
    outer loop
      vertex 1 24.2320499420166 0
      vertex 0.7824764251708984 24.086706161499023 35.040000915527344
      vertex 1 24.2320499420166 35.040000915527344
    endloop
  endfacet
  facet normal -0.5555680517333541 0.8314710697872808 0
    outer loop
      vertex 0.7824764251708984 24.086706161499023 35.040000915527344
      vertex 1 24.2320499420166 0
      vertex 0.7824764251708984 24.086706161499023 0
    endloop
  endfacet
  facet normal -0.5555680517333541 0.8314710697872808 0
    outer loop
      vertex 1 24.2320499420166 92.8499984741211
      vertex 0.7824764251708984 24.086706161499023 130.5
      vertex 1 24.2320499420166 130.5
    endloop
  endfacet
  facet normal -0.5555680517333541 0.8314710697872808 0
    outer loop
      vertex 0.7824764251708984 24.086706161499023 130.5
      vertex 1 24.2320499420166 92.8499984741211
      vertex 0.7824764251708984 24.086706161499023 92.8499984741211
    endloop
  endfacet
  facet normal -0.5555680517333541 0.8314710697872807 0
    outer loop
      vertex 1 24.2320499420166 38.040000915527344
      vertex 0.7824764251708984 24.086706161499023 89.8499984741211
      vertex 1 24.2320499420166 89.8499984741211
    endloop
  endfacet
  facet normal -0.5555680517333541 0.8314710697872807 0
    outer loop
      vertex 0.7824764251708984 24.086706161499023 89.8499984741211
      vertex 1 24.2320499420166 38.040000915527344
      vertex 0.7824764251708984 24.086706161499023 38.040000915527344
    endloop
  endfacet
  facet normal 0.44228999372747985 0.8968720987122667 0
    outer loop
      vertex 56 24.2320499420166 92.8499984741211
      vertex 55.76536560058594 24.347759246826172 130.5
      vertex 56 24.2320499420166 130.5
    endloop
  endfacet
  facet normal 0.44228999372747985 0.8968720987122667 0
    outer loop
      vertex 56 24.2320499420166 89.8499984741211
      vertex 55.76536560058594 24.347759246826172 130.5
      vertex 56 24.2320499420166 92.8499984741211
    endloop
  endfacet
  facet normal 0.4422899937274798 0.8968720987122667 0
    outer loop
      vertex 56 24.2320499420166 38.040000915527344
      vertex 55.76536560058594 24.347759246826172 130.5
      vertex 56 24.2320499420166 89.8499984741211
    endloop
  endfacet
  facet normal 0.44228999372747985 0.8968720987122667 0
    outer loop
      vertex 56 24.2320499420166 35.040000915527344
      vertex 55.76536560058594 24.347759246826172 130.5
      vertex 56 24.2320499420166 38.040000915527344
    endloop
  endfacet
  facet normal 0.4422899937274798 0.8968720987122667 0
    outer loop
      vertex 55.76536560058594 24.347759246826172 0
      vertex 56 24.2320499420166 35.040000915527344
      vertex 56 24.2320499420166 0
    endloop
  endfacet
  facet normal 0.4422899937274798 0.8968720987122667 0
    outer loop
      vertex 56 24.2320499420166 35.040000915527344
      vertex 55.76536560058594 24.347759246826172 0
      vertex 55.76536560058594 24.347759246826172 130.5
    endloop
  endfacet
  facet normal -0.06540503757857268 0.9978587981570066 0
    outer loop
      vertex 2 24.5 0
      vertex 1.7389469146728516 24.48288917541504 130.5
      vertex 2 24.5 130.5
    endloop
  endfacet
  facet normal -0.06540503757857268 0.9978587981570066 0
    outer loop
      vertex 1.7389469146728516 24.48288917541504 130.5
      vertex 2 24.5 0
      vertex 1.7389469146728516 24.48288917541504 0
    endloop
  endfacet
  facet normal -0.3214340501933723 0.9469319676599185 0
    outer loop
      vertex 1.4823617935180664 24.43185043334961 0
      vertex 1.2346324920654297 24.347759246826172 130.5
      vertex 1.4823617935180664 24.43185043334961 130.5
    endloop
  endfacet
  facet normal -0.3214340501933723 0.9469319676599185 0
    outer loop
      vertex 1.2346324920654297 24.347759246826172 130.5
      vertex 1.4823617935180664 24.43185043334961 0
      vertex 1.2346324920654297 24.347759246826172 0
    endloop
  endfacet
  facet normal -0.8968735447372777 0.4422870614774873 0
    outer loop
      vertex 0.15224075317382812 23.265365600585938 0
      vertex 0.26794910430908203 23.5 35.040000915527344
      vertex 0.26794910430908203 23.5 0
    endloop
  endfacet
  facet normal -0.8968735447372777 0.4422870614774873 0
    outer loop
      vertex 0.26794910430908203 23.5 35.040000915527344
      vertex 0.15224075317382812 23.265365600585938 0
      vertex 0.15224075317382812 23.265365600585938 35.040000915527344
    endloop
  endfacet
  facet normal -0.8968735447372775 0.44228706147748725 0
    outer loop
      vertex 0.15224075317382812 23.265365600585938 92.8499984741211
      vertex 0.26794910430908203 23.5 130.5
      vertex 0.26794910430908203 23.5 92.8499984741211
    endloop
  endfacet
  facet normal -0.8968735447372775 0.44228706147748725 0
    outer loop
      vertex 0.26794910430908203 23.5 130.5
      vertex 0.15224075317382812 23.265365600585938 92.8499984741211
      vertex 0.15224075317382812 23.265365600585938 130.5
    endloop
  endfacet
  facet normal -0.8968735447372777 0.4422870614774873 0
    outer loop
      vertex 0.15224075317382812 23.265365600585938 38.040000915527344
      vertex 0.26794910430908203 23.5 89.8499984741211
      vertex 0.26794910430908203 23.5 38.040000915527344
    endloop
  endfacet
  facet normal -0.8968735447372777 0.4422870614774873 0
    outer loop
      vertex 0.26794910430908203 23.5 89.8499984741211
      vertex 0.15224075317382812 23.265365600585938 38.040000915527344
      vertex 0.15224075317382812 23.265365600585938 89.8499984741211
    endloop
  endfacet
  facet normal -0.7518414114234079 0.6593439861474871 0
    outer loop
      vertex 0.41329288482666016 23.71752166748047 0
      vertex 0.5857858657836914 23.914213180541992 35.040000915527344
      vertex 0.5857858657836914 23.914213180541992 0
    endloop
  endfacet
  facet normal -0.7518414114234079 0.6593439861474871 0
    outer loop
      vertex 0.5857858657836914 23.914213180541992 35.040000915527344
      vertex 0.41329288482666016 23.71752166748047 0
      vertex 0.41329288482666016 23.71752166748047 35.040000915527344
    endloop
  endfacet
  facet normal -0.751841411423408 0.6593439861474872 0
    outer loop
      vertex 0.41329288482666016 23.71752166748047 92.8499984741211
      vertex 0.5857858657836914 23.914213180541992 130.5
      vertex 0.5857858657836914 23.914213180541992 92.8499984741211
    endloop
  endfacet
  facet normal -0.751841411423408 0.6593439861474872 0
    outer loop
      vertex 0.5857858657836914 23.914213180541992 130.5
      vertex 0.41329288482666016 23.71752166748047 92.8499984741211
      vertex 0.41329288482666016 23.71752166748047 130.5
    endloop
  endfacet
  facet normal -0.751841411423408 0.6593439861474872 0
    outer loop
      vertex 0.41329288482666016 23.71752166748047 38.040000915527344
      vertex 0.5857858657836914 23.914213180541992 89.8499984741211
      vertex 0.5857858657836914 23.914213180541992 38.040000915527344
    endloop
  endfacet
  facet normal -0.751841411423408 0.6593439861474872 0
    outer loop
      vertex 0.5857858657836914 23.914213180541992 89.8499984741211
      vertex 0.41329288482666016 23.71752166748047 38.040000915527344
      vertex 0.41329288482666016 23.71752166748047 89.8499984741211
    endloop
  endfacet
  facet normal 0.06540551341072687 0.9978587669682916 0
    outer loop
      vertex 55.261051177978516 24.48288917541504 0
      vertex 55 24.5 130.5
      vertex 55.261051177978516 24.48288917541504 130.5
    endloop
  endfacet
  facet normal 0.06540551341072687 0.9978587669682916 0
    outer loop
      vertex 55 24.5 130.5
      vertex 55.261051177978516 24.48288917541504 0
      vertex 55 24.5 0
    endloop
  endfacet
  facet normal 0.8968692066474736 0.44229585818491607 0
    outer loop
      vertex 56.84775924682617 23.265365600585938 35.040000915527344
      vertex 56.73204803466797 23.5 0
      vertex 56.73204803466797 23.5 35.040000915527344
    endloop
  endfacet
  facet normal 0.8968692066474736 0.44229585818491607 0
    outer loop
      vertex 56.73204803466797 23.5 0
      vertex 56.84775924682617 23.265365600585938 35.040000915527344
      vertex 56.84775924682617 23.265365600585938 0
    endloop
  endfacet
  facet normal 0.8968692066474737 0.44229585818491607 0
    outer loop
      vertex 56.84775924682617 23.265365600585938 130.5
      vertex 56.73204803466797 23.5 92.8499984741211
      vertex 56.73204803466797 23.5 130.5
    endloop
  endfacet
  facet normal 0.8968692066474737 0.44229585818491607 0
    outer loop
      vertex 56.73204803466797 23.5 92.8499984741211
      vertex 56.84775924682617 23.265365600585938 130.5
      vertex 56.84775924682617 23.265365600585938 92.8499984741211
    endloop
  endfacet
  facet normal 0.8968692066474737 0.44229585818491607 0
    outer loop
      vertex 56.84775924682617 23.265365600585938 89.8499984741211
      vertex 56.73204803466797 23.5 38.040000915527344
      vertex 56.73204803466797 23.5 89.8499984741211
    endloop
  endfacet
  facet normal 0.8968692066474737 0.44229585818491607 0
    outer loop
      vertex 56.73204803466797 23.5 38.040000915527344
      vertex 56.84775924682617 23.265365600585938 89.8499984741211
      vertex 56.84775924682617 23.265365600585938 38.040000915527344
    endloop
  endfacet
  facet normal 0 0 -1
    outer loop
      vertex 21.5 -11 0
      vertex 27 -9 0
      vertex 25.66666603088379 -11 0
    endloop
  endfacet
  facet normal 0 0 -1
    outer loop
      vertex 54 3 0
      vertex 57 22.5 0
      vertex 57 0 0
    endloop
  endfacet
  facet normal 0 0 -1
    outer loop
      vertex 54 24.5 0
      vertex 57 22.5 0
      vertex 54 3 0
    endloop
  endfacet
  facet normal 0 0 -1
    outer loop
      vertex 55 24.5 0
      vertex 57 22.5 0
      vertex 54 24.5 0
    endloop
  endfacet
  facet normal 0 0 -1
    outer loop
      vertex 57 22.5 0
      vertex 55 24.5 0
      vertex 56.982887268066406 22.761051177978516 0
    endloop
  endfacet
  facet normal 0 0 -1
    outer loop
      vertex 56.982887268066406 22.761051177978516 0
      vertex 55 24.5 0
      vertex 56.93185043334961 23.017637252807617 0
    endloop
  endfacet
  facet normal 0 0 -1
    outer loop
      vertex 56.93185043334961 23.017637252807617 0
      vertex 55 24.5 0
      vertex 56.84775924682617 23.265365600585938 0
    endloop
  endfacet
  facet normal 0 0 -1
    outer loop
      vertex 56.84775924682617 23.265365600585938 0
      vertex 55 24.5 0
      vertex 56.73204803466797 23.5 0
    endloop
  endfacet
  facet normal 0 0 -1
    outer loop
      vertex 56.73204803466797 23.5 0
      vertex 55 24.5 0
      vertex 56.586708068847656 23.71752166748047 0
    endloop
  endfacet
  facet normal 0 0 -1
    outer loop
      vertex 56.586708068847656 23.71752166748047 0
      vertex 55 24.5 0
      vertex 56.414215087890625 23.914213180541992 0
    endloop
  endfacet
  facet normal 0 0 -1
    outer loop
      vertex 56.414215087890625 23.914213180541992 0
      vertex 55 24.5 0
      vertex 56.21752166748047 24.086706161499023 0
    endloop
  endfacet
  facet normal 0 0 -1
    outer loop
      vertex 56.21752166748047 24.086706161499023 0
      vertex 55 24.5 0
      vertex 56 24.2320499420166 0
    endloop
  endfacet
  facet normal 0 0 -1
    outer loop
      vertex 56 24.2320499420166 0
      vertex 55 24.5 0
      vertex 55.76536560058594 24.347759246826172 0
    endloop
  endfacet
  facet normal 0 0 -1
    outer loop
      vertex 55.51763916015625 24.43185043334961 0
      vertex 55 24.5 0
      vertex 55.261051177978516 24.48288917541504 0
    endloop
  endfacet
  facet normal 0 0 -1
    outer loop
      vertex 35.5 -11 0
      vertex 54 3 0
      vertex 57 0 0
    endloop
  endfacet
  facet normal 0 0 -1
    outer loop
      vertex 30 -9 0
      vertex 35.5 -11 0
      vertex 31.33333396911621 -11 0
    endloop
  endfacet
  facet normal 0 0 -1
    outer loop
      vertex 35.5 -11 0
      vertex 30 -9 0
      vertex 30 -6.5 0
    endloop
  endfacet
  facet normal 0 0 -1
    outer loop
      vertex 29.94888687133789 -6.1117706298828125 0
      vertex 35.5 -11 0
      vertex 30 -6.5 0
    endloop
  endfacet
  facet normal 0 0 -1
    outer loop
      vertex 29.79903793334961 -5.75 0
      vertex 35.5 -11 0
      vertex 29.94888687133789 -6.1117706298828125 0
    endloop
  endfacet
  facet normal 0 0 -1
    outer loop
      vertex 35.5 -11 0
      vertex 29.79903793334961 -5.75 0
      vertex 54 3 0
    endloop
  endfacet
  facet normal 0 0 -1
    outer loop
      vertex 29.560659408569336 -5.439339637756348 0
      vertex 54 3 0
      vertex 29.79903793334961 -5.75 0
    endloop
  endfacet
  facet normal 0 0 -1
    outer loop
      vertex 29.25 -5.200961112976074 0
      vertex 54 3 0
      vertex 29.560659408569336 -5.439339637756348 0
    endloop
  endfacet
  facet normal 0 0 -1
    outer loop
      vertex 28.888229370117188 -5.051111221313477 0
      vertex 54 3 0
      vertex 29.25 -5.200961112976074 0
    endloop
  endfacet
  facet normal 0 0 -1
    outer loop
      vertex 28.5 -5 0
      vertex 54 3 0
      vertex 28.888229370117188 -5.051111221313477 0
    endloop
  endfacet
  facet normal 0 0 -1
    outer loop
      vertex 3 3 0
      vertex 28.5 -5 0
      vertex 28.111770629882812 -5.051111221313477 0
    endloop
  endfacet
  facet normal 0 0 -1
    outer loop
      vertex 27 -9 0
      vertex 21.5 -11 0
      vertex 27 -6.5 0
    endloop
  endfacet
  facet normal 0 0 -1
    outer loop
      vertex 27 -6.5 0
      vertex 21.5 -11 0
      vertex 27.051111221313477 -6.1117706298828125 0
    endloop
  endfacet
  facet normal 0 0 -1
    outer loop
      vertex 21.5 -11 0
      vertex 27.20096206665039 -5.75 0
      vertex 27.051111221313477 -6.1117706298828125 0
    endloop
  endfacet
  facet normal 0 0 -1
    outer loop
      vertex 3 3 0
      vertex 27.20096206665039 -5.75 0
      vertex 21.5 -11 0
    endloop
  endfacet
  facet normal 0 0 -1
    outer loop
      vertex 28.5 -5 0
      vertex 3 3 0
      vertex 54 3 0
    endloop
  endfacet
  facet normal 0 0 -1
    outer loop
      vertex 27.75 -5.200961112976074 0
      vertex 3 3 0
      vertex 28.111770629882812 -5.051111221313477 0
    endloop
  endfacet
  facet normal 0 0 -1
    outer loop
      vertex 27.43933868408203 -5.439339637756348 0
      vertex 3 3 0
      vertex 27.75 -5.200961112976074 0
    endloop
  endfacet
  facet normal 0 0 -1
    outer loop
      vertex 27.20096206665039 -5.75 0
      vertex 3 3 0
      vertex 27.43933868408203 -5.439339637756348 0
    endloop
  endfacet
  facet normal 0 0 -1
    outer loop
      vertex 0 22.5 0
      vertex 3 24.5 0
      vertex 3 3 0
    endloop
  endfacet
  facet normal 0 0 -1
    outer loop
      vertex 3 24.5 0
      vertex 0 22.5 0
      vertex 2 24.5 0
    endloop
  endfacet
  facet normal 0 0 -1
    outer loop
      vertex 2 24.5 0
      vertex 0 22.5 0
      vertex 1.7389469146728516 24.48288917541504 0
    endloop
  endfacet
  facet normal 0 0 -1
    outer loop
      vertex 1.7389469146728516 24.48288917541504 0
      vertex 0 22.5 0
      vertex 1.4823617935180664 24.43185043334961 0
    endloop
  endfacet
  facet normal 0 0 -1
    outer loop
      vertex 1.4823617935180664 24.43185043334961 0
      vertex 0 22.5 0
      vertex 1.2346324920654297 24.347759246826172 0
    endloop
  endfacet
  facet normal 0 0 -1
    outer loop
      vertex 1.2346324920654297 24.347759246826172 0
      vertex 0 22.5 0
      vertex 1 24.2320499420166 0
    endloop
  endfacet
  facet normal 0 0 -1
    outer loop
      vertex 1 24.2320499420166 0
      vertex 0 22.5 0
      vertex 0.7824764251708984 24.086706161499023 0
    endloop
  endfacet
  facet normal 0 0 -1
    outer loop
      vertex 0.7824764251708984 24.086706161499023 0
      vertex 0 22.5 0
      vertex 0.5857858657836914 23.914213180541992 0
    endloop
  endfacet
  facet normal 0 0 -1
    outer loop
      vertex 0.5857858657836914 23.914213180541992 0
      vertex 0 22.5 0
      vertex 0.41329288482666016 23.71752166748047 0
    endloop
  endfacet
  facet normal 0 0 -1
    outer loop
      vertex 0.41329288482666016 23.71752166748047 0
      vertex 0 22.5 0
      vertex 0.26794910430908203 23.5 0
    endloop
  endfacet
  facet normal 0 0 -1
    outer loop
      vertex 0.26794910430908203 23.5 0
      vertex 0 22.5 0
      vertex 0.15224075317382812 23.265365600585938 0
    endloop
  endfacet
  facet normal 0 0 -1
    outer loop
      vertex 0.15224075317382812 23.265365600585938 0
      vertex 0 22.5 0
      vertex 0.06814765930175781 23.017637252807617 0
    endloop
  endfacet
  facet normal 0 0 -1
    outer loop
      vertex 0 0 0
      vertex 3 3 0
      vertex 21.5 -11 0
    endloop
  endfacet
  facet normal 0 0 -1
    outer loop
      vertex 0 22.5 0
      vertex 3 3 0
      vertex 0 0 0
    endloop
  endfacet
  facet normal 0 0 -1
    outer loop
      vertex 0.06814765930175781 23.017637252807617 0
      vertex 0 22.5 0
      vertex 0.01710987091064453 22.761051177978516 0
    endloop
  endfacet
  facet normal 0 0 -1
    outer loop
      vertex 55.76536560058594 24.347759246826172 0
      vertex 55 24.5 0
      vertex 55.51763916015625 24.43185043334961 0
    endloop
  endfacet
  facet normal -0.19509322013739036 0.980784703926618 0
    outer loop
      vertex 1.7389469146728516 24.48288917541504 0
      vertex 1.4823617935180664 24.43185043334961 130.5
      vertex 1.7389469146728516 24.48288917541504 130.5
    endloop
  endfacet
  facet normal -0.19509322013739036 0.980784703926618 0
    outer loop
      vertex 1.4823617935180664 24.43185043334961 130.5
      vertex 1.7389469146728516 24.48288917541504 0
      vertex 1.4823617935180664 24.43185043334961 0
    endloop
  endfacet
  facet normal -0.9807855401855947 0.1950890159974446 0
    outer loop
      vertex 0.01710987091064453 22.761051177978516 0
      vertex 0.06814765930175781 23.017637252807617 35.040000915527344
      vertex 0.06814765930175781 23.017637252807617 0
    endloop
  endfacet
  facet normal -0.9807855401855947 0.1950890159974446 0
    outer loop
      vertex 0.06814765930175781 23.017637252807617 35.040000915527344
      vertex 0.01710987091064453 22.761051177978516 0
      vertex 0.01710987091064453 22.761051177978516 35.040000915527344
    endloop
  endfacet
  facet normal -0.9807855401855946 0.19508901599744458 0
    outer loop
      vertex 0.01710987091064453 22.761051177978516 92.8499984741211
      vertex 0.06814765930175781 23.017637252807617 130.5
      vertex 0.06814765930175781 23.017637252807617 92.8499984741211
    endloop
  endfacet
  facet normal -0.9807855401855946 0.19508901599744458 0
    outer loop
      vertex 0.06814765930175781 23.017637252807617 130.5
      vertex 0.01710987091064453 22.761051177978516 92.8499984741211
      vertex 0.01710987091064453 22.761051177978516 130.5
    endloop
  endfacet
  facet normal -0.9807855401855947 0.1950890159974446 0
    outer loop
      vertex 0.01710987091064453 22.761051177978516 38.040000915527344
      vertex 0.06814765930175781 23.017637252807617 89.8499984741211
      vertex 0.06814765930175781 23.017637252807617 38.040000915527344
    endloop
  endfacet
  facet normal -0.9807855401855947 0.1950890159974446 0
    outer loop
      vertex 0.06814765930175781 23.017637252807617 89.8499984741211
      vertex 0.01710987091064453 22.761051177978516 38.040000915527344
      vertex 0.01710987091064453 22.761051177978516 89.8499984741211
    endloop
  endfacet
  facet normal -0.9978590048795506 0.06540188361807905 0
    outer loop
      vertex 0 22.5 0
      vertex 0.01710987091064453 22.761051177978516 35.040000915527344
      vertex 0.01710987091064453 22.761051177978516 0
    endloop
  endfacet
  facet normal -0.9978590048795506 0.06540188361807905 0
    outer loop
      vertex 0.01710987091064453 22.761051177978516 35.040000915527344
      vertex 0 22.5 0
      vertex 0 22.5 35.040000915527344
    endloop
  endfacet
  facet normal -0.9978590048795508 0.06540188361807908 0
    outer loop
      vertex 0 22.5 92.8499984741211
      vertex 0.01710987091064453 22.761051177978516 130.5
      vertex 0.01710987091064453 22.761051177978516 92.8499984741211
    endloop
  endfacet
  facet normal -0.9978590048795508 0.06540188361807908 0
    outer loop
      vertex 0.01710987091064453 22.761051177978516 130.5
      vertex 0 22.5 92.8499984741211
      vertex 0 22.5 130.5
    endloop
  endfacet
  facet normal -0.9978590048795507 0.06540188361807907 0
    outer loop
      vertex 0 22.5 38.040000915527344
      vertex 0.01710987091064453 22.761051177978516 89.8499984741211
      vertex 0.01710987091064453 22.761051177978516 38.040000915527344
    endloop
  endfacet
  facet normal -0.9978590048795507 0.06540188361807907 0
    outer loop
      vertex 0.01710987091064453 22.761051177978516 89.8499984741211
      vertex 0 22.5 38.040000915527344
      vertex 0 22.5 89.8499984741211
    endloop
  endfacet
  facet normal 0 0 1
    outer loop
      vertex 55 24.5 130.5
      vertex 30.48288917541504 14.011052131652832 130.5
      vertex 30.5 13.75 130.5
    endloop
  endfacet
  facet normal 0 0 1
    outer loop
      vertex 55 24.5 130.5
      vertex 30.43185043334961 14.267637252807617 130.5
      vertex 30.48288917541504 14.011052131652832 130.5
    endloop
  endfacet
  facet normal 0 0 1
    outer loop
      vertex 55 24.5 130.5
      vertex 30.347759246826172 14.515366554260254 130.5
      vertex 30.43185043334961 14.267637252807617 130.5
    endloop
  endfacet
  facet normal 0 0 1
    outer loop
      vertex 55 24.5 130.5
      vertex 30.2320499420166 14.75 130.5
      vertex 30.347759246826172 14.515366554260254 130.5
    endloop
  endfacet
  facet normal 0 0 1
    outer loop
      vertex 55 24.5 130.5
      vertex 30.086706161499023 14.967522621154785 130.5
      vertex 30.2320499420166 14.75 130.5
    endloop
  endfacet
  facet normal 0 0 1
    outer loop
      vertex 55 24.5 130.5
      vertex 29.914213180541992 15.164213180541992 130.5
      vertex 30.086706161499023 14.967522621154785 130.5
    endloop
  endfacet
  facet normal 0 0 1
    outer loop
      vertex 55 24.5 130.5
      vertex 29.71752166748047 15.336706161499023 130.5
      vertex 29.914213180541992 15.164213180541992 130.5
    endloop
  endfacet
  facet normal 0 0 1
    outer loop
      vertex 55 24.5 130.5
      vertex 29.5 15.482049942016602 130.5
      vertex 29.71752166748047 15.336706161499023 130.5
    endloop
  endfacet
  facet normal 0 0 1
    outer loop
      vertex 55 24.5 130.5
      vertex 29.265365600585938 15.597758293151855 130.5
      vertex 29.5 15.482049942016602 130.5
    endloop
  endfacet
  facet normal 0 0 1
    outer loop
      vertex 55 24.5 130.5
      vertex 29.017637252807617 15.681851387023926 130.5
      vertex 29.265365600585938 15.597758293151855 130.5
    endloop
  endfacet
  facet normal 0 0 1
    outer loop
      vertex 55 24.5 130.5
      vertex 28.761051177978516 15.732889175415039 130.5
      vertex 29.017637252807617 15.681851387023926 130.5
    endloop
  endfacet
  facet normal 0 0 1
    outer loop
      vertex 55 24.5 130.5
      vertex 28.5 15.75 130.5
      vertex 28.761051177978516 15.732889175415039 130.5
    endloop
  endfacet
  facet normal 0 0 1
    outer loop
      vertex 2 24.5 130.5
      vertex 28.5 15.75 130.5
      vertex 55 24.5 130.5
    endloop
  endfacet
  facet normal 0 0 1
    outer loop
      vertex 28.5 15.75 130.5
      vertex 2 24.5 130.5
      vertex 28.23894691467285 15.732889175415039 130.5
    endloop
  endfacet
  facet normal 0 0 1
    outer loop
      vertex 26.517108917236328 14.011052131652832 130.5
      vertex 2 24.5 130.5
      vertex 26.5 13.75 130.5
    endloop
  endfacet
  facet normal 0 0 1
    outer loop
      vertex 26.568147659301758 14.267637252807617 130.5
      vertex 2 24.5 130.5
      vertex 26.517108917236328 14.011052131652832 130.5
    endloop
  endfacet
  facet normal 0 0 1
    outer loop
      vertex 26.652240753173828 14.515366554260254 130.5
      vertex 2 24.5 130.5
      vertex 26.568147659301758 14.267637252807617 130.5
    endloop
  endfacet
  facet normal 0 0 1
    outer loop
      vertex 26.767948150634766 14.75 130.5
      vertex 2 24.5 130.5
      vertex 26.652240753173828 14.515366554260254 130.5
    endloop
  endfacet
  facet normal 0 0 1
    outer loop
      vertex 26.913291931152344 14.967522621154785 130.5
      vertex 2 24.5 130.5
      vertex 26.767948150634766 14.75 130.5
    endloop
  endfacet
  facet normal 0 0 1
    outer loop
      vertex 27.085784912109375 15.164213180541992 130.5
      vertex 2 24.5 130.5
      vertex 26.913291931152344 14.967522621154785 130.5
    endloop
  endfacet
  facet normal 0 0 1
    outer loop
      vertex 27.2824764251709 15.336706161499023 130.5
      vertex 2 24.5 130.5
      vertex 27.085784912109375 15.164213180541992 130.5
    endloop
  endfacet
  facet normal 0 0 1
    outer loop
      vertex 27.5 15.482049942016602 130.5
      vertex 2 24.5 130.5
      vertex 27.2824764251709 15.336706161499023 130.5
    endloop
  endfacet
  facet normal 0 0 1
    outer loop
      vertex 27.73463249206543 15.597758293151855 130.5
      vertex 2 24.5 130.5
      vertex 27.5 15.482049942016602 130.5
    endloop
  endfacet
  facet normal 0 0 1
    outer loop
      vertex 27.98236083984375 15.681851387023926 130.5
      vertex 2 24.5 130.5
      vertex 27.73463249206543 15.597758293151855 130.5
    endloop
  endfacet
  facet normal 0 0 1
    outer loop
      vertex 28.23894691467285 15.732889175415039 130.5
      vertex 2 24.5 130.5
      vertex 27.98236083984375 15.681851387023926 130.5
    endloop
  endfacet
  facet normal 0 0 1
    outer loop
      vertex 55 24.5 130.5
      vertex 57 22.5 130.5
      vertex 56.982887268066406 22.761051177978516 130.5
    endloop
  endfacet
  facet normal 0 0 1
    outer loop
      vertex 55 24.5 130.5
      vertex 56.982887268066406 22.761051177978516 130.5
      vertex 56.93185043334961 23.017637252807617 130.5
    endloop
  endfacet
  facet normal 0 0 1
    outer loop
      vertex 55 24.5 130.5
      vertex 56.93185043334961 23.017637252807617 130.5
      vertex 56.84775924682617 23.265365600585938 130.5
    endloop
  endfacet
  facet normal 0 0 1
    outer loop
      vertex 55 24.5 130.5
      vertex 56.84775924682617 23.265365600585938 130.5
      vertex 56.73204803466797 23.5 130.5
    endloop
  endfacet
  facet normal 0 0 1
    outer loop
      vertex 55 24.5 130.5
      vertex 56.73204803466797 23.5 130.5
      vertex 56.586708068847656 23.71752166748047 130.5
    endloop
  endfacet
  facet normal 0 0 1
    outer loop
      vertex 55 24.5 130.5
      vertex 56.586708068847656 23.71752166748047 130.5
      vertex 56.414215087890625 23.914213180541992 130.5
    endloop
  endfacet
  facet normal 0 0 1
    outer loop
      vertex 55 24.5 130.5
      vertex 56.414215087890625 23.914213180541992 130.5
      vertex 56.21752166748047 24.086706161499023 130.5
    endloop
  endfacet
  facet normal 0 0 1
    outer loop
      vertex 55 24.5 130.5
      vertex 56.21752166748047 24.086706161499023 130.5
      vertex 56 24.2320499420166 130.5
    endloop
  endfacet
  facet normal 0 0 1
    outer loop
      vertex 55 24.5 130.5
      vertex 56 24.2320499420166 130.5
      vertex 55.76536560058594 24.347759246826172 130.5
    endloop
  endfacet
  facet normal 0 0 1
    outer loop
      vertex 55 24.5 130.5
      vertex 55.76536560058594 24.347759246826172 130.5
      vertex 55.51763916015625 24.43185043334961 130.5
    endloop
  endfacet
  facet normal 0 0 1
    outer loop
      vertex 55 24.5 130.5
      vertex 55.51763916015625 24.43185043334961 130.5
      vertex 55.261051177978516 24.48288917541504 130.5
    endloop
  endfacet
  facet normal 0 0 1
    outer loop
      vertex 30.5 13.75 130.5
      vertex 57 22.5 130.5
      vertex 55 24.5 130.5
    endloop
  endfacet
  facet normal 0 0 1
    outer loop
      vertex 57 22.5 130.5
      vertex 30.5 13.75 130.5
      vertex 30.48288917541504 13.488946914672852 130.5
    endloop
  endfacet
  facet normal 0 0 1
    outer loop
      vertex 57 22.5 130.5
      vertex 30.48288917541504 13.488946914672852 130.5
      vertex 57 2 130.5
    endloop
  endfacet
  facet normal 0 0 1
    outer loop
      vertex 30.43185043334961 13.232361793518066 130.5
      vertex 57 2 130.5
      vertex 30.48288917541504 13.488946914672852 130.5
    endloop
  endfacet
  facet normal 0 0 1
    outer loop
      vertex 30.347759246826172 12.98463249206543 130.5
      vertex 57 2 130.5
      vertex 30.43185043334961 13.232361793518066 130.5
    endloop
  endfacet
  facet normal 0 0 1
    outer loop
      vertex 30.2320499420166 12.75 130.5
      vertex 57 2 130.5
      vertex 30.347759246826172 12.98463249206543 130.5
    endloop
  endfacet
  facet normal 0 0 1
    outer loop
      vertex 30.086706161499023 12.532476425170898 130.5
      vertex 57 2 130.5
      vertex 30.2320499420166 12.75 130.5
    endloop
  endfacet
  facet normal 0 0 1
    outer loop
      vertex 29.914213180541992 12.335785865783691 130.5
      vertex 57 2 130.5
      vertex 30.086706161499023 12.532476425170898 130.5
    endloop
  endfacet
  facet normal 0 0 1
    outer loop
      vertex 29.71752166748047 12.16329288482666 130.5
      vertex 57 2 130.5
      vertex 29.914213180541992 12.335785865783691 130.5
    endloop
  endfacet
  facet normal 0 0 1
    outer loop
      vertex 29.5 12.017949104309082 130.5
      vertex 57 2 130.5
      vertex 29.71752166748047 12.16329288482666 130.5
    endloop
  endfacet
  facet normal 0 0 1
    outer loop
      vertex 29.265365600585938 11.902240753173828 130.5
      vertex 57 2 130.5
      vertex 29.5 12.017949104309082 130.5
    endloop
  endfacet
  facet normal 0 0 1
    outer loop
      vertex 29.017637252807617 11.818147659301758 130.5
      vertex 57 2 130.5
      vertex 29.265365600585938 11.902240753173828 130.5
    endloop
  endfacet
  facet normal 0 0 1
    outer loop
      vertex 28.761051177978516 11.767109870910645 130.5
      vertex 57 2 130.5
      vertex 29.017637252807617 11.818147659301758 130.5
    endloop
  endfacet
  facet normal 0 0 1
    outer loop
      vertex 28.5 11.75 130.5
      vertex 57 2 130.5
      vertex 28.761051177978516 11.767109870910645 130.5
    endloop
  endfacet
  facet normal 0 0 1
    outer loop
      vertex 0 2 130.5
      vertex 28.5 11.75 130.5
      vertex 28.23894691467285 11.767109870910645 130.5
    endloop
  endfacet
  facet normal 0 0 1
    outer loop
      vertex 0 2 130.5
      vertex 28.23894691467285 11.767109870910645 130.5
      vertex 27.98236083984375 11.818147659301758 130.5
    endloop
  endfacet
  facet normal 0 0 1
    outer loop
      vertex 0 22.5 130.5
      vertex 26.5 13.75 130.5
      vertex 2 24.5 130.5
    endloop
  endfacet
  facet normal 0 0 1
    outer loop
      vertex 26.5 13.75 130.5
      vertex 0 22.5 130.5
      vertex 26.517108917236328 13.488946914672852 130.5
    endloop
  endfacet
  facet normal 0 0 1
    outer loop
      vertex 0 2 130.5
      vertex 26.517108917236328 13.488946914672852 130.5
      vertex 0 22.5 130.5
    endloop
  endfacet
  facet normal 0 0 1
    outer loop
      vertex 26.517108917236328 13.488946914672852 130.5
      vertex 0 2 130.5
      vertex 26.568147659301758 13.232361793518066 130.5
    endloop
  endfacet
  facet normal 0 0 1
    outer loop
      vertex 26.568147659301758 13.232361793518066 130.5
      vertex 0 2 130.5
      vertex 26.652240753173828 12.98463249206543 130.5
    endloop
  endfacet
  facet normal 0 0 1
    outer loop
      vertex 26.652240753173828 12.98463249206543 130.5
      vertex 0 2 130.5
      vertex 26.767948150634766 12.75 130.5
    endloop
  endfacet
  facet normal 0 0 1
    outer loop
      vertex 26.767948150634766 12.75 130.5
      vertex 0 2 130.5
      vertex 26.913291931152344 12.532476425170898 130.5
    endloop
  endfacet
  facet normal 0 0 1
    outer loop
      vertex 26.913291931152344 12.532476425170898 130.5
      vertex 0 2 130.5
      vertex 27.085784912109375 12.335785865783691 130.5
    endloop
  endfacet
  facet normal 0 0 1
    outer loop
      vertex 27.085784912109375 12.335785865783691 130.5
      vertex 0 2 130.5
      vertex 27.2824764251709 12.16329288482666 130.5
    endloop
  endfacet
  facet normal 0 0 1
    outer loop
      vertex 0 22.5 130.5
      vertex 2 24.5 130.5
      vertex 1.7389469146728516 24.48288917541504 130.5
    endloop
  endfacet
  facet normal 0 0 1
    outer loop
      vertex 0 22.5 130.5
      vertex 1.7389469146728516 24.48288917541504 130.5
      vertex 1.4823617935180664 24.43185043334961 130.5
    endloop
  endfacet
  facet normal 0 0 1
    outer loop
      vertex 0 22.5 130.5
      vertex 1.4823617935180664 24.43185043334961 130.5
      vertex 1.2346324920654297 24.347759246826172 130.5
    endloop
  endfacet
  facet normal 0 0 1
    outer loop
      vertex 0 22.5 130.5
      vertex 1.2346324920654297 24.347759246826172 130.5
      vertex 1 24.2320499420166 130.5
    endloop
  endfacet
  facet normal 0 0 1
    outer loop
      vertex 0 22.5 130.5
      vertex 1 24.2320499420166 130.5
      vertex 0.7824764251708984 24.086706161499023 130.5
    endloop
  endfacet
  facet normal 0 0 1
    outer loop
      vertex 0 22.5 130.5
      vertex 0.7824764251708984 24.086706161499023 130.5
      vertex 0.5857858657836914 23.914213180541992 130.5
    endloop
  endfacet
  facet normal 0 0 1
    outer loop
      vertex 0 22.5 130.5
      vertex 0.5857858657836914 23.914213180541992 130.5
      vertex 0.41329288482666016 23.71752166748047 130.5
    endloop
  endfacet
  facet normal 0 0 1
    outer loop
      vertex 0 22.5 130.5
      vertex 0.41329288482666016 23.71752166748047 130.5
      vertex 0.26794910430908203 23.5 130.5
    endloop
  endfacet
  facet normal 0 0 1
    outer loop
      vertex 0 22.5 130.5
      vertex 0.26794910430908203 23.5 130.5
      vertex 0.15224075317382812 23.265365600585938 130.5
    endloop
  endfacet
  facet normal 0 0 1
    outer loop
      vertex 0 22.5 130.5
      vertex 0.15224075317382812 23.265365600585938 130.5
      vertex 0.06814765930175781 23.017637252807617 130.5
    endloop
  endfacet
  facet normal 0 0 1
    outer loop
      vertex 0 22.5 130.5
      vertex 0.06814765930175781 23.017637252807617 130.5
      vertex 0.01710987091064453 22.761051177978516 130.5
    endloop
  endfacet
  facet normal 0 0 1
    outer loop
      vertex 27.2824764251709 12.16329288482666 130.5
      vertex 0 2 130.5
      vertex 27.5 12.017949104309082 130.5
    endloop
  endfacet
  facet normal 0 0 1
    outer loop
      vertex 28.5 11.75 130.5
      vertex 0 2 130.5
      vertex 57 2 130.5
    endloop
  endfacet
  facet normal 0 0 1
    outer loop
      vertex 27.73463249206543 11.902240753173828 130.5
      vertex 0 2 130.5
      vertex 27.98236083984375 11.818147659301758 130.5
    endloop
  endfacet
  facet normal 0 0 1
    outer loop
      vertex 27.5 12.017949104309082 130.5
      vertex 0 2 130.5
      vertex 27.73463249206543 11.902240753173828 130.5
    endloop
  endfacet
  facet normal 0 -0.9978589425069874 0.06540283525075206
    outer loop
      vertex 0 0 128.5
      vertex 57 0.01710987091064453 128.76104736328125
      vertex 0 0.01710987091064453 128.76104736328125
    endloop
  endfacet
  facet normal 0 -0.9978589425069874 0.06540283525075206
    outer loop
      vertex 57 0.01710987091064453 128.76104736328125
      vertex 0 0 128.5
      vertex 57 0 128.5
    endloop
  endfacet
  facet normal 0 -0.6593293080051411 0.7518542834921285
    outer loop
      vertex 0 0.7824764251708984 130.08670043945312
      vertex 57 0.5857858657836914 129.91421508789062
      vertex 57 0.7824764251708984 130.08670043945312
    endloop
  endfacet
  facet normal 0 -0.6593293080051411 0.7518542834921285
    outer loop
      vertex 57 0.5857858657836914 129.91421508789062
      vertex 0 0.7824764251708984 130.08670043945312
      vertex 0 0.5857858657836914 129.91421508789062
    endloop
  endfacet
  facet normal 0 -0.5555982930431883 0.831450862509322
    outer loop
      vertex 0 1 130.2320556640625
      vertex 57 0.7824764251708984 130.08670043945312
      vertex 57 1 130.2320556640625
    endloop
  endfacet
  facet normal 0 -0.5555982930431883 0.831450862509322
    outer loop
      vertex 57 0.7824764251708984 130.08670043945312
      vertex 0 1 130.2320556640625
      vertex 0 0.7824764251708984 130.08670043945312
    endloop
  endfacet
  facet normal 0 -0.44228702126517283 0.8968735645677046
    outer loop
      vertex 0 1.2346324920654297 130.34776306152344
      vertex 57 1 130.2320556640625
      vertex 57 1.2346324920654297 130.34776306152344
    endloop
  endfacet
  facet normal 0 -0.44228702126517283 0.8968735645677046
    outer loop
      vertex 57 1 130.2320556640625
      vertex 0 1.2346324920654297 130.34776306152344
      vertex 0 1 130.2320556640625
    endloop
  endfacet
  facet normal 0 -0.19510023337800325 0.9807833088587145
    outer loop
      vertex 0 1.7389469146728516 130.48289489746094
      vertex 57 1.4823617935180664 130.43185424804688
      vertex 57 1.7389469146728516 130.48289489746094
    endloop
  endfacet
  facet normal 0 -0.19510023337800325 0.9807833088587145
    outer loop
      vertex 57 1.4823617935180664 130.43185424804688
      vertex 0 1.7389469146728516 130.48289489746094
      vertex 0 1.4823617935180664 130.43185424804688
    endloop
  endfacet
  facet normal 0 -0.7518319026002579 0.6593548287777048
    outer loop
      vertex 0 0.41329288482666016 129.717529296875
      vertex 57 0.5857858657836914 129.91421508789062
      vertex 0 0.5857858657836914 129.91421508789062
    endloop
  endfacet
  facet normal 0 -0.7518319026002579 0.6593548287777048
    outer loop
      vertex 57 0.5857858657836914 129.91421508789062
      vertex 0 0.41329288482666016 129.717529296875
      vertex 57 0.41329288482666016 129.717529296875
    endloop
  endfacet
  facet normal 0 -0.8314778205808485 0.5555579482665353
    outer loop
      vertex 0 0.26794910430908203 129.5
      vertex 57 0.41329288482666016 129.717529296875
      vertex 0 0.41329288482666016 129.717529296875
    endloop
  endfacet
  facet normal 0 -0.8314778205808485 0.5555579482665353
    outer loop
      vertex 57 0.41329288482666016 129.717529296875
      vertex 0 0.26794910430908203 129.5
      vertex 57 0.26794910430908203 129.5
    endloop
  endfacet
  facet normal 0 -0.8968735447372775 0.4422870614774873
    outer loop
      vertex 0 0.15224075317382812 129.26536560058594
      vertex 57 0.26794910430908203 129.5
      vertex 0 0.26794910430908203 129.5
    endloop
  endfacet
  facet normal 0 -0.8968735447372775 0.4422870614774873
    outer loop
      vertex 57 0.26794910430908203 129.5
      vertex 0 0.15224075317382812 129.26536560058594
      vertex 57 0.15224075317382812 129.26536560058594
    endloop
  endfacet
  facet normal 0 -0.06538325894082814 0.997860225407485
    outer loop
      vertex 0 2 130.5
      vertex 57 1.7389469146728516 130.48289489746094
      vertex 57 2 130.5
    endloop
  endfacet
  facet normal 0 -0.06538325894082814 0.997860225407485
    outer loop
      vertex 57 1.7389469146728516 130.48289489746094
      vertex 0 2 130.5
      vertex 0 1.7389469146728516 130.48289489746094
    endloop
  endfacet
  facet normal 0 -0.9469286185378721 0.32144391640526826
    outer loop
      vertex 0 0.06814765930175781 129.01763916015625
      vertex 57 0.15224075317382812 129.26536560058594
      vertex 0 0.15224075317382812 129.26536560058594
    endloop
  endfacet
  facet normal 0 -0.9469286185378721 0.32144391640526826
    outer loop
      vertex 57 0.15224075317382812 129.26536560058594
      vertex 0 0.06814765930175781 129.01763916015625
      vertex 57 0.06814765930175781 129.01763916015625
    endloop
  endfacet
  facet normal 0 -0.9807863726084011 0.19508483104960975
    outer loop
      vertex 0 0.01710987091064453 128.76104736328125
      vertex 57 0.06814765930175781 129.01763916015625
      vertex 0 0.06814765930175781 129.01763916015625
    endloop
  endfacet
  facet normal 0 -0.9807863726084011 0.19508483104960975
    outer loop
      vertex 57 0.06814765930175781 129.01763916015625
      vertex 0 0.01710987091064453 128.76104736328125
      vertex 57 0.01710987091064453 128.76104736328125
    endloop
  endfacet
  facet normal 0 -0.3214340501933723 0.9469319676599184
    outer loop
      vertex 0 1.4823617935180664 130.43185424804688
      vertex 57 1.2346324920654297 130.34776306152344
      vertex 57 1.4823617935180664 130.43185424804688
    endloop
  endfacet
  facet normal 0 -0.3214340501933723 0.9469319676599184
    outer loop
      vertex 57 1.2346324920654297 130.34776306152344
      vertex 0 1.4823617935180664 130.43185424804688
      vertex 0 1.2346324920654297 130.34776306152344
    endloop
  endfacet
  facet normal 0 0 1
    outer loop
      vertex 29.79903793334961 -5.75 4
      vertex 35.5 -11 4
      vertex 57 0 4
    endloop
  endfacet
  facet normal 0 0 1
    outer loop
      vertex 30 -9 4
      vertex 35.5 -11 4
      vertex 30 -6.5 4
    endloop
  endfacet
  facet normal 0 0 1
    outer loop
      vertex 35.5 -11 4
      vertex 29.94888687133789 -6.1117706298828125 4
      vertex 30 -6.5 4
    endloop
  endfacet
  facet normal 0 0 1
    outer loop
      vertex 35.5 -11 4
      vertex 29.79903793334961 -5.75 4
      vertex 29.94888687133789 -6.1117706298828125 4
    endloop
  endfacet
  facet normal 0 0 1
    outer loop
      vertex 57 0 4
      vertex 29.560659408569336 -5.439339637756348 4
      vertex 29.79903793334961 -5.75 4
    endloop
  endfacet
  facet normal 0 0 1
    outer loop
      vertex 57 0 4
      vertex 29.25 -5.200961112976074 4
      vertex 29.560659408569336 -5.439339637756348 4
    endloop
  endfacet
  facet normal 0 0 1
    outer loop
      vertex 57 0 4
      vertex 28.888229370117188 -5.051111221313477 4
      vertex 29.25 -5.200961112976074 4
    endloop
  endfacet
  facet normal 0 0 1
    outer loop
      vertex 57 0 4
      vertex 28.5 -5 4
      vertex 28.888229370117188 -5.051111221313477 4
    endloop
  endfacet
  facet normal 0 0 1
    outer loop
      vertex 0 0 4
      vertex 28.5 -5 4
      vertex 57 0 4
    endloop
  endfacet
  facet normal 0 0 1
    outer loop
      vertex 21.5 -11 4
      vertex 27 -9 4
      vertex 27 -6.5 4
    endloop
  endfacet
  facet normal 0 0 1
    outer loop
      vertex 21.5 -11 4
      vertex 27 -6.5 4
      vertex 27.051111221313477 -6.1117706298828125 4
    endloop
  endfacet
  facet normal 0 0 1
    outer loop
      vertex 27 -9 4
      vertex 21.5 -11 4
      vertex 25.66666603088379 -11 4
    endloop
  endfacet
  facet normal 0 0 1
    outer loop
      vertex 27.20096206665039 -5.75 4
      vertex 21.5 -11 4
      vertex 27.051111221313477 -6.1117706298828125 4
    endloop
  endfacet
  facet normal 0 0 1
    outer loop
      vertex 0 0 4
      vertex 27.20096206665039 -5.75 4
      vertex 27.43933868408203 -5.439339637756348 4
    endloop
  endfacet
  facet normal 0 0 1
    outer loop
      vertex 27.20096206665039 -5.75 4
      vertex 0 0 4
      vertex 21.5 -11 4
    endloop
  endfacet
  facet normal 0 0 1
    outer loop
      vertex 27.75 -5.200961112976074 4
      vertex 0 0 4
      vertex 27.43933868408203 -5.439339637756348 4
    endloop
  endfacet
  facet normal 0 0 1
    outer loop
      vertex 28.111770629882812 -5.051111221313477 4
      vertex 0 0 4
      vertex 27.75 -5.200961112976074 4
    endloop
  endfacet
  facet normal 0 0 1
    outer loop
      vertex 28.5 -5 4
      vertex 0 0 4
      vertex 28.111770629882812 -5.051111221313477 4
    endloop
  endfacet
  facet normal 0 0 1
    outer loop
      vertex 35.5 -11 4
      vertex 30 -9 4
      vertex 31.33333396911621 -11 4
    endloop
  endfacet
  facet normal 0 -1 0
    outer loop
      vertex 21.5 -11 0
      vertex 25.66666603088379 -11 4
      vertex 21.5 -11 4
    endloop
  endfacet
  facet normal 0 -1 0
    outer loop
      vertex 25.66666603088379 -11 4
      vertex 21.5 -11 0
      vertex 25.66666603088379 -11 0
    endloop
  endfacet
  facet normal 0 -1 0
    outer loop
      vertex 31.33333396911621 -11 0
      vertex 35.5 -11 4
      vertex 31.33333396911621 -11 4
    endloop
  endfacet
  facet normal 0 -1 0
    outer loop
      vertex 35.5 -11 4
      vertex 31.33333396911621 -11 0
      vertex 35.5 -11 0
    endloop
  endfacet
  facet normal -0.4554758043139873 -0.8902481629773388 0
    outer loop
      vertex 0 0 0
      vertex 21.5 -11 4
      vertex 0 0 4
    endloop
  endfacet
  facet normal -0.4554758043139873 -0.8902481629773388 0
    outer loop
      vertex 21.5 -11 4
      vertex 0 0 0
      vertex 21.5 -11 0
    endloop
  endfacet
  facet normal 0.4554758043139873 -0.8902481629773388 0
    outer loop
      vertex 35.5 -11 0
      vertex 57 0 4
      vertex 35.5 -11 4
    endloop
  endfacet
  facet normal 0.4554758043139873 -0.8902481629773388 0
    outer loop
      vertex 57 0 4
      vertex 35.5 -11 0
      vertex 57 0 0
    endloop
  endfacet
  facet normal -1 0 0
    outer loop
      vertex 30 -9 0
      vertex 30 -6.5 4
      vertex 30 -6.5 0
    endloop
  endfacet
  facet normal -1 0 0
    outer loop
      vertex 30 -6.5 4
      vertex 30 -9 0
      vertex 30 -9 4
    endloop
  endfacet
  facet normal -0.9914442789083516 -0.13053061640817715 0
    outer loop
      vertex 30 -6.5 0
      vertex 29.94888687133789 -6.1117706298828125 4
      vertex 29.94888687133789 -6.1117706298828125 0
    endloop
  endfacet
  facet normal -0.9914442789083516 -0.13053061640817715 0
    outer loop
      vertex 29.94888687133789 -6.1117706298828125 4
      vertex 30 -6.5 0
      vertex 30 -6.5 4
    endloop
  endfacet
  facet normal -0.9238807634942465 -0.3826804604958137 0
    outer loop
      vertex 29.94888687133789 -6.1117706298828125 0
      vertex 29.79903793334961 -5.75 4
      vertex 29.79903793334961 -5.75 0
    endloop
  endfacet
  facet normal -0.9238807634942465 -0.3826804604958137 0
    outer loop
      vertex 29.79903793334961 -5.75 4
      vertex 29.94888687133789 -6.1117706298828125 0
      vertex 29.94888687133789 -6.1117706298828125 4
    endloop
  endfacet
  facet normal -0.7933527917664623 -0.6087621438594553 0
    outer loop
      vertex 29.79903793334961 -5.75 0
      vertex 29.560659408569336 -5.439339637756348 4
      vertex 29.560659408569336 -5.439339637756348 0
    endloop
  endfacet
  facet normal -0.7933527917664623 -0.6087621438594553 0
    outer loop
      vertex 29.560659408569336 -5.439339637756348 4
      vertex 29.79903793334961 -5.75 0
      vertex 29.79903793334961 -5.75 4
    endloop
  endfacet
  facet normal -0.6087633200973881 -0.793351889204283 0
    outer loop
      vertex 29.25 -5.200961112976074 0
      vertex 29.560659408569336 -5.439339637756348 4
      vertex 29.25 -5.200961112976074 4
    endloop
  endfacet
  facet normal -0.6087633200973881 -0.793351889204283 0
    outer loop
      vertex 29.560659408569336 -5.439339637756348 4
      vertex 29.25 -5.200961112976074 0
      vertex 29.560659408569336 -5.439339637756348 0
    endloop
  endfacet
  facet normal -0.38268253930174495 -0.9238799024297306 0
    outer loop
      vertex 28.888229370117188 -5.051111221313477 0
      vertex 29.25 -5.200961112976074 4
      vertex 28.888229370117188 -5.051111221313477 4
    endloop
  endfacet
  facet normal -0.38268253930174495 -0.9238799024297306 0
    outer loop
      vertex 29.25 -5.200961112976074 4
      vertex 28.888229370117188 -5.051111221313477 0
      vertex 29.25 -5.200961112976074 0
    endloop
  endfacet
  facet normal -0.13052582848644545 -0.9914449092601803 0
    outer loop
      vertex 28.5 -5 0
      vertex 28.888229370117188 -5.051111221313477 4
      vertex 28.5 -5 4
    endloop
  endfacet
  facet normal -0.13052582848644545 -0.9914449092601803 0
    outer loop
      vertex 28.888229370117188 -5.051111221313477 4
      vertex 28.5 -5 0
      vertex 28.888229370117188 -5.051111221313477 0
    endloop
  endfacet
  facet normal 0.13052582848644545 -0.9914449092601803 0
    outer loop
      vertex 28.111770629882812 -5.051111221313477 0
      vertex 28.5 -5 4
      vertex 28.111770629882812 -5.051111221313477 4
    endloop
  endfacet
  facet normal 0.13052582848644545 -0.9914449092601803 0
    outer loop
      vertex 28.5 -5 4
      vertex 28.111770629882812 -5.051111221313477 0
      vertex 28.5 -5 0
    endloop
  endfacet
  facet normal 0.38268253930174495 -0.9238799024297306 0
    outer loop
      vertex 27.75 -5.200961112976074 0
      vertex 28.111770629882812 -5.051111221313477 4
      vertex 27.75 -5.200961112976074 4
    endloop
  endfacet
  facet normal 0.38268253930174495 -0.9238799024297306 0
    outer loop
      vertex 28.111770629882812 -5.051111221313477 4
      vertex 27.75 -5.200961112976074 0
      vertex 28.111770629882812 -5.051111221313477 0
    endloop
  endfacet
  facet normal 0.6087609676247296 -0.7933536943234101 0
    outer loop
      vertex 27.43933868408203 -5.439339637756348 0
      vertex 27.75 -5.200961112976074 4
      vertex 27.43933868408203 -5.439339637756348 4
    endloop
  endfacet
  facet normal 0.6087609676247296 -0.7933536943234101 0
    outer loop
      vertex 27.75 -5.200961112976074 4
      vertex 27.43933868408203 -5.439339637756348 0
      vertex 27.75 -5.200961112976074 0
    endloop
  endfacet
  facet normal 0.7933551442401728 -0.6087590780494815 0
    outer loop
      vertex 27.20096206665039 -5.75 4
      vertex 27.43933868408203 -5.439339637756348 0
      vertex 27.43933868408203 -5.439339637756348 4
    endloop
  endfacet
  facet normal 0.7933551442401728 -0.6087590780494815 0
    outer loop
      vertex 27.43933868408203 -5.439339637756348 0
      vertex 27.20096206665039 -5.75 4
      vertex 27.20096206665039 -5.75 0
    endloop
  endfacet
  facet normal 0.9238790413621422 -0.3826846181018637 0
    outer loop
      vertex 27.051111221313477 -6.1117706298828125 4
      vertex 27.20096206665039 -5.75 0
      vertex 27.20096206665039 -5.75 4
    endloop
  endfacet
  facet normal 0.9238790413621422 -0.3826846181018637 0
    outer loop
      vertex 27.20096206665039 -5.75 0
      vertex 27.051111221313477 -6.1117706298828125 4
      vertex 27.051111221313477 -6.1117706298828125 0
    endloop
  endfacet
  facet normal 0.9914449092601803 -0.13052582848644545 0
    outer loop
      vertex 27 -6.5 4
      vertex 27.051111221313477 -6.1117706298828125 0
      vertex 27.051111221313477 -6.1117706298828125 4
    endloop
  endfacet
  facet normal 0.9914449092601803 -0.13052582848644545 0
    outer loop
      vertex 27.051111221313477 -6.1117706298828125 0
      vertex 27 -6.5 4
      vertex 27 -6.5 0
    endloop
  endfacet
  facet normal 1 0 0
    outer loop
      vertex 27 -9 4
      vertex 27 -6.5 0
      vertex 27 -6.5 4
    endloop
  endfacet
  facet normal 1 0 0
    outer loop
      vertex 27 -6.5 0
      vertex 27 -9 4
      vertex 27 -9 0
    endloop
  endfacet
  facet normal 0.8320501722601498 -0.5547003793417262 0
    outer loop
      vertex 25.66666603088379 -11 4
      vertex 27 -9 0
      vertex 27 -9 4
    endloop
  endfacet
  facet normal 0.8320501722601498 -0.5547003793417262 0
    outer loop
      vertex 27 -9 0
      vertex 25.66666603088379 -11 4
      vertex 25.66666603088379 -11 0
    endloop
  endfacet
  facet normal -0.8320501722601498 -0.5547003793417262 0
    outer loop
      vertex 31.33333396911621 -11 0
      vertex 30 -9 4
      vertex 30 -9 0
    endloop
  endfacet
  facet normal -0.8320501722601498 -0.5547003793417262 0
    outer loop
      vertex 30 -9 4
      vertex 31.33333396911621 -11 0
      vertex 31.33333396911621 -11 4
    endloop
  endfacet
  facet normal 0 0 1
    outer loop
      vertex 0 22.5 89.8499984741211
      vertex 1 24.2320499420166 89.8499984741211
      vertex 0.7824764251708984 24.086706161499023 89.8499984741211
    endloop
  endfacet
  facet normal 0 0 1
    outer loop
      vertex 56 24.2320499420166 89.8499984741211
      vertex 57 22.5 89.8499984741211
      vertex 56.982887268066406 22.761051177978516 89.8499984741211
    endloop
  endfacet
  facet normal 0 0 1
    outer loop
      vertex 56 24.2320499420166 89.8499984741211
      vertex 56.982887268066406 22.761051177978516 89.8499984741211
      vertex 56.93185043334961 23.017637252807617 89.8499984741211
    endloop
  endfacet
  facet normal 0 0 1
    outer loop
      vertex 56 24.2320499420166 89.8499984741211
      vertex 56.93185043334961 23.017637252807617 89.8499984741211
      vertex 56.84775924682617 23.265365600585938 89.8499984741211
    endloop
  endfacet
  facet normal 0 0 1
    outer loop
      vertex 56 24.2320499420166 89.8499984741211
      vertex 56.84775924682617 23.265365600585938 89.8499984741211
      vertex 56.73204803466797 23.5 89.8499984741211
    endloop
  endfacet
  facet normal 0 0 1
    outer loop
      vertex 56 24.2320499420166 89.8499984741211
      vertex 56.73204803466797 23.5 89.8499984741211
      vertex 56.586708068847656 23.71752166748047 89.8499984741211
    endloop
  endfacet
  facet normal 0 0 1
    outer loop
      vertex 56 24.2320499420166 89.8499984741211
      vertex 56.586708068847656 23.71752166748047 89.8499984741211
      vertex 56.414215087890625 23.914213180541992 89.8499984741211
    endloop
  endfacet
  facet normal 0 0 1
    outer loop
      vertex 56 24.2320499420166 89.8499984741211
      vertex 56.414215087890625 23.914213180541992 89.8499984741211
      vertex 56.21752166748047 24.086706161499023 89.8499984741211
    endloop
  endfacet
  facet normal 0 0 1
    outer loop
      vertex 57 22.5 89.8499984741211
      vertex 56 24.2320499420166 89.8499984741211
      vertex 56 1 89.8499984741211
    endloop
  endfacet
  facet normal 0 0 1
    outer loop
      vertex 57 22.5 89.8499984741211
      vertex 56 1 89.8499984741211
      vertex 57 0 89.8499984741211
    endloop
  endfacet
  facet normal 0 0 1
    outer loop
      vertex 1 1 89.8499984741211
      vertex 57 0 89.8499984741211
      vertex 56 1 89.8499984741211
    endloop
  endfacet
  facet normal 0 0 1
    outer loop
      vertex 0 22.5 89.8499984741211
      vertex 0.7824764251708984 24.086706161499023 89.8499984741211
      vertex 0.5857858657836914 23.914213180541992 89.8499984741211
    endloop
  endfacet
  facet normal 0 0 1
    outer loop
      vertex 0 22.5 89.8499984741211
      vertex 0.5857858657836914 23.914213180541992 89.8499984741211
      vertex 0.41329288482666016 23.71752166748047 89.8499984741211
    endloop
  endfacet
  facet normal 0 0 1
    outer loop
      vertex 0 22.5 89.8499984741211
      vertex 0.41329288482666016 23.71752166748047 89.8499984741211
      vertex 0.26794910430908203 23.5 89.8499984741211
    endloop
  endfacet
  facet normal 0 0 1
    outer loop
      vertex 0 22.5 89.8499984741211
      vertex 0.26794910430908203 23.5 89.8499984741211
      vertex 0.15224075317382812 23.265365600585938 89.8499984741211
    endloop
  endfacet
  facet normal 0 0 1
    outer loop
      vertex 0 22.5 89.8499984741211
      vertex 0.15224075317382812 23.265365600585938 89.8499984741211
      vertex 0.06814765930175781 23.017637252807617 89.8499984741211
    endloop
  endfacet
  facet normal 0 0 1
    outer loop
      vertex 0 22.5 89.8499984741211
      vertex 0.06814765930175781 23.017637252807617 89.8499984741211
      vertex 0.01710987091064453 22.761051177978516 89.8499984741211
    endloop
  endfacet
  facet normal 0 0 1
    outer loop
      vertex 1 24.2320499420166 89.8499984741211
      vertex 0 22.5 89.8499984741211
      vertex 1 1 89.8499984741211
    endloop
  endfacet
  facet normal 0 0 1
    outer loop
      vertex 1 1 89.8499984741211
      vertex 0 0 89.8499984741211
      vertex 57 0 89.8499984741211
    endloop
  endfacet
  facet normal 0 0 1
    outer loop
      vertex 0 0 89.8499984741211
      vertex 1 1 89.8499984741211
      vertex 0 22.5 89.8499984741211
    endloop
  endfacet
  facet normal 0 0 -1
    outer loop
      vertex 56 1 92.8499984741211
      vertex 57 22.5 92.8499984741211
      vertex 57 0 92.8499984741211
    endloop
  endfacet
  facet normal 0 0 -1
    outer loop
      vertex 56 24.2320499420166 92.8499984741211
      vertex 57 22.5 92.8499984741211
      vertex 56 1 92.8499984741211
    endloop
  endfacet
  facet normal 0 0 -1
    outer loop
      vertex 57 22.5 92.8499984741211
      vertex 56 24.2320499420166 92.8499984741211
      vertex 56.982887268066406 22.761051177978516 92.8499984741211
    endloop
  endfacet
  facet normal 0 0 -1
    outer loop
      vertex 56.982887268066406 22.761051177978516 92.8499984741211
      vertex 56 24.2320499420166 92.8499984741211
      vertex 56.93185043334961 23.017637252807617 92.8499984741211
    endloop
  endfacet
  facet normal 0 0 -1
    outer loop
      vertex 56.93185043334961 23.017637252807617 92.8499984741211
      vertex 56 24.2320499420166 92.8499984741211
      vertex 56.84775924682617 23.265365600585938 92.8499984741211
    endloop
  endfacet
  facet normal 0 0 -1
    outer loop
      vertex 56.84775924682617 23.265365600585938 92.8499984741211
      vertex 56 24.2320499420166 92.8499984741211
      vertex 56.73204803466797 23.5 92.8499984741211
    endloop
  endfacet
  facet normal 0 0 -1
    outer loop
      vertex 56.73204803466797 23.5 92.8499984741211
      vertex 56 24.2320499420166 92.8499984741211
      vertex 56.586708068847656 23.71752166748047 92.8499984741211
    endloop
  endfacet
  facet normal 0 0 -1
    outer loop
      vertex 56.586708068847656 23.71752166748047 92.8499984741211
      vertex 56 24.2320499420166 92.8499984741211
      vertex 56.414215087890625 23.914213180541992 92.8499984741211
    endloop
  endfacet
  facet normal 0 0 -1
    outer loop
      vertex 57 0 92.8499984741211
      vertex 1 1 92.8499984741211
      vertex 56 1 92.8499984741211
    endloop
  endfacet
  facet normal 0 0 -1
    outer loop
      vertex 0 22.5 92.8499984741211
      vertex 1 24.2320499420166 92.8499984741211
      vertex 1 1 92.8499984741211
    endloop
  endfacet
  facet normal 0 0 -1
    outer loop
      vertex 1 24.2320499420166 92.8499984741211
      vertex 0 22.5 92.8499984741211
      vertex 0.7824764251708984 24.086706161499023 92.8499984741211
    endloop
  endfacet
  facet normal 0 0 -1
    outer loop
      vertex 0.7824764251708984 24.086706161499023 92.8499984741211
      vertex 0 22.5 92.8499984741211
      vertex 0.5857858657836914 23.914213180541992 92.8499984741211
    endloop
  endfacet
  facet normal 0 0 -1
    outer loop
      vertex 0.5857858657836914 23.914213180541992 92.8499984741211
      vertex 0 22.5 92.8499984741211
      vertex 0.41329288482666016 23.71752166748047 92.8499984741211
    endloop
  endfacet
  facet normal 0 0 -1
    outer loop
      vertex 0.41329288482666016 23.71752166748047 92.8499984741211
      vertex 0 22.5 92.8499984741211
      vertex 0.26794910430908203 23.5 92.8499984741211
    endloop
  endfacet
  facet normal 0 0 -1
    outer loop
      vertex 0.26794910430908203 23.5 92.8499984741211
      vertex 0 22.5 92.8499984741211
      vertex 0.15224075317382812 23.265365600585938 92.8499984741211
    endloop
  endfacet
  facet normal 0 0 -1
    outer loop
      vertex 0.15224075317382812 23.265365600585938 92.8499984741211
      vertex 0 22.5 92.8499984741211
      vertex 0.06814765930175781 23.017637252807617 92.8499984741211
    endloop
  endfacet
  facet normal 0 0 -1
    outer loop
      vertex 0 0 92.8499984741211
      vertex 1 1 92.8499984741211
      vertex 57 0 92.8499984741211
    endloop
  endfacet
  facet normal 0 0 -1
    outer loop
      vertex 0 22.5 92.8499984741211
      vertex 1 1 92.8499984741211
      vertex 0 0 92.8499984741211
    endloop
  endfacet
  facet normal 0 0 -1
    outer loop
      vertex 0.06814765930175781 23.017637252807617 92.8499984741211
      vertex 0 22.5 92.8499984741211
      vertex 0.01710987091064453 22.761051177978516 92.8499984741211
    endloop
  endfacet
  facet normal 0 0 -1
    outer loop
      vertex 56.414215087890625 23.914213180541992 92.8499984741211
      vertex 56 24.2320499420166 92.8499984741211
      vertex 56.21752166748047 24.086706161499023 92.8499984741211
    endloop
  endfacet
  facet normal 1 0 0
    outer loop
      vertex 56 1 92.8499984741211
      vertex 56 24.2320499420166 89.8499984741211
      vertex 56 24.2320499420166 92.8499984741211
    endloop
  endfacet
  facet normal 1 0 0
    outer loop
      vertex 56 24.2320499420166 89.8499984741211
      vertex 56 1 92.8499984741211
      vertex 56 1 89.8499984741211
    endloop
  endfacet
  facet normal 0 -1 0
    outer loop
      vertex 1 1 89.8499984741211
      vertex 56 1 92.8499984741211
      vertex 1 1 92.8499984741211
    endloop
  endfacet
  facet normal 0 -1 0
    outer loop
      vertex 56 1 92.8499984741211
      vertex 1 1 89.8499984741211
      vertex 56 1 89.8499984741211
    endloop
  endfacet
  facet normal -1 0 0
    outer loop
      vertex 1 1 89.8499984741211
      vertex 1 24.2320499420166 92.8499984741211
      vertex 1 24.2320499420166 89.8499984741211
    endloop
  endfacet
  facet normal -1 0 0
    outer loop
      vertex 1 24.2320499420166 92.8499984741211
      vertex 1 1 89.8499984741211
      vertex 1 1 92.8499984741211
    endloop
  endfacet
  facet normal 0 0 1
    outer loop
      vertex 0 22.5 35.040000915527344
      vertex 1 24.2320499420166 35.040000915527344
      vertex 0.7824764251708984 24.086706161499023 35.040000915527344
    endloop
  endfacet
  facet normal 0 0 1
    outer loop
      vertex 56 24.2320499420166 35.040000915527344
      vertex 57 22.5 35.040000915527344
      vertex 56.982887268066406 22.761051177978516 35.040000915527344
    endloop
  endfacet
  facet normal 0 0 1
    outer loop
      vertex 56 24.2320499420166 35.040000915527344
      vertex 56.982887268066406 22.761051177978516 35.040000915527344
      vertex 56.93185043334961 23.017637252807617 35.040000915527344
    endloop
  endfacet
  facet normal 0 0 1
    outer loop
      vertex 56 24.2320499420166 35.040000915527344
      vertex 56.93185043334961 23.017637252807617 35.040000915527344
      vertex 56.84775924682617 23.265365600585938 35.040000915527344
    endloop
  endfacet
  facet normal 0 0 1
    outer loop
      vertex 56 24.2320499420166 35.040000915527344
      vertex 56.84775924682617 23.265365600585938 35.040000915527344
      vertex 56.73204803466797 23.5 35.040000915527344
    endloop
  endfacet
  facet normal 0 0 1
    outer loop
      vertex 56 24.2320499420166 35.040000915527344
      vertex 56.73204803466797 23.5 35.040000915527344
      vertex 56.586708068847656 23.71752166748047 35.040000915527344
    endloop
  endfacet
  facet normal 0 0 1
    outer loop
      vertex 56 24.2320499420166 35.040000915527344
      vertex 56.586708068847656 23.71752166748047 35.040000915527344
      vertex 56.414215087890625 23.914213180541992 35.040000915527344
    endloop
  endfacet
  facet normal 0 0 1
    outer loop
      vertex 56 24.2320499420166 35.040000915527344
      vertex 56.414215087890625 23.914213180541992 35.040000915527344
      vertex 56.21752166748047 24.086706161499023 35.040000915527344
    endloop
  endfacet
  facet normal 0 0 1
    outer loop
      vertex 57 22.5 35.040000915527344
      vertex 56 24.2320499420166 35.040000915527344
      vertex 56 1 35.040000915527344
    endloop
  endfacet
  facet normal 0 0 1
    outer loop
      vertex 57 22.5 35.040000915527344
      vertex 56 1 35.040000915527344
      vertex 57 0 35.040000915527344
    endloop
  endfacet
  facet normal 0 0 1
    outer loop
      vertex 1 1 35.040000915527344
      vertex 57 0 35.040000915527344
      vertex 56 1 35.040000915527344
    endloop
  endfacet
  facet normal 0 0 1
    outer loop
      vertex 0 22.5 35.040000915527344
      vertex 0.7824764251708984 24.086706161499023 35.040000915527344
      vertex 0.5857858657836914 23.914213180541992 35.040000915527344
    endloop
  endfacet
  facet normal 0 0 1
    outer loop
      vertex 0 22.5 35.040000915527344
      vertex 0.5857858657836914 23.914213180541992 35.040000915527344
      vertex 0.41329288482666016 23.71752166748047 35.040000915527344
    endloop
  endfacet
  facet normal 0 0 1
    outer loop
      vertex 0 22.5 35.040000915527344
      vertex 0.41329288482666016 23.71752166748047 35.040000915527344
      vertex 0.26794910430908203 23.5 35.040000915527344
    endloop
  endfacet
  facet normal 0 0 1
    outer loop
      vertex 0 22.5 35.040000915527344
      vertex 0.26794910430908203 23.5 35.040000915527344
      vertex 0.15224075317382812 23.265365600585938 35.040000915527344
    endloop
  endfacet
  facet normal 0 0 1
    outer loop
      vertex 0 22.5 35.040000915527344
      vertex 0.15224075317382812 23.265365600585938 35.040000915527344
      vertex 0.06814765930175781 23.017637252807617 35.040000915527344
    endloop
  endfacet
  facet normal 0 0 1
    outer loop
      vertex 0 22.5 35.040000915527344
      vertex 0.06814765930175781 23.017637252807617 35.040000915527344
      vertex 0.01710987091064453 22.761051177978516 35.040000915527344
    endloop
  endfacet
  facet normal 0 0 1
    outer loop
      vertex 1 24.2320499420166 35.040000915527344
      vertex 0 22.5 35.040000915527344
      vertex 1 1 35.040000915527344
    endloop
  endfacet
  facet normal 0 0 1
    outer loop
      vertex 1 1 35.040000915527344
      vertex 0 0 35.040000915527344
      vertex 57 0 35.040000915527344
    endloop
  endfacet
  facet normal 0 0 1
    outer loop
      vertex 0 0 35.040000915527344
      vertex 1 1 35.040000915527344
      vertex 0 22.5 35.040000915527344
    endloop
  endfacet
  facet normal 0 0 -1
    outer loop
      vertex 56 1 38.040000915527344
      vertex 57 22.5 38.040000915527344
      vertex 57 0 38.040000915527344
    endloop
  endfacet
  facet normal 0 0 -1
    outer loop
      vertex 56 24.2320499420166 38.040000915527344
      vertex 57 22.5 38.040000915527344
      vertex 56 1 38.040000915527344
    endloop
  endfacet
  facet normal 0 0 -1
    outer loop
      vertex 57 22.5 38.040000915527344
      vertex 56 24.2320499420166 38.040000915527344
      vertex 56.982887268066406 22.761051177978516 38.040000915527344
    endloop
  endfacet
  facet normal 0 0 -1
    outer loop
      vertex 56.982887268066406 22.761051177978516 38.040000915527344
      vertex 56 24.2320499420166 38.040000915527344
      vertex 56.93185043334961 23.017637252807617 38.040000915527344
    endloop
  endfacet
  facet normal 0 0 -1
    outer loop
      vertex 56.93185043334961 23.017637252807617 38.040000915527344
      vertex 56 24.2320499420166 38.040000915527344
      vertex 56.84775924682617 23.265365600585938 38.040000915527344
    endloop
  endfacet
  facet normal 0 0 -1
    outer loop
      vertex 56.84775924682617 23.265365600585938 38.040000915527344
      vertex 56 24.2320499420166 38.040000915527344
      vertex 56.73204803466797 23.5 38.040000915527344
    endloop
  endfacet
  facet normal 0 0 -1
    outer loop
      vertex 56.73204803466797 23.5 38.040000915527344
      vertex 56 24.2320499420166 38.040000915527344
      vertex 56.586708068847656 23.71752166748047 38.040000915527344
    endloop
  endfacet
  facet normal 0 0 -1
    outer loop
      vertex 56.586708068847656 23.71752166748047 38.040000915527344
      vertex 56 24.2320499420166 38.040000915527344
      vertex 56.414215087890625 23.914213180541992 38.040000915527344
    endloop
  endfacet
  facet normal 0 0 -1
    outer loop
      vertex 57 0 38.040000915527344
      vertex 1 1 38.040000915527344
      vertex 56 1 38.040000915527344
    endloop
  endfacet
  facet normal 0 0 -1
    outer loop
      vertex 0 22.5 38.040000915527344
      vertex 1 24.2320499420166 38.040000915527344
      vertex 1 1 38.040000915527344
    endloop
  endfacet
  facet normal 0 0 -1
    outer loop
      vertex 1 24.2320499420166 38.040000915527344
      vertex 0 22.5 38.040000915527344
      vertex 0.7824764251708984 24.086706161499023 38.040000915527344
    endloop
  endfacet
  facet normal 0 0 -1
    outer loop
      vertex 0.7824764251708984 24.086706161499023 38.040000915527344
      vertex 0 22.5 38.040000915527344
      vertex 0.5857858657836914 23.914213180541992 38.040000915527344
    endloop
  endfacet
  facet normal 0 0 -1
    outer loop
      vertex 0.5857858657836914 23.914213180541992 38.040000915527344
      vertex 0 22.5 38.040000915527344
      vertex 0.41329288482666016 23.71752166748047 38.040000915527344
    endloop
  endfacet
  facet normal 0 0 -1
    outer loop
      vertex 0.41329288482666016 23.71752166748047 38.040000915527344
      vertex 0 22.5 38.040000915527344
      vertex 0.26794910430908203 23.5 38.040000915527344
    endloop
  endfacet
  facet normal 0 0 -1
    outer loop
      vertex 0.26794910430908203 23.5 38.040000915527344
      vertex 0 22.5 38.040000915527344
      vertex 0.15224075317382812 23.265365600585938 38.040000915527344
    endloop
  endfacet
  facet normal 0 0 -1
    outer loop
      vertex 0.15224075317382812 23.265365600585938 38.040000915527344
      vertex 0 22.5 38.040000915527344
      vertex 0.06814765930175781 23.017637252807617 38.040000915527344
    endloop
  endfacet
  facet normal 0 0 -1
    outer loop
      vertex 0 0 38.040000915527344
      vertex 1 1 38.040000915527344
      vertex 57 0 38.040000915527344
    endloop
  endfacet
  facet normal 0 0 -1
    outer loop
      vertex 0 22.5 38.040000915527344
      vertex 1 1 38.040000915527344
      vertex 0 0 38.040000915527344
    endloop
  endfacet
  facet normal 0 0 -1
    outer loop
      vertex 0.06814765930175781 23.017637252807617 38.040000915527344
      vertex 0 22.5 38.040000915527344
      vertex 0.01710987091064453 22.761051177978516 38.040000915527344
    endloop
  endfacet
  facet normal 0 0 -1
    outer loop
      vertex 56.414215087890625 23.914213180541992 38.040000915527344
      vertex 56 24.2320499420166 38.040000915527344
      vertex 56.21752166748047 24.086706161499023 38.040000915527344
    endloop
  endfacet
  facet normal 1 0 0
    outer loop
      vertex 56 1 38.040000915527344
      vertex 56 24.2320499420166 35.040000915527344
      vertex 56 24.2320499420166 38.040000915527344
    endloop
  endfacet
  facet normal 1 0 0
    outer loop
      vertex 56 24.2320499420166 35.040000915527344
      vertex 56 1 38.040000915527344
      vertex 56 1 35.040000915527344
    endloop
  endfacet
  facet normal 0 -1 0
    outer loop
      vertex 1 1 35.040000915527344
      vertex 56 1 38.040000915527344
      vertex 1 1 38.040000915527344
    endloop
  endfacet
  facet normal 0 -1 0
    outer loop
      vertex 56 1 38.040000915527344
      vertex 1 1 35.040000915527344
      vertex 56 1 35.040000915527344
    endloop
  endfacet
  facet normal -1 0 0
    outer loop
      vertex 1 1 35.040000915527344
      vertex 1 24.2320499420166 38.040000915527344
      vertex 1 24.2320499420166 35.040000915527344
    endloop
  endfacet
  facet normal -1 0 0
    outer loop
      vertex 1 24.2320499420166 38.040000915527344
      vertex 1 1 35.040000915527344
      vertex 1 1 38.040000915527344
    endloop
  endfacet
  facet normal -1 0 0
    outer loop
      vertex 54 3 0
      vertex 54 24.5 127.5
      vertex 54 24.5 0
    endloop
  endfacet
  facet normal -1 0 0
    outer loop
      vertex 54 24.5 127.5
      vertex 54 3 0
      vertex 54 3 127.5
    endloop
  endfacet
  facet normal 0 1 0
    outer loop
      vertex 54 3 0
      vertex 3 3 127.5
      vertex 54 3 127.5
    endloop
  endfacet
  facet normal 0 1 0
    outer loop
      vertex 3 3 127.5
      vertex 54 3 0
      vertex 3 3 0
    endloop
  endfacet
  facet normal 1 0 0
    outer loop
      vertex 3 3 127.5
      vertex 3 24.5 0
      vertex 3 24.5 127.5
    endloop
  endfacet
  facet normal 1 0 0
    outer loop
      vertex 3 24.5 0
      vertex 3 3 127.5
      vertex 3 3 0
    endloop
  endfacet
  facet normal 0 0 -1
    outer loop
      vertex 54 3 127.5
      vertex 30.5 13.75 127.5
      vertex 54 24.5 127.5
    endloop
  endfacet
  facet normal 0 0 -1
    outer loop
      vertex 54 3 127.5
      vertex 30.48288917541504 13.488946914672852 127.5
      vertex 30.5 13.75 127.5
    endloop
  endfacet
  facet normal 0 0 -1
    outer loop
      vertex 54 3 127.5
      vertex 30.43185043334961 13.232361793518066 127.5
      vertex 30.48288917541504 13.488946914672852 127.5
    endloop
  endfacet
  facet normal 0 0 -1
    outer loop
      vertex 54 3 127.5
      vertex 30.347759246826172 12.98463249206543 127.5
      vertex 30.43185043334961 13.232361793518066 127.5
    endloop
  endfacet
  facet normal 0 0 -1
    outer loop
      vertex 54 3 127.5
      vertex 30.2320499420166 12.75 127.5
      vertex 30.347759246826172 12.98463249206543 127.5
    endloop
  endfacet
  facet normal 0 0 -1
    outer loop
      vertex 54 3 127.5
      vertex 30.086706161499023 12.532476425170898 127.5
      vertex 30.2320499420166 12.75 127.5
    endloop
  endfacet
  facet normal 0 0 -1
    outer loop
      vertex 54 3 127.5
      vertex 29.914213180541992 12.335785865783691 127.5
      vertex 30.086706161499023 12.532476425170898 127.5
    endloop
  endfacet
  facet normal 0 0 -1
    outer loop
      vertex 54 3 127.5
      vertex 29.71752166748047 12.16329288482666 127.5
      vertex 29.914213180541992 12.335785865783691 127.5
    endloop
  endfacet
  facet normal 0 0 -1
    outer loop
      vertex 54 3 127.5
      vertex 29.5 12.017949104309082 127.5
      vertex 29.71752166748047 12.16329288482666 127.5
    endloop
  endfacet
  facet normal 0 0 -1
    outer loop
      vertex 54 3 127.5
      vertex 29.265365600585938 11.902240753173828 127.5
      vertex 29.5 12.017949104309082 127.5
    endloop
  endfacet
  facet normal 0 0 -1
    outer loop
      vertex 54 3 127.5
      vertex 29.017637252807617 11.818147659301758 127.5
      vertex 29.265365600585938 11.902240753173828 127.5
    endloop
  endfacet
  facet normal 0 0 -1
    outer loop
      vertex 54 3 127.5
      vertex 28.761051177978516 11.767109870910645 127.5
      vertex 29.017637252807617 11.818147659301758 127.5
    endloop
  endfacet
  facet normal 0 0 -1
    outer loop
      vertex 54 3 127.5
      vertex 28.5 11.75 127.5
      vertex 28.761051177978516 11.767109870910645 127.5
    endloop
  endfacet
  facet normal 0 0 -1
    outer loop
      vertex 3 3 127.5
      vertex 28.5 11.75 127.5
      vertex 54 3 127.5
    endloop
  endfacet
  facet normal 0 0 -1
    outer loop
      vertex 28.5 11.75 127.5
      vertex 3 3 127.5
      vertex 28.23894691467285 11.767109870910645 127.5
    endloop
  endfacet
  facet normal 0 0 -1
    outer loop
      vertex 26.517108917236328 13.488946914672852 127.5
      vertex 3 3 127.5
      vertex 26.5 13.75 127.5
    endloop
  endfacet
  facet normal 0 0 -1
    outer loop
      vertex 26.568147659301758 13.232361793518066 127.5
      vertex 3 3 127.5
      vertex 26.517108917236328 13.488946914672852 127.5
    endloop
  endfacet
  facet normal 0 0 -1
    outer loop
      vertex 26.652240753173828 12.98463249206543 127.5
      vertex 3 3 127.5
      vertex 26.568147659301758 13.232361793518066 127.5
    endloop
  endfacet
  facet normal 0 0 -1
    outer loop
      vertex 26.767948150634766 12.75 127.5
      vertex 3 3 127.5
      vertex 26.652240753173828 12.98463249206543 127.5
    endloop
  endfacet
  facet normal 0 0 -1
    outer loop
      vertex 26.913291931152344 12.532476425170898 127.5
      vertex 3 3 127.5
      vertex 26.767948150634766 12.75 127.5
    endloop
  endfacet
  facet normal 0 0 -1
    outer loop
      vertex 27.085784912109375 12.335785865783691 127.5
      vertex 3 3 127.5
      vertex 26.913291931152344 12.532476425170898 127.5
    endloop
  endfacet
  facet normal 0 0 -1
    outer loop
      vertex 27.2824764251709 12.16329288482666 127.5
      vertex 3 3 127.5
      vertex 27.085784912109375 12.335785865783691 127.5
    endloop
  endfacet
  facet normal 0 0 -1
    outer loop
      vertex 27.5 12.017949104309082 127.5
      vertex 3 3 127.5
      vertex 27.2824764251709 12.16329288482666 127.5
    endloop
  endfacet
  facet normal 0 0 -1
    outer loop
      vertex 27.73463249206543 11.902240753173828 127.5
      vertex 3 3 127.5
      vertex 27.5 12.017949104309082 127.5
    endloop
  endfacet
  facet normal 0 0 -1
    outer loop
      vertex 27.98236083984375 11.818147659301758 127.5
      vertex 3 3 127.5
      vertex 27.73463249206543 11.902240753173828 127.5
    endloop
  endfacet
  facet normal 0 0 -1
    outer loop
      vertex 28.23894691467285 11.767109870910645 127.5
      vertex 3 3 127.5
      vertex 27.98236083984375 11.818147659301758 127.5
    endloop
  endfacet
  facet normal 0 0 -1
    outer loop
      vertex 30.48288917541504 14.011052131652832 127.5
      vertex 54 24.5 127.5
      vertex 30.5 13.75 127.5
    endloop
  endfacet
  facet normal 0 0 -1
    outer loop
      vertex 30.43185043334961 14.267637252807617 127.5
      vertex 54 24.5 127.5
      vertex 30.48288917541504 14.011052131652832 127.5
    endloop
  endfacet
  facet normal 0 0 -1
    outer loop
      vertex 30.347759246826172 14.515366554260254 127.5
      vertex 54 24.5 127.5
      vertex 30.43185043334961 14.267637252807617 127.5
    endloop
  endfacet
  facet normal 0 0 -1
    outer loop
      vertex 30.2320499420166 14.75 127.5
      vertex 54 24.5 127.5
      vertex 30.347759246826172 14.515366554260254 127.5
    endloop
  endfacet
  facet normal 0 0 -1
    outer loop
      vertex 30.086706161499023 14.967522621154785 127.5
      vertex 54 24.5 127.5
      vertex 30.2320499420166 14.75 127.5
    endloop
  endfacet
  facet normal 0 0 -1
    outer loop
      vertex 29.914213180541992 15.164213180541992 127.5
      vertex 54 24.5 127.5
      vertex 30.086706161499023 14.967522621154785 127.5
    endloop
  endfacet
  facet normal 0 0 -1
    outer loop
      vertex 29.71752166748047 15.336706161499023 127.5
      vertex 54 24.5 127.5
      vertex 29.914213180541992 15.164213180541992 127.5
    endloop
  endfacet
  facet normal 0 0 -1
    outer loop
      vertex 29.5 15.482049942016602 127.5
      vertex 54 24.5 127.5
      vertex 29.71752166748047 15.336706161499023 127.5
    endloop
  endfacet
  facet normal 0 0 -1
    outer loop
      vertex 29.265365600585938 15.597758293151855 127.5
      vertex 54 24.5 127.5
      vertex 29.5 15.482049942016602 127.5
    endloop
  endfacet
  facet normal 0 0 -1
    outer loop
      vertex 29.017637252807617 15.681851387023926 127.5
      vertex 54 24.5 127.5
      vertex 29.265365600585938 15.597758293151855 127.5
    endloop
  endfacet
  facet normal 0 0 -1
    outer loop
      vertex 28.761051177978516 15.732889175415039 127.5
      vertex 54 24.5 127.5
      vertex 29.017637252807617 15.681851387023926 127.5
    endloop
  endfacet
  facet normal 0 0 -1
    outer loop
      vertex 28.5 15.75 127.5
      vertex 54 24.5 127.5
      vertex 28.761051177978516 15.732889175415039 127.5
    endloop
  endfacet
  facet normal 0 0 -1
    outer loop
      vertex 3 24.5 127.5
      vertex 28.5 15.75 127.5
      vertex 28.23894691467285 15.732889175415039 127.5
    endloop
  endfacet
  facet normal 0 0 -1
    outer loop
      vertex 3 24.5 127.5
      vertex 28.23894691467285 15.732889175415039 127.5
      vertex 27.98236083984375 15.681851387023926 127.5
    endloop
  endfacet
  facet normal 0 0 -1
    outer loop
      vertex 3 24.5 127.5
      vertex 26.5 13.75 127.5
      vertex 3 3 127.5
    endloop
  endfacet
  facet normal 0 0 -1
    outer loop
      vertex 26.5 13.75 127.5
      vertex 3 24.5 127.5
      vertex 26.517108917236328 14.011052131652832 127.5
    endloop
  endfacet
  facet normal 0 0 -1
    outer loop
      vertex 26.517108917236328 14.011052131652832 127.5
      vertex 3 24.5 127.5
      vertex 26.568147659301758 14.267637252807617 127.5
    endloop
  endfacet
  facet normal 0 0 -1
    outer loop
      vertex 26.568147659301758 14.267637252807617 127.5
      vertex 3 24.5 127.5
      vertex 26.652240753173828 14.515366554260254 127.5
    endloop
  endfacet
  facet normal 0 0 -1
    outer loop
      vertex 26.652240753173828 14.515366554260254 127.5
      vertex 3 24.5 127.5
      vertex 26.767948150634766 14.75 127.5
    endloop
  endfacet
  facet normal 0 0 -1
    outer loop
      vertex 26.767948150634766 14.75 127.5
      vertex 3 24.5 127.5
      vertex 26.913291931152344 14.967522621154785 127.5
    endloop
  endfacet
  facet normal 0 0 -1
    outer loop
      vertex 26.913291931152344 14.967522621154785 127.5
      vertex 3 24.5 127.5
      vertex 27.085784912109375 15.164213180541992 127.5
    endloop
  endfacet
  facet normal 0 0 -1
    outer loop
      vertex 27.085784912109375 15.164213180541992 127.5
      vertex 3 24.5 127.5
      vertex 27.2824764251709 15.336706161499023 127.5
    endloop
  endfacet
  facet normal 0 0 -1
    outer loop
      vertex 28.5 15.75 127.5
      vertex 3 24.5 127.5
      vertex 54 24.5 127.5
    endloop
  endfacet
  facet normal 0 0 -1
    outer loop
      vertex 27.73463249206543 15.597758293151855 127.5
      vertex 3 24.5 127.5
      vertex 27.98236083984375 15.681851387023926 127.5
    endloop
  endfacet
  facet normal 0 0 -1
    outer loop
      vertex 27.5 15.482049942016602 127.5
      vertex 3 24.5 127.5
      vertex 27.73463249206543 15.597758293151855 127.5
    endloop
  endfacet
  facet normal 0 0 -1
    outer loop
      vertex 27.2824764251709 15.336706161499023 127.5
      vertex 3 24.5 127.5
      vertex 27.5 15.482049942016602 127.5
    endloop
  endfacet
  facet normal -0.6593439861474872 0.751841411423408 0
    outer loop
      vertex 29.914213180541992 12.335785865783691 127.5
      vertex 29.71752166748047 12.16329288482666 130.5
      vertex 29.914213180541992 12.335785865783691 130.5
    endloop
  endfacet
  facet normal -0.6593439861474872 0.751841411423408 0
    outer loop
      vertex 29.71752166748047 12.16329288482666 130.5
      vertex 29.914213180541992 12.335785865783691 127.5
      vertex 29.71752166748047 12.16329288482666 127.5
    endloop
  endfacet
  facet normal -0.9978587981570066 0.06540503757857268 0
    outer loop
      vertex 30.48288917541504 13.488946914672852 127.5
      vertex 30.5 13.75 130.5
      vertex 30.5 13.75 127.5
    endloop
  endfacet
  facet normal -0.9978587981570066 0.06540503757857268 0
    outer loop
      vertex 30.5 13.75 130.5
      vertex 30.48288917541504 13.488946914672852 127.5
      vertex 30.48288917541504 13.488946914672852 130.5
    endloop
  endfacet
  facet normal 0.1950890159974446 0.9807855401855946 0
    outer loop
      vertex 28.23894691467285 11.767109870910645 127.5
      vertex 27.98236083984375 11.818147659301758 130.5
      vertex 28.23894691467285 11.767109870910645 130.5
    endloop
  endfacet
  facet normal 0.1950890159974446 0.9807855401855946 0
    outer loop
      vertex 27.98236083984375 11.818147659301758 130.5
      vertex 28.23894691467285 11.767109870910645 127.5
      vertex 27.98236083984375 11.818147659301758 127.5
    endloop
  endfacet
  facet normal 0.8968735645677046 0.4422870212651728 0
    outer loop
      vertex 26.767948150634766 12.75 130.5
      vertex 26.652240753173828 12.98463249206543 127.5
      vertex 26.652240753173828 12.98463249206543 130.5
    endloop
  endfacet
  facet normal 0.8968735645677046 0.4422870212651728 0
    outer loop
      vertex 26.652240753173828 12.98463249206543 127.5
      vertex 26.767948150634766 12.75 130.5
      vertex 26.767948150634766 12.75 127.5
    endloop
  endfacet
  facet normal -0.9978587825627341 -0.06540527549378619 0
    outer loop
      vertex 30.5 13.75 127.5
      vertex 30.48288917541504 14.011052131652832 130.5
      vertex 30.48288917541504 14.011052131652832 127.5
    endloop
  endfacet
  facet normal -0.9978587825627341 -0.06540527549378619 0
    outer loop
      vertex 30.48288917541504 14.011052131652832 130.5
      vertex 30.5 13.75 127.5
      vertex 30.5 13.75 130.5
    endloop
  endfacet
  facet normal -0.9469319676599184 -0.3214340501933723 0
    outer loop
      vertex 30.43185043334961 14.267637252807617 127.5
      vertex 30.347759246826172 14.515366554260254 130.5
      vertex 30.347759246826172 14.515366554260254 127.5
    endloop
  endfacet
  facet normal -0.9469319676599184 -0.3214340501933723 0
    outer loop
      vertex 30.347759246826172 14.515366554260254 130.5
      vertex 30.43185043334961 14.267637252807617 127.5
      vertex 30.43185043334961 14.267637252807617 130.5
    endloop
  endfacet
  facet normal 0.5555680517333541 0.8314710697872808 0
    outer loop
      vertex 27.5 12.017949104309082 127.5
      vertex 27.2824764251709 12.16329288482666 130.5
      vertex 27.5 12.017949104309082 130.5
    endloop
  endfacet
  facet normal 0.5555680517333541 0.8314710697872808 0
    outer loop
      vertex 27.2824764251709 12.16329288482666 130.5
      vertex 27.5 12.017949104309082 127.5
      vertex 27.2824764251709 12.16329288482666 127.5
    endloop
  endfacet
  facet normal -0.8968706724893841 0.44229288579903664 0
    outer loop
      vertex 30.2320499420166 12.75 127.5
      vertex 30.347759246826172 12.98463249206543 130.5
      vertex 30.347759246826172 12.98463249206543 127.5
    endloop
  endfacet
  facet normal -0.8968706724893841 0.44229288579903664 0
    outer loop
      vertex 30.347759246826172 12.98463249206543 130.5
      vertex 30.2320499420166 12.75 127.5
      vertex 30.2320499420166 12.75 130.5
    endloop
  endfacet
  facet normal -0.980784703926618 -0.19509322013739036 0
    outer loop
      vertex 30.48288917541504 14.011052131652832 127.5
      vertex 30.43185043334961 14.267637252807617 130.5
      vertex 30.43185043334961 14.267637252807617 127.5
    endloop
  endfacet
  facet normal -0.980784703926618 -0.19509322013739036 0
    outer loop
      vertex 30.43185043334961 14.267637252807617 130.5
      vertex 30.48288917541504 14.011052131652832 127.5
      vertex 30.48288917541504 14.011052131652832 130.5
    endloop
  endfacet
  facet normal 0.4422899535391963 0.8968721185310063 0
    outer loop
      vertex 27.73463249206543 11.902240753173828 127.5
      vertex 27.5 12.017949104309082 130.5
      vertex 27.73463249206543 11.902240753173828 130.5
    endloop
  endfacet
  facet normal 0.4422899535391963 0.8968721185310063 0
    outer loop
      vertex 27.5 12.017949104309082 130.5
      vertex 27.73463249206543 11.902240753173828 127.5
      vertex 27.5 12.017949104309082 127.5
    endloop
  endfacet
  facet normal -0.980784703926618 0.19509322013739036 0
    outer loop
      vertex 30.43185043334961 13.232361793518066 127.5
      vertex 30.48288917541504 13.488946914672852 130.5
      vertex 30.48288917541504 13.488946914672852 127.5
    endloop
  endfacet
  facet normal -0.980784703926618 0.19509322013739036 0
    outer loop
      vertex 30.48288917541504 13.488946914672852 130.5
      vertex 30.43185043334961 13.232361793518066 127.5
      vertex 30.43185043334961 13.232361793518066 130.5
    endloop
  endfacet
  facet normal -0.9469319676599184 0.3214340501933723 0
    outer loop
      vertex 30.347759246826172 12.98463249206543 127.5
      vertex 30.43185043334961 13.232361793518066 130.5
      vertex 30.43185043334961 13.232361793518066 127.5
    endloop
  endfacet
  facet normal -0.9469319676599184 0.3214340501933723 0
    outer loop
      vertex 30.43185043334961 13.232361793518066 130.5
      vertex 30.347759246826172 12.98463249206543 127.5
      vertex 30.347759246826172 12.98463249206543 130.5
    endloop
  endfacet
  facet normal 0.8314699446192111 -0.555569735672243 0
    outer loop
      vertex 26.767948150634766 14.75 130.5
      vertex 26.913291931152344 14.967522621154785 127.5
      vertex 26.913291931152344 14.967522621154785 130.5
    endloop
  endfacet
  facet normal 0.8314699446192111 -0.555569735672243 0
    outer loop
      vertex 26.913291931152344 14.967522621154785 127.5
      vertex 26.767948150634766 14.75 130.5
      vertex 26.767948150634766 14.75 127.5
    endloop
  endfacet
  facet normal -0.06540188361807907 0.9978590048795507 0
    outer loop
      vertex 28.761051177978516 11.767109870910645 127.5
      vertex 28.5 11.75 130.5
      vertex 28.761051177978516 11.767109870910645 130.5
    endloop
  endfacet
  facet normal -0.06540188361807907 0.9978590048795507 0
    outer loop
      vertex 28.5 11.75 130.5
      vertex 28.761051177978516 11.767109870910645 127.5
      vertex 28.5 11.75 127.5
    endloop
  endfacet
  facet normal 0.1950890159974446 -0.9807855401855946 0
    outer loop
      vertex 27.98236083984375 15.681851387023926 127.5
      vertex 28.23894691467285 15.732889175415039 130.5
      vertex 27.98236083984375 15.681851387023926 130.5
    endloop
  endfacet
  facet normal 0.1950890159974446 -0.9807855401855946 0
    outer loop
      vertex 28.23894691467285 15.732889175415039 130.5
      vertex 27.98236083984375 15.681851387023926 127.5
      vertex 28.23894691467285 15.732889175415039 127.5
    endloop
  endfacet
  facet normal 0.06540140781210511 0.9978590360648115 0
    outer loop
      vertex 28.5 11.75 127.5
      vertex 28.23894691467285 11.767109870910645 130.5
      vertex 28.5 11.75 130.5
    endloop
  endfacet
  facet normal 0.06540140781210511 0.9978590360648115 0
    outer loop
      vertex 28.23894691467285 11.767109870910645 130.5
      vertex 28.5 11.75 127.5
      vertex 28.23894691467285 11.767109870910645 127.5
    endloop
  endfacet
  facet normal -0.8968713856043227 -0.44229143975910545 0
    outer loop
      vertex 30.347759246826172 14.515366554260254 127.5
      vertex 30.2320499420166 14.75 130.5
      vertex 30.2320499420166 14.75 127.5
    endloop
  endfacet
  facet normal -0.8968713856043227 -0.44229143975910545 0
    outer loop
      vertex 30.2320499420166 14.75 130.5
      vertex 30.347759246826172 14.515366554260254 127.5
      vertex 30.347759246826172 14.515366554260254 130.5
    endloop
  endfacet
  facet normal -0.1950890159974446 -0.9807855401855946 0
    outer loop
      vertex 28.761051177978516 15.732889175415039 127.5
      vertex 29.017637252807617 15.681851387023926 130.5
      vertex 28.761051177978516 15.732889175415039 130.5
    endloop
  endfacet
  facet normal -0.1950890159974446 -0.9807855401855946 0
    outer loop
      vertex 29.017637252807617 15.681851387023926 130.5
      vertex 28.761051177978516 15.732889175415039 127.5
      vertex 29.017637252807617 15.681851387023926 127.5
    endloop
  endfacet
  facet normal -0.8314710697872808 0.5555680517333541 0
    outer loop
      vertex 30.086706161499023 12.532476425170898 127.5
      vertex 30.2320499420166 12.75 130.5
      vertex 30.2320499420166 12.75 127.5
    endloop
  endfacet
  facet normal -0.8314710697872808 0.5555680517333541 0
    outer loop
      vertex 30.2320499420166 12.75 130.5
      vertex 30.086706161499023 12.532476425170898 127.5
      vertex 30.086706161499023 12.532476425170898 130.5
    endloop
  endfacet
  facet normal 0.9978592739595264 0.06539777804304144 0
    outer loop
      vertex 26.517108917236328 13.488946914672852 130.5
      vertex 26.5 13.75 127.5
      vertex 26.5 13.75 130.5
    endloop
  endfacet
  facet normal 0.9978592739595264 0.06539777804304144 0
    outer loop
      vertex 26.5 13.75 127.5
      vertex 26.517108917236328 13.488946914672852 130.5
      vertex 26.517108917236328 13.488946914672852 127.5
    endloop
  endfacet
  facet normal 0.980784703926618 -0.19509322013739036 0
    outer loop
      vertex 26.517108917236328 14.011052131652832 130.5
      vertex 26.568147659301758 14.267637252807617 127.5
      vertex 26.568147659301758 14.267637252807617 130.5
    endloop
  endfacet
  facet normal 0.980784703926618 -0.19509322013739036 0
    outer loop
      vertex 26.568147659301758 14.267637252807617 127.5
      vertex 26.517108917236328 14.011052131652832 130.5
      vertex 26.517108917236328 14.011052131652832 127.5
    endloop
  endfacet
  facet normal 0.6593439861474872 0.751841411423408 0
    outer loop
      vertex 27.2824764251709 12.16329288482666 127.5
      vertex 27.085784912109375 12.335785865783691 130.5
      vertex 27.2824764251709 12.16329288482666 130.5
    endloop
  endfacet
  facet normal 0.6593439861474872 0.751841411423408 0
    outer loop
      vertex 27.085784912109375 12.335785865783691 130.5
      vertex 27.2824764251709 12.16329288482666 127.5
      vertex 27.085784912109375 12.335785865783691 127.5
    endloop
  endfacet
  facet normal 0.9469297485156343 -0.32144058763030764 0
    outer loop
      vertex 26.568147659301758 14.267637252807617 130.5
      vertex 26.652240753173828 14.515366554260254 127.5
      vertex 26.652240753173828 14.515366554260254 130.5
    endloop
  endfacet
  facet normal 0.9469297485156343 -0.32144058763030764 0
    outer loop
      vertex 26.652240753173828 14.515366554260254 127.5
      vertex 26.568147659301758 14.267637252807617 130.5
      vertex 26.568147659301758 14.267637252807617 127.5
    endloop
  endfacet
  facet normal -0.751839826652126 -0.6593457932372825 0
    outer loop
      vertex 30.086706161499023 14.967522621154785 127.5
      vertex 29.914213180541992 15.164213180541992 130.5
      vertex 29.914213180541992 15.164213180541992 127.5
    endloop
  endfacet
  facet normal -0.751839826652126 -0.6593457932372825 0
    outer loop
      vertex 29.914213180541992 15.164213180541992 130.5
      vertex 30.086706161499023 14.967522621154785 127.5
      vertex 30.086706161499023 14.967522621154785 130.5
    endloop
  endfacet
  facet normal -0.1950890159974446 0.9807855401855946 0
    outer loop
      vertex 29.017637252807617 11.818147659301758 127.5
      vertex 28.761051177978516 11.767109870910645 130.5
      vertex 29.017637252807617 11.818147659301758 130.5
    endloop
  endfacet
  facet normal -0.1950890159974446 0.9807855401855946 0
    outer loop
      vertex 28.761051177978516 11.767109870910645 130.5
      vertex 29.017637252807617 11.818147659301758 127.5
      vertex 28.761051177978516 11.767109870910645 127.5
    endloop
  endfacet
  facet normal 0.4422899535391963 -0.8968721185310063 0
    outer loop
      vertex 27.5 15.482049942016602 127.5
      vertex 27.73463249206543 15.597758293151855 130.5
      vertex 27.5 15.482049942016602 130.5
    endloop
  endfacet
  facet normal 0.4422899535391963 -0.8968721185310063 0
    outer loop
      vertex 27.73463249206543 15.597758293151855 130.5
      vertex 27.5 15.482049942016602 127.5
      vertex 27.73463249206543 15.597758293151855 127.5
    endloop
  endfacet
  facet normal -0.5555714196190613 0.8314688194409101 0
    outer loop
      vertex 29.71752166748047 12.16329288482666 127.5
      vertex 29.5 12.017949104309082 130.5
      vertex 29.71752166748047 12.16329288482666 130.5
    endloop
  endfacet
  facet normal -0.5555714196190613 0.8314688194409101 0
    outer loop
      vertex 29.5 12.017949104309082 130.5
      vertex 29.71752166748047 12.16329288482666 127.5
      vertex 29.5 12.017949104309082 127.5
    endloop
  endfacet
  facet normal -0.06540551341072687 -0.9978587669682916 0
    outer loop
      vertex 28.5 15.75 127.5
      vertex 28.761051177978516 15.732889175415039 130.5
      vertex 28.5 15.75 130.5
    endloop
  endfacet
  facet normal -0.06540551341072687 -0.9978587669682916 0
    outer loop
      vertex 28.761051177978516 15.732889175415039 130.5
      vertex 28.5 15.75 127.5
      vertex 28.761051177978516 15.732889175415039 127.5
    endloop
  endfacet
  facet normal -0.32144169721474214 -0.9469293718602808 0
    outer loop
      vertex 29.017637252807617 15.681851387023926 127.5
      vertex 29.265365600585938 15.597758293151855 130.5
      vertex 29.017637252807617 15.681851387023926 130.5
    endloop
  endfacet
  facet normal -0.32144169721474214 -0.9469293718602808 0
    outer loop
      vertex 29.265365600585938 15.597758293151855 130.5
      vertex 29.017637252807617 15.681851387023926 127.5
      vertex 29.265365600585938 15.597758293151855 127.5
    endloop
  endfacet
  facet normal -0.4422870614774873 -0.8968735447372777 0
    outer loop
      vertex 29.265365600585938 15.597758293151855 127.5
      vertex 29.5 15.482049942016602 130.5
      vertex 29.265365600585938 15.597758293151855 130.5
    endloop
  endfacet
  facet normal -0.4422870614774873 -0.8968735447372777 0
    outer loop
      vertex 29.5 15.482049942016602 130.5
      vertex 29.265365600585938 15.597758293151855 127.5
      vertex 29.5 15.482049942016602 127.5
    endloop
  endfacet
  facet normal -0.8314699446192111 -0.555569735672243 0
    outer loop
      vertex 30.2320499420166 14.75 127.5
      vertex 30.086706161499023 14.967522621154785 130.5
      vertex 30.086706161499023 14.967522621154785 127.5
    endloop
  endfacet
  facet normal -0.8314699446192111 -0.555569735672243 0
    outer loop
      vertex 30.086706161499023 14.967522621154785 130.5
      vertex 30.2320499420166 14.75 127.5
      vertex 30.2320499420166 14.75 130.5
    endloop
  endfacet
  facet normal 0.06540503757857268 -0.9978587981570066 0
    outer loop
      vertex 28.23894691467285 15.732889175415039 127.5
      vertex 28.5 15.75 130.5
      vertex 28.23894691467285 15.732889175415039 130.5
    endloop
  endfacet
  facet normal 0.06540503757857268 -0.9978587981570066 0
    outer loop
      vertex 28.5 15.75 130.5
      vertex 28.23894691467285 15.732889175415039 127.5
      vertex 28.5 15.75 127.5
    endloop
  endfacet
  facet normal 0.5555680517333541 -0.8314710697872808 0
    outer loop
      vertex 27.2824764251709 15.336706161499023 127.5
      vertex 27.5 15.482049942016602 130.5
      vertex 27.2824764251709 15.336706161499023 130.5
    endloop
  endfacet
  facet normal 0.5555680517333541 -0.8314710697872808 0
    outer loop
      vertex 27.5 15.482049942016602 130.5
      vertex 27.2824764251709 15.336706161499023 127.5
      vertex 27.5 15.482049942016602 127.5
    endloop
  endfacet
  facet normal -0.32144169721474214 0.9469293718602808 0
    outer loop
      vertex 29.265365600585938 11.902240753173828 127.5
      vertex 29.017637252807617 11.818147659301758 130.5
      vertex 29.265365600585938 11.902240753173828 130.5
    endloop
  endfacet
  facet normal -0.32144169721474214 0.9469293718602808 0
    outer loop
      vertex 29.017637252807617 11.818147659301758 130.5
      vertex 29.265365600585938 11.902240753173828 127.5
      vertex 29.017637252807617 11.818147659301758 127.5
    endloop
  endfacet
  facet normal -0.751839826652126 0.6593457932372825 0
    outer loop
      vertex 29.914213180541992 12.335785865783691 127.5
      vertex 30.086706161499023 12.532476425170898 130.5
      vertex 30.086706161499023 12.532476425170898 127.5
    endloop
  endfacet
  facet normal -0.751839826652126 0.6593457932372825 0
    outer loop
      vertex 30.086706161499023 12.532476425170898 130.5
      vertex 29.914213180541992 12.335785865783691 127.5
      vertex 29.914213180541992 12.335785865783691 130.5
    endloop
  endfacet
  facet normal -0.4422870614774873 0.8968735447372777 0
    outer loop
      vertex 29.5 12.017949104309082 127.5
      vertex 29.265365600585938 11.902240753173828 130.5
      vertex 29.5 12.017949104309082 130.5
    endloop
  endfacet
  facet normal -0.4422870614774873 0.8968735447372777 0
    outer loop
      vertex 29.265365600585938 11.902240753173828 130.5
      vertex 29.5 12.017949104309082 127.5
      vertex 29.265365600585938 11.902240753173828 127.5
    endloop
  endfacet
  facet normal 0.9469297485156343 0.32144058763030764 0
    outer loop
      vertex 26.652240753173828 12.98463249206543 130.5
      vertex 26.568147659301758 13.232361793518066 127.5
      vertex 26.568147659301758 13.232361793518066 130.5
    endloop
  endfacet
  facet normal 0.9469297485156343 0.32144058763030764 0
    outer loop
      vertex 26.568147659301758 13.232361793518066 127.5
      vertex 26.652240753173828 12.98463249206543 130.5
      vertex 26.652240753173828 12.98463249206543 127.5
    endloop
  endfacet
  facet normal 0.32144169721474214 -0.9469293718602808 0
    outer loop
      vertex 27.73463249206543 15.597758293151855 127.5
      vertex 27.98236083984375 15.681851387023926 130.5
      vertex 27.73463249206543 15.597758293151855 130.5
    endloop
  endfacet
  facet normal 0.32144169721474214 -0.9469293718602808 0
    outer loop
      vertex 27.98236083984375 15.681851387023926 130.5
      vertex 27.73463249206543 15.597758293151855 127.5
      vertex 27.98236083984375 15.681851387023926 127.5
    endloop
  endfacet
  facet normal 0.6593439861474872 -0.751841411423408 0
    outer loop
      vertex 27.085784912109375 15.164213180541992 127.5
      vertex 27.2824764251709 15.336706161499023 130.5
      vertex 27.085784912109375 15.164213180541992 130.5
    endloop
  endfacet
  facet normal 0.6593439861474872 -0.751841411423408 0
    outer loop
      vertex 27.2824764251709 15.336706161499023 130.5
      vertex 27.085784912109375 15.164213180541992 127.5
      vertex 27.2824764251709 15.336706161499023 127.5
    endloop
  endfacet
  facet normal -0.6593439861474872 -0.751841411423408 0
    outer loop
      vertex 29.71752166748047 15.336706161499023 127.5
      vertex 29.914213180541992 15.164213180541992 130.5
      vertex 29.71752166748047 15.336706161499023 130.5
    endloop
  endfacet
  facet normal -0.6593439861474872 -0.751841411423408 0
    outer loop
      vertex 29.914213180541992 15.164213180541992 130.5
      vertex 29.71752166748047 15.336706161499023 127.5
      vertex 29.914213180541992 15.164213180541992 127.5
    endloop
  endfacet
  facet normal -0.5555714196190613 -0.8314688194409101 0
    outer loop
      vertex 29.5 15.482049942016602 127.5
      vertex 29.71752166748047 15.336706161499023 130.5
      vertex 29.5 15.482049942016602 130.5
    endloop
  endfacet
  facet normal -0.5555714196190613 -0.8314688194409101 0
    outer loop
      vertex 29.71752166748047 15.336706161499023 130.5
      vertex 29.5 15.482049942016602 127.5
      vertex 29.71752166748047 15.336706161499023 127.5
    endloop
  endfacet
  facet normal 0.980784703926618 0.19509322013739036 0
    outer loop
      vertex 26.568147659301758 13.232361793518066 130.5
      vertex 26.517108917236328 13.488946914672852 127.5
      vertex 26.517108917236328 13.488946914672852 130.5
    endloop
  endfacet
  facet normal 0.980784703926618 0.19509322013739036 0
    outer loop
      vertex 26.517108917236328 13.488946914672852 127.5
      vertex 26.568147659301758 13.232361793518066 130.5
      vertex 26.568147659301758 13.232361793518066 127.5
    endloop
  endfacet
  facet normal 0.8968742776660317 -0.44228557523508943 0
    outer loop
      vertex 26.652240753173828 14.515366554260254 130.5
      vertex 26.767948150634766 14.75 127.5
      vertex 26.767948150634766 14.75 130.5
    endloop
  endfacet
  facet normal 0.8968742776660317 -0.44228557523508943 0
    outer loop
      vertex 26.767948150634766 14.75 127.5
      vertex 26.652240753173828 14.515366554260254 130.5
      vertex 26.652240753173828 14.515366554260254 127.5
    endloop
  endfacet
  facet normal 0.32144169721474214 0.9469293718602808 0
    outer loop
      vertex 27.98236083984375 11.818147659301758 127.5
      vertex 27.73463249206543 11.902240753173828 130.5
      vertex 27.98236083984375 11.818147659301758 130.5
    endloop
  endfacet
  facet normal 0.32144169721474214 0.9469293718602808 0
    outer loop
      vertex 27.73463249206543 11.902240753173828 130.5
      vertex 27.98236083984375 11.818147659301758 127.5
      vertex 27.73463249206543 11.902240753173828 127.5
    endloop
  endfacet
  facet normal 0.9978592583687081 -0.06539801593207477 0
    outer loop
      vertex 26.5 13.75 130.5
      vertex 26.517108917236328 14.011052131652832 127.5
      vertex 26.517108917236328 14.011052131652832 130.5
    endloop
  endfacet
  facet normal 0.9978592583687081 -0.06539801593207477 0
    outer loop
      vertex 26.517108917236328 14.011052131652832 127.5
      vertex 26.5 13.75 130.5
      vertex 26.5 13.75 127.5
    endloop
  endfacet
  facet normal 0.751839826652126 0.6593457932372825 0
    outer loop
      vertex 27.085784912109375 12.335785865783691 130.5
      vertex 26.913291931152344 12.532476425170898 127.5
      vertex 26.913291931152344 12.532476425170898 130.5
    endloop
  endfacet
  facet normal 0.751839826652126 0.6593457932372825 0
    outer loop
      vertex 26.913291931152344 12.532476425170898 127.5
      vertex 27.085784912109375 12.335785865783691 130.5
      vertex 27.085784912109375 12.335785865783691 127.5
    endloop
  endfacet
  facet normal 0.751839826652126 -0.6593457932372825 0
    outer loop
      vertex 26.913291931152344 14.967522621154785 130.5
      vertex 27.085784912109375 15.164213180541992 127.5
      vertex 27.085784912109375 15.164213180541992 130.5
    endloop
  endfacet
  facet normal 0.751839826652126 -0.6593457932372825 0
    outer loop
      vertex 27.085784912109375 15.164213180541992 127.5
      vertex 26.913291931152344 14.967522621154785 130.5
      vertex 26.913291931152344 14.967522621154785 127.5
    endloop
  endfacet
  facet normal 0.8314710697872808 0.5555680517333541 0
    outer loop
      vertex 26.913291931152344 12.532476425170898 130.5
      vertex 26.767948150634766 12.75 127.5
      vertex 26.767948150634766 12.75 130.5
    endloop
  endfacet
  facet normal 0.8314710697872808 0.5555680517333541 0
    outer loop
      vertex 26.767948150634766 12.75 127.5
      vertex 26.913291931152344 12.532476425170898 130.5
      vertex 26.913291931152344 12.532476425170898 127.5
    endloop
  endfacet
endsolid OpenSCAD_Model
