solid OpenSCAD_Model
  facet normal 0 0 1
    outer loop
      vertex 36.54903793334961 -5.75 4
      vertex 42.25 -11 4
      vertex 70.5 0 4
    endloop
  endfacet
  facet normal 0 0 1
    outer loop
      vertex 36.75 -9 4
      vertex 42.25 -11 4
      vertex 36.75 -6.5 4
    endloop
  endfacet
  facet normal 0 0 1
    outer loop
      vertex 42.25 -11 4
      vertex 36.69888687133789 -6.1117706298828125 4
      vertex 36.75 -6.5 4
    endloop
  endfacet
  facet normal 0 0 1
    outer loop
      vertex 42.25 -11 4
      vertex 36.54903793334961 -5.75 4
      vertex 36.69888687133789 -6.1117706298828125 4
    endloop
  endfacet
  facet normal 0 0 1
    outer loop
      vertex 70.5 0 4
      vertex 36.31066131591797 -5.439339637756348 4
      vertex 36.54903793334961 -5.75 4
    endloop
  endfacet
  facet normal 0 0 1
    outer loop
      vertex 70.5 0 4
      vertex 36 -5.200961112976074 4
      vertex 36.31066131591797 -5.439339637756348 4
    endloop
  endfacet
  facet normal 0 0 1
    outer loop
      vertex 70.5 0 4
      vertex 35.63822937011719 -5.051111221313477 4
      vertex 36 -5.200961112976074 4
    endloop
  endfacet
  facet normal 0 0 1
    outer loop
      vertex 70.5 0 4
      vertex 35.25 -5 4
      vertex 35.63822937011719 -5.051111221313477 4
    endloop
  endfacet
  facet normal 0 0 1
    outer loop
      vertex 0 0 4
      vertex 35.25 -5 4
      vertex 70.5 0 4
    endloop
  endfacet
  facet normal 0 0 1
    outer loop
      vertex 28.25 -11 4
      vertex 33.75 -9 4
      vertex 33.75 -6.5 4
    endloop
  endfacet
  facet normal 0 0 1
    outer loop
      vertex 28.25 -11 4
      vertex 33.75 -6.5 4
      vertex 33.801109313964844 -6.1117706298828125 4
    endloop
  endfacet
  facet normal 0 0 1
    outer loop
      vertex 33.75 -9 4
      vertex 28.25 -11 4
      vertex 32.41666793823242 -11 4
    endloop
  endfacet
  facet normal 0 0 1
    outer loop
      vertex 33.95096206665039 -5.75 4
      vertex 28.25 -11 4
      vertex 33.801109313964844 -6.1117706298828125 4
    endloop
  endfacet
  facet normal 0 0 1
    outer loop
      vertex 0 0 4
      vertex 33.95096206665039 -5.75 4
      vertex 34.18933868408203 -5.439339637756348 4
    endloop
  endfacet
  facet normal 0 0 1
    outer loop
      vertex 33.95096206665039 -5.75 4
      vertex 0 0 4
      vertex 28.25 -11 4
    endloop
  endfacet
  facet normal 0 0 1
    outer loop
      vertex 34.5 -5.200961112976074 4
      vertex 0 0 4
      vertex 34.18933868408203 -5.439339637756348 4
    endloop
  endfacet
  facet normal 0 0 1
    outer loop
      vertex 34.86177062988281 -5.051111221313477 4
      vertex 0 0 4
      vertex 34.5 -5.200961112976074 4
    endloop
  endfacet
  facet normal 0 0 1
    outer loop
      vertex 35.25 -5 4
      vertex 0 0 4
      vertex 34.86177062988281 -5.051111221313477 4
    endloop
  endfacet
  facet normal 0 0 1
    outer loop
      vertex 42.25 -11 4
      vertex 36.75 -9 4
      vertex 38.08333206176758 -11 4
    endloop
  endfacet
  facet normal 0 -1 0
    outer loop
      vertex 0 0 4
      vertex 70.5 0 39.2400016784668
      vertex 0 0 39.2400016784668
    endloop
  endfacet
  facet normal 0 -1 0
    outer loop
      vertex 70.5 0 39.2400016784668
      vertex 0 0 4
      vertex 70.5 0 4
    endloop
  endfacet
  facet normal 0 1 0
    outer loop
      vertex 0.01710987091064453 0 1.738947868347168
      vertex 0 0 0
      vertex 0 0 2
    endloop
  endfacet
  facet normal 0 1 0
    outer loop
      vertex 0.06814765930175781 0 1.4823627471923828
      vertex 0 0 0
      vertex 0.01710987091064453 0 1.738947868347168
    endloop
  endfacet
  facet normal 0 1 0
    outer loop
      vertex 0.15224075317382812 0 1.234633445739746
      vertex 0 0 0
      vertex 0.06814765930175781 0 1.4823627471923828
    endloop
  endfacet
  facet normal 0 1 0
    outer loop
      vertex 0.26794910430908203 0 1
      vertex 0 0 0
      vertex 0.15224075317382812 0 1.234633445739746
    endloop
  endfacet
  facet normal 0 1 0
    outer loop
      vertex 0.41329288482666016 0 0.7824773788452148
      vertex 0 0 0
      vertex 0.26794910430908203 0 1
    endloop
  endfacet
  facet normal 0 1 0
    outer loop
      vertex 0.5857858657836914 0 0.5857868194580078
      vertex 0 0 0
      vertex 0.41329288482666016 0 0.7824773788452148
    endloop
  endfacet
  facet normal 0 1 0
    outer loop
      vertex 0.7824764251708984 0 0.41329383850097656
      vertex 0 0 0
      vertex 0.5857858657836914 0 0.5857868194580078
    endloop
  endfacet
  facet normal 0 1 0
    outer loop
      vertex 1 0 0.26795005798339844
      vertex 0 0 0
      vertex 0.7824764251708984 0 0.41329383850097656
    endloop
  endfacet
  facet normal 0 1 0
    outer loop
      vertex 1.2346324920654297 0 0.15224170684814453
      vertex 0 0 0
      vertex 1 0 0.26795005798339844
    endloop
  endfacet
  facet normal 0 1 0
    outer loop
      vertex 1.4823617935180664 0 0.06814861297607422
      vertex 0 0 0
      vertex 1.2346324920654297 0 0.15224170684814453
    endloop
  endfacet
  facet normal 0 1 0
    outer loop
      vertex 1.7389469146728516 0 0.017110824584960938
      vertex 0 0 0
      vertex 1.4823617935180664 0 0.06814861297607422
    endloop
  endfacet
  facet normal 0 1 0
    outer loop
      vertex 0 0 0
      vertex 1.7389469146728516 0 0.017110824584960938
      vertex 2 0 0
    endloop
  endfacet
  facet normal 0 1 0
    outer loop
      vertex 70.5 0 0
      vertex 70.4828872680664 0 1.738947868347168
      vertex 70.5 0 2
    endloop
  endfacet
  facet normal 0 1 0
    outer loop
      vertex 70.5 0 0
      vertex 70.43185424804688 0 1.4823627471923828
      vertex 70.4828872680664 0 1.738947868347168
    endloop
  endfacet
  facet normal 0 1 0
    outer loop
      vertex 70.5 0 0
      vertex 70.3477554321289 0 1.234633445739746
      vertex 70.43185424804688 0 1.4823627471923828
    endloop
  endfacet
  facet normal 0 1 0
    outer loop
      vertex 70.5 0 0
      vertex 70.23204803466797 0 1
      vertex 70.3477554321289 0 1.234633445739746
    endloop
  endfacet
  facet normal 0 1 0
    outer loop
      vertex 70.5 0 0
      vertex 70.08670806884766 0 0.7824773788452148
      vertex 70.23204803466797 0 1
    endloop
  endfacet
  facet normal 0 1 0
    outer loop
      vertex 70.5 0 0
      vertex 69.91421508789062 0 0.5857868194580078
      vertex 70.08670806884766 0 0.7824773788452148
    endloop
  endfacet
  facet normal 0 1 0
    outer loop
      vertex 70.5 0 0
      vertex 69.71752166748047 0 0.41329383850097656
      vertex 69.91421508789062 0 0.5857868194580078
    endloop
  endfacet
  facet normal 0 1 0
    outer loop
      vertex 70.5 0 0
      vertex 69.5 0 0.26795005798339844
      vertex 69.71752166748047 0 0.41329383850097656
    endloop
  endfacet
  facet normal 0 1 0
    outer loop
      vertex 70.5 0 0
      vertex 69.26536560058594 0 0.15224170684814453
      vertex 69.5 0 0.26795005798339844
    endloop
  endfacet
  facet normal 0 1 0
    outer loop
      vertex 70.5 0 0
      vertex 69.01763916015625 0 0.06814861297607422
      vertex 69.26536560058594 0 0.15224170684814453
    endloop
  endfacet
  facet normal 0 1 0
    outer loop
      vertex 70.5 0 0
      vertex 68.76105499267578 0 0.017110824584960938
      vertex 69.01763916015625 0 0.06814861297607422
    endloop
  endfacet
  facet normal 0 1 0
    outer loop
      vertex 68.76105499267578 0 0.017110824584960938
      vertex 70.5 0 0
      vertex 68.5 0 0
    endloop
  endfacet
  facet normal 0 -1 0
    outer loop
      vertex 0 0 143.5
      vertex 2 0 145.5
      vertex 1.7389469146728516 0 145.48289489746094
    endloop
  endfacet
  facet normal 0 -1 0
    outer loop
      vertex 2 0 145.5
      vertex 0 0 103.3499984741211
      vertex 68.5 0 145.5
    endloop
  endfacet
  facet normal 0 -1 0
    outer loop
      vertex 0 0 143.5
      vertex 1.7389469146728516 0 145.48289489746094
      vertex 1.4823617935180664 0 145.43185424804688
    endloop
  endfacet
  facet normal 0 -1 0
    outer loop
      vertex 70.5 0 103.3499984741211
      vertex 68.5 0 145.5
      vertex 0 0 103.3499984741211
    endloop
  endfacet
  facet normal 0 -1 0
    outer loop
      vertex 0 0 143.5
      vertex 1.4823617935180664 0 145.43185424804688
      vertex 1.2346324920654297 0 145.34776306152344
    endloop
  endfacet
  facet normal 0 -1 0
    outer loop
      vertex 70.5 0 143.5
      vertex 68.5 0 145.5
      vertex 70.5 0 103.3499984741211
    endloop
  endfacet
  facet normal 0 -1 0
    outer loop
      vertex 0 0 143.5
      vertex 1.2346324920654297 0 145.34776306152344
      vertex 1 0 145.2320556640625
    endloop
  endfacet
  facet normal 0 -1 0
    outer loop
      vertex 2 0 145.5
      vertex 0 0 143.5
      vertex 0 0 103.3499984741211
    endloop
  endfacet
  facet normal 0 -1 0
    outer loop
      vertex 0 0 143.5
      vertex 1 0 145.2320556640625
      vertex 0.7824764251708984 0 145.08670043945312
    endloop
  endfacet
  facet normal 0 -1 0
    outer loop
      vertex 68.5 0 145.5
      vertex 70.5 0 143.5
      vertex 68.76105499267578 0 145.48289489746094
    endloop
  endfacet
  facet normal 0 -1 0
    outer loop
      vertex 0 0 143.5
      vertex 0.7824764251708984 0 145.08670043945312
      vertex 0.5857858657836914 0 144.91421508789062
    endloop
  endfacet
  facet normal 0 -1 0
    outer loop
      vertex 69.26536560058594 0 145.34776306152344
      vertex 70.5 0 143.5
      vertex 69.5 0 145.2320556640625
    endloop
  endfacet
  facet normal 0 -1 0
    outer loop
      vertex 0 0 143.5
      vertex 0.5857858657836914 0 144.91421508789062
      vertex 0.41329288482666016 0 144.717529296875
    endloop
  endfacet
  facet normal 0 -1 0
    outer loop
      vertex 69.5 0 145.2320556640625
      vertex 70.5 0 143.5
      vertex 69.71752166748047 0 145.08670043945312
    endloop
  endfacet
  facet normal 0 -1 0
    outer loop
      vertex 0 0 143.5
      vertex 0.41329288482666016 0 144.717529296875
      vertex 0.26794910430908203 0 144.5
    endloop
  endfacet
  facet normal 0 -1 0
    outer loop
      vertex 69.71752166748047 0 145.08670043945312
      vertex 70.5 0 143.5
      vertex 69.91421508789062 0 144.91421508789062
    endloop
  endfacet
  facet normal 0 -1 0
    outer loop
      vertex 0 0 143.5
      vertex 0.26794910430908203 0 144.5
      vertex 0.15224075317382812 0 144.26536560058594
    endloop
  endfacet
  facet normal 0 -1 0
    outer loop
      vertex 69.91421508789062 0 144.91421508789062
      vertex 70.5 0 143.5
      vertex 70.08670806884766 0 144.717529296875
    endloop
  endfacet
  facet normal 0 -1 0
    outer loop
      vertex 0 0 143.5
      vertex 0.15224075317382812 0 144.26536560058594
      vertex 0.06814765930175781 0 144.01763916015625
    endloop
  endfacet
  facet normal 0 -1 0
    outer loop
      vertex 70.08670806884766 0 144.717529296875
      vertex 70.5 0 143.5
      vertex 70.23204803466797 0 144.5
    endloop
  endfacet
  facet normal 0 -1 0
    outer loop
      vertex 0 0 143.5
      vertex 0.06814765930175781 0 144.01763916015625
      vertex 0.01710987091064453 0 143.76104736328125
    endloop
  endfacet
  facet normal 0 -1 0
    outer loop
      vertex 70.23204803466797 0 144.5
      vertex 70.5 0 143.5
      vertex 70.3477554321289 0 144.26536560058594
    endloop
  endfacet
  facet normal 0 -1 0
    outer loop
      vertex 70.3477554321289 0 144.26536560058594
      vertex 70.5 0 143.5
      vertex 70.43185424804688 0 144.01763916015625
    endloop
  endfacet
  facet normal 0 -1 0
    outer loop
      vertex 70.43185424804688 0 144.01763916015625
      vertex 70.5 0 143.5
      vertex 70.4828872680664 0 143.76104736328125
    endloop
  endfacet
  facet normal 0 -1 0
    outer loop
      vertex 68.76105499267578 0 145.48289489746094
      vertex 70.5 0 143.5
      vertex 69.01763916015625 0 145.43185424804688
    endloop
  endfacet
  facet normal 0 -1 0
    outer loop
      vertex 69.01763916015625 0 145.43185424804688
      vertex 70.5 0 143.5
      vertex 69.26536560058594 0 145.34776306152344
    endloop
  endfacet
  facet normal 0 -1 0
    outer loop
      vertex 0 0 42.2400016784668
      vertex 70.5 0 100.3499984741211
      vertex 0 0 100.3499984741211
    endloop
  endfacet
  facet normal 0 -1 0
    outer loop
      vertex 70.5 0 100.3499984741211
      vertex 0 0 42.2400016784668
      vertex 70.5 0 42.2400016784668
    endloop
  endfacet
  facet normal 0 -1 0
    outer loop
      vertex 28.25 -11 0
      vertex 32.41666793823242 -11 4
      vertex 28.25 -11 4
    endloop
  endfacet
  facet normal 0 -1 0
    outer loop
      vertex 32.41666793823242 -11 4
      vertex 28.25 -11 0
      vertex 32.41666793823242 -11 0
    endloop
  endfacet
  facet normal 0 -1 0
    outer loop
      vertex 38.08333206176758 -11 0
      vertex 42.25 -11 4
      vertex 38.08333206176758 -11 4
    endloop
  endfacet
  facet normal 0 -1 0
    outer loop
      vertex 42.25 -11 4
      vertex 38.08333206176758 -11 0
      vertex 42.25 -11 0
    endloop
  endfacet
  facet normal 0 0 -1
    outer loop
      vertex 28.25 -11 0
      vertex 33.75 -9 0
      vertex 32.41666793823242 -11 0
    endloop
  endfacet
  facet normal 0 0 -1
    outer loop
      vertex 68.5 0 0
      vertex 67.5 3 0
      vertex 68.5 28 0
    endloop
  endfacet
  facet normal 0 0 -1
    outer loop
      vertex 42.25 -11 0
      vertex 68.5 0 0
      vertex 70.5 0 0
    endloop
  endfacet
  facet normal 0 0 -1
    outer loop
      vertex 42.25 -11 0
      vertex 67.5 3 0
      vertex 68.5 0 0
    endloop
  endfacet
  facet normal 0 0 -1
    outer loop
      vertex 36.75 -9 0
      vertex 42.25 -11 0
      vertex 38.08333206176758 -11 0
    endloop
  endfacet
  facet normal 0 0 -1
    outer loop
      vertex 42.25 -11 0
      vertex 36.75 -9 0
      vertex 36.75 -6.5 0
    endloop
  endfacet
  facet normal 0 0 -1
    outer loop
      vertex 36.69888687133789 -6.1117706298828125 0
      vertex 42.25 -11 0
      vertex 36.75 -6.5 0
    endloop
  endfacet
  facet normal 0 0 -1
    outer loop
      vertex 36.54903793334961 -5.75 0
      vertex 42.25 -11 0
      vertex 36.69888687133789 -6.1117706298828125 0
    endloop
  endfacet
  facet normal 0 0 -1
    outer loop
      vertex 42.25 -11 0
      vertex 36.54903793334961 -5.75 0
      vertex 67.5 3 0
    endloop
  endfacet
  facet normal 0 0 -1
    outer loop
      vertex 36.31066131591797 -5.439339637756348 0
      vertex 67.5 3 0
      vertex 36.54903793334961 -5.75 0
    endloop
  endfacet
  facet normal 0 0 -1
    outer loop
      vertex 36 -5.200961112976074 0
      vertex 67.5 3 0
      vertex 36.31066131591797 -5.439339637756348 0
    endloop
  endfacet
  facet normal 0 0 -1
    outer loop
      vertex 35.63822937011719 -5.051111221313477 0
      vertex 67.5 3 0
      vertex 36 -5.200961112976074 0
    endloop
  endfacet
  facet normal 0 0 -1
    outer loop
      vertex 35.25 -5 0
      vertex 67.5 3 0
      vertex 35.63822937011719 -5.051111221313477 0
    endloop
  endfacet
  facet normal 0 0 -1
    outer loop
      vertex 3 3 0
      vertex 35.25 -5 0
      vertex 34.86177062988281 -5.051111221313477 0
    endloop
  endfacet
  facet normal 0 0 -1
    outer loop
      vertex 33.75 -9 0
      vertex 28.25 -11 0
      vertex 33.75 -6.5 0
    endloop
  endfacet
  facet normal 0 0 -1
    outer loop
      vertex 33.75 -6.5 0
      vertex 28.25 -11 0
      vertex 33.801109313964844 -6.1117706298828125 0
    endloop
  endfacet
  facet normal 0 0 -1
    outer loop
      vertex 28.25 -11 0
      vertex 33.95096206665039 -5.75 0
      vertex 33.801109313964844 -6.1117706298828125 0
    endloop
  endfacet
  facet normal 0 0 -1
    outer loop
      vertex 3 3 0
      vertex 33.95096206665039 -5.75 0
      vertex 28.25 -11 0
    endloop
  endfacet
  facet normal 0 0 -1
    outer loop
      vertex 35.25 -5 0
      vertex 3 3 0
      vertex 67.5 3 0
    endloop
  endfacet
  facet normal 0 0 -1
    outer loop
      vertex 34.5 -5.200961112976074 0
      vertex 3 3 0
      vertex 34.86177062988281 -5.051111221313477 0
    endloop
  endfacet
  facet normal 0 0 -1
    outer loop
      vertex 34.18933868408203 -5.439339637756348 0
      vertex 3 3 0
      vertex 34.5 -5.200961112976074 0
    endloop
  endfacet
  facet normal 0 0 -1
    outer loop
      vertex 33.95096206665039 -5.75 0
      vertex 3 3 0
      vertex 34.18933868408203 -5.439339637756348 0
    endloop
  endfacet
  facet normal 0 0 -1
    outer loop
      vertex 2 28 0
      vertex 3 3 0
      vertex 2 0 0
    endloop
  endfacet
  facet normal 0 0 -1
    outer loop
      vertex 28.25 -11 0
      vertex 2 0 0
      vertex 3 3 0
    endloop
  endfacet
  facet normal 0 0 -1
    outer loop
      vertex 2 0 0
      vertex 28.25 -11 0
      vertex 0 0 0
    endloop
  endfacet
  facet normal 0 0 -1
    outer loop
      vertex 68.5 28 0
      vertex 67.5 3 0
      vertex 67.5 28 0
    endloop
  endfacet
  facet normal 0 0 -1
    outer loop
      vertex 3 3 0
      vertex 2 28 0
      vertex 3 28 0
    endloop
  endfacet
  facet normal -0.36284418054305523 -0.9318498273037554 0
    outer loop
      vertex 0 0 2
      vertex 28.25 -11 4
      vertex 0 0 4
    endloop
  endfacet
  facet normal -0.36284418054305523 -0.9318498273037554 0
    outer loop
      vertex 28.25 -11 0
      vertex 0 0 2
      vertex 0 0 0
    endloop
  endfacet
  facet normal -0.36284418054305523 -0.9318498273037554 0
    outer loop
      vertex 0 0 2
      vertex 28.25 -11 0
      vertex 28.25 -11 4
    endloop
  endfacet
  facet normal 0.36284418054305523 -0.9318498273037554 0
    outer loop
      vertex 42.25 -11 4
      vertex 70.5 0 2
      vertex 70.5 0 4
    endloop
  endfacet
  facet normal 0.36284418054305523 -0.9318498273037554 0
    outer loop
      vertex 42.25 -11 0
      vertex 70.5 0 2
      vertex 42.25 -11 4
    endloop
  endfacet
  facet normal 0.36284418054305523 -0.9318498273037554 0
    outer loop
      vertex 70.5 0 2
      vertex 42.25 -11 0
      vertex 70.5 0 0
    endloop
  endfacet
  facet normal -1 0 0
    outer loop
      vertex 36.75 -9 0
      vertex 36.75 -6.5 4
      vertex 36.75 -6.5 0
    endloop
  endfacet
  facet normal -1 0 0
    outer loop
      vertex 36.75 -6.5 4
      vertex 36.75 -9 0
      vertex 36.75 -9 4
    endloop
  endfacet
  facet normal -0.9914442789083516 -0.13053061640817715 0
    outer loop
      vertex 36.75 -6.5 0
      vertex 36.69888687133789 -6.1117706298828125 4
      vertex 36.69888687133789 -6.1117706298828125 0
    endloop
  endfacet
  facet normal -0.9914442789083516 -0.13053061640817715 0
    outer loop
      vertex 36.69888687133789 -6.1117706298828125 4
      vertex 36.75 -6.5 0
      vertex 36.75 -6.5 4
    endloop
  endfacet
  facet normal -0.9238807634942465 -0.3826804604958137 0
    outer loop
      vertex 36.69888687133789 -6.1117706298828125 0
      vertex 36.54903793334961 -5.75 4
      vertex 36.54903793334961 -5.75 0
    endloop
  endfacet
  facet normal -0.9238807634942465 -0.3826804604958137 0
    outer loop
      vertex 36.54903793334961 -5.75 4
      vertex 36.69888687133789 -6.1117706298828125 0
      vertex 36.69888687133789 -6.1117706298828125 4
    endloop
  endfacet
  facet normal -0.7933551442401728 -0.6087590780494815 0
    outer loop
      vertex 36.54903793334961 -5.75 0
      vertex 36.31066131591797 -5.439339637756348 4
      vertex 36.31066131591797 -5.439339637756348 0
    endloop
  endfacet
  facet normal -0.7933551442401728 -0.6087590780494815 0
    outer loop
      vertex 36.31066131591797 -5.439339637756348 4
      vertex 36.54903793334961 -5.75 0
      vertex 36.54903793334961 -5.75 4
    endloop
  endfacet
  facet normal -0.6087609676247296 -0.7933536943234101 0
    outer loop
      vertex 36 -5.200961112976074 0
      vertex 36.31066131591797 -5.439339637756348 4
      vertex 36 -5.200961112976074 4
    endloop
  endfacet
  facet normal -0.6087609676247296 -0.7933536943234101 0
    outer loop
      vertex 36.31066131591797 -5.439339637756348 4
      vertex 36 -5.200961112976074 0
      vertex 36.31066131591797 -5.439339637756348 0
    endloop
  endfacet
  facet normal -0.38268253930174495 -0.9238799024297306 0
    outer loop
      vertex 35.63822937011719 -5.051111221313477 0
      vertex 36 -5.200961112976074 4
      vertex 35.63822937011719 -5.051111221313477 4
    endloop
  endfacet
  facet normal -0.38268253930174495 -0.9238799024297306 0
    outer loop
      vertex 36 -5.200961112976074 4
      vertex 35.63822937011719 -5.051111221313477 0
      vertex 36 -5.200961112976074 0
    endloop
  endfacet
  facet normal -0.13052582848644545 -0.9914449092601803 0
    outer loop
      vertex 35.25 -5 0
      vertex 35.63822937011719 -5.051111221313477 4
      vertex 35.25 -5 4
    endloop
  endfacet
  facet normal -0.13052582848644545 -0.9914449092601803 0
    outer loop
      vertex 35.63822937011719 -5.051111221313477 4
      vertex 35.25 -5 0
      vertex 35.63822937011719 -5.051111221313477 0
    endloop
  endfacet
  facet normal 0.13052582848644545 -0.9914449092601803 0
    outer loop
      vertex 34.86177062988281 -5.051111221313477 0
      vertex 35.25 -5 4
      vertex 34.86177062988281 -5.051111221313477 4
    endloop
  endfacet
  facet normal 0.13052582848644545 -0.9914449092601803 0
    outer loop
      vertex 35.25 -5 4
      vertex 34.86177062988281 -5.051111221313477 0
      vertex 35.25 -5 0
    endloop
  endfacet
  facet normal 0.38268253930174495 -0.9238799024297306 0
    outer loop
      vertex 34.5 -5.200961112976074 0
      vertex 34.86177062988281 -5.051111221313477 4
      vertex 34.5 -5.200961112976074 4
    endloop
  endfacet
  facet normal 0.38268253930174495 -0.9238799024297306 0
    outer loop
      vertex 34.86177062988281 -5.051111221313477 4
      vertex 34.5 -5.200961112976074 0
      vertex 34.86177062988281 -5.051111221313477 0
    endloop
  endfacet
  facet normal 0.6087609676247296 -0.7933536943234101 0
    outer loop
      vertex 34.18933868408203 -5.439339637756348 0
      vertex 34.5 -5.200961112976074 4
      vertex 34.18933868408203 -5.439339637756348 4
    endloop
  endfacet
  facet normal 0.6087609676247296 -0.7933536943234101 0
    outer loop
      vertex 34.5 -5.200961112976074 4
      vertex 34.18933868408203 -5.439339637756348 0
      vertex 34.5 -5.200961112976074 0
    endloop
  endfacet
  facet normal 0.7933551442401728 -0.6087590780494815 0
    outer loop
      vertex 33.95096206665039 -5.75 4
      vertex 34.18933868408203 -5.439339637756348 0
      vertex 34.18933868408203 -5.439339637756348 4
    endloop
  endfacet
  facet normal 0.7933551442401728 -0.6087590780494815 0
    outer loop
      vertex 34.18933868408203 -5.439339637756348 0
      vertex 33.95096206665039 -5.75 4
      vertex 33.95096206665039 -5.75 0
    endloop
  endfacet
  facet normal 0.9238773192177482 -0.3826887756846641 0
    outer loop
      vertex 33.801109313964844 -6.1117706298828125 4
      vertex 33.95096206665039 -5.75 0
      vertex 33.95096206665039 -5.75 4
    endloop
  endfacet
  facet normal 0.9238773192177482 -0.3826887756846641 0
    outer loop
      vertex 33.95096206665039 -5.75 0
      vertex 33.801109313964844 -6.1117706298828125 4
      vertex 33.801109313964844 -6.1117706298828125 0
    endloop
  endfacet
  facet normal 0.9914455395896884 -0.13052104055558156 0
    outer loop
      vertex 33.75 -6.5 4
      vertex 33.801109313964844 -6.1117706298828125 0
      vertex 33.801109313964844 -6.1117706298828125 4
    endloop
  endfacet
  facet normal 0.9914455395896884 -0.13052104055558156 0
    outer loop
      vertex 33.801109313964844 -6.1117706298828125 0
      vertex 33.75 -6.5 4
      vertex 33.75 -6.5 0
    endloop
  endfacet
  facet normal 1 0 0
    outer loop
      vertex 33.75 -9 4
      vertex 33.75 -6.5 0
      vertex 33.75 -6.5 4
    endloop
  endfacet
  facet normal 1 0 0
    outer loop
      vertex 33.75 -6.5 0
      vertex 33.75 -9 4
      vertex 33.75 -9 0
    endloop
  endfacet
  facet normal 0.8320505384932181 -0.5546998299919931 0
    outer loop
      vertex 32.41666793823242 -11 4
      vertex 33.75 -9 0
      vertex 33.75 -9 4
    endloop
  endfacet
  facet normal 0.8320505384932181 -0.5546998299919931 0
    outer loop
      vertex 33.75 -9 0
      vertex 32.41666793823242 -11 4
      vertex 32.41666793823242 -11 0
    endloop
  endfacet
  facet normal -0.8320505384932181 -0.5546998299919931 0
    outer loop
      vertex 38.08333206176758 -11 0
      vertex 36.75 -9 4
      vertex 36.75 -9 0
    endloop
  endfacet
  facet normal -0.8320505384932181 -0.5546998299919931 0
    outer loop
      vertex 36.75 -9 4
      vertex 38.08333206176758 -11 0
      vertex 38.08333206176758 -11 4
    endloop
  endfacet
  facet normal 0.5555714196190613 0 -0.8314688194409101
    outer loop
      vertex 69.5 0 0.26795005798339844
      vertex 69.71752166748047 28 0.41329383850097656
      vertex 69.71752166748047 0 0.41329383850097656
    endloop
  endfacet
  facet normal 0.5555714196190613 0 -0.8314688194409101
    outer loop
      vertex 69.71752166748047 28 0.41329383850097656
      vertex 69.5 0 0.26795005798339844
      vertex 69.5 28 0.26795005798339844
    endloop
  endfacet
  facet normal -0.9978590204722662 0 -0.06540164571422856
    outer loop
      vertex 0.01710987091064453 0 1.738947868347168
      vertex 0 28 2
      vertex 0.01710987091064453 28 1.738947868347168
    endloop
  endfacet
  facet normal -0.9978590204722662 0 -0.06540164571422856
    outer loop
      vertex 0 28 2
      vertex 0.01710987091064453 0 1.738947868347168
      vertex 0 0 2
    endloop
  endfacet
  facet normal 0.946923090874396 0 -0.32146019966534006
    outer loop
      vertex 70.43185424804688 0 1.4823627471923828
      vertex 70.3477554321289 28 1.234633445739746
      vertex 70.43185424804688 28 1.4823627471923828
    endloop
  endfacet
  facet normal 0.946923090874396 0 -0.32146019966534006
    outer loop
      vertex 70.3477554321289 28 1.234633445739746
      vertex 70.43185424804688 0 1.4823627471923828
      vertex 70.3477554321289 0 1.234633445739746
    endloop
  endfacet
  facet normal 0 0 1
    outer loop
      vertex 68.5 28 145.5
      vertex 37.25 15.5 145.5
      vertex 68.5 0 145.5
    endloop
  endfacet
  facet normal 0 0 1
    outer loop
      vertex 68.5 28 145.5
      vertex 37.232887268066406 15.761052131652832 145.5
      vertex 37.25 15.5 145.5
    endloop
  endfacet
  facet normal 0 0 1
    outer loop
      vertex 68.5 28 145.5
      vertex 37.18185043334961 16.017637252807617 145.5
      vertex 37.232887268066406 15.761052131652832 145.5
    endloop
  endfacet
  facet normal 0 0 1
    outer loop
      vertex 68.5 28 145.5
      vertex 37.09775924682617 16.265365600585938 145.5
      vertex 37.18185043334961 16.017637252807617 145.5
    endloop
  endfacet
  facet normal 0 0 1
    outer loop
      vertex 68.5 28 145.5
      vertex 36.98204803466797 16.5 145.5
      vertex 37.09775924682617 16.265365600585938 145.5
    endloop
  endfacet
  facet normal 0 0 1
    outer loop
      vertex 68.5 28 145.5
      vertex 36.836708068847656 16.71752166748047 145.5
      vertex 36.98204803466797 16.5 145.5
    endloop
  endfacet
  facet normal 0 0 1
    outer loop
      vertex 68.5 28 145.5
      vertex 36.664215087890625 16.914213180541992 145.5
      vertex 36.836708068847656 16.71752166748047 145.5
    endloop
  endfacet
  facet normal 0 0 1
    outer loop
      vertex 68.5 28 145.5
      vertex 36.46752166748047 17.086706161499023 145.5
      vertex 36.664215087890625 16.914213180541992 145.5
    endloop
  endfacet
  facet normal 0 0 1
    outer loop
      vertex 68.5 28 145.5
      vertex 36.25 17.2320499420166 145.5
      vertex 36.46752166748047 17.086706161499023 145.5
    endloop
  endfacet
  facet normal 0 0 1
    outer loop
      vertex 68.5 28 145.5
      vertex 36.01536560058594 17.347759246826172 145.5
      vertex 36.25 17.2320499420166 145.5
    endloop
  endfacet
  facet normal 0 0 1
    outer loop
      vertex 68.5 28 145.5
      vertex 35.76763916015625 17.43185043334961 145.5
      vertex 36.01536560058594 17.347759246826172 145.5
    endloop
  endfacet
  facet normal 0 0 1
    outer loop
      vertex 68.5 28 145.5
      vertex 35.511051177978516 17.48288917541504 145.5
      vertex 35.76763916015625 17.43185043334961 145.5
    endloop
  endfacet
  facet normal 0 0 1
    outer loop
      vertex 68.5 28 145.5
      vertex 35.25 17.5 145.5
      vertex 35.511051177978516 17.48288917541504 145.5
    endloop
  endfacet
  facet normal 0 0 1
    outer loop
      vertex 2 28 145.5
      vertex 35.25 17.5 145.5
      vertex 68.5 28 145.5
    endloop
  endfacet
  facet normal 0 0 1
    outer loop
      vertex 35.25 17.5 145.5
      vertex 2 28 145.5
      vertex 34.98894500732422 17.48288917541504 145.5
    endloop
  endfacet
  facet normal 0 0 1
    outer loop
      vertex 33.26710891723633 15.761052131652832 145.5
      vertex 2 28 145.5
      vertex 33.25 15.5 145.5
    endloop
  endfacet
  facet normal 0 0 1
    outer loop
      vertex 33.318145751953125 16.017637252807617 145.5
      vertex 2 28 145.5
      vertex 33.26710891723633 15.761052131652832 145.5
    endloop
  endfacet
  facet normal 0 0 1
    outer loop
      vertex 33.40224075317383 16.265365600585938 145.5
      vertex 2 28 145.5
      vertex 33.318145751953125 16.017637252807617 145.5
    endloop
  endfacet
  facet normal 0 0 1
    outer loop
      vertex 33.517948150634766 16.5 145.5
      vertex 2 28 145.5
      vertex 33.40224075317383 16.265365600585938 145.5
    endloop
  endfacet
  facet normal 0 0 1
    outer loop
      vertex 33.663291931152344 16.71752166748047 145.5
      vertex 2 28 145.5
      vertex 33.517948150634766 16.5 145.5
    endloop
  endfacet
  facet normal 0 0 1
    outer loop
      vertex 33.835784912109375 16.914213180541992 145.5
      vertex 2 28 145.5
      vertex 33.663291931152344 16.71752166748047 145.5
    endloop
  endfacet
  facet normal 0 0 1
    outer loop
      vertex 34.03247833251953 17.086706161499023 145.5
      vertex 2 28 145.5
      vertex 33.835784912109375 16.914213180541992 145.5
    endloop
  endfacet
  facet normal 0 0 1
    outer loop
      vertex 34.25 17.2320499420166 145.5
      vertex 2 28 145.5
      vertex 34.03247833251953 17.086706161499023 145.5
    endloop
  endfacet
  facet normal 0 0 1
    outer loop
      vertex 34.48463439941406 17.347759246826172 145.5
      vertex 2 28 145.5
      vertex 34.25 17.2320499420166 145.5
    endloop
  endfacet
  facet normal 0 0 1
    outer loop
      vertex 34.73236083984375 17.43185043334961 145.5
      vertex 2 28 145.5
      vertex 34.48463439941406 17.347759246826172 145.5
    endloop
  endfacet
  facet normal 0 0 1
    outer loop
      vertex 34.98894500732422 17.48288917541504 145.5
      vertex 2 28 145.5
      vertex 34.73236083984375 17.43185043334961 145.5
    endloop
  endfacet
  facet normal 0 0 1
    outer loop
      vertex 37.232887268066406 15.238946914672852 145.5
      vertex 68.5 0 145.5
      vertex 37.25 15.5 145.5
    endloop
  endfacet
  facet normal 0 0 1
    outer loop
      vertex 37.18185043334961 14.982361793518066 145.5
      vertex 68.5 0 145.5
      vertex 37.232887268066406 15.238946914672852 145.5
    endloop
  endfacet
  facet normal 0 0 1
    outer loop
      vertex 37.09775924682617 14.73463249206543 145.5
      vertex 68.5 0 145.5
      vertex 37.18185043334961 14.982361793518066 145.5
    endloop
  endfacet
  facet normal 0 0 1
    outer loop
      vertex 36.98204803466797 14.5 145.5
      vertex 68.5 0 145.5
      vertex 37.09775924682617 14.73463249206543 145.5
    endloop
  endfacet
  facet normal 0 0 1
    outer loop
      vertex 36.836708068847656 14.282476425170898 145.5
      vertex 68.5 0 145.5
      vertex 36.98204803466797 14.5 145.5
    endloop
  endfacet
  facet normal 0 0 1
    outer loop
      vertex 36.664215087890625 14.085785865783691 145.5
      vertex 68.5 0 145.5
      vertex 36.836708068847656 14.282476425170898 145.5
    endloop
  endfacet
  facet normal 0 0 1
    outer loop
      vertex 36.46752166748047 13.91329288482666 145.5
      vertex 68.5 0 145.5
      vertex 36.664215087890625 14.085785865783691 145.5
    endloop
  endfacet
  facet normal 0 0 1
    outer loop
      vertex 36.25 13.767949104309082 145.5
      vertex 68.5 0 145.5
      vertex 36.46752166748047 13.91329288482666 145.5
    endloop
  endfacet
  facet normal 0 0 1
    outer loop
      vertex 36.01536560058594 13.652240753173828 145.5
      vertex 68.5 0 145.5
      vertex 36.25 13.767949104309082 145.5
    endloop
  endfacet
  facet normal 0 0 1
    outer loop
      vertex 35.76763916015625 13.568147659301758 145.5
      vertex 68.5 0 145.5
      vertex 36.01536560058594 13.652240753173828 145.5
    endloop
  endfacet
  facet normal 0 0 1
    outer loop
      vertex 35.511051177978516 13.517109870910645 145.5
      vertex 68.5 0 145.5
      vertex 35.76763916015625 13.568147659301758 145.5
    endloop
  endfacet
  facet normal 0 0 1
    outer loop
      vertex 35.25 13.5 145.5
      vertex 68.5 0 145.5
      vertex 35.511051177978516 13.517109870910645 145.5
    endloop
  endfacet
  facet normal 0 0 1
    outer loop
      vertex 2 0 145.5
      vertex 35.25 13.5 145.5
      vertex 34.98894500732422 13.517109870910645 145.5
    endloop
  endfacet
  facet normal 0 0 1
    outer loop
      vertex 2 0 145.5
      vertex 34.98894500732422 13.517109870910645 145.5
      vertex 34.73236083984375 13.568147659301758 145.5
    endloop
  endfacet
  facet normal 0 0 1
    outer loop
      vertex 2 0 145.5
      vertex 34.73236083984375 13.568147659301758 145.5
      vertex 34.48463439941406 13.652240753173828 145.5
    endloop
  endfacet
  facet normal 0 0 1
    outer loop
      vertex 2 28 145.5
      vertex 33.26710891723633 15.238946914672852 145.5
      vertex 33.25 15.5 145.5
    endloop
  endfacet
  facet normal 0 0 1
    outer loop
      vertex 2 0 145.5
      vertex 33.26710891723633 15.238946914672852 145.5
      vertex 2 28 145.5
    endloop
  endfacet
  facet normal 0 0 1
    outer loop
      vertex 33.26710891723633 15.238946914672852 145.5
      vertex 2 0 145.5
      vertex 33.318145751953125 14.982361793518066 145.5
    endloop
  endfacet
  facet normal 0 0 1
    outer loop
      vertex 33.318145751953125 14.982361793518066 145.5
      vertex 2 0 145.5
      vertex 33.40224075317383 14.73463249206543 145.5
    endloop
  endfacet
  facet normal 0 0 1
    outer loop
      vertex 33.40224075317383 14.73463249206543 145.5
      vertex 2 0 145.5
      vertex 33.517948150634766 14.5 145.5
    endloop
  endfacet
  facet normal 0 0 1
    outer loop
      vertex 33.517948150634766 14.5 145.5
      vertex 2 0 145.5
      vertex 33.663291931152344 14.282476425170898 145.5
    endloop
  endfacet
  facet normal 0 0 1
    outer loop
      vertex 33.663291931152344 14.282476425170898 145.5
      vertex 2 0 145.5
      vertex 33.835784912109375 14.085785865783691 145.5
    endloop
  endfacet
  facet normal 0 0 1
    outer loop
      vertex 33.835784912109375 14.085785865783691 145.5
      vertex 2 0 145.5
      vertex 34.03247833251953 13.91329288482666 145.5
    endloop
  endfacet
  facet normal 0 0 1
    outer loop
      vertex 34.03247833251953 13.91329288482666 145.5
      vertex 2 0 145.5
      vertex 34.25 13.767949104309082 145.5
    endloop
  endfacet
  facet normal 0 0 1
    outer loop
      vertex 35.25 13.5 145.5
      vertex 2 0 145.5
      vertex 68.5 0 145.5
    endloop
  endfacet
  facet normal 0 0 1
    outer loop
      vertex 34.25 13.767949104309082 145.5
      vertex 2 0 145.5
      vertex 34.48463439941406 13.652240753173828 145.5
    endloop
  endfacet
  facet normal -0.8314778205808485 0 0.5555579482665353
    outer loop
      vertex 0.26794910430908203 0 144.5
      vertex 0.41329288482666016 28 144.717529296875
      vertex 0.26794910430908203 28 144.5
    endloop
  endfacet
  facet normal -0.8314778205808485 0 0.5555579482665353
    outer loop
      vertex 0.41329288482666016 28 144.717529296875
      vertex 0.26794910430908203 0 144.5
      vertex 0.41329288482666016 0 144.717529296875
    endloop
  endfacet
  facet normal -1 0 0
    outer loop
      vertex 0 0 4
      vertex 0 28 2
      vertex 0 0 2
    endloop
  endfacet
  facet normal -1 0 0
    outer loop
      vertex 0 28 2
      vertex 0 0 4
      vertex 0 28 39.2400016784668
    endloop
  endfacet
  facet normal -1 0 0
    outer loop
      vertex 0 28 39.2400016784668
      vertex 0 0 4
      vertex 0 0 39.2400016784668
    endloop
  endfacet
  facet normal -1 0 0
    outer loop
      vertex 0 0 103.3499984741211
      vertex 0 28 143.5
      vertex 0 28 103.3499984741211
    endloop
  endfacet
  facet normal -1 0 0
    outer loop
      vertex 0 28 143.5
      vertex 0 0 103.3499984741211
      vertex 0 0 143.5
    endloop
  endfacet
  facet normal -1 0 0
    outer loop
      vertex 0 0 42.2400016784668
      vertex 0 28 100.3499984741211
      vertex 0 28 42.2400016784668
    endloop
  endfacet
  facet normal -1 0 0
    outer loop
      vertex 0 28 100.3499984741211
      vertex 0 0 42.2400016784668
      vertex 0 0 100.3499984741211
    endloop
  endfacet
  facet normal 0.9978582287132122 0 0.06541372477799084
    outer loop
      vertex 70.4828872680664 0 143.76104736328125
      vertex 70.5 28 143.5
      vertex 70.4828872680664 28 143.76104736328125
    endloop
  endfacet
  facet normal 0.9978582287132122 0 0.06541372477799084
    outer loop
      vertex 70.5 28 143.5
      vertex 70.4828872680664 0 143.76104736328125
      vertex 70.5 0 143.5
    endloop
  endfacet
  facet normal -0.32144058763030764 0 -0.9469297485156344
    outer loop
      vertex 1.2346324920654297 0 0.15224170684814453
      vertex 1.4823617935180664 28 0.06814861297607422
      vertex 1.4823617935180664 0 0.06814861297607422
    endloop
  endfacet
  facet normal -0.32144058763030764 0 -0.9469297485156344
    outer loop
      vertex 1.4823617935180664 28 0.06814861297607422
      vertex 1.2346324920654297 0 0.15224170684814453
      vertex 1.2346324920654297 28 0.15224170684814453
    endloop
  endfacet
  facet normal 0.6593238866811083 0 0.7518590376205615
    outer loop
      vertex 69.71752166748047 28 145.08670043945312
      vertex 69.91421508789062 0 144.91421508789062
      vertex 69.91421508789062 28 144.91421508789062
    endloop
  endfacet
  facet normal 0.6593238866811083 0 0.7518590376205615
    outer loop
      vertex 69.91421508789062 0 144.91421508789062
      vertex 69.71752166748047 28 145.08670043945312
      vertex 69.71752166748047 0 145.08670043945312
    endloop
  endfacet
  facet normal 0.9807888888532409 0 -0.1950721802359965
    outer loop
      vertex 70.4828872680664 0 1.738947868347168
      vertex 70.43185424804688 28 1.4823627471923828
      vertex 70.4828872680664 28 1.738947868347168
    endloop
  endfacet
  facet normal 0.9807888888532409 0 -0.1950721802359965
    outer loop
      vertex 70.43185424804688 28 1.4823627471923828
      vertex 70.4828872680664 0 1.738947868347168
      vertex 70.43185424804688 0 1.4823627471923828
    endloop
  endfacet
  facet normal 0.9978583067043998 0 -0.0654125350451124
    outer loop
      vertex 70.5 0 2
      vertex 70.4828872680664 28 1.738947868347168
      vertex 70.5 28 2
    endloop
  endfacet
  facet normal 0.9978583067043998 0 -0.0654125350451124
    outer loop
      vertex 70.4828872680664 28 1.738947868347168
      vertex 70.5 0 2
      vertex 70.4828872680664 0 1.738947868347168
    endloop
  endfacet
  facet normal -0.6593457932372825 0 -0.7518398266521259
    outer loop
      vertex 0.5857858657836914 0 0.5857868194580078
      vertex 0.7824764251708984 28 0.41329383850097656
      vertex 0.7824764251708984 0 0.41329383850097656
    endloop
  endfacet
  facet normal -0.6593457932372825 0 -0.7518398266521259
    outer loop
      vertex 0.7824764251708984 28 0.41329383850097656
      vertex 0.5857858657836914 0 0.5857868194580078
      vertex 0.5857858657836914 28 0.5857868194580078
    endloop
  endfacet
  facet normal 0.06538278327266257 0 0.9978602565747972
    outer loop
      vertex 68.5 28 145.5
      vertex 68.76105499267578 0 145.48289489746094
      vertex 68.76105499267578 28 145.48289489746094
    endloop
  endfacet
  facet normal 0.06538278327266257 0 0.9978602565747972
    outer loop
      vertex 68.76105499267578 0 145.48289489746094
      vertex 68.5 28 145.5
      vertex 68.5 0 145.5
    endloop
  endfacet
  facet normal 1 0 0
    outer loop
      vertex 70.5 0 4
      vertex 70.5 28 39.2400016784668
      vertex 70.5 0 39.2400016784668
    endloop
  endfacet
  facet normal 1 0 0
    outer loop
      vertex 70.5 28 39.2400016784668
      vertex 70.5 0 4
      vertex 70.5 28 2
    endloop
  endfacet
  facet normal 1 0 0
    outer loop
      vertex 70.5 28 2
      vertex 70.5 0 4
      vertex 70.5 0 2
    endloop
  endfacet
  facet normal 1 0 0
    outer loop
      vertex 70.5 0 143.5
      vertex 70.5 28 103.3499984741211
      vertex 70.5 28 143.5
    endloop
  endfacet
  facet normal 1 0 0
    outer loop
      vertex 70.5 28 103.3499984741211
      vertex 70.5 0 143.5
      vertex 70.5 0 103.3499984741211
    endloop
  endfacet
  facet normal 1 0 0
    outer loop
      vertex 70.5 0 100.3499984741211
      vertex 70.5 28 42.2400016784668
      vertex 70.5 28 100.3499984741211
    endloop
  endfacet
  facet normal 1 0 0
    outer loop
      vertex 70.5 28 42.2400016784668
      vertex 70.5 0 100.3499984741211
      vertex 70.5 0 42.2400016784668
    endloop
  endfacet
  facet normal -0.06540503757857268 0 -0.9978587981570066
    outer loop
      vertex 1.7389469146728516 0 0.017110824584960938
      vertex 2 28 0
      vertex 2 0 0
    endloop
  endfacet
  facet normal -0.06540503757857268 0 -0.9978587981570066
    outer loop
      vertex 2 28 0
      vertex 1.7389469146728516 0 0.017110824584960938
      vertex 1.7389469146728516 28 0.017110824584960938
    endloop
  endfacet
  facet normal 0.8968742776660317 0 -0.44228557523508943
    outer loop
      vertex 70.3477554321289 0 1.234633445739746
      vertex 70.23204803466797 28 1
      vertex 70.3477554321289 28 1.234633445739746
    endloop
  endfacet
  facet normal 0.8968742776660317 0 -0.44228557523508943
    outer loop
      vertex 70.23204803466797 28 1
      vertex 70.3477554321289 0 1.234633445739746
      vertex 70.23204803466797 0 1
    endloop
  endfacet
  facet normal 0.7518319026002579 0 0.6593548287777048
    outer loop
      vertex 69.91421508789062 0 144.91421508789062
      vertex 70.08670806884766 28 144.717529296875
      vertex 69.91421508789062 28 144.91421508789062
    endloop
  endfacet
  facet normal 0.7518319026002579 0 0.6593548287777048
    outer loop
      vertex 70.08670806884766 28 144.717529296875
      vertex 69.91421508789062 0 144.91421508789062
      vertex 70.08670806884766 0 144.717529296875
    endloop
  endfacet
  facet normal 0.065404561753327 0 -0.9978588293450408
    outer loop
      vertex 68.5 0 0
      vertex 68.76105499267578 28 0.017110824584960938
      vertex 68.76105499267578 0 0.017110824584960938
    endloop
  endfacet
  facet normal 0.065404561753327 0 -0.9978588293450408
    outer loop
      vertex 68.76105499267578 28 0.017110824584960938
      vertex 68.5 0 0
      vertex 68.5 28 0
    endloop
  endfacet
  facet normal 0.19510093092594472 0 0.9807831701002162
    outer loop
      vertex 68.76105499267578 28 145.48289489746094
      vertex 69.01763916015625 0 145.43185424804688
      vertex 69.01763916015625 28 145.43185424804688
    endloop
  endfacet
  facet normal 0.19510093092594472 0 0.9807831701002162
    outer loop
      vertex 69.01763916015625 0 145.43185424804688
      vertex 68.76105499267578 28 145.48289489746094
      vertex 68.76105499267578 0 145.48289489746094
    endloop
  endfacet
  facet normal 0.5556016609485119 0 0.8314486119726551
    outer loop
      vertex 69.5 28 145.2320556640625
      vertex 69.71752166748047 0 145.08670043945312
      vertex 69.71752166748047 28 145.08670043945312
    endloop
  endfacet
  facet normal 0.5556016609485119 0 0.8314486119726551
    outer loop
      vertex 69.71752166748047 0 145.08670043945312
      vertex 69.5 28 145.2320556640625
      vertex 69.5 0 145.2320556640625
    endloop
  endfacet
  facet normal -0.3214340501933723 0 0.9469319676599184
    outer loop
      vertex 1.2346324920654297 28 145.34776306152344
      vertex 1.4823617935180664 0 145.43185424804688
      vertex 1.4823617935180664 28 145.43185424804688
    endloop
  endfacet
  facet normal -0.3214340501933723 0 0.9469319676599184
    outer loop
      vertex 1.4823617935180664 0 145.43185424804688
      vertex 1.2346324920654297 28 145.34776306152344
      vertex 1.2346324920654297 0 145.34776306152344
    endloop
  endfacet
  facet normal 0.8314845561236961 0 0.5555478673595823
    outer loop
      vertex 70.08670806884766 0 144.717529296875
      vertex 70.23204803466797 28 144.5
      vertex 70.08670806884766 28 144.717529296875
    endloop
  endfacet
  facet normal 0.8314845561236961 0 0.5555478673595823
    outer loop
      vertex 70.23204803466797 28 144.5
      vertex 70.08670806884766 0 144.717529296875
      vertex 70.23204803466797 0 144.5
    endloop
  endfacet
  facet normal -0.9469286185378721 0 0.32144391640526826
    outer loop
      vertex 0.06814765930175781 0 144.01763916015625
      vertex 0.15224075317382812 28 144.26536560058594
      vertex 0.06814765930175781 28 144.01763916015625
    endloop
  endfacet
  facet normal -0.9469286185378721 0 0.32144391640526826
    outer loop
      vertex 0.15224075317382812 28 144.26536560058594
      vertex 0.06814765930175781 0 144.01763916015625
      vertex 0.15224075317382812 0 144.26536560058594
    endloop
  endfacet
  facet normal -0.9978589425069874 0 0.06540283525075206
    outer loop
      vertex 0 0 143.5
      vertex 0.01710987091064453 28 143.76104736328125
      vertex 0 28 143.5
    endloop
  endfacet
  facet normal -0.9978589425069874 0 0.06540283525075206
    outer loop
      vertex 0.01710987091064453 28 143.76104736328125
      vertex 0 0 143.5
      vertex 0.01710987091064453 0 143.76104736328125
    endloop
  endfacet
  facet normal -0.7518398266521259 0 -0.6593457932372825
    outer loop
      vertex 0.5857858657836914 0 0.5857868194580078
      vertex 0.41329288482666016 28 0.7824773788452148
      vertex 0.5857858657836914 28 0.5857868194580078
    endloop
  endfacet
  facet normal -0.7518398266521259 0 -0.6593457932372825
    outer loop
      vertex 0.41329288482666016 28 0.7824773788452148
      vertex 0.5857858657836914 0 0.5857868194580078
      vertex 0.41329288482666016 0 0.7824773788452148
    endloop
  endfacet
  facet normal 0.9469219607666889 0 0.321463528596588
    outer loop
      vertex 70.3477554321289 0 144.26536560058594
      vertex 70.43185424804688 28 144.01763916015625
      vertex 70.3477554321289 28 144.26536560058594
    endloop
  endfacet
  facet normal 0.9469219607666889 0 0.321463528596588
    outer loop
      vertex 70.43185424804688 28 144.01763916015625
      vertex 70.3477554321289 0 144.26536560058594
      vertex 70.43185424804688 0 144.01763916015625
    endloop
  endfacet
  facet normal -0.4422870212651728 0 0.8968735645677045
    outer loop
      vertex 1 28 145.2320556640625
      vertex 1.2346324920654297 0 145.34776306152344
      vertex 1.2346324920654297 28 145.34776306152344
    endloop
  endfacet
  facet normal -0.4422870212651728 0 0.8968735645677045
    outer loop
      vertex 1.2346324920654297 0 145.34776306152344
      vertex 1 28 145.2320556640625
      vertex 1 0 145.2320556640625
    endloop
  endfacet
  facet normal -0.4422899535391963 0 -0.8968721185310063
    outer loop
      vertex 1 0 0.26795005798339844
      vertex 1.2346324920654297 28 0.15224170684814453
      vertex 1.2346324920654297 0 0.15224170684814453
    endloop
  endfacet
  facet normal -0.4422899535391963 0 -0.8968721185310063
    outer loop
      vertex 1.2346324920654297 28 0.15224170684814453
      vertex 1 0 0.26795005798339844
      vertex 1 28 0.26795005798339844
    endloop
  endfacet
  facet normal -0.980786372608401 0 0.19508483104960975
    outer loop
      vertex 0.01710987091064453 0 143.76104736328125
      vertex 0.06814765930175781 28 144.01763916015625
      vertex 0.01710987091064453 28 143.76104736328125
    endloop
  endfacet
  facet normal -0.980786372608401 0 0.19508483104960975
    outer loop
      vertex 0.06814765930175781 28 144.01763916015625
      vertex 0.01710987091064453 0 143.76104736328125
      vertex 0.06814765930175781 0 144.01763916015625
    endloop
  endfacet
  facet normal 0.7518398266521259 0 -0.6593457932372825
    outer loop
      vertex 70.08670806884766 0 0.7824773788452148
      vertex 69.91421508789062 28 0.5857868194580078
      vertex 70.08670806884766 28 0.7824773788452148
    endloop
  endfacet
  facet normal 0.7518398266521259 0 -0.6593457932372825
    outer loop
      vertex 69.91421508789062 28 0.5857868194580078
      vertex 70.08670806884766 0 0.7824773788452148
      vertex 69.91421508789062 0 0.5857868194580078
    endloop
  endfacet
  facet normal 0.9807898598472873 0 0.19506729818382804
    outer loop
      vertex 70.43185424804688 0 144.01763916015625
      vertex 70.4828872680664 28 143.76104736328125
      vertex 70.43185424804688 28 144.01763916015625
    endloop
  endfacet
  facet normal 0.9807898598472873 0 0.19506729818382804
    outer loop
      vertex 70.4828872680664 28 143.76104736328125
      vertex 70.43185424804688 0 144.01763916015625
      vertex 70.4828872680664 0 143.76104736328125
    endloop
  endfacet
  facet normal -0.8314699446192111 0 -0.5555697356722431
    outer loop
      vertex 0.41329288482666016 0 0.7824773788452148
      vertex 0.26794910430908203 28 1
      vertex 0.41329288482666016 28 0.7824773788452148
    endloop
  endfacet
  facet normal -0.8314699446192111 0 -0.5555697356722431
    outer loop
      vertex 0.26794910430908203 28 1
      vertex 0.41329288482666016 0 0.7824773788452148
      vertex 0.26794910430908203 0 1
    endloop
  endfacet
  facet normal -0.8968728316376392 0 -0.44228850750418897
    outer loop
      vertex 0.26794910430908203 0 1
      vertex 0.15224075317382812 28 1.234633445739746
      vertex 0.26794910430908203 28 1
    endloop
  endfacet
  facet normal -0.8968728316376392 0 -0.44228850750418897
    outer loop
      vertex 0.15224075317382812 28 1.234633445739746
      vertex 0.26794910430908203 0 1
      vertex 0.15224075317382812 0 1.234633445739746
    endloop
  endfacet
  facet normal 0.19509041101916727 0 -0.980785262699421
    outer loop
      vertex 68.76105499267578 0 0.017110824584960938
      vertex 69.01763916015625 28 0.06814861297607422
      vertex 69.01763916015625 0 0.06814861297607422
    endloop
  endfacet
  facet normal 0.19509041101916727 0 -0.980785262699421
    outer loop
      vertex 69.01763916015625 28 0.06814861297607422
      vertex 68.76105499267578 0 0.017110824584960938
      vertex 68.76105499267578 28 0.017110824584960938
    endloop
  endfacet
  facet normal 0.4422841292133117 0 0.8968749907573644
    outer loop
      vertex 69.26536560058594 28 145.34776306152344
      vertex 69.5 0 145.2320556640625
      vertex 69.5 28 145.2320556640625
    endloop
  endfacet
  facet normal 0.4422841292133117 0 0.8968749907573644
    outer loop
      vertex 69.5 0 145.2320556640625
      vertex 69.26536560058594 28 145.34776306152344
      vertex 69.26536560058594 0 145.34776306152344
    endloop
  endfacet
  facet normal 0.32144391640526826 0 -0.9469286185378721
    outer loop
      vertex 69.01763916015625 0 0.06814861297607422
      vertex 69.26536560058594 28 0.15224170684814453
      vertex 69.26536560058594 0 0.15224170684814453
    endloop
  endfacet
  facet normal 0.32144391640526826 0 -0.9469286185378721
    outer loop
      vertex 69.26536560058594 28 0.15224170684814453
      vertex 69.01763916015625 0 0.06814861297607422
      vertex 69.01763916015625 28 0.06814861297607422
    endloop
  endfacet
  facet normal 0.44228706147748725 0 -0.8968735447372775
    outer loop
      vertex 69.26536560058594 0 0.15224170684814453
      vertex 69.5 28 0.26795005798339844
      vertex 69.5 0 0.26795005798339844
    endloop
  endfacet
  facet normal 0.44228706147748725 0 -0.8968735447372775
    outer loop
      vertex 69.5 28 0.26795005798339844
      vertex 69.26536560058594 0 0.15224170684814453
      vertex 69.26536560058594 28 0.15224170684814453
    endloop
  endfacet
  facet normal 0.8314766803840811 0 -0.5555596547423767
    outer loop
      vertex 70.23204803466797 0 1
      vertex 70.08670806884766 28 0.7824773788452148
      vertex 70.23204803466797 28 1
    endloop
  endfacet
  facet normal 0.8314766803840811 0 -0.5555596547423767
    outer loop
      vertex 70.08670806884766 28 0.7824773788452148
      vertex 70.23204803466797 0 1
      vertex 70.08670806884766 0 0.7824773788452148
    endloop
  endfacet
  facet normal -0.7518319026002579 0 0.6593548287777048
    outer loop
      vertex 0.41329288482666016 0 144.717529296875
      vertex 0.5857858657836914 28 144.91421508789062
      vertex 0.41329288482666016 28 144.717529296875
    endloop
  endfacet
  facet normal -0.7518319026002579 0 0.6593548287777048
    outer loop
      vertex 0.5857858657836914 28 144.91421508789062
      vertex 0.41329288482666016 0 144.717529296875
      vertex 0.5857858657836914 0 144.91421508789062
    endloop
  endfacet
  facet normal -0.19508971350586143 0 -0.980785401443252
    outer loop
      vertex 1.4823617935180664 0 0.06814861297607422
      vertex 1.7389469146728516 28 0.017110824584960938
      vertex 1.7389469146728516 0 0.017110824584960938
    endloop
  endfacet
  facet normal -0.19508971350586143 0 -0.980785401443252
    outer loop
      vertex 1.7389469146728516 28 0.017110824584960938
      vertex 1.4823617935180664 0 0.06814861297607422
      vertex 1.4823617935180664 28 0.06814861297607422
    endloop
  endfacet
  facet normal -0.5555982930431883 0 0.831450862509322
    outer loop
      vertex 0.7824764251708984 28 145.08670043945312
      vertex 1 0 145.2320556640625
      vertex 1 28 145.2320556640625
    endloop
  endfacet
  facet normal -0.5555982930431883 0 0.831450862509322
    outer loop
      vertex 1 0 145.2320556640625
      vertex 0.7824764251708984 28 145.08670043945312
      vertex 0.7824764251708984 0 145.08670043945312
    endloop
  endfacet
  facet normal -0.06538325894082814 0 0.9978602254074849
    outer loop
      vertex 1.7389469146728516 28 145.48289489746094
      vertex 2 0 145.5
      vertex 2 28 145.5
    endloop
  endfacet
  facet normal -0.06538325894082814 0 0.9978602254074849
    outer loop
      vertex 2 0 145.5
      vertex 1.7389469146728516 28 145.48289489746094
      vertex 1.7389469146728516 0 145.48289489746094
    endloop
  endfacet
  facet normal -0.19510023337800328 0 0.9807833088587146
    outer loop
      vertex 1.4823617935180664 28 145.43185424804688
      vertex 1.7389469146728516 0 145.48289489746094
      vertex 1.7389469146728516 28 145.48289489746094
    endloop
  endfacet
  facet normal -0.19510023337800328 0 0.9807833088587146
    outer loop
      vertex 1.7389469146728516 0 145.48289489746094
      vertex 1.4823617935180664 28 145.43185424804688
      vertex 1.4823617935180664 0 145.43185424804688
    endloop
  endfacet
  facet normal 0.659340371986186 0 -0.7518445809268814
    outer loop
      vertex 69.71752166748047 0 0.41329383850097656
      vertex 69.91421508789062 28 0.5857868194580078
      vertex 69.91421508789062 0 0.5857868194580078
    endloop
  endfacet
  facet normal 0.659340371986186 0 -0.7518445809268814
    outer loop
      vertex 69.91421508789062 28 0.5857868194580078
      vertex 69.71752166748047 0 0.41329383850097656
      vertex 69.71752166748047 28 0.41329383850097656
    endloop
  endfacet
  facet normal 0.32143737891623453 0 0.9469308377254704
    outer loop
      vertex 69.01763916015625 28 145.43185424804688
      vertex 69.26536560058594 0 145.34776306152344
      vertex 69.26536560058594 28 145.34776306152344
    endloop
  endfacet
  facet normal 0.32143737891623453 0 0.9469308377254704
    outer loop
      vertex 69.26536560058594 0 145.34776306152344
      vertex 69.01763916015625 28 145.43185424804688
      vertex 69.01763916015625 0 145.43185424804688
    endloop
  endfacet
  facet normal -0.8968735447372775 0 0.44228706147748725
    outer loop
      vertex 0.15224075317382812 0 144.26536560058594
      vertex 0.26794910430908203 28 144.5
      vertex 0.15224075317382812 28 144.26536560058594
    endloop
  endfacet
  facet normal -0.8968735447372775 0 0.44228706147748725
    outer loop
      vertex 0.26794910430908203 28 144.5
      vertex 0.15224075317382812 0 144.26536560058594
      vertex 0.26794910430908203 0 144.5
    endloop
  endfacet
  facet normal 0.8968749907573644 0 0.4422841292133117
    outer loop
      vertex 70.23204803466797 0 144.5
      vertex 70.3477554321289 28 144.26536560058594
      vertex 70.23204803466797 28 144.5
    endloop
  endfacet
  facet normal 0.8968749907573644 0 0.4422841292133117
    outer loop
      vertex 70.3477554321289 28 144.26536560058594
      vertex 70.23204803466797 0 144.5
      vertex 70.3477554321289 0 144.26536560058594
    endloop
  endfacet
  facet normal -0.9469297485156344 0 -0.32144058763030764
    outer loop
      vertex 0.15224075317382812 0 1.234633445739746
      vertex 0.06814765930175781 28 1.4823627471923828
      vertex 0.15224075317382812 28 1.234633445739746
    endloop
  endfacet
  facet normal -0.9469297485156344 0 -0.32144058763030764
    outer loop
      vertex 0.06814765930175781 28 1.4823627471923828
      vertex 0.15224075317382812 0 1.234633445739746
      vertex 0.06814765930175781 0 1.4823627471923828
    endloop
  endfacet
  facet normal -0.5555680517333541 0 -0.8314710697872808
    outer loop
      vertex 0.7824764251708984 0 0.41329383850097656
      vertex 1 28 0.26795005798339844
      vertex 1 0 0.26795005798339844
    endloop
  endfacet
  facet normal -0.5555680517333541 0 -0.8314710697872808
    outer loop
      vertex 1 28 0.26795005798339844
      vertex 0.7824764251708984 0 0.41329383850097656
      vertex 0.7824764251708984 28 0.41329383850097656
    endloop
  endfacet
  facet normal -0.980785401443252 0 -0.19508971350586143
    outer loop
      vertex 0.06814765930175781 0 1.4823627471923828
      vertex 0.01710987091064453 28 1.738947868347168
      vertex 0.06814765930175781 28 1.4823627471923828
    endloop
  endfacet
  facet normal -0.980785401443252 0 -0.19508971350586143
    outer loop
      vertex 0.01710987091064453 28 1.738947868347168
      vertex 0.06814765930175781 0 1.4823627471923828
      vertex 0.01710987091064453 0 1.738947868347168
    endloop
  endfacet
  facet normal 0 1 0
    outer loop
      vertex 70.5 28 39.2400016784668
      vertex 70.5 28 2
      vertex 69.5 28 39.2400016784668
    endloop
  endfacet
  facet normal 0 1 0
    outer loop
      vertex 70.5 28 100.3499984741211
      vertex 70.5 28 42.2400016784668
      vertex 69.5 28 100.3499984741211
    endloop
  endfacet
  facet normal 0 1 0
    outer loop
      vertex 3 28 142.5
      vertex 1 28 100.3499984741211
      vertex 1 28 103.3499984741211
    endloop
  endfacet
  facet normal 0 1 0
    outer loop
      vertex 1 28 100.3499984741211
      vertex 1 28 42.2400016784668
      vertex 0 28 100.3499984741211
    endloop
  endfacet
  facet normal 0 1 0
    outer loop
      vertex 3 28 142.5
      vertex 1 28 42.2400016784668
      vertex 1 28 100.3499984741211
    endloop
  endfacet
  facet normal 0 1 0
    outer loop
      vertex 3 28 0
      vertex 1 28 42.2400016784668
      vertex 3 28 142.5
    endloop
  endfacet
  facet normal 0 1 0
    outer loop
      vertex 1 28 39.2400016784668
      vertex 0 28 2
      vertex 0 28 39.2400016784668
    endloop
  endfacet
  facet normal 0 1 0
    outer loop
      vertex 3 28 0
      vertex 0 28 2
      vertex 1 28 39.2400016784668
    endloop
  endfacet
  facet normal 0 1 0
    outer loop
      vertex 2 28 0
      vertex 0 28 2
      vertex 3 28 0
    endloop
  endfacet
  facet normal 0 1 0
    outer loop
      vertex 0 28 2
      vertex 2 28 0
      vertex 0.01710987091064453 28 1.738947868347168
    endloop
  endfacet
  facet normal 0 1 0
    outer loop
      vertex 0.01710987091064453 28 1.738947868347168
      vertex 2 28 0
      vertex 0.06814765930175781 28 1.4823627471923828
    endloop
  endfacet
  facet normal 0 1 0
    outer loop
      vertex 1 28 42.2400016784668
      vertex 3 28 0
      vertex 1 28 39.2400016784668
    endloop
  endfacet
  facet normal 0 1 0
    outer loop
      vertex 0.06814765930175781 28 1.4823627471923828
      vertex 2 28 0
      vertex 0.15224075317382812 28 1.234633445739746
    endloop
  endfacet
  facet normal 0 1 0
    outer loop
      vertex 0.15224075317382812 28 1.234633445739746
      vertex 2 28 0
      vertex 0.26794910430908203 28 1
    endloop
  endfacet
  facet normal 0 1 0
    outer loop
      vertex 0.26794910430908203 28 1
      vertex 2 28 0
      vertex 0.41329288482666016 28 0.7824773788452148
    endloop
  endfacet
  facet normal 0 1 0
    outer loop
      vertex 0.41329288482666016 28 0.7824773788452148
      vertex 2 28 0
      vertex 0.5857858657836914 28 0.5857868194580078
    endloop
  endfacet
  facet normal 0 1 0
    outer loop
      vertex 0.5857858657836914 28 0.5857868194580078
      vertex 2 28 0
      vertex 0.7824764251708984 28 0.41329383850097656
    endloop
  endfacet
  facet normal 0 1 0
    outer loop
      vertex 0.7824764251708984 28 0.41329383850097656
      vertex 2 28 0
      vertex 1 28 0.26795005798339844
    endloop
  endfacet
  facet normal 0 1 0
    outer loop
      vertex 1 28 0.26795005798339844
      vertex 2 28 0
      vertex 1.2346324920654297 28 0.15224170684814453
    endloop
  endfacet
  facet normal 0 1 0
    outer loop
      vertex 1.2346324920654297 28 0.15224170684814453
      vertex 2 28 0
      vertex 1.4823617935180664 28 0.06814861297607422
    endloop
  endfacet
  facet normal 0 1 0
    outer loop
      vertex 1.4823617935180664 28 0.06814861297607422
      vertex 2 28 0
      vertex 1.7389469146728516 28 0.017110824584960938
    endloop
  endfacet
  facet normal 0 1 0
    outer loop
      vertex 67.5 28 142.5
      vertex 68.5 28 145.5
      vertex 68.76105499267578 28 145.48289489746094
    endloop
  endfacet
  facet normal 0 1 0
    outer loop
      vertex 68.5 28 145.5
      vertex 67.5 28 142.5
      vertex 2 28 145.5
    endloop
  endfacet
  facet normal 0 1 0
    outer loop
      vertex 67.5 28 142.5
      vertex 68.76105499267578 28 145.48289489746094
      vertex 69.01763916015625 28 145.43185424804688
    endloop
  endfacet
  facet normal 0 1 0
    outer loop
      vertex 3 28 142.5
      vertex 2 28 145.5
      vertex 67.5 28 142.5
    endloop
  endfacet
  facet normal 0 1 0
    outer loop
      vertex 67.5 28 142.5
      vertex 69.01763916015625 28 145.43185424804688
      vertex 69.26536560058594 28 145.34776306152344
    endloop
  endfacet
  facet normal 0 1 0
    outer loop
      vertex 2 28 145.5
      vertex 3 28 142.5
      vertex 1.7389469146728516 28 145.48289489746094
    endloop
  endfacet
  facet normal 0 1 0
    outer loop
      vertex 67.5 28 142.5
      vertex 69.26536560058594 28 145.34776306152344
      vertex 69.5 28 145.2320556640625
    endloop
  endfacet
  facet normal 0 1 0
    outer loop
      vertex 1.7389469146728516 28 145.48289489746094
      vertex 3 28 142.5
      vertex 1.4823617935180664 28 145.43185424804688
    endloop
  endfacet
  facet normal 0 1 0
    outer loop
      vertex 67.5 28 142.5
      vertex 69.5 28 145.2320556640625
      vertex 69.71752166748047 28 145.08670043945312
    endloop
  endfacet
  facet normal 0 1 0
    outer loop
      vertex 1.4823617935180664 28 145.43185424804688
      vertex 3 28 142.5
      vertex 1.2346324920654297 28 145.34776306152344
    endloop
  endfacet
  facet normal 0 1 0
    outer loop
      vertex 67.5 28 142.5
      vertex 69.71752166748047 28 145.08670043945312
      vertex 69.91421508789062 28 144.91421508789062
    endloop
  endfacet
  facet normal 0 1 0
    outer loop
      vertex 1.2346324920654297 28 145.34776306152344
      vertex 3 28 142.5
      vertex 1 28 145.2320556640625
    endloop
  endfacet
  facet normal 0 1 0
    outer loop
      vertex 67.5 28 142.5
      vertex 69.91421508789062 28 144.91421508789062
      vertex 70.08670806884766 28 144.717529296875
    endloop
  endfacet
  facet normal 0 1 0
    outer loop
      vertex 1 28 145.2320556640625
      vertex 3 28 142.5
      vertex 0.7824764251708984 28 145.08670043945312
    endloop
  endfacet
  facet normal 0 1 0
    outer loop
      vertex 67.5 28 142.5
      vertex 70.08670806884766 28 144.717529296875
      vertex 70.23204803466797 28 144.5
    endloop
  endfacet
  facet normal 0 1 0
    outer loop
      vertex 0.7824764251708984 28 145.08670043945312
      vertex 3 28 142.5
      vertex 0.5857858657836914 28 144.91421508789062
    endloop
  endfacet
  facet normal 0 1 0
    outer loop
      vertex 67.5 28 142.5
      vertex 70.23204803466797 28 144.5
      vertex 70.3477554321289 28 144.26536560058594
    endloop
  endfacet
  facet normal 0 1 0
    outer loop
      vertex 0.5857858657836914 28 144.91421508789062
      vertex 3 28 142.5
      vertex 0.41329288482666016 28 144.717529296875
    endloop
  endfacet
  facet normal 0 1 0
    outer loop
      vertex 67.5 28 142.5
      vertex 70.3477554321289 28 144.26536560058594
      vertex 70.43185424804688 28 144.01763916015625
    endloop
  endfacet
  facet normal 0 1 0
    outer loop
      vertex 0.41329288482666016 28 144.717529296875
      vertex 3 28 142.5
      vertex 0.26794910430908203 28 144.5
    endloop
  endfacet
  facet normal 0 1 0
    outer loop
      vertex 67.5 28 142.5
      vertex 70.43185424804688 28 144.01763916015625
      vertex 70.4828872680664 28 143.76104736328125
    endloop
  endfacet
  facet normal 0 1 0
    outer loop
      vertex 0.26794910430908203 28 144.5
      vertex 3 28 142.5
      vertex 0.15224075317382812 28 144.26536560058594
    endloop
  endfacet
  facet normal 0 1 0
    outer loop
      vertex 67.5 28 142.5
      vertex 70.4828872680664 28 143.76104736328125
      vertex 70.5 28 143.5
    endloop
  endfacet
  facet normal 0 1 0
    outer loop
      vertex 0.15224075317382812 28 144.26536560058594
      vertex 3 28 142.5
      vertex 0.06814765930175781 28 144.01763916015625
    endloop
  endfacet
  facet normal 0 1 0
    outer loop
      vertex 0.06814765930175781 28 144.01763916015625
      vertex 3 28 142.5
      vertex 0.01710987091064453 28 143.76104736328125
    endloop
  endfacet
  facet normal 0 1 0
    outer loop
      vertex 70.5 28 103.3499984741211
      vertex 67.5 28 142.5
      vertex 70.5 28 143.5
    endloop
  endfacet
  facet normal 0 1 0
    outer loop
      vertex 69.5 28 103.3499984741211
      vertex 67.5 28 142.5
      vertex 70.5 28 103.3499984741211
    endloop
  endfacet
  facet normal 0 1 0
    outer loop
      vertex 69.5 28 100.3499984741211
      vertex 67.5 28 142.5
      vertex 69.5 28 103.3499984741211
    endloop
  endfacet
  facet normal 0 1 0
    outer loop
      vertex 69.5 28 42.2400016784668
      vertex 69.5 28 100.3499984741211
      vertex 70.5 28 42.2400016784668
    endloop
  endfacet
  facet normal 0 1 0
    outer loop
      vertex 69.5 28 100.3499984741211
      vertex 69.5 28 42.2400016784668
      vertex 67.5 28 142.5
    endloop
  endfacet
  facet normal 0 1 0
    outer loop
      vertex 67.5 28 0
      vertex 69.5 28 42.2400016784668
      vertex 69.5 28 39.2400016784668
    endloop
  endfacet
  facet normal 0 1 0
    outer loop
      vertex 68.5 28 0
      vertex 70.5 28 2
      vertex 70.4828872680664 28 1.738947868347168
    endloop
  endfacet
  facet normal 0 1 0
    outer loop
      vertex 68.5 28 0
      vertex 70.4828872680664 28 1.738947868347168
      vertex 70.43185424804688 28 1.4823627471923828
    endloop
  endfacet
  facet normal 0 1 0
    outer loop
      vertex 68.5 28 0
      vertex 70.43185424804688 28 1.4823627471923828
      vertex 70.3477554321289 28 1.234633445739746
    endloop
  endfacet
  facet normal 0 1 0
    outer loop
      vertex 68.5 28 0
      vertex 70.3477554321289 28 1.234633445739746
      vertex 70.23204803466797 28 1
    endloop
  endfacet
  facet normal 0 1 0
    outer loop
      vertex 70.5 28 2
      vertex 67.5 28 0
      vertex 69.5 28 39.2400016784668
    endloop
  endfacet
  facet normal 0 1 0
    outer loop
      vertex 68.5 28 0
      vertex 70.23204803466797 28 1
      vertex 70.08670806884766 28 0.7824773788452148
    endloop
  endfacet
  facet normal 0 1 0
    outer loop
      vertex 68.5 28 0
      vertex 70.08670806884766 28 0.7824773788452148
      vertex 69.91421508789062 28 0.5857868194580078
    endloop
  endfacet
  facet normal 0 1 0
    outer loop
      vertex 68.5 28 0
      vertex 69.91421508789062 28 0.5857868194580078
      vertex 69.71752166748047 28 0.41329383850097656
    endloop
  endfacet
  facet normal 0 1 0
    outer loop
      vertex 68.5 28 0
      vertex 69.71752166748047 28 0.41329383850097656
      vertex 69.5 28 0.26795005798339844
    endloop
  endfacet
  facet normal 0 1 0
    outer loop
      vertex 68.5 28 0
      vertex 69.5 28 0.26795005798339844
      vertex 69.26536560058594 28 0.15224170684814453
    endloop
  endfacet
  facet normal 0 1 0
    outer loop
      vertex 68.5 28 0
      vertex 69.26536560058594 28 0.15224170684814453
      vertex 69.01763916015625 28 0.06814861297607422
    endloop
  endfacet
  facet normal 0 1 0
    outer loop
      vertex 68.5 28 0
      vertex 69.01763916015625 28 0.06814861297607422
      vertex 68.76105499267578 28 0.017110824584960938
    endloop
  endfacet
  facet normal 0 1 0
    outer loop
      vertex 70.5 28 2
      vertex 68.5 28 0
      vertex 67.5 28 0
    endloop
  endfacet
  facet normal 0 1 0
    outer loop
      vertex 69.5 28 42.2400016784668
      vertex 67.5 28 0
      vertex 67.5 28 142.5
    endloop
  endfacet
  facet normal 0 1 0
    outer loop
      vertex 0.01710987091064453 28 143.76104736328125
      vertex 3 28 142.5
      vertex 0 28 143.5
    endloop
  endfacet
  facet normal 0 1 0
    outer loop
      vertex 0 28 103.3499984741211
      vertex 3 28 142.5
      vertex 1 28 103.3499984741211
    endloop
  endfacet
  facet normal 0 1 0
    outer loop
      vertex 3 28 142.5
      vertex 0 28 103.3499984741211
      vertex 0 28 143.5
    endloop
  endfacet
  facet normal 0 1 0
    outer loop
      vertex 0 28 100.3499984741211
      vertex 1 28 42.2400016784668
      vertex 0 28 42.2400016784668
    endloop
  endfacet
  facet normal -0.6593293080051411 0 0.7518542834921285
    outer loop
      vertex 0.5857858657836914 28 144.91421508789062
      vertex 0.7824764251708984 0 145.08670043945312
      vertex 0.7824764251708984 28 145.08670043945312
    endloop
  endfacet
  facet normal -0.6593293080051411 0 0.7518542834921285
    outer loop
      vertex 0.7824764251708984 0 145.08670043945312
      vertex 0.5857858657836914 28 144.91421508789062
      vertex 0.5857858657836914 0 144.91421508789062
    endloop
  endfacet
  facet normal 0 0 1
    outer loop
      vertex 1 28 100.3499984741211
      vertex 0 28 100.3499984741211
      vertex 1 1 100.3499984741211
    endloop
  endfacet
  facet normal 0 0 1
    outer loop
      vertex 69.5 1 100.3499984741211
      vertex 70.5 28 100.3499984741211
      vertex 69.5 28 100.3499984741211
    endloop
  endfacet
  facet normal 0 0 1
    outer loop
      vertex 70.5 28 100.3499984741211
      vertex 69.5 1 100.3499984741211
      vertex 70.5 0 100.3499984741211
    endloop
  endfacet
  facet normal 0 0 1
    outer loop
      vertex 1 1 100.3499984741211
      vertex 70.5 0 100.3499984741211
      vertex 69.5 1 100.3499984741211
    endloop
  endfacet
  facet normal 0 0 1
    outer loop
      vertex 1 1 100.3499984741211
      vertex 0 0 100.3499984741211
      vertex 70.5 0 100.3499984741211
    endloop
  endfacet
  facet normal 0 0 1
    outer loop
      vertex 0 0 100.3499984741211
      vertex 1 1 100.3499984741211
      vertex 0 28 100.3499984741211
    endloop
  endfacet
  facet normal 0 0 -1
    outer loop
      vertex 70.5 0 103.3499984741211
      vertex 69.5 1 103.3499984741211
      vertex 70.5 28 103.3499984741211
    endloop
  endfacet
  facet normal 0 0 -1
    outer loop
      vertex 70.5 0 103.3499984741211
      vertex 1 1 103.3499984741211
      vertex 69.5 1 103.3499984741211
    endloop
  endfacet
  facet normal 0 0 -1
    outer loop
      vertex 0 0 103.3499984741211
      vertex 1 1 103.3499984741211
      vertex 70.5 0 103.3499984741211
    endloop
  endfacet
  facet normal 0 0 -1
    outer loop
      vertex 0 28 103.3499984741211
      vertex 1 1 103.3499984741211
      vertex 0 0 103.3499984741211
    endloop
  endfacet
  facet normal 0 0 -1
    outer loop
      vertex 1 1 103.3499984741211
      vertex 0 28 103.3499984741211
      vertex 1 28 103.3499984741211
    endloop
  endfacet
  facet normal 0 0 -1
    outer loop
      vertex 70.5 28 103.3499984741211
      vertex 69.5 1 103.3499984741211
      vertex 69.5 28 103.3499984741211
    endloop
  endfacet
  facet normal 1 0 0
    outer loop
      vertex 69.5 1 103.3499984741211
      vertex 69.5 28 100.3499984741211
      vertex 69.5 28 103.3499984741211
    endloop
  endfacet
  facet normal 1 0 0
    outer loop
      vertex 69.5 28 100.3499984741211
      vertex 69.5 1 103.3499984741211
      vertex 69.5 1 100.3499984741211
    endloop
  endfacet
  facet normal 0 -1 0
    outer loop
      vertex 1 1 100.3499984741211
      vertex 69.5 1 103.3499984741211
      vertex 1 1 103.3499984741211
    endloop
  endfacet
  facet normal 0 -1 0
    outer loop
      vertex 69.5 1 103.3499984741211
      vertex 1 1 100.3499984741211
      vertex 69.5 1 100.3499984741211
    endloop
  endfacet
  facet normal -1 0 0
    outer loop
      vertex 1 1 100.3499984741211
      vertex 1 28 103.3499984741211
      vertex 1 28 100.3499984741211
    endloop
  endfacet
  facet normal -1 0 0
    outer loop
      vertex 1 28 103.3499984741211
      vertex 1 1 100.3499984741211
      vertex 1 1 103.3499984741211
    endloop
  endfacet
  facet normal 0 0 1
    outer loop
      vertex 1 28 39.2400016784668
      vertex 0 28 39.2400016784668
      vertex 1 1 39.2400016784668
    endloop
  endfacet
  facet normal 0 0 1
    outer loop
      vertex 69.5 1 39.2400016784668
      vertex 70.5 28 39.2400016784668
      vertex 69.5 28 39.2400016784668
    endloop
  endfacet
  facet normal 0 0 1
    outer loop
      vertex 70.5 28 39.2400016784668
      vertex 69.5 1 39.2400016784668
      vertex 70.5 0 39.2400016784668
    endloop
  endfacet
  facet normal 0 0 1
    outer loop
      vertex 1 1 39.2400016784668
      vertex 70.5 0 39.2400016784668
      vertex 69.5 1 39.2400016784668
    endloop
  endfacet
  facet normal 0 0 1
    outer loop
      vertex 1 1 39.2400016784668
      vertex 0 0 39.2400016784668
      vertex 70.5 0 39.2400016784668
    endloop
  endfacet
  facet normal 0 0 1
    outer loop
      vertex 0 0 39.2400016784668
      vertex 1 1 39.2400016784668
      vertex 0 28 39.2400016784668
    endloop
  endfacet
  facet normal 0 0 -1
    outer loop
      vertex 70.5 0 42.2400016784668
      vertex 69.5 1 42.2400016784668
      vertex 70.5 28 42.2400016784668
    endloop
  endfacet
  facet normal 0 0 -1
    outer loop
      vertex 70.5 0 42.2400016784668
      vertex 1 1 42.2400016784668
      vertex 69.5 1 42.2400016784668
    endloop
  endfacet
  facet normal 0 0 -1
    outer loop
      vertex 0 0 42.2400016784668
      vertex 1 1 42.2400016784668
      vertex 70.5 0 42.2400016784668
    endloop
  endfacet
  facet normal 0 0 -1
    outer loop
      vertex 0 28 42.2400016784668
      vertex 1 1 42.2400016784668
      vertex 0 0 42.2400016784668
    endloop
  endfacet
  facet normal 0 0 -1
    outer loop
      vertex 1 1 42.2400016784668
      vertex 0 28 42.2400016784668
      vertex 1 28 42.2400016784668
    endloop
  endfacet
  facet normal 0 0 -1
    outer loop
      vertex 70.5 28 42.2400016784668
      vertex 69.5 1 42.2400016784668
      vertex 69.5 28 42.2400016784668
    endloop
  endfacet
  facet normal 1 0 0
    outer loop
      vertex 69.5 1 42.2400016784668
      vertex 69.5 28 39.2400016784668
      vertex 69.5 28 42.2400016784668
    endloop
  endfacet
  facet normal 1 0 0
    outer loop
      vertex 69.5 28 39.2400016784668
      vertex 69.5 1 42.2400016784668
      vertex 69.5 1 39.2400016784668
    endloop
  endfacet
  facet normal 0 -1 0
    outer loop
      vertex 1 1 39.2400016784668
      vertex 69.5 1 42.2400016784668
      vertex 1 1 42.2400016784668
    endloop
  endfacet
  facet normal 0 -1 0
    outer loop
      vertex 69.5 1 42.2400016784668
      vertex 1 1 39.2400016784668
      vertex 69.5 1 39.2400016784668
    endloop
  endfacet
  facet normal -1 0 0
    outer loop
      vertex 1 1 39.2400016784668
      vertex 1 28 42.2400016784668
      vertex 1 28 39.2400016784668
    endloop
  endfacet
  facet normal -1 0 0
    outer loop
      vertex 1 28 42.2400016784668
      vertex 1 1 39.2400016784668
      vertex 1 1 42.2400016784668
    endloop
  endfacet
  facet normal -1 0 0
    outer loop
      vertex 67.5 3 0
      vertex 67.5 28 142.5
      vertex 67.5 28 0
    endloop
  endfacet
  facet normal -1 0 0
    outer loop
      vertex 67.5 28 142.5
      vertex 67.5 3 0
      vertex 67.5 3 142.5
    endloop
  endfacet
  facet normal 0 1 0
    outer loop
      vertex 67.5 3 0
      vertex 3 3 142.5
      vertex 67.5 3 142.5
    endloop
  endfacet
  facet normal 0 1 0
    outer loop
      vertex 3 3 142.5
      vertex 67.5 3 0
      vertex 3 3 0
    endloop
  endfacet
  facet normal 1 0 0
    outer loop
      vertex 3 3 142.5
      vertex 3 28 0
      vertex 3 28 142.5
    endloop
  endfacet
  facet normal 1 0 0
    outer loop
      vertex 3 28 0
      vertex 3 3 142.5
      vertex 3 3 0
    endloop
  endfacet
  facet normal 0 0 -1
    outer loop
      vertex 67.5 3 142.5
      vertex 37.25 15.5 142.5
      vertex 67.5 28 142.5
    endloop
  endfacet
  facet normal 0 0 -1
    outer loop
      vertex 67.5 3 142.5
      vertex 37.232887268066406 15.238946914672852 142.5
      vertex 37.25 15.5 142.5
    endloop
  endfacet
  facet normal 0 0 -1
    outer loop
      vertex 67.5 3 142.5
      vertex 37.18185043334961 14.982361793518066 142.5
      vertex 37.232887268066406 15.238946914672852 142.5
    endloop
  endfacet
  facet normal 0 0 -1
    outer loop
      vertex 67.5 3 142.5
      vertex 37.09775924682617 14.73463249206543 142.5
      vertex 37.18185043334961 14.982361793518066 142.5
    endloop
  endfacet
  facet normal 0 0 -1
    outer loop
      vertex 67.5 3 142.5
      vertex 36.98204803466797 14.5 142.5
      vertex 37.09775924682617 14.73463249206543 142.5
    endloop
  endfacet
  facet normal 0 0 -1
    outer loop
      vertex 67.5 3 142.5
      vertex 36.836708068847656 14.282476425170898 142.5
      vertex 36.98204803466797 14.5 142.5
    endloop
  endfacet
  facet normal 0 0 -1
    outer loop
      vertex 67.5 3 142.5
      vertex 36.664215087890625 14.085785865783691 142.5
      vertex 36.836708068847656 14.282476425170898 142.5
    endloop
  endfacet
  facet normal 0 0 -1
    outer loop
      vertex 67.5 3 142.5
      vertex 36.46752166748047 13.91329288482666 142.5
      vertex 36.664215087890625 14.085785865783691 142.5
    endloop
  endfacet
  facet normal 0 0 -1
    outer loop
      vertex 67.5 3 142.5
      vertex 36.25 13.767949104309082 142.5
      vertex 36.46752166748047 13.91329288482666 142.5
    endloop
  endfacet
  facet normal 0 0 -1
    outer loop
      vertex 67.5 3 142.5
      vertex 36.01536560058594 13.652240753173828 142.5
      vertex 36.25 13.767949104309082 142.5
    endloop
  endfacet
  facet normal 0 0 -1
    outer loop
      vertex 67.5 3 142.5
      vertex 35.76763916015625 13.568147659301758 142.5
      vertex 36.01536560058594 13.652240753173828 142.5
    endloop
  endfacet
  facet normal 0 0 -1
    outer loop
      vertex 67.5 3 142.5
      vertex 35.511051177978516 13.517109870910645 142.5
      vertex 35.76763916015625 13.568147659301758 142.5
    endloop
  endfacet
  facet normal 0 0 -1
    outer loop
      vertex 67.5 3 142.5
      vertex 35.25 13.5 142.5
      vertex 35.511051177978516 13.517109870910645 142.5
    endloop
  endfacet
  facet normal 0 0 -1
    outer loop
      vertex 3 3 142.5
      vertex 35.25 13.5 142.5
      vertex 67.5 3 142.5
    endloop
  endfacet
  facet normal 0 0 -1
    outer loop
      vertex 35.25 13.5 142.5
      vertex 3 3 142.5
      vertex 34.98894500732422 13.517109870910645 142.5
    endloop
  endfacet
  facet normal 0 0 -1
    outer loop
      vertex 33.26710891723633 15.238946914672852 142.5
      vertex 3 3 142.5
      vertex 33.25 15.5 142.5
    endloop
  endfacet
  facet normal 0 0 -1
    outer loop
      vertex 33.318145751953125 14.982361793518066 142.5
      vertex 3 3 142.5
      vertex 33.26710891723633 15.238946914672852 142.5
    endloop
  endfacet
  facet normal 0 0 -1
    outer loop
      vertex 33.40224075317383 14.73463249206543 142.5
      vertex 3 3 142.5
      vertex 33.318145751953125 14.982361793518066 142.5
    endloop
  endfacet
  facet normal 0 0 -1
    outer loop
      vertex 33.517948150634766 14.5 142.5
      vertex 3 3 142.5
      vertex 33.40224075317383 14.73463249206543 142.5
    endloop
  endfacet
  facet normal 0 0 -1
    outer loop
      vertex 33.663291931152344 14.282476425170898 142.5
      vertex 3 3 142.5
      vertex 33.517948150634766 14.5 142.5
    endloop
  endfacet
  facet normal 0 0 -1
    outer loop
      vertex 33.835784912109375 14.085785865783691 142.5
      vertex 3 3 142.5
      vertex 33.663291931152344 14.282476425170898 142.5
    endloop
  endfacet
  facet normal 0 0 -1
    outer loop
      vertex 34.03247833251953 13.91329288482666 142.5
      vertex 3 3 142.5
      vertex 33.835784912109375 14.085785865783691 142.5
    endloop
  endfacet
  facet normal 0 0 -1
    outer loop
      vertex 34.25 13.767949104309082 142.5
      vertex 3 3 142.5
      vertex 34.03247833251953 13.91329288482666 142.5
    endloop
  endfacet
  facet normal 0 0 -1
    outer loop
      vertex 34.48463439941406 13.652240753173828 142.5
      vertex 3 3 142.5
      vertex 34.25 13.767949104309082 142.5
    endloop
  endfacet
  facet normal 0 0 -1
    outer loop
      vertex 34.73236083984375 13.568147659301758 142.5
      vertex 3 3 142.5
      vertex 34.48463439941406 13.652240753173828 142.5
    endloop
  endfacet
  facet normal 0 0 -1
    outer loop
      vertex 34.98894500732422 13.517109870910645 142.5
      vertex 3 3 142.5
      vertex 34.73236083984375 13.568147659301758 142.5
    endloop
  endfacet
  facet normal 0 0 -1
    outer loop
      vertex 37.232887268066406 15.761052131652832 142.5
      vertex 67.5 28 142.5
      vertex 37.25 15.5 142.5
    endloop
  endfacet
  facet normal 0 0 -1
    outer loop
      vertex 37.18185043334961 16.017637252807617 142.5
      vertex 67.5 28 142.5
      vertex 37.232887268066406 15.761052131652832 142.5
    endloop
  endfacet
  facet normal 0 0 -1
    outer loop
      vertex 37.09775924682617 16.265365600585938 142.5
      vertex 67.5 28 142.5
      vertex 37.18185043334961 16.017637252807617 142.5
    endloop
  endfacet
  facet normal 0 0 -1
    outer loop
      vertex 36.98204803466797 16.5 142.5
      vertex 67.5 28 142.5
      vertex 37.09775924682617 16.265365600585938 142.5
    endloop
  endfacet
  facet normal 0 0 -1
    outer loop
      vertex 36.836708068847656 16.71752166748047 142.5
      vertex 67.5 28 142.5
      vertex 36.98204803466797 16.5 142.5
    endloop
  endfacet
  facet normal 0 0 -1
    outer loop
      vertex 36.664215087890625 16.914213180541992 142.5
      vertex 67.5 28 142.5
      vertex 36.836708068847656 16.71752166748047 142.5
    endloop
  endfacet
  facet normal 0 0 -1
    outer loop
      vertex 36.46752166748047 17.086706161499023 142.5
      vertex 67.5 28 142.5
      vertex 36.664215087890625 16.914213180541992 142.5
    endloop
  endfacet
  facet normal 0 0 -1
    outer loop
      vertex 36.25 17.2320499420166 142.5
      vertex 67.5 28 142.5
      vertex 36.46752166748047 17.086706161499023 142.5
    endloop
  endfacet
  facet normal 0 0 -1
    outer loop
      vertex 36.01536560058594 17.347759246826172 142.5
      vertex 67.5 28 142.5
      vertex 36.25 17.2320499420166 142.5
    endloop
  endfacet
  facet normal 0 0 -1
    outer loop
      vertex 35.76763916015625 17.43185043334961 142.5
      vertex 67.5 28 142.5
      vertex 36.01536560058594 17.347759246826172 142.5
    endloop
  endfacet
  facet normal 0 0 -1
    outer loop
      vertex 35.511051177978516 17.48288917541504 142.5
      vertex 67.5 28 142.5
      vertex 35.76763916015625 17.43185043334961 142.5
    endloop
  endfacet
  facet normal 0 0 -1
    outer loop
      vertex 35.25 17.5 142.5
      vertex 67.5 28 142.5
      vertex 35.511051177978516 17.48288917541504 142.5
    endloop
  endfacet
  facet normal 0 0 -1
    outer loop
      vertex 3 28 142.5
      vertex 35.25 17.5 142.5
      vertex 34.98894500732422 17.48288917541504 142.5
    endloop
  endfacet
  facet normal 0 0 -1
    outer loop
      vertex 3 28 142.5
      vertex 34.98894500732422 17.48288917541504 142.5
      vertex 34.73236083984375 17.43185043334961 142.5
    endloop
  endfacet
  facet normal 0 0 -1
    outer loop
      vertex 3 28 142.5
      vertex 33.25 15.5 142.5
      vertex 3 3 142.5
    endloop
  endfacet
  facet normal 0 0 -1
    outer loop
      vertex 33.25 15.5 142.5
      vertex 3 28 142.5
      vertex 33.26710891723633 15.761052131652832 142.5
    endloop
  endfacet
  facet normal 0 0 -1
    outer loop
      vertex 33.26710891723633 15.761052131652832 142.5
      vertex 3 28 142.5
      vertex 33.318145751953125 16.017637252807617 142.5
    endloop
  endfacet
  facet normal 0 0 -1
    outer loop
      vertex 33.318145751953125 16.017637252807617 142.5
      vertex 3 28 142.5
      vertex 33.40224075317383 16.265365600585938 142.5
    endloop
  endfacet
  facet normal 0 0 -1
    outer loop
      vertex 33.40224075317383 16.265365600585938 142.5
      vertex 3 28 142.5
      vertex 33.517948150634766 16.5 142.5
    endloop
  endfacet
  facet normal 0 0 -1
    outer loop
      vertex 33.517948150634766 16.5 142.5
      vertex 3 28 142.5
      vertex 33.663291931152344 16.71752166748047 142.5
    endloop
  endfacet
  facet normal 0 0 -1
    outer loop
      vertex 33.663291931152344 16.71752166748047 142.5
      vertex 3 28 142.5
      vertex 33.835784912109375 16.914213180541992 142.5
    endloop
  endfacet
  facet normal 0 0 -1
    outer loop
      vertex 33.835784912109375 16.914213180541992 142.5
      vertex 3 28 142.5
      vertex 34.03247833251953 17.086706161499023 142.5
    endloop
  endfacet
  facet normal 0 0 -1
    outer loop
      vertex 34.03247833251953 17.086706161499023 142.5
      vertex 3 28 142.5
      vertex 34.25 17.2320499420166 142.5
    endloop
  endfacet
  facet normal 0 0 -1
    outer loop
      vertex 35.25 17.5 142.5
      vertex 3 28 142.5
      vertex 67.5 28 142.5
    endloop
  endfacet
  facet normal 0 0 -1
    outer loop
      vertex 34.48463439941406 17.347759246826172 142.5
      vertex 3 28 142.5
      vertex 34.73236083984375 17.43185043334961 142.5
    endloop
  endfacet
  facet normal 0 0 -1
    outer loop
      vertex 34.25 17.2320499420166 142.5
      vertex 3 28 142.5
      vertex 34.48463439941406 17.347759246826172 142.5
    endloop
  endfacet
  facet normal -0.06540188361807907 0.9978590048795507 0
    outer loop
      vertex 35.511051177978516 13.517109870910645 142.5
      vertex 35.25 13.5 145.5
      vertex 35.511051177978516 13.517109870910645 145.5
    endloop
  endfacet
  facet normal -0.06540188361807907 0.9978590048795507 0
    outer loop
      vertex 35.25 13.5 145.5
      vertex 35.511051177978516 13.517109870910645 142.5
      vertex 35.25 13.5 142.5
    endloop
  endfacet
  facet normal -0.9469319676599184 0.3214340501933723 0
    outer loop
      vertex 37.09775924682617 14.73463249206543 142.5
      vertex 37.18185043334961 14.982361793518066 145.5
      vertex 37.18185043334961 14.982361793518066 142.5
    endloop
  endfacet
  facet normal -0.9469319676599184 0.3214340501933723 0
    outer loop
      vertex 37.18185043334961 14.982361793518066 145.5
      vertex 37.09775924682617 14.73463249206543 142.5
      vertex 37.09775924682617 14.73463249206543 145.5
    endloop
  endfacet
  facet normal 0.659340371986186 0.7518445809268813 0
    outer loop
      vertex 34.03247833251953 13.91329288482666 142.5
      vertex 33.835784912109375 14.085785865783691 145.5
      vertex 34.03247833251953 13.91329288482666 145.5
    endloop
  endfacet
  facet normal 0.659340371986186 0.7518445809268813 0
    outer loop
      vertex 33.835784912109375 14.085785865783691 145.5
      vertex 34.03247833251953 13.91329288482666 142.5
      vertex 33.835784912109375 14.085785865783691 142.5
    endloop
  endfacet
  facet normal -0.751841411423408 -0.6593439861474872 0
    outer loop
      vertex 36.836708068847656 16.71752166748047 142.5
      vertex 36.664215087890625 16.914213180541992 145.5
      vertex 36.664215087890625 16.914213180541992 142.5
    endloop
  endfacet
  facet normal -0.751841411423408 -0.6593439861474872 0
    outer loop
      vertex 36.664215087890625 16.914213180541992 145.5
      vertex 36.836708068847656 16.71752166748047 142.5
      vertex 36.836708068847656 16.71752166748047 145.5
    endloop
  endfacet
  facet normal -0.9807860989483407 -0.19508620686685102 0
    outer loop
      vertex 37.232887268066406 15.761052131652832 142.5
      vertex 37.18185043334961 16.017637252807617 145.5
      vertex 37.18185043334961 16.017637252807617 142.5
    endloop
  endfacet
  facet normal -0.9807860989483407 -0.19508620686685102 0
    outer loop
      vertex 37.18185043334961 16.017637252807617 145.5
      vertex 37.232887268066406 15.761052131652832 142.5
      vertex 37.232887268066406 15.761052131652832 145.5
    endloop
  endfacet
  facet normal -0.32144391640526826 0.9469286185378721 0
    outer loop
      vertex 36.01536560058594 13.652240753173828 142.5
      vertex 35.76763916015625 13.568147659301758 145.5
      vertex 36.01536560058594 13.652240753173828 145.5
    endloop
  endfacet
  facet normal -0.32144391640526826 0.9469286185378721 0
    outer loop
      vertex 35.76763916015625 13.568147659301758 145.5
      vertex 36.01536560058594 13.652240753173828 142.5
      vertex 35.76763916015625 13.568147659301758 142.5
    endloop
  endfacet
  facet normal -0.8968692066474736 -0.44229585818491607 0
    outer loop
      vertex 37.09775924682617 16.265365600585938 142.5
      vertex 36.98204803466797 16.5 145.5
      vertex 36.98204803466797 16.5 142.5
    endloop
  endfacet
  facet normal -0.8968692066474736 -0.44229585818491607 0
    outer loop
      vertex 36.98204803466797 16.5 145.5
      vertex 37.09775924682617 16.265365600585938 142.5
      vertex 37.09775924682617 16.265365600585938 145.5
    endloop
  endfacet
  facet normal -0.9978583223021266 0.06541229710371879 0
    outer loop
      vertex 37.232887268066406 15.238946914672852 142.5
      vertex 37.25 15.5 145.5
      vertex 37.25 15.5 142.5
    endloop
  endfacet
  facet normal -0.9978583223021266 0.06541229710371879 0
    outer loop
      vertex 37.25 15.5 145.5
      vertex 37.232887268066406 15.238946914672852 142.5
      vertex 37.232887268066406 15.238946914672852 145.5
    endloop
  endfacet
  facet normal 0.751839826652126 0.6593457932372825 0
    outer loop
      vertex 33.835784912109375 14.085785865783691 145.5
      vertex 33.663291931152344 14.282476425170898 142.5
      vertex 33.663291931152344 14.282476425170898 145.5
    endloop
  endfacet
  facet normal 0.751839826652126 0.6593457932372825 0
    outer loop
      vertex 33.663291931152344 14.282476425170898 142.5
      vertex 33.835784912109375 14.085785865783691 145.5
      vertex 33.835784912109375 14.085785865783691 142.5
    endloop
  endfacet
  facet normal -0.659340371986186 -0.7518445809268813 0
    outer loop
      vertex 36.46752166748047 17.086706161499023 142.5
      vertex 36.664215087890625 16.914213180541992 145.5
      vertex 36.46752166748047 17.086706161499023 145.5
    endloop
  endfacet
  facet normal -0.659340371986186 -0.7518445809268813 0
    outer loop
      vertex 36.664215087890625 16.914213180541992 145.5
      vertex 36.46752166748047 17.086706161499023 142.5
      vertex 36.664215087890625 16.914213180541992 142.5
    endloop
  endfacet
  facet normal -0.5555714196190613 -0.8314688194409101 0
    outer loop
      vertex 36.25 17.2320499420166 142.5
      vertex 36.46752166748047 17.086706161499023 145.5
      vertex 36.25 17.2320499420166 145.5
    endloop
  endfacet
  facet normal -0.5555714196190613 -0.8314688194409101 0
    outer loop
      vertex 36.46752166748047 17.086706161499023 145.5
      vertex 36.25 17.2320499420166 142.5
      vertex 36.46752166748047 17.086706161499023 142.5
    endloop
  endfacet
  facet normal 0.32144391640526826 0.9469286185378721 0
    outer loop
      vertex 34.73236083984375 13.568147659301758 142.5
      vertex 34.48463439941406 13.652240753173828 145.5
      vertex 34.73236083984375 13.568147659301758 145.5
    endloop
  endfacet
  facet normal 0.32144391640526826 0.9469286185378721 0
    outer loop
      vertex 34.48463439941406 13.652240753173828 145.5
      vertex 34.73236083984375 13.568147659301758 142.5
      vertex 34.48463439941406 13.652240753173828 142.5
    endloop
  endfacet
  facet normal -0.44228999372747985 -0.8968720987122667 0
    outer loop
      vertex 36.01536560058594 17.347759246826172 142.5
      vertex 36.25 17.2320499420166 145.5
      vertex 36.01536560058594 17.347759246826172 145.5
    endloop
  endfacet
  facet normal -0.44228999372747985 -0.8968720987122667 0
    outer loop
      vertex 36.25 17.2320499420166 145.5
      vertex 36.01536560058594 17.347759246826172 142.5
      vertex 36.25 17.2320499420166 142.5
    endloop
  endfacet
  facet normal -0.9807860989483407 0.19508620686685102 0
    outer loop
      vertex 37.18185043334961 14.982361793518066 142.5
      vertex 37.232887268066406 15.238946914672852 145.5
      vertex 37.232887268066406 15.238946914672852 142.5
    endloop
  endfacet
  facet normal -0.9807860989483407 0.19508620686685102 0
    outer loop
      vertex 37.232887268066406 15.238946914672852 145.5
      vertex 37.18185043334961 14.982361793518066 142.5
      vertex 37.18185043334961 14.982361793518066 145.5
    endloop
  endfacet
  facet normal 0.751841411423408 -0.6593439861474872 0
    outer loop
      vertex 33.663291931152344 16.71752166748047 145.5
      vertex 33.835784912109375 16.914213180541992 142.5
      vertex 33.835784912109375 16.914213180541992 145.5
    endloop
  endfacet
  facet normal 0.751841411423408 -0.6593439861474872 0
    outer loop
      vertex 33.835784912109375 16.914213180541992 142.5
      vertex 33.663291931152344 16.71752166748047 145.5
      vertex 33.663291931152344 16.71752166748047 142.5
    endloop
  endfacet
  facet normal 0.9469275293366187 0.3214471250212811 0
    outer loop
      vertex 33.40224075317383 14.73463249206543 145.5
      vertex 33.318145751953125 14.982361793518066 142.5
      vertex 33.318145751953125 14.982361793518066 145.5
    endloop
  endfacet
  facet normal 0.9469275293366187 0.3214471250212811 0
    outer loop
      vertex 33.318145751953125 14.982361793518066 142.5
      vertex 33.40224075317383 14.73463249206543 145.5
      vertex 33.40224075317383 14.73463249206543 142.5
    endloop
  endfacet
  facet normal -0.9469315910190028 -0.3214351597604407 0
    outer loop
      vertex 37.18185043334961 16.017637252807617 142.5
      vertex 37.09775924682617 16.265365600585938 145.5
      vertex 37.09775924682617 16.265365600585938 142.5
    endloop
  endfacet
  facet normal -0.9469315910190028 -0.3214351597604407 0
    outer loop
      vertex 37.09775924682617 16.265365600585938 145.5
      vertex 37.18185043334961 16.017637252807617 142.5
      vertex 37.18185043334961 16.017637252807617 145.5
    endloop
  endfacet
  facet normal 0.3214373789162345 -0.9469308377254704 0
    outer loop
      vertex 34.48463439941406 17.347759246826172 142.5
      vertex 34.73236083984375 17.43185043334961 145.5
      vertex 34.48463439941406 17.347759246826172 145.5
    endloop
  endfacet
  facet normal 0.3214373789162345 -0.9469308377254704 0
    outer loop
      vertex 34.73236083984375 17.43185043334961 145.5
      vertex 34.48463439941406 17.347759246826172 142.5
      vertex 34.73236083984375 17.43185043334961 142.5
    endloop
  endfacet
  facet normal 0.8968735645677046 0.4422870212651728 0
    outer loop
      vertex 33.517948150634766 14.5 145.5
      vertex 33.40224075317383 14.73463249206543 142.5
      vertex 33.40224075317383 14.73463249206543 145.5
    endloop
  endfacet
  facet normal 0.8968735645677046 0.4422870212651728 0
    outer loop
      vertex 33.40224075317383 14.73463249206543 142.5
      vertex 33.517948150634766 14.5 145.5
      vertex 33.517948150634766 14.5 142.5
    endloop
  endfacet
  facet normal 0.44228999372747985 -0.8968720987122667 0
    outer loop
      vertex 34.25 17.2320499420166 142.5
      vertex 34.48463439941406 17.347759246826172 145.5
      vertex 34.25 17.2320499420166 145.5
    endloop
  endfacet
  facet normal 0.44228999372747985 -0.8968720987122667 0
    outer loop
      vertex 34.48463439941406 17.347759246826172 145.5
      vertex 34.25 17.2320499420166 142.5
      vertex 34.48463439941406 17.347759246826172 142.5
    endloop
  endfacet
  facet normal 0.8314688194409101 -0.5555714196190613 0
    outer loop
      vertex 33.517948150634766 16.5 145.5
      vertex 33.663291931152344 16.71752166748047 142.5
      vertex 33.663291931152344 16.71752166748047 145.5
    endloop
  endfacet
  facet normal 0.8314688194409101 -0.5555714196190613 0
    outer loop
      vertex 33.663291931152344 16.71752166748047 142.5
      vertex 33.517948150634766 16.5 145.5
      vertex 33.517948150634766 16.5 142.5
    endloop
  endfacet
  facet normal -0.659340371986186 0.7518445809268813 0
    outer loop
      vertex 36.664215087890625 14.085785865783691 142.5
      vertex 36.46752166748047 13.91329288482666 145.5
      vertex 36.664215087890625 14.085785865783691 145.5
    endloop
  endfacet
  facet normal -0.659340371986186 0.7518445809268813 0
    outer loop
      vertex 36.46752166748047 13.91329288482666 145.5
      vertex 36.664215087890625 14.085785865783691 142.5
      vertex 36.46752166748047 13.91329288482666 142.5
    endloop
  endfacet
  facet normal 0.06540093201303933 0.9978590672493916 0
    outer loop
      vertex 35.25 13.5 142.5
      vertex 34.98894500732422 13.517109870910645 145.5
      vertex 35.25 13.5 145.5
    endloop
  endfacet
  facet normal 0.06540093201303933 0.9978590672493916 0
    outer loop
      vertex 34.98894500732422 13.517109870910645 145.5
      vertex 35.25 13.5 142.5
      vertex 34.98894500732422 13.517109870910645 142.5
    endloop
  endfacet
  facet normal -0.4422870614774873 0.8968735447372777 0
    outer loop
      vertex 36.25 13.767949104309082 142.5
      vertex 36.01536560058594 13.652240753173828 145.5
      vertex 36.25 13.767949104309082 145.5
    endloop
  endfacet
  facet normal -0.4422870614774873 0.8968735447372777 0
    outer loop
      vertex 36.01536560058594 13.652240753173828 145.5
      vertex 36.25 13.767949104309082 142.5
      vertex 36.01536560058594 13.652240753173828 142.5
    endloop
  endfacet
  facet normal -0.19509112759217126 -0.9807851201638488 0
    outer loop
      vertex 35.511051177978516 17.48288917541504 142.5
      vertex 35.76763916015625 17.43185043334961 145.5
      vertex 35.511051177978516 17.48288917541504 145.5
    endloop
  endfacet
  facet normal -0.19509112759217126 -0.9807851201638488 0
    outer loop
      vertex 35.76763916015625 17.43185043334961 145.5
      vertex 35.511051177978516 17.48288917541504 142.5
      vertex 35.76763916015625 17.43185043334961 142.5
    endloop
  endfacet
  facet normal -0.8968677803913687 0.4422987502761677 0
    outer loop
      vertex 36.98204803466797 14.5 142.5
      vertex 37.09775924682617 14.73463249206543 145.5
      vertex 37.09775924682617 14.73463249206543 142.5
    endloop
  endfacet
  facet normal -0.8968677803913687 0.4422987502761677 0
    outer loop
      vertex 37.09775924682617 14.73463249206543 145.5
      vertex 36.98204803466797 14.5 142.5
      vertex 36.98204803466797 14.5 145.5
    endloop
  endfacet
  facet normal -0.8314778055204329 0.5555579708067604 0
    outer loop
      vertex 36.836708068847656 14.282476425170898 142.5
      vertex 36.98204803466797 14.5 145.5
      vertex 36.98204803466797 14.5 142.5
    endloop
  endfacet
  facet normal -0.8314778055204329 0.5555579708067604 0
    outer loop
      vertex 36.98204803466797 14.5 145.5
      vertex 36.836708068847656 14.282476425170898 142.5
      vertex 36.836708068847656 14.282476425170898 145.5
    endloop
  endfacet
  facet normal -0.9978583067043997 -0.06541253504511238 0
    outer loop
      vertex 37.25 15.5 142.5
      vertex 37.232887268066406 15.761052131652832 145.5
      vertex 37.232887268066406 15.761052131652832 142.5
    endloop
  endfacet
  facet normal -0.9978583067043997 -0.06541253504511238 0
    outer loop
      vertex 37.232887268066406 15.761052131652832 145.5
      vertex 37.25 15.5 142.5
      vertex 37.25 15.5 145.5
    endloop
  endfacet
  facet normal 0.8314710697872808 0.5555680517333541 0
    outer loop
      vertex 33.663291931152344 14.282476425170898 145.5
      vertex 33.517948150634766 14.5 142.5
      vertex 33.517948150634766 14.5 145.5
    endloop
  endfacet
  facet normal 0.8314710697872808 0.5555680517333541 0
    outer loop
      vertex 33.517948150634766 14.5 142.5
      vertex 33.663291931152344 14.282476425170898 145.5
      vertex 33.663291931152344 14.282476425170898 142.5
    endloop
  endfacet
  facet normal 0.9807860989483407 0.19508620686685102 0
    outer loop
      vertex 33.318145751953125 14.982361793518066 145.5
      vertex 33.26710891723633 15.238946914672852 142.5
      vertex 33.26710891723633 15.238946914672852 145.5
    endloop
  endfacet
  facet normal 0.9807860989483407 0.19508620686685102 0
    outer loop
      vertex 33.26710891723633 15.238946914672852 142.5
      vertex 33.318145751953125 14.982361793518066 145.5
      vertex 33.318145751953125 14.982361793518066 142.5
    endloop
  endfacet
  facet normal -0.06540551341072687 -0.9978587669682916 0
    outer loop
      vertex 35.25 17.5 142.5
      vertex 35.511051177978516 17.48288917541504 145.5
      vertex 35.25 17.5 145.5
    endloop
  endfacet
  facet normal -0.06540551341072687 -0.9978587669682916 0
    outer loop
      vertex 35.511051177978516 17.48288917541504 145.5
      vertex 35.25 17.5 142.5
      vertex 35.511051177978516 17.48288917541504 142.5
    endloop
  endfacet
  facet normal -0.19508762099527774 0.9807858176658159 0
    outer loop
      vertex 35.76763916015625 13.568147659301758 142.5
      vertex 35.511051177978516 13.517109870910645 145.5
      vertex 35.76763916015625 13.568147659301758 145.5
    endloop
  endfacet
  facet normal -0.19508762099527774 0.9807858176658159 0
    outer loop
      vertex 35.511051177978516 13.517109870910645 145.5
      vertex 35.76763916015625 13.568147659301758 142.5
      vertex 35.511051177978516 13.517109870910645 142.5
    endloop
  endfacet
  facet normal -0.831475555237498 -0.5555613386859225 0
    outer loop
      vertex 36.98204803466797 16.5 142.5
      vertex 36.836708068847656 16.71752166748047 145.5
      vertex 36.836708068847656 16.71752166748047 142.5
    endloop
  endfacet
  facet normal -0.831475555237498 -0.5555613386859225 0
    outer loop
      vertex 36.836708068847656 16.71752166748047 145.5
      vertex 36.98204803466797 16.5 142.5
      vertex 36.98204803466797 16.5 145.5
    endloop
  endfacet
  facet normal 0.1950904110191673 0.9807852626994211 0
    outer loop
      vertex 34.98894500732422 13.517109870910645 142.5
      vertex 34.73236083984375 13.568147659301758 145.5
      vertex 34.98894500732422 13.517109870910645 145.5
    endloop
  endfacet
  facet normal 0.1950904110191673 0.9807852626994211 0
    outer loop
      vertex 34.73236083984375 13.568147659301758 145.5
      vertex 34.98894500732422 13.517109870910645 142.5
      vertex 34.73236083984375 13.568147659301758 142.5
    endloop
  endfacet
  facet normal -0.5555714196190613 0.8314688194409101 0
    outer loop
      vertex 36.46752166748047 13.91329288482666 142.5
      vertex 36.25 13.767949104309082 145.5
      vertex 36.46752166748047 13.91329288482666 145.5
    endloop
  endfacet
  facet normal -0.5555714196190613 0.8314688194409101 0
    outer loop
      vertex 36.25 13.767949104309082 145.5
      vertex 36.46752166748047 13.91329288482666 142.5
      vertex 36.25 13.767949104309082 142.5
    endloop
  endfacet
  facet normal 0.4422870614774873 0.8968735447372777 0
    outer loop
      vertex 34.48463439941406 13.652240753173828 142.5
      vertex 34.25 13.767949104309082 145.5
      vertex 34.48463439941406 13.652240753173828 145.5
    endloop
  endfacet
  facet normal 0.4422870614774873 0.8968735447372777 0
    outer loop
      vertex 34.25 13.767949104309082 145.5
      vertex 34.48463439941406 13.652240753173828 142.5
      vertex 34.25 13.767949104309082 142.5
    endloop
  endfacet
  facet normal 0.9978592739595264 0.06539777804304144 0
    outer loop
      vertex 33.26710891723633 15.238946914672852 145.5
      vertex 33.25 15.5 142.5
      vertex 33.25 15.5 145.5
    endloop
  endfacet
  facet normal 0.9978592739595264 0.06539777804304144 0
    outer loop
      vertex 33.25 15.5 142.5
      vertex 33.26710891723633 15.238946914672852 145.5
      vertex 33.26710891723633 15.238946914672852 142.5
    endloop
  endfacet
  facet normal -0.3214373789162345 -0.9469308377254704 0
    outer loop
      vertex 35.76763916015625 17.43185043334961 142.5
      vertex 36.01536560058594 17.347759246826172 145.5
      vertex 35.76763916015625 17.43185043334961 145.5
    endloop
  endfacet
  facet normal -0.3214373789162345 -0.9469308377254704 0
    outer loop
      vertex 36.01536560058594 17.347759246826172 145.5
      vertex 35.76763916015625 17.43185043334961 142.5
      vertex 36.01536560058594 17.347759246826172 142.5
    endloop
  endfacet
  facet normal 0.5555714196190613 -0.8314688194409101 0
    outer loop
      vertex 34.03247833251953 17.086706161499023 142.5
      vertex 34.25 17.2320499420166 145.5
      vertex 34.03247833251953 17.086706161499023 145.5
    endloop
  endfacet
  facet normal 0.5555714196190613 -0.8314688194409101 0
    outer loop
      vertex 34.25 17.2320499420166 145.5
      vertex 34.03247833251953 17.086706161499023 142.5
      vertex 34.25 17.2320499420166 142.5
    endloop
  endfacet
  facet normal -0.751839826652126 0.6593457932372825 0
    outer loop
      vertex 36.664215087890625 14.085785865783691 142.5
      vertex 36.836708068847656 14.282476425170898 145.5
      vertex 36.836708068847656 14.282476425170898 142.5
    endloop
  endfacet
  facet normal -0.751839826652126 0.6593457932372825 0
    outer loop
      vertex 36.836708068847656 14.282476425170898 145.5
      vertex 36.664215087890625 14.085785865783691 142.5
      vertex 36.664215087890625 14.085785865783691 145.5
    endloop
  endfacet
  facet normal 0.9807860989483407 -0.19508620686685102 0
    outer loop
      vertex 33.26710891723633 15.761052131652832 145.5
      vertex 33.318145751953125 16.017637252807617 142.5
      vertex 33.318145751953125 16.017637252807617 145.5
    endloop
  endfacet
  facet normal 0.9807860989483407 -0.19508620686685102 0
    outer loop
      vertex 33.318145751953125 16.017637252807617 142.5
      vertex 33.26710891723633 15.761052131652832 145.5
      vertex 33.26710891723633 15.761052131652832 142.5
    endloop
  endfacet
  facet normal 0.5555714196190613 0.8314688194409101 0
    outer loop
      vertex 34.25 13.767949104309082 142.5
      vertex 34.03247833251953 13.91329288482666 145.5
      vertex 34.25 13.767949104309082 145.5
    endloop
  endfacet
  facet normal 0.5555714196190613 0.8314688194409101 0
    outer loop
      vertex 34.03247833251953 13.91329288482666 145.5
      vertex 34.25 13.767949104309082 142.5
      vertex 34.03247833251953 13.91329288482666 142.5
    endloop
  endfacet
  facet normal 0.9469271526668271 -0.3214482346230812 0
    outer loop
      vertex 33.318145751953125 16.017637252807617 145.5
      vertex 33.40224075317383 16.265365600585938 142.5
      vertex 33.40224075317383 16.265365600585938 145.5
    endloop
  endfacet
  facet normal 0.9469271526668271 -0.3214482346230812 0
    outer loop
      vertex 33.40224075317383 16.265365600585938 142.5
      vertex 33.318145751953125 16.017637252807617 145.5
      vertex 33.318145751953125 16.017637252807617 142.5
    endloop
  endfacet
  facet normal 0.659340371986186 -0.7518445809268813 0
    outer loop
      vertex 33.835784912109375 16.914213180541992 142.5
      vertex 34.03247833251953 17.086706161499023 145.5
      vertex 33.835784912109375 16.914213180541992 145.5
    endloop
  endfacet
  facet normal 0.659340371986186 -0.7518445809268813 0
    outer loop
      vertex 34.03247833251953 17.086706161499023 145.5
      vertex 33.835784912109375 16.914213180541992 142.5
      vertex 34.03247833251953 17.086706161499023 142.5
    endloop
  endfacet
  facet normal 0.1950939176622415 -0.980784565177898 0
    outer loop
      vertex 34.73236083984375 17.43185043334961 142.5
      vertex 34.98894500732422 17.48288917541504 145.5
      vertex 34.73236083984375 17.43185043334961 145.5
    endloop
  endfacet
  facet normal 0.1950939176622415 -0.980784565177898 0
    outer loop
      vertex 34.98894500732422 17.48288917541504 145.5
      vertex 34.73236083984375 17.43185043334961 142.5
      vertex 34.98894500732422 17.48288917541504 142.5
    endloop
  endfacet
  facet normal 0.06540456175332701 -0.9978588293450409 0
    outer loop
      vertex 34.98894500732422 17.48288917541504 142.5
      vertex 35.25 17.5 145.5
      vertex 34.98894500732422 17.48288917541504 145.5
    endloop
  endfacet
  facet normal 0.06540456175332701 -0.9978588293450409 0
    outer loop
      vertex 35.25 17.5 145.5
      vertex 34.98894500732422 17.48288917541504 142.5
      vertex 35.25 17.5 142.5
    endloop
  endfacet
  facet normal 0.9978592583687081 -0.06539801593207477 0
    outer loop
      vertex 33.25 15.5 145.5
      vertex 33.26710891723633 15.761052131652832 142.5
      vertex 33.26710891723633 15.761052131652832 145.5
    endloop
  endfacet
  facet normal 0.9978592583687081 -0.06539801593207477 0
    outer loop
      vertex 33.26710891723633 15.761052131652832 142.5
      vertex 33.25 15.5 145.5
      vertex 33.25 15.5 142.5
    endloop
  endfacet
  facet normal 0.8968749907573645 -0.4422841292133118 0
    outer loop
      vertex 33.40224075317383 16.265365600585938 145.5
      vertex 33.517948150634766 16.5 142.5
      vertex 33.517948150634766 16.5 145.5
    endloop
  endfacet
  facet normal 0.8968749907573645 -0.4422841292133118 0
    outer loop
      vertex 33.517948150634766 16.5 142.5
      vertex 33.40224075317383 16.265365600585938 145.5
      vertex 33.40224075317383 16.265365600585938 142.5
    endloop
  endfacet
endsolid OpenSCAD_Model
